3026 6053
380 6351
4998 7204
5152 6505
5951 9768
4794 8057
3390 9514
7201 7461
4902 7658
6988 9169
2161 3724
1444 2164
4032 5643
81 149
6360 9181
3104 5683
4901 7844
1381 2423
1332 6650
1100 6193
5221 8630
4666 7988
8223 8356
5651 7424
3848 9370
4410 5040
1262 8365
1204 9751
5968 8189
1203 9871
228 3944
2056 3683
264 1117
7677 8666
1644 9631
3122 5424
1078 2370
2259 2931
4729 8345
1252 2508
771 6350
3105 3467
611 928
617 5944
4604 9380
5401 7864
2856 5615
3132 3991
4887 9227
1494 3179
2517 6750
2951 4135
2517 2909
883 5587
6395 6600
3987 5728
1189 6389
4511 8801
409 2654
3724 9721
2297 3408
6938 9448
565 9733
1671 7700
2180 9029
5556 9375
4336 8522
6075 7748
4624 8520
2230 4385
5649 9380
2680 4949
1377 8413
917 9575
6768 7377
5152 5163
1022 1938
993 8020
2230 8201
4717 7019
2947 3955
4412 4572
7704 8837
5132 6915
1055 5384
68 3787
3644 3978
3073 3792
8114 9686
1022 2165
597 8938
159 8448
1513 2471
5236 7620
1914 9254
8457 9175
3670 9807
3504 8654
25 8639
4164 5281
1932 5678
3556 8089
4893 8999
6354 6895
8296 9059
395 7642
499 5040
6016 8202
5691 6243
4771 7151
380 3313
6975 7262
3300 8279
3026 8738
3971 7704
2049 9830
8006 8007
3054 9301
1389 3719
5745 6463
3646 7514
4612 8873
246 7994
2061 2067
503 9673
5265 7381
340 6712
1419 9862
1424 3005
6618 9007
2778 7340
2438 7093
5212 8150
250 9705
1518 2676
2299 8696
1806 6891
3479 6974
1802 6898
487 1633
281 1441
8423 8845
326 4887
603 3654
2964 7598
3634 4430
2856 9769
1562 8845
712 1473
7768 8661
6009 8448
32 3976
483 5510
998 2459
4067 5594
6316 7358
3583 5401
6451 8529
2716 7398
6552 7548
4812 8857
465 2778
49 7998
348 3367
483 4336
13 7340
1100 8424
4395 8452
8980 9050
534 8080
3505 5165
5798 9567
1876 8533
8345 8762
1355 5459
1043 6146
1358 6691
3384 5553
4752 7785
2817 7968
3058 3590
1215 7076
1934 3119
771 1419
873 2876
2738 7865
3335 6340
432 7348
6130 7547
9373 9458
2457 4886
77 1625
8980 9818
2683 7201
2391 9674
1567 8033
4618 5014
3636 3890
1282 9446
184 5942
3100 8060
2442 2443
2313 5340
7665 8866
1597 7785
858 6563
32 8980
3804 5169
2118 6820
7984 8378
2524 6677
6057 6596
3031 3650
3957 8051
919 9528
6246 7855
958 1204
1031 3724
2602 2665
4063 4684
741 2245
515 8986
3833 5839
436 4966
1499 7406
254 3683
1209 3932
3944 8999
2540 9691
447 4002
367 4627
3205 7063
5760 6028
518 4825
4384 8763
1437 4918
5249 8703
3261 9658
3531 5236
6042 7172
1536 3287
579 3661
1294 9706
1997 8060
6003 9186
732 9514
3081 3967
917 4495
1806 2230
2503 2913
1259 4096
1305 5263
5197 7133
659 6813
2295 7927
3793 8705
2179 2507
1358 5338
942 4246
1153 7715
1284 8220
7525 8444
9264 9734
1777 5722
1599 8094
1861 1896
2831 5125
4401 5294
5952 5968
2583 9495
2476 9176
6171 7220
4229 7038
2880 7538
4979 6812
7188 7721
1065 7389
469 1889
2279 7503
1291 7730
3104 3490
2300 6744
490 1101
5548 5655
2098 7956
77 7889
4010 6133
4229 5184
1875 6173
6064 7220
1203 1544
2451 8756
2041 9753
2371 7867
930 7620
3359 7903
6985 9186
2572 4990
2902 4395
7401 7855
1236 5401
3532 5197
5784 6632
2560 5365
2937 7201
3244 9118
4314 9660
2524 5388
2307 7117
2528 3446
7004 8109
288 8582
495 7462
6574 8154
9232 9528
6576 8774
5510 9440
1159 7472
2830 9870
6867 7864
4617 6864
4777 7586
3011 5548
1161 2371
4196 8801
2359 5630
3565 4284
474 8832
5080 8464
2322 9868
447 6911
8096 9606
4713 5565
1381 3586
1040 7697
2340 3715
4717 8832
36 6671
1670 1831
6516 8504
4647 9489
4221 6780
1432 8666
2180 9819
174 8531
2888 8930
2158 8730
3584 3888
1052 1912
893 1742
8094 9060
7688 9390
1036 3607
1748 6011
2573 8029
1323 3232
5533 7649
3646 5463
1077 4815
2370 5323
2391 9518
5855 9823
1214 7724
3931 8814
1424 4245
9265 9297
8752 8982
1354 3964
1037 7785
4058 6471
1870 9766
986 6240
1746 9527
2683 7551
2531 8925
1332 6147
3065 5388
285 8424
6093 7241
9668 9718
7235 9817
8738 9271
4932 9735
1597 3805
69 70
4812 7634
1566 2098
6289 7067
5953 7389
5163 7935
7174 8554
5893 6226
1209 3448
5369 9003
685 3589
2286 7125
5388 6677
4314 4783
149 3048
5584 9377
701 9177
588 8223
3227 8181
535 7389
3347 8883
3258 4661
2497 4241
1475 6185
4311 6057
3945 7432
1449 3584
1114 6937
1900 4945
2423 6284
3527 8689
334 6035
3561 7715
3206 8731
1968 6987
89 4335
8150 9198
4663 9247
3920 4235
5359 6155
690 5142
4720 9155
7889 9219
4997 8882
7126 7188
3202 7675
3244 7922
1908 9373
482 9409
7977 9033
336 3742
3439 7071
3965 6765
164 1755
1402 8837
1066 1197
1408 9232
3527 4127
2735 5305
6234 8957
516 991
1268 6173
6075 6626
1968 4427
2389 3166
1183 6018
3 3347
1343 2584
2077 5938
5556 9386
1100 2902
1884 9463
1284 9735
5352 9147
8512 9382
1301 3372
3043 8628
629 3763
1006 7923
828 3712
1881 9129
4353 5478
237 4231
3573 7149
5365 6670
4397 5612
1345 6884
4362 4938
5253 8945
6478 9755
2570 8275
9395 9721
6798 7144
1847 3822
8988 9414
5464 7785
3565 4384
5132 9423
1445 2861
253 1701
5237 6333
3111 4968
2658 4716
1426 8983
6393 6873
5512 6465
7045 8844
2603 3677
276 9073
4045 4903
2494 9693
5285 9498
5004 6732
623 8904
4748 8029
1748 7698
3565 8763
1155 7644
5556 7583
1391 3539
1399 8165
711 1061
1548 5720
1225 6988
5852 9686
4480 7447
4317 5236
2637 3663
5885 8319
5695 8208
6904 7670
6075 6289
1041 4147
6230 8208
2746 8452
2182 4609
3531 6014
2295 6730
3668 6393
4103 8452
184 6217
354 7420
3153 7774
4887 7699
4135 7625
3469 7943
1068 8537
3765 3808
1406 9170
6249 8347
8992 9150
1987 3426
1477 4111
1671 6182
4282 5576
1070 8344
8201 9055
5630 6051
3473 8798
8094 9375
4775 5505
2391 3967
4442 8928
9047 9260
2841 8277
582 3849
1813 9375
3536 9662
1498 5810
2630 3691
2716 8261
1849 2249
391 5800
3633 3861
6558 8836
2405 5343
1118 2246
172 5940
1140 3279
1061 4948
3130 5627
6780 7541
7712 9564
5584 8021
3342 5444
890 6601
2094 9034
4788 7261
2672 9121
5546 9409
174 9189
3134 5780
1356 2236
3693 6158
3179 4986
969 3533
7509 8680
1771 5947
8749 9602
5305 5640
8628 9127
8265 8456
3346 8983
8058 8196
4206 7785
111 2254
1827 6701
8126 8390
465 6818
4286 8634
3544 5326
2298 5868
7502 8801
7950 9799
6335 7778
7802 9168
5510 8547
3122 3450
1671 7445
1277 2763
3750 3859
7489 8556
816 5045
4666 5423
7127 9381
8373 9636
3345 8594
5342 5365
6096 8978
4284 6010
4778 6850
7025 9811
3065 9747
51 3711
4149 4963
7261 8509
7955 8839
1391 8201
3702 7547
1051 7608
2751 9110
5833 8046
350 7389
3982 9827
4546 9219
272 4229
5202 5604
1069 4729
3057 6393
2967 8080
5895 7706
2350 5159
1973 9225
1937 3206
3128 8893
4430 7039
4300 4473
543 1906
6105 8346
4252 7200
673 5434
109 6103
6843 8550
2056 8126
7757 8435
3750 4720
3313 4206
2435 6364
23 3584
5193 5977
629 3615
3650 9110
164 9586
6453 8443
3620 6925
5327 8021
3480 4795
701 2307
4340 7320
1833 2987
338 8914
3205 6081
4175 7430
361 2382
8433 9681
875 5246
1074 6896
1718 3101
3991 7499
4138 9623
853 1910
6390 8845
5756 7079
3686 6472
3339 7595
146 6774
1252 9031
2126 8218
3692 3953
6873 9169
375 9189
1573 6674
4877 8543
6070 9477
7293 8628
3005 3631
566 9834
1093 9368
2035 8353
6574 7198
5954 8619
3750 6622
8365 9222
2098 5221
1327 1705
8405 8686
320 1520
3557 8872
1731 9292
2690 2729
2921 5279
3301 3479
802 7480
6861 9670
281 882
5439 9186
2391 4932
1359 5244
2471 8452
642 4158
1864 3889
1934 7760
658 9002
3311 8831
1471 2281
2743 6848
1392 4761
4252 4297
1055 8213
1277 8457
7035 8875
4911 8134
3372 5695
664 8147
895 8919
5909 7955
204 1696
765 7298
3362 4634
3770 4049
4038 7697
1052 4103
1895 6574
947 6945
2456 5384
1126 4439
1589 4740
5326 9679
9069 9247
232 8352
2230 5044
1362 9594
2677 5622
6350 9600
6747 8545
6193 9210
8258 8450
4319 9260
6129 9736
2320 5686
5952 6861
4769 6486
1391 4321
1825 8740
3017 8668
4873 8249
1364 5165
3650 9050
4196 7346
6234 6246
3080 5579
1518 8897
3428 9298
5137 7522
3467 7910
1126 1138
126 3311
473 8082
3702 6130
5630 7857
4908 8479
192 7157
6102 9365
7569 7673
205 3626
111 7484
2013 4356
8765 9350
106 5787
5196 6793
8421 8529
1461 4384
1402 1817
1444 5336
606 6605
3516 6882
1085 6996
3198 7634
1315 7597
913 7439
1059 2377
1452 9153
5236 7733
2293 8060
6522 7234
3815 6997
754 7887
1699 4912
4471 8922
1974 4200
1598 3476
2950 3765
3491 5310
465 3436
1209 5646
4619 9270
4451 7595
840 8966
519 5098
3330 3466
483 1644
5683 9168
1020 9241
7196 7374
3529 7121
458 6154
206 1229
2590 7664
2979 7934
3207 8127
595 1385
2689 8850
3729 4822
2878 6753
6213 7845
5069 5221
1471 2501
2815 9854
3119 5542
4771 5859
247 6572
647 8925
31 8564
3162 5698
75 7989
2177 7928
1031 9662
1782 8745
1100 2112
1705 6164
1456 2452
4655 9798
6762 8448
8796 9828
1085 6652
432 1737
4421 8230
4154 8663
5396 5436
4660 9683
7849 8961
3327 3474
612 3971
5365 6383
4247 7149
3816 7340
3543 9225
6105 7261
7785 9206
3479 5464
4150 4444
579 2026
4123 6526
2590 6539
3308 8247
3662 8027
1268 5374
4571 8631
3114 4460
2511 9027
6199 6798
7336 7353
7809 8406
1433 9373
4252 8995
1693 5964
6057 6402
3184 5831
2979 8589
3719 6765
4887 8601
5076 5985
197 5489
1207 6025
1043 1179
5973 9400
475 9409
92 3872
8165 8240
3964 4278
1316 7771
2307 7290
1610 5500
6971 7458
1792 3115
4099 6543
3939 8101
691 8919
1377 4067
4045 9011
4619 5947
1126 6291
5944 8009
804 9472
7232 7998
2872 6474
495 3362
1237 5678
292 3580
827 5089
855 4825
599 9718
1683 1686
358 5996
7438 8904
1826 9824
89 8449
3223 7855
4513 7156
9237 9868
8034 8473
9216 9518
772 8971
4582 9200
254 5556
5659 8658
3662 5000
3425 7734
5333 7140
4372 8809
1043 1994
2156 7595
857 3369
3375 9646
3761 8727
5630 7704
3606 9426
4291 9190
6049 9082
1930 9260
2542 4863
5983 8505
2519 9313
2052 5332
4663 5537
7904 9514
4362 9034
5524 6514
3360 6971
4870 7357
1624 5716
4815 9099
780 7565
6454 7028
4752 8574
8179 8931
6486 8561
9241 9483
2431 7333
1773 8182
2540 7861
5798 9696
2671 5662
1061 4684
6030 6726
3585 4273
4756 5384
3347 7276
2250 2810
206 1201
3816 5510
2009 3028
4053 5947
8212 8314
1987 8702
1031 8774
455 2580
1569 7083
4626 6021
3299 7717
3206 3886
1201 2960
2754 4956
1444 8025
1295 8980
313 9431
1450 4035
1546 2466
4768 8620
3374 3645
3675 7036
3002 3786
7424 9168
981 4610
7279 8794
6340 8089
555 7198
2457 5381
2673 4920
6199 6576
2281 9050
847 1839
7630 9208
3443 4888
1520 6244
9265 9318
3036 7966
5663 9114
7855 8887
9311 9424
630 9805
3138 6392
5713 8028
2772 4753
3119 6246
200 4345
5875 7264
5187 5446
4418 7164
2385 9442
6230 7593
1756 7768
534 1513
3771 9828
374 1453
1681 6208
1110 6997
816 2658
2000 4605
3062 5387
2867 7012
447 8953
1437 4913
3205 4388
6466 9659
8267 9659
4014 9360
5745 6323
8654 9417
3446 8172
7307 9291
5848 6545
2795 4322
8253 8717
3030 4040
1382 6951
1929 7516
595 9672
634 3086
1229 4986
2661 7541
5754 6591
4455 6678
986 8761
8664 9411
4915 8793
2062 3226
3187 6829
441 7474
1539 5957
238 8870
1828 7635
3644 6765
1585 7391
885 7381
864 6542
6010 8029
702 927
190 617
1677 5693
1357 3202
1397 1506
7998 8372
8345 9317
6482 9853
8499 9753
6103 9491
3196 9079
6496 8414
1583 3777
103 7727
3528 5760
991 4627
2186 3790
3171 4151
1162 1280
534 1444
1160 9353
3886 8846
5552 6249
4473 6296
3049 4751
5136 6696
1223 7583
1358 6202
3993 9518
2756 4327
1487 2263
3555 4345
910 4284
2657 4195
3374 8106
904 4341
3590 3648
4634 4802
4966 6591
1358 6149
7251 8452
7563 8995
2305 8739
4611 6472
798 2513
3058 3206
3906 4388
1973 8762
677 4492
1353 2905
3971 6065
3318 5192
4141 5042
2237 2850
6558 6897
847 5375
3659 3661
447 8576
885 9636
7411 9514
1087 2936
48 8472
2458 3798
8049 8616
1506 4230
1900 3228
9508 9808
6499 6840
582 2287
491 1782
1847 7838
4333 5512
2725 4486
4892 6448
1086 6586
163 5321
1849 6347
3314 5021
2846 7458
7506 8555
1691 2164
4775 4947
6225 7791
4683 5612
4300 8763
4067 6091
1215 1733
3079 4749
534 2164
7994 8400
1146 6085
2083 2785
1211 5899
3064 5974
2281 8242
2677 2783
3422 7933
9053 9769
2521 4048
65 4125
4820 4957
2712 3156
1578 3903
1934 7000
2311 3662
1951 3258
1516 8772
1930 6911
5258 6644
5652 6873
7541 8456
6416 6655
3932 8126
621 7690
6130 9714
2546 3641
4298 4767
4087 6193
2292 3545
5145 9400
2317 7583
4265 9189
5727 9689
1928 4200
1852 7439
133 6604
968 5176
1968 8915
4708 7603
4667 9031
1301 3996
1075 4610
5132 5219
5285 9325
4340 4688
1204 9812
7399 9316
4336 6272
659 7396
1851 9659
4237 6611
2356 6563
1484 8630
496 1077
2004 2604
293 1987
221 1178
9056 9791
5291 6498
4698 8931
946 5936
981 4301
3774 9073
1209 5190
6009 8908
6496 7196
3172 7864
1687 6133
5451 6348
837 8389
3408 6310
6017 7675
2879 5858
5574 7655
5158 6608
5264 8132
173 2566
39 42
3717 8452
4218 8846
7048 8125
3750 7417
3496 5560
5131 5821
6 5162
4152 5055
734 3644
2540 5934
3244 7973
5216 9253
1462 5577
6072 9677
1719 2528
4250 9597
2000 3344
3765 7969
8105 9349
5833 9769
2033 8890
6007 6652
5431 5607
802 2673
2102 5726
866 1689
2983 7150
6648 6649
5817 5893
2319 6308
744 2587
5365 9484
3233 6192
5145 6917
9327 9606
8445 9861
432 1331
6346 7834
2644 3258
483 1296
181 9042
380 9693
6349 8074
4159 6139
1002 8526
4200 5917
7156 8260
2677 5288
2079 3560
920 1277
1362 8262
1961 8897
1224 1423
5158 8365
6897 6912
4585 5237
2071 5348
1436 2839
91 4284
2399 2756
6300 8670
5656 7747
4045 4094
3475 7122
1204 1399
1540 4568
366 4386
2765 5114
3722 7594
1280 6409
1754 3439
4384 7202
4228 4397
1445 2405
6662 7371
4673 6569
7740 8361
3878 4769
4829 8197
1510 2209
7595 8345
1570 5062
3273 5680
655 6340
5616 7893
3921 6972
2070 7039
8035 8808
4029 8202
2550 9036
350 535
2709 5901
1050 5002
3007 4168
736 7087
31 6194
3106 5246
8115 8323
302 1629
636 5349
144 1046
5047 8025
3132 6971
1757 6356
6118 7113
5556 5998
32 7100
3773 3854
6167 7543
573 4963
3119 4895
3446 5401
2192 5686
5493 9448
3987 5931
910 6897
3100 5401
876 9828
63 7757
5069 7377
536 5125
9134 9189
1949 4082
6433 8796
1750 7489
5444 7499
4002 8021
3906 4410
6765 8779
3710 8237
4394 9476
3650 9092
4396 6097
4053 8413
1078 7198
3643 7312
347 6919
1934 9429
3128 5273
6744 6860
432 3892
2334 3375
647 881
2371 2408
2915 9330
2757 7580
732 8982
2735 5859
7984 9038
230 2286
790 7093
2310 4248
4912 6317
3716 7485
7505 9073
6393 8628
2785 7840
3254 9635
6018 9803
1342 1427
8191 8571
5237 9726
3932 4103
4693 9713
3298 4539
4604 7677
1068 3543
5156 6010
2283 6960
909 3079
765 4978
6109 7647
1153 2628
790 5256
5872 8736
4001 4300
1549 8923
485 9822
1502 4455
2596 3037
3841 8080
5506 8296
8060 9055
4002 6239
603 8083
7596 8687
786 8451
739 7816
6903 8868
3242 7528
1161 6780
766 7221
445 7791
1291 4066
771 9590
6180 9270
8921 9168
1542 4673
3832 9153
679 2702
2098 6861
1838 9466
4571 8587
7106 9362
5187 8179
3659 9753
8433 8564
1846 8840
232 4473
1765 2366
4054 7596
3006 5940
692 8577
2812 3605
2951 4084
3729 4337
3065 3668
5322 6958
5124 6988
2391 6193
1687 9854
7486 8489
5944 6452
5744 5900
3434 6327
6624 7126
8009 9620
1968 8238
4956 6027
43 1256
875 1928
249 5087
1180 4023
1148 6206
8756 9047
3693 9627
3536 7460
3550 4221
5221 6936
2785 9053
7497 8745
765 9241
4628 5044
2778 5754
2195 7628
5630 6563
2507 7816
811 3083
904 7000
1209 1473
3327 7877
1510 6593
1222 8727
2266 9099
6023 8743
1421 2158
959 6471
4575 7778
1483 9409
2782 8850
3946 8923
1052 1599
2374 3804
5652 9111
1470 8531
1622 8420
603 3850
1295 4010
1154 9457
6165 7613
1891 2988
150 4063
156 8271
6968 8772
89 4752
875 2967
629 4752
3559 6666
2976 7875
954 9576
4045 7959
3847 8296
5788 7891
3313 5964
5421 7819
2139 3539
2785 3022
2424 2740
6290 7762
3093 5159
8397 9269
5482 8068
1678 3058
6778 8827
1106 5740
3805 5045
5204 8752
4535 7045
4094 7914
3659 5652
7596 9375
8212 9011
4888 6313
420 7013
2205 9803
2148 4345
9389 9769
4825 9321
1397 5365
1742 7185
1323 4252
4681 7156
2230 8246
1625 7889
8975 9816
2937 5634
2735 9168
110 3748
1988 6643
1948 8367
5612 7169
3595 7999
772 7573
648 6140
2003 5537
5015 9843
2661 8456
2471 9725
4337 7613
2403 6450
6171 7076
3228 4945
2745 3926
5040 8652
4105 9404
681 3581
3534 5269
4190 5125
254 7201
2682 8750
6231 6609
2325 3479
5341 7759
350 6063
6228 7846
8649 9464
776 1482
4200 8905
3202 4903
3691 6861
536 6246
924 2910
229 6998
170 3344
1614 1955
3649 9461
1462 7419
4473 6912
1512 3042
7990 8246
6896 6899
3105 7295
1162 8561
6577 8680
1002 9726
2846 4131
1320 1827
1840 6698
3414 7828
1780 9175
2858 6251
556 3294
2247 8319
285 8296
5655 9092
6605 8102
1087 5030
4492 5141
5878 9563
43 7229
247 8156
1327 4801
6788 7236
2476 5935
6780 9597
1515 6533
8583 8743
1953 9040
1238 6753
3779 3846
7196 8273
698 2267
4059 7143
1978 8051
254 7326
3408 7940
2410 5436
7804 9162
2281 4466
7586 8539
2644 4661
1500 3423
5202 8215
5709 6030
2877 6086
143 9370
3889 9536
2913 8752
6456 8157
1374 7069
5646 7643
3787 4067
7339 9161
8877 9343
3812 8433
958 8495
4761 5047
8749 8762
184 547
668 3227
2609 4895
5248 8686
3120 6683
228 6053
4035 9476
75 3436
1209 2056
2391 6589
3174 5897
1930 2945
1733 7220
1335 6309
2281 6591
905 5153
1681 8236
1345 4835
5241 7267
2856 6289
930 7199
2476 8799
1516 3514
624 4273
5324 5848
6040 6201
3849 3944
4766 9350
676 8824
2508 9031
4802 8812
2203 6244
3775 4173
732 5859
4022 5756
25 320
5885 9777
125 2453
629 1687
7727 9047
3054 3499
2022 9207
387 6406
1280 1343
5145 5973
2626 9651
4409 7882
3805 6591
7573 8980
5693 6482
3413 6703
2056 7760
382 2057
5780 9190
1361 6760
966 2856
5998 8938
3086 8490
3259 7327
3058 6393
2443 8707
4314 8774
5163 6505
4862 8823
3376 5182
2471 9429
7825 9801
940 4416
591 6841
966 7578
6112 6724
2995 3145
3359 3972
4025 4572
31 8344
4840 8147
1048 3225
57 5797
2732 8832
2797 8230
4934 9596
671 6940
2661 9155
4400 9671
2746 7055
5214 5491
2804 3076
2286 4502
5357 7819
2552 6229
4452 4658
8147 9740
3793 8769
2679 8903
7827 9185
2665 2906
2665 2746
4850 6866
991 6801
1985 6566
5495 9012
1224 6660
837 3596
7640 9059
7083 8094
7486 8580
5171 9827
2593 4924
1670 5524
1700 7738
4752 8938
4273 7126
817 4636
2218 9358
2661 9712
338 7385
314 9575
1321 1362
2320 6650
4226 5765
5360 5738
1473 3558
2161 4416
1471 9769
4442 7955
1399 8240
1289 6985
495 4376
7596 7824
701 7968
739 8995
335 705
3550 7893
3549 3604
1864 2666
2012 7983
7713 8769
4862 9771
3662 3670
4299 4968
2749 7598
6769 9705
4057 8619
3586 3813
940 7412
3614 7118
1542 5839
3595 3993
5042 6783
1066 3355
5152 6191
142 9722
1930 8021
1782 8938
4900 6487
1685 6980
2723 3598
1999 4103
800 7514
5569 6303
86 7346
4937 8087
4508 5948
2584 8714
4384 4473
9280 9824
222 6568
3119 8026
4095 6732
6535 7377
7573 8025
149 8529
7853 8544
4813 8519
94 875
1842 9007
8028 9530
6227 8225
3911 5206
2401 7936
2318 8241
1681 1987
4644 6906
785 7893
786 2665
1825 9828
1012 4828
326 5187
1987 8452
3730 4283
3923 7127
3640 4029
1021 3464
1063 7724
2606 2902
3002 8448
4287 8505
7634 7669
3787 8427
8798 9428
433 6944
1955 8685
3904 7164
2092 3961
4998 9184
2653 4782
3227 8484
467 9383
3132 6482
320 5566
1719 8172
4353 7936
4473 6558
2345 6350
984 1671
2441 9109
3206 6375
6471 8419
2924 5436
895 3876
3232 4252
1046 9518
4698 5661
5061 9701
1973 3040
1573 9209
6193 9216
1589 3092
3859 9182
425 4957
3081 3227
928 8931
6296 7202
2001 7971
1578 6574
5559 7310
616 1158
4080 8514
3795 3881
6798 7460
5130 5663
2887 3805
5195 6737
3945 9559
4469 8413
6465 7290
2239 4578
2479 7042
3095 5900
3347 3615
1592 5472
3621 6535
7821 9040
6199 7144
1070 8244
8492 9264
6403 6724
432 5221
1147 2294
1374 3327
8529 8618
1138 6541
4045 6864
4528 9653
5307 6546
1105 5790
679 6627
7843 8733
5722 8315
1987 7604
357 2370
2292 4916
484 5375
1414 2389
3935 6998
2470 9693
3185 4725
384 5843
1345 6272
5794 8236
1138 3108
4135 5976
505 6554
5703 7000
1926 4443
579 4270
2387 3964
6027 8545
6005 8474
2561 8556
594 9476
3134 5862
3095 5547
947 4107
2288 5602
1481 8512
7935 9189
9 2772
1374 9455
846 2230
1877 9686
249 7954
264 9674
6563 8871
7595 9225
8446 9671
2495 3684
7991 9797
2812 6188
1670 8938
5070 7396
8629 9057
1551 3760
1036 4206
4017 8201
3644 6694
323 8846
1932 2226
8856 9620
1100 9600
2455 3750
4408 5026
8722 9822
2763 8677
8631 9156
4731 9619
283 3662
80 7975
1036 2902
3991 5661
3062 5653
2897 6192
2903 6215
5438 6443
3613 5137
5463 5584
1879 9399
1471 4625
5039 6726
5322 5654
2084 9383
574 9274
1263 9837
3206 8674
1196 1546
1816 2372
138 629
1244 9026
6337 6765
1592 9274
2740 6393
2778 5510
4407 9629
6375 9712
537 7578
7104 9373
3049 3058
2559 9605
80 3564
1919 7060
3162 6226
1831 8273
357 1451
6451 9235
3500 5835
1520 2315
2876 7778
1778 6819
4752 6628
6064 8983
5935 7036
1424 5467
208 8905
222 1280
201 4164
5327 6278
1881 5652
1429 8218
4357 6739
6335 6891
864 8545
711 4684
5655 8512
9031 9036
3322 3607
8372 9728
4227 4851
3996 5836
764 2471
5702 8299
3049 9050
3859 4388
4758 8987
904 8128
1013 7669
732 2665
677 2157
7862 8310
1780 7869
2413 3569
3536 9660
1817 4847
2443 7707
1849 2459
1825 9819
4029 8651
3644 4785
2237 9504
5470 6986
145 8208
528 7280
8107 8480
3652 8906
4300 7202
1893 4598
6906 8232
1968 3456
2454 3933
2623 8826
9150 9214
624 2565
891 3613
4205 4401
2432 6107
8574 9775
1381 7864
6712 7670
3750 5210
144 2665
2987 6576
3005 4634
1167 2856
660 7685
1471 3816
3279 6137
3822 9727
6010 7611
873 7009
1590 9298
3206 9285
7417 7717
2777 4832
6432 7599
5911 6296
4949 9096
2958 8448
5401 9291
2746 8574
916 2247
3994 6980
6204 9693
5187 6793
2716 5187
1444 5964
1078 8613
4124 4448
2574 6184
387 3714
2499 3818
341 2571
315 6781
1990 8331
1876 7900
4980 8376
2522 9055
3652 5171
7385 9642
1391 8242
2130 5542
3920 5661
6671 7993
3661 3750
4819 6987
6642 9209
3383 6943
5320 6998
6842 7142
5137 5934
262 1573
5414 8106
6176 8736
5791 8327
873 6173
4513 5758
1406 7774
4263 4578
496 8938
3748 8108
184 1817
7118 7863
1295 7573
1542 3024
5044 8938
1179 6059
2098 3964
3768 3906
3360 7458
4045 9817
629 9361
5235 8245
331 785
403 7149
1769 2201
2867 3667
1358 6273
1204 9774
3232 3633
3280 7017
5298 9634
1437 4826
3930 8080
4694 4830
1685 9082
1593 6496
6696 8878
715 9302
2936 3218
1578 6292
8500 9631
5676 7600
1787 3428
2021 4363
3849 9455
873 1204
3062 5663
7063 8241
139 9602
1150 9534
2817 6478
2092 7061
3355 6965
1241 2502
2189 7290
1745 2067
2771 8707
771 3531
3808 9263
2892 7438
7025 7455
793 6184
1594 4254
169 6001
290 8439
1423 5346
495 1167
1954 2418
3823 7860
5244 8556
3449 8646
3442 7758
2533 2834
4442 5909
2628 3561
2513 4341
5860 6516
2906 9769
1973 2156
9153 9197
768 7518
6018 8126
4002 5584
4792 8446
682 8035
1825 3761
1542 5730
4192 5556
7495 7995
1321 8653
3164 5446
6565 9494
948 3138
1578 9375
17 177
942 6644
6894 9386
939 3696
6978 9350
910 7202
260 6574
1677 8634
2121 2935
4377 5856
392 7495
6876 9033
5981 7007
316 4402
8443 9663
5880 5883
1055 5900
1704 5934
3444 7926
1400 7835
7404 8549
5154 7071
608 2809
3803 9775
983 7518
628 8028
2377 8148
1579 9400
6142 9370
2773 5212
3896 8561
7444 7972
3119 6506
7503 8900
555 4610
1703 3690
8723 9868
1551 5683
1896 9325
5556 9099
1742 9210
5669 9232
6738 6876
3092 9843
7202 8029
109 6057
7157 9760
3128 7808
3536 8774
3205 7290
2098 5335
2073 9459
3976 6642
2813 5403
732 6868
3031 6873
3437 8273
618 5661
1854 9429
7607 9370
2487 8634
4416 8774
3882 5167
2871 6481
1428 4018
96 3085
6704 8241
6473 9631
1125 4978
138 3550
5957 6808
5067 5100
951 7229
485 1065
9296 9822
5938 7076
2098 8550
4966 7785
3119 3805
4314 4431
3877 7027
589 4124
4452 4659
5841 6668
219 1965
1694 8248
1922 7845
843 3080
2785 3786
166 380
1385 4507
1160 4610
952 8798
1252 2457
8228 9285
9529 9774
3769 6176
1437 7298
8424 9674
2588 6193
685 3707
499 2825
439 6105
5193 5556
5043 5925
265 6597
2778 6393
1229 3179
2907 4088
2850 4173
995 8242
1207 7474
1772 5650
2503 3105
500 6193
3822 8884
3936 5618
1256 8310
139 3339
131 3091
357 4127
4310 8273
3218 6187
863 8261
1780 3667
383 2853
3608 7583
1164 4370
5384 8266
1578 3867
1588 9237
2161 4783
4834 6761
3614 7161
2228 3346
2077 5797
4336 6982
830 8879
1658 4773
9229 9616
3231 6044
2136 8653
3595 9616
7196 8107
2125 3094
5541 8096
864 2014
788 8562
8237 9337
1456 3527
413 5732
979 7704
5786 5807
9110 9111
5333 6953
190 432
350 4401
5996 7183
8933 8961
3994 7840
509 3226
4438 6086
1164 1785
6143 6599
5605 8565
2494 6825
6206 9674
5400 8587
703 2703
1654 8789
3583 5122
6754 8134
1201 7079
5278 9036
2318 6872
5645 6269
1717 7526
6206 8424
383 4153
1243 9279
1754 6662
5523 5776
4117 6429
3297 6276
791 5403
467 2850
5148 8182
5686 6296
833 6497
4358 5278
2203 5808
5302 5704
5754 6129
647 5554
1808 7588
8352 8763
7412 9395
4849 9337
2993 9377
1546 4939
643 9817
2513 7000
4815 5482
9052 9263
3990 5237
773 966
4580 6807
2912 3896
4301 7748
807 3616
5492 6123
2947 3448
2836 8080
1374 6943
1513 7126
6650 8352
3258 8842
77 8374
1025 7040
2034 9317
4078 5848
5678 8629
528 7039
2744 3923
1706 3915
772 6997
697 7825
4377 4952
1055 5744
624 5174
2931 8296
7793 9476
7156 8261
5041 6789
204 5866
3828 6705
2274 2726
1590 6330
819 7774
8009 8467
3922 7615
2979 6424
166 8065
8146 8445
4844 5147
1094 6473
7460 9660
159 7078
1633 7541
7991 9124
1477 1625
6863 6867
191 338
6660 8009
2391 8621
3092 3334
3040 9225
3661 8430
399 5443
2945 4002
5901 9331
7018 8187
3383 7069
2316 3545
4995 8064
5195 9147
432 4892
3767 9834
3648 5663
573 6036
958 9496
6092 6712
4442 6131
673 3022
5604 6107
565 8039
7520 8225
1481 3086
3506 8452
1105 7485
3529 3936
320 4445
6053 9271
811 1167
6147 8029
1759 7255
617 4375
946 1182
1357 7852
2936 9044
40 7853
8966 9349
1792 9309
283 3043
1014 3859
8977 9251
3031 3668
7329 7496
1513 3081
80 3133
323 7649
7605 8236
934 4571
7144 9497
3109 7455
6897 8836
2303 8310
6558 7202
5221 6097
2970 7489
4685 9672
1167 1864
2529 3042
1329 3712
1381 5900
6060 6520
371 372
7413 8916
5800 5845
2919 6868
1018 1728
5781 9143
3584 5188
255 5521
4729 7595
1250 2412
474 8239
2996 6528
4225 7530
2834 8094
6067 7207
349 3526
1100 3127
1973 4729
4018 6400
2597 4164
6 3659
3439 6111
9204 9288
2630 7596
409 9177
4299 6443
139 1069
4045 4669
714 5676
1652 8938
3565 6912
1281 6170
7795 9267
249 2556
77 8389
4514 8830
6019 8359
3944 9394
8109 9482
3923 9461
1381 5892
9152 9802
6129 6574
7534 9559
1902 3956
4957 9628
483 3643
5556 5620
7089 7593
963 2621
8344 8915
1335 9801
5251 7381
1460 8372
7707 8506
7785 8126
2857 4146
4783 9395
3851 9827
4056 4229
663 8718
4473 8763
937 4935
1062 8699
6060 7952
304 5081
1147 1537
1546 2530
1577 8058
1269 5580
2330 9261
2803 8348
5338 5516
152 3896
1201 9812
4151 9822
5464 9630
4249 6230
772 8845
4081 9862
5740 7653
1161 7106
2644 5359
2471 3683
1855 6420
454 7434
3313 3434
172 3007
212 6895
4329 6310
800 8953
2410 7864
1625 3939
2084 8704
1681 7200
1999 9775
5754 7855
4020 7697
8311 9034
1126 8262
2970 6586
163 5012
5773 9258
40 3702
682 7421
2665 3928
6064 6171
3506 3862
4204 6633
6323 7671
6251 9600
1546 8686
4360 9816
317 5171
8147 9347
2224 6615
2666 8600
4101 9761
1690 2098
699 5549
3816 4887
1532 5997
3371 5553
3467 5279
2108 3652
3536 7144
1340 3418
1077 5524
1038 1147
2788 5009
78 5904
1588 2183
5970 9410
3009 7567
8160 8345
1015 3086
732 2918
181 4805
3517 5742
8853 9349
8736 9043
599 9668
2834 9375
1551 5221
3058 7170
1772 2115
2391 9408
1269 9227
6745 7820
2556 8236
402 628
2241 4876
6192 7496
1329 3876
1161 9544
4688 7320
153 7106
1038 6539
2866 6665
1717 7106
2352 5031
2831 7785
1138 5598
2672 7976
5447 9591
6097 7605
785 1448
1131 8800
537 8975
953 8522
1598 7349
7031 8215
4054 6146
3920 8931
617 6866
6053 6553
4070 6644
4561 7650
7188 8452
5487 7523
1513 6856
3718 9620
3279 8570
3141 8296
6338 9389
1280 1528
3191 5723
265 8918
614 6442
860 1989
609 7176
2365 2459
3141 3231
2979 3272
232 4300
547 6350
3783 8627
3100 9291
39 7312
951 5466
5008 8387
3543 8749
3506 3935
380 3920
484 6129
5279 8156
953 8013
3717 3992
1241 3490
4348 7009
1884 8403
2417 3341
4171 7036
3043 3662
6646 6975
7671 8628
6496 7016
1728 4998
94 9155
2010 4610
1043 5954
388 7544
4752 9361
4435 7825
930 5444
4063 7503
1999 2537
6265 7164
3470 4804
6618 7618
5122 7251
9335 9844
4196 4511
377 3301
3362 7956
3483 5548
2801 4094
5461 9728
7076 7565
4288 9458
569 9539
4200 7919
4661 8842
1052 5564
1461 4001
527 5384
1867 2021
3045 3648
5960 7165
5064 5212
2526 9827
3007 7907
8975 9557
3408 9105
3005 5397
1299 9476
2979 5952
50 1126
350 7261
591 9578
3550 3750
4610 8301
772 6894
5324 6208
239 629
3369 5444
1471 7857
5532 8897
701 3205
6718 7186
2831 4561
92 1377
6738 7984
260 5681
3272 6819
6486 9494
2756 5495
285 2359
389 8267
2902 4815
3585 8883
1582 4303
6941 7371
285 3585
6053 8236
6926 8883
4402 6667
2987 4950
7541 8400
4207 4217
5911 6010
1813 6768
6503 6507
6057 6534
1569 5568
3318 4720
6891 9316
738 3644
1280 2025
1471 4333
974 9596
1416 8995
4576 6665
3066 3813
2404 8313
1522 6146
690 3650
345 4448
2692 3029
1209 1406
409 7573
2449 4940
701 8457
4067 7073
2790 9518
4084 4213
3049 3057
4168 7186
5327 9377
6884 8062
5615 7073
7541 7994
3669 5092
3002 6563
785 3125
3729 8791
3668 9097
1091 8545
6534 8454
2668 3164
1013 7634
3081 5869
4063 9373
1201 7791
2984 4025
4605 9111
163 2376
1369 7785
4049 6643
252 5807
5704 6132
1198 3976
2698 9809
648 8154
6 3067
3127 6193
5505 5512
1496 7472
7197 8447
3360 6950
1705 4801
3246 3306
5489 7766
1749 7723
357 3448
32 6451
4893 6233
357 4151
666 9732
2605 2744
843 1178
5401 6622
1993 7345
2591 5305
1280 1987
1589 2209
4638 8603
3054 3547
6062 8232
3437 6766
841 2028
2256 9409
7708 8158
1097 3484
1088 1208
2519 4903
1099 9179
1250 3468
1335 7825
6666 7906
2887 8236
7889 8389
3029 9220
199 285
706 9393
7721 7785
3174 6250
770 6606
8169 9302
6309 9801
2286 8772
1513 6208
3589 3707
560 1921
8324 9707
7713 8861
3347 7374
2689 5142
3132 3967
3689 7076
2479 3338
3026 8999
1671 8814
3906 9308
3490 7433
1136 2092
682 948
170 248
2244 6228
3128 5145
3652 3726
6431 8915
5690 6946
547 6217
1800 8561
1959 2987
904 4180
4252 9634
3590 7156
314 529
6558 8763
3483 7119
1197 6965
2916 9055
981 7670
5762 9679
2873 3128
3668 6738
314 9163
3753 7414
3859 8631
7806 8185
4477 4866
1976 4650
32 1687
67 5922
805 2778
2353 9265
5382 7813
1704 2540
7713 9387
5419 7047
5539 6018
799 2911
6724 9748
1362 6194
1782 9375
730 9659
473 6035
3683 7462
837 8327
3659 9827
3966 6241
1291 6693
3123 9781
4744 6536
4620 5322
3098 4079
1954 5022
1141 2958
1953 6813
1991 9153
882 1628
3452 8522
7039 7537
688 4186
1717 6938
738 3253
4067 7434
3346 8792
2404 5365
4017 7094
2637 7534
5556 6667
1479 6143
3263 9171
1742 9386
5357 9145
5652 9110
6496 9767
4421 7855
4434 8598
5202 9168
3004 5145
3301 8989
1743 2118
3422 9361
4422 5044
422 8123
6 8834
3409 5279
2763 8361
7396 8267
1616 8357
2508 5347
2288 7923
2706 2752
6368 7162
2216 6651
6360 9165
2792 4252
6772 7703
2383 4473
5164 6083
7785 8265
5588 8832
2822 5169
682 1904
7114 7593
2424 3792
4829 5101
2795 6494
5761 9711
338 4256
4329 9005
2951 4151
2883 6476
4140 6134
4252 9711
1573 4144
3903 7381
2293 5436
8309 9624
6557 7298
146 7703
3540 5145
7711 8556
3668 5651
1578 4460
9265 9291
3369 8752
603 2498
771 8652
3825 4016
2295 5378
259 473
3595 4254
910 6147
5639 5741
930 6409
4934 8716
2189 5412
7914 8212
9094 9609
1465 2963
8268 9157
2107 3360
898 9136
6053 8107
6640 7198
522 7188
1959 7454
366 3963
3224 5260
4684 5534
617 8009
4567 9671
4210 7205
6345 6889
7389 8483
3721 9241
4926 5969
8977 9004
2382 3650
771 1367
4625 8838
4602 9400
3357 4431
3630 9647
4472 7493
6020 9584
8345 9602
7605 9726
4464 9751
6912 8763
6224 7198
6331 7654
6278 8021
2522 4041
7504 9481
2739 3070
6466 9379
3785 8526
5136 9577
816 7462
771 9107
781 1560
1737 6818
8583 9843
3646 5327
3769 7835
3807 6482
5754 8126
526 7713
2101 4752
2275 2327
679 9767
6523 6574
4794 5016
5108 6934
1583 7613
2570 3124
8584 9103
5977 7076
4172 8600
641 3654
3906 3995
5013 5022
2239 6442
4451 8749
7496 8344
7201 7395
6974 9725
6980 8068
3062 3652
5365 9489
266 5809
1027 2800
337 9494
5859 8127
1904 3887
6241 8883
387 5921
7596 9235
2328 2388
77 6501
706 6239
402 9631
4033 9518
2013 3798
873 3116
8275 9380
4315 6731
3565 6010
3181 3535
747 7571
1530 4537
980 9688
1241 5383
2741 8097
1058 8166
350 5827
2073 7719
633 3086
241 8681
7060 8794
1923 8926
3479 3683
6190 6323
5412 9026
8 4932
4011 7807
3196 9680
308 1165
1233 1805
4634 8613
5627 9462
981 7472
375 2234
2775 8109
166 1804
3227 3477
1229 4761
1413 4554
3816 6456
2533 3119
2795 4096
3652 7430
1198 8264
5083 8776
1497 5946
7785 8938
6393 8689
4761 8567
1460 7998
1573 7381
7196 7593
3128 3238
536 629
1323 8306
3058 9083
4327 9012
7536 7673
9106 9120
499 8453
5046 6936
5556 7199
163 8531
5966 8130
1692 3086
4679 6774
1473 1872
1327 4227
4899 7499
1362 2984
410 8114
732 4091
3327 6579
6205 7126
4252 9118
5905 7133
2276 9774
5042 9541
2688 5006
7188 8938
5651 8191
4220 8509
7199 7760
4010 6243
8980 9138
6030 7994
375 8450
750 3158
4099 4100
3952 6339
5152 5456
4196 7477
28 499
5812 9477
2312 6760
8202 9601
7417 9018
4571 5053
2746 3436
3334 9843
3611 9427
4088 7311
2230 9769
3615 7401
2746 8938
6945 8495
7473 8809
4668 7915
5744 7091
7127 9589
3812 8564
3125 4388
1685 7081
970 1309
3721 8630
8512 9820
998 6557
495 8797
1202 3729
5579 8714
663 7956
6010 6897
4982 6738
800 2993
6370 9539
1062 8750
2500 2878
8448 8638
8278 8951
1494 8048
3057 5590
4221 9615
3073 7027
3378 8877
4537 5491
5634 5641
4110 6853
1487 6055
4695 5618
804 6556
4748 5686
2190 8020
3871 8424
6853 9793
3615 4273
2676 3965
2328 3221
6752 6867
2010 2965
4966 8917
629 5122
616 7199
6926 7358
1342 8223
2918 7809
3409 7813
3648 3662
5553 6495
4655 7147
4127 6267
1069 9317
4278 8271
1424 7142
8040 8344
1385 9563
4200 6655
2508 4046
1754 9751
3937 6939
725 2381
3156 7865
3587 7839
6765 9179
1523 9592
764 6208
5241 8443
490 1971
3960 4226
7766 8858
2993 3646
1782 3343
4254 7381
262 7381
1029 1305
1148 2391
5 4450
3562 7017
2170 7773
6075 9165
5871 9065
3058 3648
1224 3993
2990 6004
1167 4172
7577 7579
2405 2501
4638 9303
310 5249
3081 3643
7327 8188
5570 5650
9277 9466
7876 8144
2220 8622
4002 4966
1159 7100
3737 9335
7075 9153
7395 9633
7981 8058
1280 3792
1754 3346
1610 9301
301 9677
4395 5236
2100 4924
6018 9490
2771 7707
5229 5901
991 1783
1540 4569
2139 5833
857 1812
4315 6867
8636 9430
2201 9835
1082 9494
8451 9795
1802 3384
8877 9595
2713 7219
451 3641
2435 3568
1144 1491
1087 6155
6390 6988
5911 6897
4619 9209
6632 8028
2032 7907
2758 5382
46 4948
6022 7569
1824 8980
1980 9471
5833 6631
3805 6657
5132 9569
2644 2936
4376 6312
206 3897
776 4093
846 3022
2098 2716
7560 8327
6621 6623
3224 6107
1578 6269
3011 8353
2740 7760
5500 8915
981 7748
4324 8604
526 2133
2555 3705
3933 5510
232 994
163 3786
139 7595
9448 9782
181 7389
1443 4269
6278 6911
5345 8859
5767 9598
2130 9212
1752 5907
3060 5856
6027 8314
6066 8203
6448 7671
3 6657
3043 9048
3434 4066
1050 8407
2309 8905
2595 6563
4270 5350
2468 3766
1390 6616
2192 3565
9190 9774
1831 5910
3339 9317
109 5326
1934 9472
139 1973
1458 9718
3699 4726
5195 9292
4887 8919
6273 6691
2330 9282
5133 9260
1208 8011
6564 7643
6696 7164
4002 8730
1172 5740
378 1360
2748 5279
2993 5584
4998 5585
5338 6691
3476 8701
4994 9083
2012 9011
3119 9085
3829 7789
534 2056
522 8571
1009 8832
732 2580
9201 9572
2785 4966
873 8650
5152 7596
2281 4045
9036 9119
1731 5974
7858 8654
7407 8531
285 5871
1102 9464
1460 5803
4034 5541
1412 7977
2329 4337
149 9316
9486 9489
1996 5197
9574 9743
323 1864
1681 3479
1187 3444
3398 5826
413 4132
7625 8617
1610 4091
5482 7199
6409 9092
1990 5021
90 8191
1994 9677
774 802
1867 4350
6896 6898
3037 9809
323 8228
4190 6628
495 2807
4257 8979
400 4595
3286 5187
232 8029
6131 8928
7108 8069
3357 4783
5031 7833
2092 2173
8599 8617
4278 9186
2451 6860
1193 2544
1934 8938
3935 4976
6355 7099
2954 9578
144 9518
2594 2831
1161 8065
8350 8796
1688 8157
204 9165
11 3790
3582 5157
2876 8650
1613 6163
1731 5745
3015 8246
2834 3920
960 8848
1063 7950
6364 9302
285 7704
3170 7248
602 3760
3594 4223
5825 7090
293 4127
5895 7049
3665 7989
629 7070
2574 5542
2277 2281
6401 7016
3659 5663
3962 7623
9154 9510
2871 4167
8747 9155
86 7502
2083 6205
5568 9316
1086 5122
6262 7164
4910 5401
1206 3816
40 7547
2034 7595
6077 7596
1052 7126
3448 4279
947 8495
848 3140
3175 7813
7059 8832
1610 5122
8591 9642
7959 9013
1563 6761
1224 8697
3205 8035
3724 9706
909 7649
1918 7246
2432 3224
2452 9059
2846 9600
2134 5813
91 5686
2237 7593
1154 3355
2785 7276
1728 5052
2355 2453
3966 8796
425 9628
2993 7514
2792 3996
4895 7850
964 8027
2398 8752
1833 7657
253 3127
2746 2902
4334 8986
3054 3659
5080 7444
1600 6632
5040 8539
891 5365
4698 9626
5384 6298
2993 8576
1068 8345
2201 8980
1264 3515
6344 6531
276 3967
3683 7760
2548 3058
858 9178
3498 3659
1569 6891
282 3092
5649 8173
2911 3185
3418 3698
75 3124
1650 2006
1444 4398
6344 7009
600 6472
5721 7955
2034 3040
7585 7798
5988 6939
577 9526
4205 7935
6311 7907
4052 8604
5447 7652
1662 8244
904 6179
7007 7206
241 288
164 6959
4252 6451
3601 6024
423 3939
2362 8019
682 1728
6496 7377
7290 8457
1104 9285
1650 2259
5637 8845
1944 9629
2559 5910
2314 6640
6720 8108
1994 8619
4300 4748
1737 5780
682 9032
230 9007
913 5471
533 3318
5630 6918
3587 9726
7284 8733
6472 9186
737 7930
5890 6345
3403 9837
7076 9375
2489 9361
4688 4802
1790 5090
6599 8560
2540 3372
1031 9660
2912 4865
13 6393
4533 8509
6792 9489
528 673
6586 7489
5322 6306
6182 7596
7081 7140
3049 4556
797 7991
2684 6455
4038 9337
6972 7849
2758 2892
1423 2844
649 1210
3595 4812
1967 2557
6234 7340
1303 3046
5336 5870
3976 7518
543 1504
3364 6249
6387 8106
4793 8007
1171 2819
964 5097
9488 9546
8009 8124
3732 9327
7284 9821
7569 7649
323 2081
3931 4694
5655 6393
522 4815
780 7596
398 9245
1386 4619
483 3938
1055 8372
978 2597
3177 8325
2345 9600
445 5841
106 2077
95 5513
6912 8352
2359 2991
3636 4966
2755 7032
4662 8393
3652 4531
4357 7332
1476 3279
4851 8014
5737 9059
1827 1967
5859 7904
4336 8719
380 4061
3550 4038
439 9753
1681 6593
3971 9314
2918 8982
4130 9546
1427 2642
2000 3590
3100 5398
1522 9620
4431 9660
1063 7413
7273 9007
724 8266
4783 6199
5084 7155
2945 5327
1754 4020
2401 8311
1541 5957
6220 7313
1047 6364
1126 7872
7446 9190
629 3847
2383 6897
3176 9219
2107 3148
4291 9774
89 1046
6121 8767
1751 9854
3886 4218
758 9863
1644 3859
2341 9384
821 9090
4281 7328
6142 9158
690 3369
1065 1500
4341 5840
4556 5652
6053 8837
3615 8452
4430 7349
2210 6668
6382 8495
1087 6187
4168 5067
3166 5165
4913 5816
1578 5649
1564 5893
7164 7599
4181 6206
980 7408
5125 5242
881 2531
4956 7964
8305 9319
809 8345
5610 6595
4761 7990
514 7501
3206 8556
701 7234
3978 6155
1963 9817
3662 6155
6998 8988
1515 7684
1698 9795
7199 7584
4949 7725
1633 7218
6342 8033
4027 7009
2679 4467
7160 7188
2504 4641
4314 6199
1209 8610
3606 8360
1745 4880
5803 7998
499 5634
2595 7396
5236 8094
1003 8808
3205 3751
1224 3360
1100 5322
2557 6761
1126 3691
3015 8809
7424 8628
947 6382
2559 6073
5660 9807
1553 7550
6890 8203
91 6296
3709 5110
3737 8159
2887 8242
1471 2359
1973 8160
2234 4265
3305 4125
2884 3717
5900 7578
5954 9677
2732 7019
2681 4103
6572 8222
4125 9383
8938 9073
2726 4369
1737 9518
1731 3064
1319 5374
2025 3377
3339 9225
2077 5272
387 8267
2984 4165
5908 6776
2476 7857
4646 8379
8526 9720
3975 7983
8055 8056
5048 8623
6129 8480
930 4899
1671 6075
5799 6230
8736 9291
2764 5040
2658 9854
5623 7543
1618 5427
305 9501
2700 3890
5620 8452
4248 7224
6642 9176
4106 6248
2952 6124
602 3715
2533 7583
1994 9598
2778 9626
1450 4655
8840 8988
6657 7276
863 1158
4088 7170
3816 3817
495 682
3661 4491
2750 5256
4342 5323
6048 7009
4580 9850
470 2901
3772 8735
4230 5235
476 4329
2980 3649
5254 8385
4678 9118
3026 3944
1687 9092
4298 5809
6126 8959
1368 7759
3318 4395
2950 5359
647 3363
4725 6988
7596 8598
351 2579
9165 9181
2017 9859
1522 3706
6097 8704
1471 6442
3269 3501
3249 4751
2239 5756
866 8701
3717 7497
6129 8236
5152 7390
629 4815
3015 7326
4362 9708
629 2626
2130 8296
1711 7544
7036 9176
2408 6542
882 4921
1507 8080
3357 9662
3787 8720
6091 7648
942 6170
2951 5209
3007 7243
3141 7194
2239 7079
5235 8875
3268 8837
5602 7923
1187 7778
2225 9595
1105 7649
1139 6283
466 3755
5913 9263
199 5833
3191 5320
1582 3293
793 866
4531 9032
7557 9634
8780 9501
4001 6147
378 4260
1578 3467
3710 8367
6558 6650
825 6845
4893 7648
1845 8603
3040 9602
1260 5706
732 8578
3710 6478
6496 8480
862 4400
8459 9370
1277 5260
3204 3444
4252 8598
6129 8275
3519 6163
8403 9463
4473 8352
814 8238
686 5588
99 8423
5771 8314
3173 4605
3114 6292
1229 8598
257 8722
285 6393
356 2559
5196 7133
3041 9502
1934 5964
1118 5661
6322 7523
4430 9554
1895 2359
1114 6559
3060 5983
7717 8248
5243 6632
4037 4655
1162 9468
6129 9190
1934 9767
1513 5762
917 5116
897 9056
6132 9534
153 1324
559 7921
6938 7526
5246 7819
2050 6179
5651 5652
5690 7452
7535 9397
109 6534
6507 7100
2000 2179
1100 2588
2965 5512
6350 8988
2343 7855
1100 9674
5964 6208
4820 6469
6667 8296
790 1422
2559 6339
3659 6405
232 5156
2892 5025
8302 9687
835 4335
3058 5388
4434 5042
1041 1254
3786 8431
8243 8865
4029 4396
1209 7860
5962 9829
2730 4842
827 9362
1175 7855
4422 9125
1551 6534
1183 9490
1871 7488
4294 7924
785 3976
2707 8975
1357 8157
2119 5454
991 6891
2965 3347
2482 4661
7957 8873
578 5134
3723 6451
6010 6650
95 5833
5498 7149
3134 9544
3750 7164
51 4180
1756 8661
895 3086
910 8352
6798 8774
4629 9491
7526 9189
7774 9751
4434 6077
5338 6164
1385 8213
5232 7670
794 2454
1248 9031
704 9336
3822 7838
3876 6538
3442 5084
7982 8327
458 6195
1547 2170
3862 6269
1482 5986
1813 6038
1800 3896
2665 6591
2547 8268
597 2606
4072 4833
530 4908
4960 7550
3641 9353
624 6817
2455 5838
1482 8663
1471 5833
1010 8505
8553 8921
7374 8480
2017 3445
5044 5701
4171 5935
2147 2923
950 2016
2035 5580
1391 9178
6807 7145
4661 9044
232 6912
2170 2958
2651 7837
7412 7460
2164 2785
4691 6868
871 1545
9062 9810
5359 9265
57 9669
5649 6494
986 8661
4321 6129
597 5620
5780 7962
1108 3657
785 9032
3825 9773
1577 7925
980 5463
1800 8875
2880 5856
5640 6924
127 6807
2748 7813
5686 6650
3363 8925
2625 5651
606 9667
6939 9363
98 3434
2286 8083
3209 7424
4304 7779
6962 9780
787 7813
4204 6461
4416 7412
4494 9822
2101 7201
876 8348
4527 6643
7401 7579
6393 8094
499 771
3896 6356
3392 7330
4137 6846
6246 6624
8320 9031
4813 7436
881 8925
4274 6695
1256 2913
3434 7169
3763 5042
2249 9807
2248 7249
99 2831
7514 9377
5034 7312
109 8883
2531 8008
2740 6246
1644 6473
2540 5918
1284 4932
3652 9474
610 9494
4360 9106
4450 6768
3870 9158
6303 9183
4679 7703
1461 6147
864 2408
1812 9155
257 968
333 2595
597 1670
928 7374
1204 1224
1723 1724
2149 3301
1237 4088
2162 5132
1743 3303
3226 7652
2847 4088
4938 9816
3043 4994
4379 4576
5663 6605
2634 2703
4607 5133
5663 9113
701 7209
1087 8820
1858 9116
4887 9373
2802 7515
1074 3710
641 8083
1560 2859
3065 3067
6250 9753
3347 7760
1139 9718
6771 7278
5833 5966
7162 7904
1138 9684
910 6558
7389 9575
600 9336
132 9531
1148 9674
5205 9726
4625 6631
940 7144
3234 8169
3920 4267
1685 8879
1895 3938
2192 4001
3224 5604
3429 9197
4362 8404
1881 7804
5241 9663
1219 3854
4630 7688
1068 4451
2435 6023
4252 7651
5156 8763
3654 8083
1798 8544
2010 8689
1840 5346
6589 6824
582 5044
1063 1214
5341 8252
5284 5432
1421 5522
8066 8529
2296 5769
2558 5622
1687 6350
1849 2687
7498 8616
1461 2573
3125 5119
1510 5159
2200 5657
7234 8147
5403 6881
4984 5244
5669 8991
1316 2540
1294 6199
412 7198
4863 9617
1781 3517
3049 9114
4839 9656
975 2536
3055 7574
465 8932
8346 9753
227 6316
2889 9424
7062 7529
4019 4329
2245 2346
5020 8058
4473 5976
4419 6423
4699 9822
6694 6765
4802 9751
2323 5775
6765 9715
2458 8995
1658 5591
216 6574
2573 6912
4184 7799
2632 6702
160 7825
4925 8412
994 8763
1118 5612
2887 5510
21 4389
4013 5744
6592 9711
1813 6292
1345 9764
5350 6105
910 2320
547 5524
1447 6138
6834 8476
5693 7853
463 7395
6053 7109
2408 3937
681 8660
338 1310
686 8832
3347 3585
9265 9271
4797 9630
1539 9431
358 2735
63 1584
6129 8479
2326 9833
6030 9793
2481 6623
3339 3543
2074 3063
5657 9113
6384 7608
2374 2822
1167 1737
382 8689
5368 5886
8858 9427
6674 7381
1068 3040
6669 9003
4149 5220
2327 7140
3132 5556
1066 8012
5620 8702
3819 7855
3565 6558
2457 9031
862 3823
1987 7401
8364 8414
981 7597
732 1283
3419 8787
5157 7048
1598 4630
1444 6478
910 4001
1027 5472
3272 8589
1369 1473
3390 8127
5153 5862
848 7229
4758 6384
6250 8015
4221 8599
958 9711
3198 9178
1165 2258
3080 7926
1115 6149
4132 8522
1455 4401
3055 9050
1486 5694
992 5797
195 1043
7926 9023
1548 7882
3077 6456
447 9377
357 9015
3348 7116
1795 7952
1029 5263
2778 3223
589 4448
6674 6967
1671 5324
1326 4602
2671 7162
4127 9104
6737 8405
7196 8687
3506 4206
4045 7914
52 8435
842 1794
2726 8276
80 904
1950 9109
3080 7166
3256 6732
6782 7838
1662 8656
1967 9075
392 2779
1345 7199
2967 5818
2270 8325
3902 6541
1564 3727
72 3927
2334 3768
25 2077
1359 8556
776 9003
4550 8236
3929 4159
3049 4910
6192 8486
4099 4591
2456 3913
4167 6481
2902 4421
7349 8879
350 682
3766 5399
2125 5661
3694 9667
5911 8763
4720 4756
4689 8267
5365 5516
5384 5744
919 8991
5256 9316
1578 5482
745 7713
4614 9785
7019 9734
1028 6945
1238 2878
3540 6917
4106 4642
1718 5412
855 9321
1250 7951
170 3295
6774 8142
1159 1316
802 8602
2517 2913
3172 5780
1683 2154
3301 4612
3607 9390
2558 5677
1610 3362
8269 8657
1727 2522
5482 9099
4256 7385
53 488
1385 9672
2746 8265
6102 6682
326 6033
1421 1666
885 2552
4974 7071
2320 4473
200 878
3621 6974
8359 8901
2644 7323
179 2603
206 1323
1250 4045
314 9378
4493 5163
5163 5456
2447 4407
695 5073
555 6234
3439 9441
976 1817
1315 7472
2164 7499
7650 8659
297 5644
3491 3819
3061 3726
361 9764
2471 7199
8191 9099
491 2856
810 4764
809 9225
967 7229
3092 8919
1450 7147
213 3964
2635 7575
3513 3676
3976 4303
5123 7251
1506 7298
3879 4530
3837 4239
1628 5895
4489 4590
3653 3661
6370 7504
2297 8828
2900 7326
1706 3788
1676 3971
188 1964
6274 6807
1790 2599
3112 3711
4748 6912
8537 8749
4284 4748
1478 8471
474 5588
8060 8388
1825 3947
2556 5630
2847 7169
5197 8814
2320 8763
4913 6483
4619 7593
1434 6793
2683 5756
5322 6939
5045 6289
4229 5883
3062 3661
119 1414
2077 5451
1804 5464
2934 3996
4901 7170
25 5153
3953 8443
3049 9111
673 3944
4084 6513
877 7200
732 6151
3800 6053
2744 4876
3279 6503
5856 7678
5539 5556
1782 9576
276 3132
9372 9822
2092 7005
712 2887
5556 7261
4311 7643
2458 8387
1167 9688
2495 8503
719 6547
4159 7607
4783 6576
536 4026
3483 4404
1256 3105
4200 4273
463 3313
3171 7560
5646 9679
4602 6066
695 5981
3043 3055
4252 8255
605 1284
2577 9285
3410 8670
7266 9324
2690 7693
768 3041
521 6328
630 8876
679 7470
838 7381
3124 8480
1291 9472
3955 9440
4528 7040
5745 8742
6595 9598
1336 4112
1728 5794
4630 7149
1167 2666
1256 4362
352 4602
293 8452
5620 6974
3898 8275
3602 8845
1805 3705
432 9265
4242 8630
3849 6053
1253 2293
6300 7184
1161 9597
875 7070
2703 7436
167 8601
8649 8708
5113 7384
4011 6528
2576 3699
139 3543
6927 8091
2987 3614
765 5902
6993 7261
1764 9176
1526 3829
5524 6350
1961 8505
2290 7448
52 8578
713 3066
5866 7306
2845 7256
2950 7323
3382 5900
3668 9110
3929 9219
2603 2775
2271 6744
1043 4457
3092 7512
1588 3039
7322 8312
8484 8840
3648 3659
1101 1314
3642 6597
2053 9270
6360 8529
3340 8860
1364 5960
4971 9746
3667 6023
5205 5237
8507 8680
1153 3206
3143 3723
6617 9007
5984 7233
2323 7113
5422 7981
4621 6670
1365 8638
1783 8518
5702 9848
891 4826
2301 7976
7251 8484
6515 9701
2089 4925
7610 8058
90 5336
4671 7115
4002 5327
2822 5773
2192 4473
6960 8110
3055 5663
209 8225
3079 7623
4959 8631
2679 3288
2623 6726
1101 4965
4455 9341
3590 5655
1482 3387
89 4032
3437 4101
1444 6024
4272 9260
5414 8744
2164 6289
188 732
4388 9032
582 8024
411 2927
5700 7178
697 9801
2404 9145
380 3717
5000 5910
3074 8845
1392 2610
4127 5556
2806 9463
4910 8738
3766 9698
3279 7475
1593 8414
4289 9456
2151 5084
3834 4792
8880 9299
1408 9528
1275 2262
1878 3346
6133 8806
4874 5816
4200 5458
2383 8836
2914 6735
4362 7323
5436 9070
4998 8588
5169 8291
1207 7522
4274 5160
139 809
2771 4474
741 7467
301 7472
3991 4698
2509 9119
3885 9687
764 5964
1494 4469
1105 2175
1196 5738
8129 8296
582 4730
1864 5258
4266 6765
1264 4604
768 876
3105 5246
139 3040
344 4019
7618 9007
4788 7056
9497 9706
2245 8191
715 3234
1321 3725
2251 3062
3483 9489
1594 1811
1965 4567
7070 9815
271 5267
5365 5902
6782 8414
4227 8267
6574 7271
6444 9000
2020 6030
771 3906
1999 5957
4418 7662
4045 7333
3945 5401
666 3703
1058 3128
3789 9820
5006 5246
1493 8414
918 3473
2517 7975
5047 8567
2785 3205
4182 7407
7461 8191
3007 7210
1613 6030
1196 3280
388 1711
3862 6832
2011 3028
897 9058
7408 9377
7713 8596
3965 6337
4010 4613
5074 6018
1728 9184
800 9377
8545 8577
6638 6988
1437 8630
5323 8427
6 3068
421 8152
1930 8576
7 6067
7581 9059
1284 2975
357 7850
715 8169
1304 4457
7572 8627
960 6105
285 6693
2967 3584
6960 8743
6031 9722
774 2752
5672 8520
566 9869
271 5046
964 2471
4613 6133
5222 5593
2117 2140
2846 3360
3058 9559
3070 8458
673 4276
4111 7247
1005 9620
7113 8942
5806 8627
2172 4755
3498 7209
3557 8968
994 7893
7865 9147
4190 4835
1174 4344
8305 9323
199 1387
234 8271
3322 6620
2343 8230
5381 6874
3161 8580
160 7430
1050 4352
3239 7946
3819 5310
4832 8243
5350 7713
4091 7893
5479 6376
6478 7968
1120 3058
715 7419
1110 2291
564 5095
3049 3659
869 4411
168 6272
2211 6485
536 8119
3805 8574
5772 8893
350 2248
84 1385
3543 4729
5345 6711
3598 7733
9325 9498
6129 7597
8992 9284
7413 9380
5756 7201
6791 9423
3932 9488
4966 6612
2723 4468
1388 6923
1577 7831
413 8522
1855 2619
2922 3237
3081 3991
4687 7776
1506 1579
1113 2626
3580 6371
7070 9152
69 6200
6608 6627
2271 4045
2176 7864
6873 8161
434 4497
6030 7769
4001 6010
1672 6130
608 713
5153 8639
7796 9094
6530 7628
406 8630
408 2481
4580 5122
8888 9796
624 4200
1457 9179
904 5447
2291 6003
809 8762
190 7991
8739 9058
1471 9774
5365 5382
5492 5649
2570 8480
909 1401
3584 9604
3656 3870
1052 6086
1817 3199
5333 7081
692 4473
8417 8699
4254 6909
3595 3889
7583 9059
5820 5960
2220 6081
3741 5804
2305 7284
1666 5800
1782 2856
4038 7452
298 5674
978 8548
4659 6807
1280 6641
8591 9621
8026 9659
40 8634
1599 9059
732 1975
2943 6344
861 2987
3649 9381
1802 7917
3375 6635
9333 9336
1594 5934
7687 8556
7106 7402
4094 5009
3980 5957
1200 4056
2507 7822
979 1906
1038 8292
3206 8228
5221 8191
3631 4802
3905 9728
1391 5630
2955 3138
5696 9350
6271 9665
2763 8452
2875 4790
1733 4818
954 1165
3410 7184
816 6067
2492 4845
5548 6053
2280 8011
2281 4653
8191 8730
4035 8545
3054 3668
3846 9283
7070 8296
87 7884
2067 7759
8653 9427
1649 8119
2334 2640
3475 8796
49 1460
3057 3648
1737 5221
3387 8663
3390 7411
638 3483
8383 9040
3254 4945
673 7198
4063 9773
2179 2778
3668 4605
4190 7276
1526 6960
138 326
7998 9728
4226 7258
3205 9636
301 6146
3905 5644
4085 7191
7466 7646
477 7120
117 771
7671 9822
6218 9520
2790 6193
977 6554
5885 8307
2453 9393
350 8647
5019 8310
3372 5918
4812 8350
1455 5719
3930 8845
2623 8471
7600 9769
4193 7451
2109 6818
1242 2917
2012 5351
3823 7622
1437 1657
551 1478
5324 5917
520 5882
2927 7984
2503 6880
2239 2291
1513 6496
4926 8981
5313 7816
4849 7452
843 7794
994 4001
764 1111
2556 5799
5221 5365
8531 9189
940 9721
5219 6791
7408 8021
7547 8040
4585 5919
498 1728
8682 8944
1934 6246
1996 3532
1658 7391
4361 8627
4408 9431
2369 7499
4195 7118
518 4051
1696 4053
2895 9843
358 4088
2595 5661
2161 4314
8492 9350
2613 6217
5245 9753
7073 7160
413 3313
3709 5550
797 7643
251 5453
357 5678
5947 6316
2653 3982
5237 7704
1190 4336
1354 4293
340 668
3326 3738
1634 2512
6574 8509
2266 2745
1961 4888
4513 9607
832 3086
1074 2967
5217 8605
2386 4260
1597 4620
366 876
5279 9033
7126 7401
6079 8236
1523 4594
1320 5940
4751 6393
8414 9415
8995 9055
947 5951
1636 9206
1870 5742
6732 8975
7106 7526
6011 7451
6274 8531
4797 9477
6034 7261
106 149
169 5683
5187 7681
714 4045
6798 9662
1311 1806
136 4733
7728 8007
2741 8695
2779 2930
3613 4918
5327 5463
3945 6872
1229 7990
3924 7646
3374 6387
5213 8744
1859 5323
1750 5482
370 7217
2987 4435
3636 8917
1910 8703
2067 4880
6660 7079
345 6827
2575 9758
3868 3920
1655 2233
970 3079
808 9442
161 3902
910 8029
2234 7393
6937 8654
3649 7931
6146 8619
3991 9337
232 6010
7526 8270
1730 5946
2778 3816
3329 6370
679 3294
6193 6350
4462 7521
199 2109
8846 8886
4893 7168
616 2231
1513 5701
3362 8664
1737 7560
4054 9635
3751 8353
1892 7114
720 7287
276 6393
7616 8121
1294 9497
340 9616
7169 7648
2595 9389
2439 5074
3670 4605
1161 9190
4745 5461
1622 8304
6234 6393
75 7374
3699 5489
5089 9675
4199 8193
3974 9084
392 6185
5481 7383
7076 7728
2220 8539
8062 8063
4998 5052
2892 7943
2292 5762
2609 7844
7568 9693
2892 5482
4356 6744
3696 4856
3652 6611
3668 5652
3783 4956
4824 6109
1763 8921
60 4557
387 9386
3722 5771
577 3582
1221 4161
4001 8836
1142 8661
716 7973
2740 5512
2403 2644
1126 1809
1434 5489
1165 9576
1377 6457
3690 4053
1899 8448
1458 7543
528 5173
422 4403
2937 4849
273 7099
981 1160
1930 9047
4815 5539
624 5917
9024 9168
3595 4172
1633 6267
5520 7995
3703 6509
5471 7378
237 1508
1513 3479
6898 6899
785 5034
2689 8127
7188 8011
2573 4748
3945 6053
9198 9813
6576 9660
2907 6267
1048 4799
2328 9595
2573 6147
1126 3902
5539 8296
664 1600
5125 9749
1745 4572
2489 5045
1968 8867
754 3642
9031 9119
2323 4232
2064 6209
6938 7149
991 2829
2533 9059
2168 7977
3273 8663
2556 3041
556 5802
7414 8244
2494 5374
3027 5986
6944 8456
980 8576
2511 4351
3763 9827
2081 3093
7857 9301
254 6980
8094 9073
2526 3217
382 4620
4982 5259
5434 8545
4279 9753
2127 6943
4252 5761
4712 9822
4221 7548
3314 8331
4042 8557
2761 5403
3212 7924
2210 8264
206 6592
7290 8657
4855 4873
3168 3517
1564 5817
1224 7079
695 1753
42 5659
940 6576
4308 7907
4002 6911
2655 8356
370 1237
765 3086
3584 8557
6785 8906
6748 9269
7968 8911
4115 7543
361 2179
1049 3439
4727 9716
4702 8324
3448 4453
552 7502
2504 5481
4431 9497
3123 6768
861 5618
1170 6172
3870 9370
1100 6350
3991 5548
7601 7602
2522 2813
4752 5999
2377 6782
8297 8509
4402 4711
1540 4534
4665 7372
5078 6148
5900 7091
1541 2165
4698 9166
7835 9290
2852 3393
1650 9073
2987 7146
3206 9712
2965 6301
4830 7409
57 992
1068 8749
5548 8094
3107 8506
2263 3805
3877 9059
2101 8988
573 4149
1101 1971
3138 8100
2969 3708
3279 6922
844 2436
3206 7711
1728 5995
9115 9452
1195 9551
2320 8836
2206 5966
4114 7721
12 1396
2740 3932
5613 9479
1917 8894
5718 9775
4102 9489
6199 9662
2439 3217
1323 6228
187 6988
2520 7076
4101 9822
7207 9834
3920 4565
3721 6557
3097 5536
428 4461
3057 4972
749 7767
629 4190
1110 3815
3089 5393
3656 6142
4088 7440
519 7738
1654 6184
968 9268
3885 6667
1750 3119
6678 8661
4807 6591
2937 4038
4511 7477
704 1321
2938 8777
1537 5796
4175 4609
8099 8101
495 9776
2804 4002
3915 7376
2470 9350
2441 7819
5964 8704
4395 8094
7665 7853
810 7541
1352 6647
3440 7630
3559 7906
2286 2498
6537 8499
764 949
2654 6320
7358 8556
942 5489
1721 2098
383 7068
523 3269
1238 7869
6974 9854
1318 5040
4888 7148
4493 6505
2601 5289
9225 9602
4545 4909
3463 5650
1391 6491
3208 9301
4786 7610
1101 6018
651 2092
5865 6480
3398 5529
6372 8796
1668 6051
6339 8362
149 5938
7083 9316
4101 8966
1610 5360
442 7290
5695 9857
2201 2821
3870 8459
3654 3850
2098 7596
108 8724
2517 7915
3039 5050
4540 7529
6057 8454
981 8452
6668 7395
2778 2887
5839 6141
5336 8484
2975 3632
6632 9795
5479 5903
9034 9055
4709 5469
123 4265
5529 7699
3354 3355
8267 9551
5900 8514
4694 7409
7 8301
3412 8845
3590 6393
3096 9843
461 5507
6509 7615
278 595
1972 2701
2398 2620
3377 9775
2360 3289
3788 3915
697 6309
8118 9073
7049 9439
1987 7276
5336 8840
285 1711
760 3205
3768 5040
739 2522
1052 6246
6916 8033
3968 4773
1038 8476
3936 7658
1149 9676
5258 7521
7979 8155
1760 8724
3804 8291
3039 5029
4232 5102
4252 8529
391 2138
1670 4815
3254 7864
4686 9361
2220 2817
305 8780
3387 4093
1467 4262
4416 9395
4058 8280
4698 6393
6807 8531
147 8208
32 9350
4460 7199
4002 4194
4402 4739
3641 5208
2818 5365
487 2907
2422 7929
2795 6047
3586 6502
4748 8352
2345 2588
547 635
254 816
320 3551
882 3651
2382 5386
5250 6253
16 7148
468 5666
1068 8762
464 5448
1473 3805
3920 9472
4714 9378
4029 5325
6040 6316
2338 9052
6125 8801
2281 9410
3427 5689
8699 9338
2134 2297
3750 5489
538 843
1419 4388
682 7156
4402 4694
1693 5336
4952 5587
3319 8187
631 7849
802 5444
3568 6184
3506 5811
4752 6337
341 6311
2432 5604
8083 9255
1277 7290
1167 5258
1967 5682
1298 9581
1244 9121
2234 7407
547 1687
2174 9734
561 639
3205 6034
821 4581
774 3188
6974 8452
727 7439
357 3188
1002 3119
3339 8345
1024 4097
1637 4221
3531 3971
1417 4217
5679 9165
361 7188
3058 5580
1631 4315
1935 3681
4761 6197
5276 7247
603 9255
4067 8545
2773 4863
4045 6751
5148 8421
4132 9163
5035 5322
4285 4785
1491 9321
511 3703
2470 8372
3783 4361
942 8325
450 8792
387 3002
816 2230
5105 5469
5696 8492
2816 7956
3119 3965
1730 3624
6451 7603
393 3779
910 2573
285 7544
1069 2034
4227 6164
1553 2686
1375 8601
5252 7328
4109 4464
6393 6657
979 6053
6974 8745
2418 5022
942 8191
3590 4605
1036 6620
4532 9628
3994 6049
2149 5244
8432 8608
3750 9078
7261 7334
1809 4773
1375 6864
304 8652
7959 8212
2443 4799
2509 4667
1750 4379
2556 4022
7610 9118
5948 9537
8700 9417
2098 5681
2691 5034
9621 9714
1610 9153
8938 9361
3002 3426
293 6267
1069 3206
4547 8126
4229 6668
7346 7477
1031 2161
4749 9596
1865 2402
2531 3363
2746 6974
5225 8709
4469 9529
3552 9061
3914 6038
3185 9337
135 6517
3691 8606
4114 7785
622 3656
5754 9390
4638 4844
6244 6283
477 6766
121 2452
2882 7438
1295 4945
4614 5000
2077 5624
2055 7577
1305 6776
9255 9265
2016 7377
1007 2926
1552 5075
844 6414
6408 6927
6179 6350
1345 7583
4236 6833
4151 6591
2071 4912
8058 9020
5730 6521
7076 9243
8915 9176
3608 5556
5721 5909
980 6911
8883 9576
219 9671
3809 8740
1427 4033
2696 3487
3665 5655
1795 6859
3849 4276
2824 3279
5652 7961
801 8298
3058 5663
2433 6963
491 1167
6667 7855
1902 7001
518 4180
3971 5207
940 4431
2259 8654
530 8366
6200 8309
4814 8126
580 5513
70 6200
7565 9243
5020 9026
1199 9577
1478 3568
4533 8129
8529 8530
6818 9190
484 9760
4700 6761
1832 1841
3750 7662
7016 8571
5187 8704
800 8021
3372 8208
958 8583
423 1477
3327 3573
158 2298
1092 9722
179 8304
985 5728
1676 5012
489 8149
1239 8686
633 9786
4112 7825
7583 9060
2983 4802
616 2354
7605 8202
699 5602
5216 5338
4032 6328
9461 9589
2098 4604
3559 5920
292 9555
1993 8905
4362 5359
5156 5686
547 2746
7605 9062
2381 5996
793 6933
4103 8938
4773 6597
1703 4053
616 4372
6548 7607
2320 6912
2364 2560
4957 6469
3227 5870
3339 4729
5134 8628
459 2433
2735 7159
958 8870
1196 9538
7938 8315
2853 3647
6356 8165
5740 8919
980 2993
4212 8528
2751 3668
2012 6868
6921 9357
2683 7374
4882 7920
4084 5368
1825 7442
1854 7620
6989 7815
7412 9497
577 4687
1698 6830
7537 8837
5960 6283
2412 3467
2457 2508
77 78
2509 9036
3921 6616
6152 8738
3162 5699
1551 5326
4321 5170
3340 3926
4252 7990
4419 7619
5057 8212
6951 7079
3044 3665
3372 9353
7981 8383
177 2701
2055 6113
777 6276
1803 4124
4982 5351
3369 3884
274 319
926 7792
1674 3751
3066 3586
1204 1659
6303 7380
2831 6980
5293 9830
4478 4489
276 6653
1898 4649
5541 8534
3215 7383
2698 5923
1864 4773
77 1477
7436 8940
5711 7133
105 877
4746 8499
2518 5922
4578 7731
3354 7242
312 8065
565 835
1110 8967
2918 4691
4370 7080
3773 9279
981 6075
6193 8282
7481 8244
628 5546
5256 5568
2655 8634
3185 9159
7952 8462
1418 8995
910 1461
2161 3357
2776 3823
460 739
8094 9083
4738 9681
4022 9502
744 4458
3054 9114
8084 9830
2374 8291
6732 8382
1926 3065
7704 8702
423 8948
3691 5915
2522 5858
7161 7250
2016 2017
5427 8685
5442 9026
543 3029
1241 3397
917 6831
2566 4966
5654 6496
2496 3822
3695 7649
5499 7061
2320 4300
5412 9787
7453 9507
3571 3753
1141 4523
5618 6254
1406 4151
96 3637
6146 9198
3683 6289
313 3119
2591 8717
1987 3585
616 3015
2707 8995
5338 7524
4119 5337
3686 6768
5492 6047
4087 9260
1920 3130
350 5814
3895 4323
9085 9576
91 6010
7059 8239
6908 9231
7782 9491
4069 9701
4397 4496
285 9779
1514 2086
875 9712
2266 8995
4019 8745
3935 4206
5213 5397
2029 5852
3119 4336
1416 7889
1097 7354
6656 8531
958 1224
937 2868
7461 7553
6003 6335
5444 9198
188 8850
1509 4227
7316 9121
1209 2091
940 9706
51 3112
815 7336
1901 9617
1224 1330
8421 9197
1943 4325
4099 5153
3691 7990
4839 9827
7149 8812
2216 3708
5419 7044
4646 7926
5217 7524
2813 5324
5613 5943
7170 7844
647 9494
2709 5229
965 8845
1792 8541
136 4299
2116 7201
1309 4934
5602 6997
1786 3920
2239 8704
4154 8448
1170 3344
1687 5475
473 6075
4221 9644
1596 8197
2323 2966
6370 9481
2538 6516
373 2604
1141 1515
975 3763
4668 9030
1813 6033
2551 8699
6803 6918
4018 6864
3160 5681
1158 8065
4462 8129
5635 6921
650 5904
1805 4391
1387 5187
5572 6670
6911 7408
4694 8889
2913 9145
5456 6505
9572 9769
8208 9657
2858 9576
2383 6650
5085 7954
3966 8732
616 3125
2785 7674
1968 6614
6498 9504
1294 3357
5277 6080
6409 8129
1381 7369
1535 8191
1692 8630
6979 8846
465 8236
8414 9190
1168 8837
5975 8919
4103 8450
55 3491
2196 7693
86 8801
4300 4384
4519 5722
1363 1802
359 6533
6388 7882
499 3522
3872 7200
1471 4171
1696 5866
5473 6753
5327 7514
3049 5652
4577 7382
408 9606
2266 9055
1598 4299
7664 9431
2034 2156
522 7036
7199 8094
2869 2969
91 2192
3375 4782
2069 2386
2721 7534
724 6939
3362 8873
2428 4678
5502 8399
6773 7035
4398 4840
2099 8634
1280 9361
3962 9596
6667 7201
7596 9670
9317 9602
3623 8522
974 2461
2775 6489
386 2230
4388 6478
707 6748
606 7007
3652 8735
4336 9359
3773 9836
210 1827
6311 6398
4147 9156
3822 8414
6539 9657
250 1362
996 9464
246 9596
2235 5592
2808 3057
7822 9027
2398 2918
5097 8883
1224 6950
6616 8108
213 5512
1321 6708
4067 5903
3062 9113
6018 7760
1226 4015
3286 6793
536 1676
5246 8775
1138 9489
2000 4985
1914 2180
3353 7902
4668 7033
5489 8109
8457 9146
3987 5303
2067 4572
5891 9783
933 6954
1999 2533
846 2009
3844 8735
420 9742
2095 9019
4602 5171
3572 8720
2554 3098
7183 8704
5031 9141
1271 2458
4541 6368
46 711
1103 5456
6246 7276
1764 8915
2086 8630
4025 6194
1274 5025
2072 9147
4171 4949
1717 5498
1830 3617
3655 3670
1458 6167
4143 4187
3717 7196
1424 2983
655 2265
7595 9317
534 6040
1067 3748
5421 9429
7669 8296
3565 5686
4483 8805
2683 8480
5237 8301
5556 5701
5753 8601
3119 9490
765 8630
2856 3223
3431 6318
2440 3833
4658 6807
816 7326
3702 8040
1592 2800
389 8579
213 5335
7006 9637
910 2192
3792 5821
4401 6207
1930 9377
8598 9670
3847 9361
2987 7161
2338 9373
4748 6650
302 4018
1437 3619
968 6177
2701 3592
5418 6876
3636 4227
2226 3333
3431 6866
5947 9165
2251 4967
3944 3945
7733 8745
3947 9790
1250 3291
1554 5264
312 5661
2863 7885
492 3434
188 3369
1277 7117
765 3998
7785 9073
651 6463
3886 6165
370 7580
8853 9420
6775 8529
1019 5981
5731 6435
242 9629
6988 7039
3138 4150
1633 8456
3689 6294
2665 2785
5569 9183
970 4749
3719 7178
1608 7854
413 3883
5132 7398
2705 3465
6328 6839
4018 7964
808 4819
1934 2489
1739 5234
6644 8848
1002 4250
1471 6658
334 2773
2014 7522
5553 7596
320 9717
4173 6896
3844 3850
701 906
2952 8887
4069 6515
1843 8495
4022 9481
1138 3902
2350 9431
3434 4899
2847 3434
1623 6067
556 679
1651 4133
4783 9660
406 3086
4132 5539
3765 9803
4027 5605
108 3849
2615 2631
8596 8769
2566 6102
1106 6696
5858 7991
4473 4748
4187 4325
638 5221
1381 3172
8536 8919
568 7893
2707 9557
7057 8622
1482 6474
2251 3206
5751 8697
3847 4561
9343 9843
6115 9614
2538 8504
3590 3659
1209 2519
1828 3750
2609 7160
1551 7432
4907 5652
4634 7149
622 1462
846 4031
849 7689
6502 9382
655 3556
4614 9166
6184 8789
4887 8267
3575 6598
3043 3494
304 6353
4870 9318
6811 9477
1272 1791
5512 6790
771 4410
870 7233
3338 8983
5371 9240
77 4642
2841 4473
2945 7408
2580 8127
1329 4500
552 7477
1238 9840
1391 3057
1443 7234
2566 4371
1002 6780
816 3361
4615 6275
8236 9726
2625 9110
2533 9679
6911 9377
2297 8035
3971 9458
2266 2489
2043 9124
4793 5451
4045 9107
3545 7341
463 3955
1573 7396
3447 8223
2877 4438
249 5085
2405 8212
1160 6818
7201 8068
975 5042
2653 6635
1637 8599
3205 6033
5657 5663
7268 8740
4872 9157
4388 4410
1817 7945
1934 6409
910 4473
3944 7704
25 5988
3991 5615
1363 3812
556 5800
7011 9289
4434 9668
3337 4110
1144 9321
52 4732
232 1461
3029 7436
1461 8836
740 8531
2910 5682
2271 6751
3866 4932
8445 8904
1833 3435
4815 5524
658 2639
8595 8708
1965 9671
1785 8193
1628 8605
1236 4668
1272 5395
3846 8976
629 8452
4297 4797
682 2559
2834 9546
5447 6081
1973 7595
5535 6688
1813 5821
3382 8514
1069 8537
1002 5237
2081 3112
2726 6621
4527 6651
3934 4502
6895 7493
6055 7073
536 6289
9379 9659
950 8387
7338 7427
2460 6807
3594 6297
776 6669
1456 8094
3102 7365
1338 7622
5374 8165
63 5768
361 2109
2253 8861
380 1804
5938 6415
1122 3595
2723 7733
1128 8025
3355 9424
3932 9546
3646 6911
638 2367
3802 9822
3768 4194
8031 8851
1166 6551
5949 7228
1471 2405
1412 7333
7312 7534
2651 4991
1329 6985
3015 6241
6813 6932
4001 4284
2180 9254
3387 6669
3360 6717
3619 6483
8474 8626
4397 6250
1496 7306
6578 7025
3298 6666
1453 5618
5851 6715
3634 4032
958 1357
1449 5010
5619 6393
1167 2281
2146 5259
6821 8512
7744 8448
1201 2006
4634 9153
4319 5924
2820 5098
663 2963
2383 8352
6902 7521
4149 5233
5981 9667
5789 7599
3760 5683
739 2266
3258 7323
1126 8550
4135 4288
3274 4917
701 7909
1467 9564
7642 8371
347 1123
1569 1793
4793 5938
4650 8243
2628 5161
3792 6409
6003 8244
3768 3778
1098 3080
382 8456
7042 9340
2097 2167
3631 7150
2786 6222
1681 2359
392 8437
5046 5858
3775 8738
967 8883
6859 8611
183 5046
3289 6089
1825 9562
5560 9191
1687 3077
1427 8223
4585 5090
4245 9197
409 6276
2700 9518
338 8400
5322 8266
1052 2877
3080 8714
3347 3805
2936 3112
5428 7892
4408 6489
1599 2877
3843 5221
5520 8175
8230 9429
4018 9470
358 6267
1533 7043
3783 5761
2356 7612
950 2795
566 2158
3211 7323
4797 6811
3299 8248
1659 9774
2299 4846
5458 6090
1555 9546
755 9522
5065 8267
3645 6387
7728 9243
5652 9318
2070 4998
913 1851
78 8374
6804 9269
2834 4130
534 2785
1350 3765
5650 6416
732 1449
2262 4812
156 9186
3024 4673
5856 7219
2104 5610
5767 9642
145 350
3662 9050
1671 6022
6246 8296
119 2421
4757 8292
4176 7083
2098 8082
6199 8774
6657 8938
161 3205
37 5507
2902 5998
2867 4330
3656 8459
765 5365
4863 8629
4940 7318
2983 5592
3227 9047
1450 4067
3466 5992
5712 7526
2644 4584
5971 7635
326 6931
24 902
2963 4038
3957 9642
2806 8403
8663 9017
3321 8187
840 8105
1967 2787
5428 5613
3640 4184
3031 5652
1053 9827
4044 4101
6732 9069
2346 8011
7261 8529
7079 8703
3431 7082
3777 3802
5630 8201
2077 6920
6010 8352
2987 8263
1049 8512
5745 8744
80 8539
1633 7454
846 1280
1478 8826
3940 5596
1987 3849
217 3561
3688 5757
4325 9072
2130 9490
1868 8123
5663 7785
3054 3057
4641 5481
1461 5156
2677 4694
5443 6977
3434 8452
5755 8191
3713 6980
1332 8029
3399 5319
4091 9813
5588 7059
288 8681
127 8531
1238 3445
3514 6968
6744 9037
298 5979
3467 7813
2318 6053
2170 3027
368 4266
4788 8509
2644 9044
816 1167
2763 7336
349 701
879 5948
1593 3429
6411 8633
6280 7560
4741 7977
3040 8537
7202 8763
9010 9265
816 1315
702 4524
4384 6897
3043 3044
2384 3166
5182 7065
1507 2164
4614 6350
7144 7460
1031 9721
5996 8931
1302 2608
6834 8047
882 5329
3849 6872
5780 6129
1464 5322
2248 8647
7138 9109
1610 4634
3392 7233
1259 2795
3565 5911
2290 3411
3191 8006
6593 7200
8822 9424
4001 8029
2868 5059
3226 7430
7313 7588
2370 5457
5213 7110
1126 5553
631 1471
4965 6018
48 9616
2106 6213
2930 7709
3691 7596
284 4724
5447 9107
57 8292
6063 6825
334 1002
2359 8236
2381 6025
5078 7571
2840 6018
3670 9083
1015 4242
1884 7894
6099 9007
3127 6206
229 4976
2640 3375
1649 6289
670 8919
247 6283
765 9723
358 5187
2609 5612
724 9367
980 8953
3446 5025
4150 8100
2259 3227
895 6341
5816 6930
5655 7073
573 6570
2249 9168
4012 9431
462 9704
5892 6502
7981 9012
362 363
1820 9817
629 2281
1578 9180
5137 8053
904 6081
4761 8704
7586 8490
4263 5154
5692 8000
2848 5000
1698 1987
2577 8879
934 5186
7526 8150
631 2957
2932 6880
1201 2259
4319 4796
3065 8315
6693 7560
1377 8545
1406 4279
7421 8203
741 942
2234 3437
9023 9055
5880 6690
3129 4463
3765 4614
833 8587
160 4609
3036 6744
4919 8353
1844 7815
7855 8230
2564 4329
8975 9819
9136 9250
2192 8836
765 1015
138 663
1159 8526
3964 9781
1391 2745
2856 4574
1495 4032
2576 7653
5246 8578
4426 7192
447 2945
7194 8803
1934 8273
6596 7717
910 5156
4602 5279
4321 8236
1655 3587
5879 8545
1010 5082
5813 7667
1002 8261
2201 9086
5015 7869
1573 2116
6966 9843
6406 9458
8344 9414
2213 4283
1685 9834
4493 7935
6193 8424
1632 2610
7202 8836
1605 4819
802 4397
1410 7494
7579 9083
3668 4870
3517 9354
5085 5091
3543 8160
1708 3010
1558 8130
1212 7013
2272 7981
584 4755
8353 8924
1167 8745
1438 8102
1900 2164
8271 9186
1681 4752
4473 8277
3086 5365
6625 6765
5631 6946
2494 7522
768 3325
1714 9752
686 8239
2717 8432
3279 8191
6405 9168
819 2890
5217 8156
2892 5382
1578 4322
4899 9415
1578 8797
3054 9873
4870 5652
472 1628
5116 5786
4854 7334
4 4038
2255 8663
2118 9502
2707 8735
3926 6693
821 3193
3802 8722
1473 5130
4786 4804
6099 9544
3739 7969
6199 9395
629 7785
2331 9073
413 547
1553 2667
3991 6393
3661 5651
2665 6018
942 1316
1461 6650
3331 7525
3322 4436
3590 6868
2637 2721
4310 7196
1002 1161
8266 9367
3537 4084
462 8332
1800 6486
454 8597
1443 6040
701 3224
3965 4103
3327 9766
3205 6589
590 9202
2833 9659
5488 5630
1391 8236
1839 5375
1395 2747
2281 7160
6289 7549
347 8186
521 7170
25 270
810 9780
3932 4966
786 4336
6595 7969
1782 4653
23 4042
6024 6201
7144 8774
1060 4829
2352 2948
1203 5897
4500 6538
1912 3223
4607 6035
3347 4273
4001 4473
4218 7668
6261 7527
4809 6456
1156 7593
420 926
1632 6854
3119 5754
220 9378
3966 8267
627 3072
2370 4085
848 6980
326 2178
922 8628
1031 6576
8832 8944
3007 5067
3362 4245
2164 2831
357 4895
3372 5934
6993 8529
4887 5716
4300 8029
3361 8068
3799 4756
1185 7445
3295 3344
8127 9712
5084 8686
3483 8090
3643 9626
5 6608
940 9395
3174 9753
617 6442
3717 7733
4802 8613
2798 8822
7699 8353
1332 7202
210 1373
3363 3748
2429 2503
1203 6126
368 4411
5860 8504
8329 9830
594 2490
1410 3588
7035 8584
6774 7703
4407 6849
3254 7624
4976 8988
6667 7261
8267 9373
881 3748
1445 5940
3209 5651
4333 5475
3849 3945
2792 3029
5803 7592
910 8763
1358 8354
840 914
5397 8744
7915 8310
1471 1681
521 7662
2328 5651
2716 5802
5165 5820
6791 6915
4773 6328
4343 4377
355 4681
2383 5686
170 9192
4462 6902
3932 5464
8318 9753
2164 4945
6650 8029
360 384
5829 6818
3976 8180
3015 7207
1754 3338
1791 5395
4888 7261
4262 5543
711 6121
5401 8980
3981 9101
823 6833
463 9518
5870 6411
2374 5169
152 7041
3285 7495
1120 3430
1448 5236
2950 6187
6755 7762
3641 5455
1002 8840
91 6558
2031 7532
2115 8641
4101 4126
7711 8228
3939 8099
4824 7001
6321 6328
3814 8232
3548 9177
6059 9722
96 3086
4099 7872
613 4489
4779 8191
7711 9285
1013 3198
1633 9078
2351 7699
6574 8547
5697 7178
6098 9334
190 8681
862 7233
7009 7774
1543 3157
1709 3678
3751 9715
1737 3171
7346 8801
5740 8168
3119 8296
3573 6676
3416 7216
5730 6569
2665 5754
3079 8641
423 1316
1381 5780
117 5040
1948 8921
1688 3202
7122 8601
2382 3655
2271 7912
3859 5771
1391 1987
773 2055
1374 3384
2232 2592
3920 4776
6210 6468
2556 5085
6939 8102
3766 6412
2083 9659
1852 6241
5659 7312
2234 6393
8634 9613
2056 7229
5602 8692
1321 4045
1782 5482
3976 6097
2845 4029
1750 8296
5047 7867
3 7760
3438 9026
1569 6428
2929 7553
6267 6832
413 5506
297 3338
7839 9597
2411 3422
1973 2034
1437 5314
2482 9044
963 5444
8404 9708
771 3710
6866 8681
1698 4752
8314 9107
6958 6992
3857 8601
3938 9389
2327 6813
495 6312
4031 7348
579 2576
1168 2280
1388 3561
4057 5244
2644 5858
4461 7236
1052 4438
5756 8704
5238 7484
251 9643
2735 3390
5655 6206
742 3445
4945 8492
1611 2508
5948 7863
2250 4661
3954 5227
26 801
6385 7712
7869 9108
3055 3648
3054 3650
6112 6403
2314 7039
4732 6142
3770 6643
547 9180
8545 8603
232 7202
1786 2125
1971 2840
8472 9616
1477 6843
2970 4779
6911 7514
252 643
994 4473
4862 8327
1597 4895
6859 8462
7357 9265
6337 6401
951 7063
5020 6864
6320 9177
1235 4362
739 4243
2895 7869
5634 9862
8158 8645
1044 3745
7141 8327
3607 7688
599 2408
904 6350
4335 4752
981 7785
3444 8308
7990 8550
5584 8953
7855 9429
2092 7006
3794 5947
5027 6876
5715 6559
5247 7984
3344 6172
3788 9632
502 3693
3529 7658
6935 9751
930 2369
4456 5510
290 3441
935 7875
5052 5771
381 857
1038 8208
6193 9600
5493 7969
1105 9811
1138 9541
4653 6622
529 9822
2660 4793
139 1068
4612 9153
4356 9121
4103 9576
4379 9209
3965 9096
4350 4677
968 9187
285 8523
5282 6193
1462 9642
4262 6384
5937 8724
868 3227
3042 3659
2813 8995
1497 1730
436 3518
13 8957
1384 3568
961 982
1256 5240
3582 4687
1284 5774
304 7903
8428 8804
6103 7785
1471 3944
2909 6750
314 323
6942 8630
6261 6923
2067 6166
2227 8699
2843 7446
5176 9825
4614 9058
1297 6312
1477 8094
1430 8845
2081 5444
616 7473
3226 8157
36 7993
1987 6491
4333 6267
5775 6724
1229 3478
315 9163
1767 6337
2260 4436
2573 5156
2736 8104
3959 6654
6030 6426
5294 6770
6465 8457
2745 8938
3370 3923
9301 9873
2216 5862
4676 8442
265 4721
1597 1681
5246 8310
7193 7345
1882 7838
4402 5322
2513 6998
1126 6543
3962 8843
5122 6636
208 3227
5347 7864
5213 5745
6445 9540
1402 4847
1429 2126
7759 8680
4227 8242
44 8574
1391 3198
1321 9333
631 2281
6891 9346
4076 4231
1094 1105
2592 5992
6303 9728
4038 7059
5569 6958
8897 9262
2414 5843
8629 8659
4479 9646
679 1666
770 8623
3131 7493
5618 9801
5 5605
3066 6502
6927 9442
7196 7395
7374 8275
4222 9156
2055 4686
7163 9576
2878 9237
2637 9559
2078 3312
6081 6535
1229 9235
8623 9867
6129 8931
4300 6650
386 3015
1187 9167
5762 7374
3869 6103
3355 8012
4469 8545
5737 8094
7410 9537
4221 8631
4416 7144
2170 2234
8115 8970
1685 7396
3434 8011
446 9828
3531 5548
1170 6616
2075 3628
3717 8745
1930 5584
909 4749
3746 8649
948 7889
5741 6211
315 1639
5046 8296
5612 7196
4333 6265
6228 7464
6763 7464
5237 9597
3084 3834
1509 3029
2411 7933
2831 3713
1461 6296
164 6946
7775 9494
540 2704
1268 1875
2945 8953
287 8514
4887 7600
3574 9382
2064 6724
4103 9674
7607 8367
2310 7224
3661 9083
2077 9670
4788 7201
1493 6818
1224 7591
3641 7377
2644 3218
7142 7489
1874 3822
153 227
6203 7692
1698 7730
904 8710
80 5040
4033 6193
3271 6259
315 9466
1327 6164
6768 7605
6689 9186
2192 2383
2922 5236
4094 7324
304 4191
3991 9626
5871 8296
4019 5133
7362 7383
2831 2856
7284 9143
4923 7017
2573 6650
3357 9660
5071 9831
3002 5921
1126 6597
3751 9765
6049 9749
8294 9671
1241 8059
2359 6918
6514 9600
1370 7747
8191 8704
5042 8266
7605 9810
701 3475
2526 4885
2383 6010
3165 5868
1380 6321
2963 6619
399 1474
696 6940
5651 9097
701 7545
1367 2866
6464 8416
3318 6898
622 2587
3134 6693
1229 5761
1282 9409
6456 8267
2428 3070
248 8680
3221 6321
536 4190
1875 8165
509 7830
3765 4273
3791 8569
2211 6521
7281 7451
2356 8697
5589 7538
2162 6915
1642 8580
2874 9028
5581 9216
6086 7276
7226 7442
5098 7738
270 320
4225 6181
3209 3650
304 3972
6339 7030
3724 4416
3211 8980
5745 9860
6193 8004
732 7149
4408 7543
4091 7149
4945 5793
3487 8482
5322 9699
1973 3543
1477 8101
3982 9830
1062 7740
2411 8060
1021 9716
1961 9756
3550 3859
1106 4656
1262 4225
4827 6192
2559 7309
4957 9541
375 8531
9103 9494
4227 8699
2830 2929
4749 7623
1522 8619
2472 9769
5401 6736
1813 7340
4061 9736
2579 6263
5833 8130
350 4067
1031 4431
1853 5630
658 2642
2077 8292
2161 4431
2178 4887
2382 3668
1507 8819
3392 4230
7425 8507
436 3955
5140 7446
8436 9588
1357 3817
2541 6496
1566 8032
2845 8395
32 9176
981 9165
9026 9787
910 6912
3315 4961
3195 7190
1828 7417
7079 8697
692 8093
3096 6023
536 3683
1165 6198
3227 5964
732 9630
629 7073
906 9438
387 1977
6442 6866
2539 8268
2969 4676
1402 3199
4424 8910
1833 5618
2471 7462
6549 8638
2509 9031
2931 5122
8387 8995
513 6757
1345 9775
1874 5145
4480 5752
4314 9662
4333 6312
1357 6206
3197 5907
1212 6369
2741 7489
708 2602
2023 5221
409 668
3265 9332
7388 7872
410 9656
679 6850
8478 8580
9255 9300
4464 8960
1345 4580
4752 9518
3781 6632
2170 7077
4384 8029
668 1444
163 9638
5591 6939
3202 6129
835 3430
1448 7733
5187 8837
833 5976
893 3531
8209 8347
5548 9626
2164 5284
1998 5627
1754 6302
191 9186
3114 8119
2980 3923
1402 8077
2549 7988
2947 3852
3205 6366
2098 8564
1496 7597
2540 9489
1863 9494
2174 7697
5145 9847
6152 9265
1277 3502
4958 9128
8282 9229
4010 7727
5833 9369
4979 7656
1196 3187
6065 7064
7196 8275
3969 7905
3024 5730
3724 9395
4189 6948
3579 8613
4697 5807
6657 7073
4252 4802
3825 7503
2008 9089
2506 7974
2822 8291
406 765
528 4264
2276 8974
2494 3464
7787 8080
4318 6456
3092 4740
6696 8809
1900 5284
2508 7864
1400 3769
4002 7514
160 7526
1507 4945
7728 8476
9307 9451
1351 3624
4411 4490
357 8689
3652 7349
3411 8655
2944 7014
2976 9841
5693 8634
966 2055
7450 8148
2118 5644
2969 5250
3978 6765
2172 7187
2136 3611
1644 4221
3536 6199
6174 7600
2499 2531
3265 8625
127 4580
1793 7606
6206 9180
1698 7370
6269 6622
673 8241
3227 5869
800 1930
958 1688
105 7200
1329 6003
4460 7729
3362 7423
5904 8374
3976 7605
3949 8661
2326 3808
452 6103
4149 4571
1954 8212
7244 8274
3823 9227
7096 7828
333 7396
4685 5877
810 5925
1575 7248
8711 9515
1371 4404
2311 4171
6166 8289
3346 6064
6950 8575
3065 6738
647 1450
1282 3953
2067 5113
2408 2773
536 721
7994 9596
4434 4858
5696 9734
2077 4170
285 6704
2596 8342
4032 8449
4010 4945
3306 3834
7550 9517
2615 5600
1294 4416
3650 3661
4225 6782
752 3399
4499 9229
2795 3467
4103 7785
155 8565
7408 8576
3844 9383
6088 8208
7284 9056
3921 7599
491 4653
3701 5599
2164 6316
6509 7691
3062 7312
7578 8735
6662 7781
2401 6880
232 6558
5456 7935
774 5837
3684 4968
1610 8657
4273 4752
700 8254
1190 3127
5168 9827
1131 9749
2523 6900
6558 6912
1209 5580
5837 7456
1862 6988
3352 5996
8601 9874
2153 7816
858 8236
22 4151
1477 7076
3941 9401
5560 5563
1790 9644
2255 7078
3654 4413
4029 6768
764 1513
4725 5124
4634 9751
8762 9317
947 1109
3775 9291
8210 8275
6067 6286
9124 9795
3920 9736
4382 7100
3154 3671
2618 9400
3683 6316
797 9679
5152 5553
5351 8195
1089 5661
3277 4149
6861 7990
2296 7705
5376 7221
1008 7559
6406 8579
5401 8236
812 2540
4252 9235
721 1676
3271 4123
6987 9235
1734 5299
1227 4966
3027 4093
2295 9073
664 7370
8165 9751
3988 8941
2428 3244
5476 8035
3128 9849
5419 5557
8545 9511
7300 7984
3195 7831
994 4284
334 3119
1025 9671
4748 6147
1875 2494
3723 8804
4602 5411
3628 6384
2289 9089
2778 6246
432 2353
9587 9722
230 7125
5839 7490
4844 9303
3595 9738
4332 7161
3978 7251
5196 8814
800 7408
5686 6010
4972 5401
6075 7673
922 6448
4229 6690
3750 8050
1251 9023
2716 6627
2245 2280
1573 6642
1464 7270
5661 9626
1551 6402
2291 9089
4826 6383
3070 7677
6936 7336
5938 7596
1671 4039
870 3048
1825 8796
7412 9721
621 4581
3641 7627
3185 5020
1027 4228
3718 7771
813 9198
474 2941
1172 5350
2817 6081
1732 4554
5987 6946
5284 7499
7198 7839
4002 6278
6323 9677
1939 6345
4431 6798
31 6577
3982 7578
927 8363
7681 8989
2255 4154
2382 8006
1294 9721
4513 4681
8044 8225
2084 8011
7 2753
2254 7484
4180 7188
4018 5632
6079 8201
8338 8574
3991 8931
2871 5602
3964 9769
2470 4766
5991 8354
494 3105
953 3623
2164 3994
2004 5530
3011 7126
8032 9186
1614 9033
3415 9441
6324 8738
7649 7711
5028 7869
6640 7839
1846 5237
1503 5643
3390 7904
3310 4910
3944 8738
3775 4870
1813 8468
1554 8132
1345 1597
1982 9409
7413 8236
4694 6997
2230 3015
2286 4413
3049 5651
1205 7566
326 1773
6393 8957
51 6103
4793 7076
77 2741
7584 9059
3475 8601
5489 6696
1551 9491
2513 5840
3176 3211
2520 6739
2606 3920
4233 8446
7076 7220
556 8260
1728 3942
3016 3282
170 6194
6939 8263
7055 8265
4972 9559
833 4135
163 4613
6351 9218
2729 7693
4661 6450
5736 7992
2817 8517
4852 5947
1273 3218
6504 7389
3884 5204
2922 3185
32 8837
3347 7292
4699 8999
757 2775
1796 4124
2382 3062
814 9830
1068 9317
7290 9856
5987 8748
6018 7126
6404 6998
6576 9721
3813 5892
6 4751
4966 5821
3431 4160
864 1002
4473 8587
5387 9112
3062 3650
3771 9287
2369 9415
3141 6105
786 6338
4464 6975
5474 8332
1940 2859
616 4388
2164 7840
462 9703
1156 6230
3962 4749
1306 8244
1418 7889
5325 5703
5635 5939
32 8246
1461 3565
686 7059
1357 6201
3702 5599
2856 9472
1930 6278
3218 9039
3396 4520
1766 9671
7230 8286
3189 7405
4315 7864
8991 9528
7336 8361
2509 2550
3128 8282
4870 8028
3590 9083
2000 5482
4473 8836
5334 5646
3098 8070
3293 4303
2035 6338
5580 9659
6891 6892
1002 6249
5389 6735
1219 2639
4697 5967
1180 4430
1506 7330
3612 7704
1893 6011
1670 5548
3025 3944
2239 5178
2403 4661
1634 4046
361 6251
3355 9457
1828 7164
3565 4300
940 3357
2969 5665
368 3112
2165 8264
1968 2368
5205 5206
780 3567
6111 7261
4273 8905
1307 9199
4078 6545
2504 5418
4572 7058
8009 8619
7122 7760
3681 8892
2149 2526
21 393
4646 5414
383 8708
1557 6241
566 2164
8897 9419
2180 4349
3471 5421
447 7514
3662 5659
2452 4895
8827 9226
3593 6630
4063 7689
710 9176
1159 4959
6472 8318
5170 6575
862 6667
5059 5801
1471 8242
4901 7164
2449 7318
1934 5045
836 8252
2566 3783
1381 5250
5661 9472
3704 4260
5414 7865
3313 8011
3578 6680
2315 6283
3041 4845
4284 4473
2181 4794
1195 8267
3107 8508
3691 8550
312 2125
1085 8570
3697 8348
4101 6914
7027 7199
6426 8409
8891 9537
3816 7855
579 5350
5802 7156
2985 7092
3572 4045
2595 6574
3803 8980
8738 9045
837 1140
3854 9279
236 393
568 3205
6125 7477
7218 7224
2970 4815
3444 5019
4976 6998
1994 9635
534 4180
4478 7881
3062 5385
5907 7702
424 960
8275 8480
2662 7534
4067 4477
8452 9361
2151 6895
2281 3929
5282 6251
930 9154
1404 8699
3279 7328
4605 5659
8296 9751
988 2098
4752 6657
633 1692
7569 8228
5948 8185
2012 2924
2097 9430
2098 3160
2266 4779
1471 9092
3029 3722
620 1565
2533 8296
3712 6689
5326 6402
1598 7254
5760 6838
4423 9155
5730 5839
1576 4084
8414 9510
8762 8842
607 3262
5394 6744
1356 3262
4208 6323
3661 4932
4825 8526
2192 6558
3750 7392
4551 4566
2495 8593
5686 7202
1704 3372
3993 6193
765 8139
1269 7553
3063 7811
3902 7893
875 9155
1479 5295
3081 5964
5074 6876
8634 8866
2482 2644
702 3019
600 7522
7229 8452
760 7149
776 3387
1597 7126
4684 6121
11 7716
4357 6738
3774 3844
5000 6035
2590 7878
1544 3174
126 4957
6866 9301
2004 7379
4406 9629
4230 8969
163 3971
5761 8627
616 3474
1930 7408
990 6077
5125 7326
1687 8452
524 6958
3629 6472
2110 5555
313 4812
7606 9543
139 4451
2763 6535
1956 9177
3327 9455
5991 6202
1025 8446
6660 8762
586 748
3644 4957
2566 8546
4610 8484
1224 8148
5239 6753
2963 4263
645 6036
469 5700
4397 8730
1961 3443
1085 3163
648 1535
2162 6791
8181 9409
6013 8119
4013 6298
4431 6199
2481 7646
3693 6683
3582 7048
714 7336
2201 9350
7197 8802
3687 5384
4298 6280
5386 5655
3971 7463
1721 7153
5649 8275
2734 8898
5365 9241
2527 5259
796 932
6053 7021
1196 3163
3850 8083
5279 5382
5652 9255
1768 1820
5320 9478
8353 9491
1444 5679
3467 5382
8029 8352
2945 6911
3254 8058
5756 9178
725 981
6307 8629
1126 7596
2120 7999
48 1045
80 851
2156 8749
1473 2056
6780 8261
1462 8261
1878 7371
222 1578
7889 8099
289 3949
1847 6782
1444 8181
1052 6624
4325 9629
1877 8114
350 8966
6737 7865
6644 8111
6171 7880
3043 3650
2745 6693
190 7274
1886 3065
2359 6574
2375 4012
879 9753
2237 7114
1553 9639
3910 7872
4895 6251
3661 9775
940 8774
1237 5096
1405 2995
6622 9559
2244 3487
5464 6291
6060 8611
3613 5365
4676 8415
5221 9096
4046 5347
2785 6612
1000 1317
6980 7462
4825 6738
4561 8659
5388 6448
3346 7371
3318 3971
2528 4802
822 1342
8452 8745
5990 7125
3764 9001
8630 9537
1414 2421
4211 7556
6738 8378
9155 9712
7319 8922
3692 4263
9163 9822
8248 9545
1164 8193
866 6977
3891 8236
2775 8123
302 5632
1377 4469
40 3701
6652 8570
828 6985
7196 8628
4309 4457
91 910
6496 9415
8205 9838
7641 7645
4206 9180
5512 8544
123 2224
1574 9675
349 906
610 5912
285 5661
230 3514
4559 4909
128 3595
2896 9034
4151 9779
4408 4765
8842 8935
4714 8578
4288 8587
2 6448
1358 9238
1208 6092
1269 3448
2058 4956
4396 7605
1649 4766
2328 7714
3057 5619
9538 9751
1419 3522
981 1392
2146 9105
1610 6842
6562 6710
1040 9734
6278 8576
3081 5870
3276 5080
5859 7159
2979 3058
1689 5443
1733 8864
5025 9120
2034 3339
2808 4966
1033 2731
6657 7401
8296 9490
5236 5442
7270 9448
1828 4221
6074 7495
7642 9095
5823 9124
191 7385
8591 9677
5880 9617
5546 9631
7893 9198
2654 9177
1980 4227
3065 6605
6205 6624
7199 8938
3662 8820
4605 5652
628 9755
616 2592
6737 7328
3652 9356
1849 4630
1178 3080
5780 6349
6965 7495
6399 7186
3914 5122
7655 7659
3598 7620
149 6843
1786 8092
1557 3966
2778 3991
5489 7653
2314 7198
3758 7578
3717 4610
3987 7306
910 4748
2630 6077
629 2606
1332 4284
7583 9212
3950 5064
350 1180
4416 9662
2671 3330
2328 4316
3669 6871
573 3277
732 5246
3444 9292
1570 4098
5745 9292
811 7371
1827 4167
5150 9570
7704 9394
5862 7461
7451 8615
2314 6224
170 5572
6243 7223
7251 8191
4699 5364
953 7112
1268 5863
795 2759
170 6577
283 8639
6876 8685
732 2038
690 732
6018 6657
6850 8260
5148 8618
882 3755
5911 8029
4066 7432
2661 4088
1203 8795
439 7261
1057 4204
1485 3898
2827 3318
3853 8535
510 9869
3876 4500
847 5040
3058 7426
3301 8484
1974 4273
1449 2805
7336 8750
9056 9821
827 6589
4341 8202
6160 6357
6053 9394
5156 8352
312 9736
2827 9337
1782 7251
847 1466
4088 7118
6517 9274
3937 6409
4006 4965
1363 3160
4151 7333
2936 3258
732 4637
3081 5336
3543 9317
3357 9706
3859 4221
3599 9233
1148 8424
8583 9343
457 2987
2192 6912
2494 6063
1156 7100
4200 5650
4803 6521
1327 3748
7514 8021
1474 5443
4101 4712
2440 5058
5620 6702
2813 9055
800 5584
4141 8266
780 3385
6871 9780
5878 8213
741 2346
6687 6700
778 9873
3150 7224
3539 6696
5977 6294
170 5316
4844 8603
2717 8608
1052 3119
2292 7767
1337 8908
550 8919
947 7153
3599 4811
3597 8207
1391 9092
6988 7079
8420 9273
1362 4165
4 7697
1494 7234
4691 8752
1144 9054
1974 9155
4434 8293
75 9352
2965 5045
1930 4520
713 9373
81 862
8844 8862
1928 9155
6939 8678
7553 7603
4221 7417
3254 7947
1333 2791
2925 9047
4227 6591
4097 9518
4133 6759
842 5487
6267 9015
3977 7717
3640 8202
4299 9324
718 6768
4180 8855
1355 3113
5092 7217
2880 8399
5738 7778
4325 4949
423 1625
1477 5938
105 1229
1561 1812
4013 5900
2259 6314
7123 9162
1444 5365
3994 4945
2644 6187
1438 2615
3659 8387
1644 4260
203 2534
4068 7434
606 3694
232 5686
7923 8692
1434 6997
5995 9612
2393 5072
4782 6635
6570 8845
701 3966
780 5938
2002 2039
2983 3631
2918 8752
3520 7261
1797 8886
3987 8472
893 6013
2495 4968
2746 9209
4149 9690
6570 8631
5131 6205
3173 3648
204 7306
1531 1753
2703 9759
2754 4018
5429 5998
800 3646
4190 7401
1301 3641
1583 4337
3021 8979
2987 6309
3244 5010
4384 5686
464 850
45 7210
5325 7605
790 1784
3028 6011
8739 9791
785 9473
2575 5084
2014 2408
1391 4250
1162 3402
1063 7918
7461 8236
4078 8585
605 2115
7831 8058
803 1177
988 7406
1569 4447
4602 5145
5803 9728
7869 9843
434 1570
5698 5699
6249 6265
4564 6676
3375 3982
384 1087
5492 8173
2101 9092
6521 7815
3454 8972
6338 9770
3785 7472
3795 6688
5325 8651
9263 9265
573 2780
7470 9767
2210 8094
6776 9399
1189 1627
7407 8450
787 6876
673 846
3327 6777
2324 4550
7078 8448
3439 7774
4390 4581
2314 2556
7699 8702
3487 6763
6010 8763
107 8557
4388 8850
2900 6289
793 3568
4957 8467
5957 8264
1002 2773
504 7712
1948 2865
1539 3980
3286 6794
5564 7721
7433 8773
1753 4846
285 4276
6277 9631
5548 7704
588 8769
573 645
4976 6404
432 4031
5372 8380
1294 2161
3026 7198
6393 8414
6813 8789
4290 8873
2495 3937
8313 9145
706 889
5548 9314
2720 3641
4164 5164
851 9402
6184 6933
1434 1806
5630 6667
2092 5499
743 1091
1419 3317
334 6964
3976 8729
9189 9668
163 4010
2090 6249
2457 7298
2037 3099
467 3084
5996 7681
8296 8653
3098 8233
5793 9408
2974 7691
1419 8453
5674 5979
8058 8495
2251 6605
2931 8982
4565 7261
446 9058
547 4064
4284 8352
4955 7446
5132 9645
832 7750
2092 6463
609 785
1331 4031
3827 8598
7199 7581
4653 5593
2932 4941
2375 3650
4169 7838
4641 5022
1857 2308
1276 3009
785 7156
1900 7499
2345 3483
1254 4149
172 1967
632 1365
701 5260
2087 3730
3367 6067
5250 5900
4748 5156
60 6774
1813 8452
1224 8067
871 5138
8706 9262
4943 8320
2559 3298
3218 7475
4284 6147
3049 3650
2867 4138
128 4773
3644 5592
701 7117
5952 6424
4300 5686
4131 7458
2627 8123
3650 3652
8 3049
2281 4227
2305 9058
913 1864
2295 2913
5069 6936
6741 7947
2367 6940
5856 7538
350 7198
1062 2682
220 2007
1998 9462
1864 9738
984 6182
4661 5403
4469 5236
312 1158
3878 7775
1679 4397
3965 5345
5137 6280
5343 8212
3886 6268
6351 7472
1622 7742
1368 2067
2320 3565
4877 8793
8314 8614
2244 9301
2320 6147
5018 5410
2987 4126
6985 8565
7042 9641
1536 3991
2379 2950
1730 9378
1922 2577
692 8545
6972 8961
1862 3991
5353 5722
9176 9530
5040 6350
1316 3785
4993 6726
4260 8516
1201 1538
5403 7865
1145 9118
4634 9301
2134 2517
537 9816
350 5612
3650 7424
2581 5374
3132 3774
5338 5991
312 981
4260 9351
875 3884
195 7726
1119 6674
6577 9611
5019 7865
3792 9440
4433 8079
2936 4490
5767 6595
3313 6435
357 1450
3535 9619
930 3759
2640 3768
2810 8842
3932 7785
3014 7532
1317 8933
3196 9658
1160 1773
2539 4872
5829 9190
1324 9565
3185 8058
2913 5028
3132 3287
1987 5416
1177 2741
2526 6738
4662 7305
3119 8126
3339 8762
1405 8342
2288 3931
1784 5318
121 8184
818 930
4584 4661
5506 6018
3866 9675
1585 6939
4518 9409
3989 5371
1540 3174
5948 9400
1717 2666
1520 4434
4344 9696
602 4307
6609 7907
2462 8741
2543 8335
6636 9301
1107 8638
1022 1541
15 1021
3667 9843
2861 3007
9212 9490
344 4329
8062 9364
2741 8273
6454 8328
1780 9843
4276 6053
3661 4605
5553 8550
5655 7574
2658 3621
8276 9606
1734 5300
1034 6086
2334 3982
786 2281
3434 4645
2098 8965
5341 7058
6097 9414
3893 7347
6597 6939
9186 9781
2949 4668
4449 5217
1841 3644
1126 9363
4657 5040
485 1570
4486 9373
1453 4950
7760 9429
3662 8201
1319 3367
1759 3688
739 1418
5305 8717
1882 9154
938 7974
3951 6087
4630 8879
724 951
1733 5193
2200 3058
4746 9753
4393 8698
7299 7576
4263 5853
2003 9069
4084 7042
6023 9407
4402 6474
7804 9535
1931 3208
2937 2967
2034 8345
979 9115
161 7686
7482 7622
4110 4509
4653 9559
815 2723
6873 9083
857 6987
5001 5313
1224 1382
5609 7098
39 5659
1494 4887
446 3771
6924 8717
4719 5515
74 1983
5742 9354
3765 3803
8166 9076
8492 8730
1577 7610
682 1903
2359 3938
376 7599
2239 2963
4081 4388
2776 9701
709 6664
2913 6868
276 4610
4079 7475
1577 7981
1036 4436
4377 8505
4437 4774
2937 3081
3558 8362
2377 6488
1754 3573
1872 8574
3103 3161
6568 7472
5589 5856
6393 7340
380 7472
4562 9092
866 9324
1381 3171
3049 4010
7598 8208
5351 6739
1478 7216
1518 1961
7196 9190
2558 5288
292 6371
2994 3007
452 3095
3724 9660
858 6574
6067 6289
5587 7297
5652 9097
1817 9352
816 1934
1942 9145
2299 8853
4592 8026
5048 9867
2338 9263
5025 7938
3724 8774
3357 6798
968 9822
1069 7595
6265 8265
3002 4132
149 820
1484 6464
3263 9414
251 9537
3439 8512
4104 7415
7634 8411
1417 4207
1004 9362
1039 6594
413 8689
6922 9501
8007 9243
8028 8181
3292 6678
4288 5976
4210 9748
2835 5618
163 7727
2950 9023
2498 3850
245 8759
1015 1437
357 4655
5082 8505
2891 7308
3227 7083
3191 5386
2799 4934
3338 6993
1773 9736
4326 6204
1513 8545
3125 8223
7019 8832
6905 9429
7721 9092
6129 7374
3346 7076
465 2109
1002 7038
1473 3615
530 9396
3223 7199
4002 9402
317 9827
4781 9155
4021 6630
2568 8409
6576 6798
4504 8722
1247 7869
2192 2320
1578 6667
3253 3644
2147 9014
7810 8871
7188 8883
3023 7099
4321 9380
567 1078
75 2252
2670 9032
7599 8638
4535 8862
1056 5555
4614 8368
941 1395
3849 6234
2210 3903
2252 9435
873 1184
5722 8264
2180 7283
2305 9830
1965 8295
2679 8203
5090 9574
7984 8312
4073 9373
2475 3028
8489 8580
2135 4171
3042 9083
2521 5398
1377 9511
2501 7977
1230 3628
5482 5539
2665 6350
163 6133
4717 7059
4356 7988
7457 9203
8762 9124
1681 5324
2309 7991
5713 5935
1602 2754
203 1343
5338 6670
4320 7592
2319 9400
5229 9174
5047 8123
2205 4002
610 6486
797 2533
3944 8523
5199 6898
1907 5345
2192 5911
7765 9427
4888 5320
1765 3863
1589 7512
1825 9790
866 9157
2234 8448
3320 6593
2559 2740
3993 8697
2161 7412
1741 4949
3220 8348
5891 6625
6147 6558
811 5513
3285 3355
1517 5772
41 6456
2192 4300
5675 6595
940 4314
457 7118
1112 8702
5612 6918
2533 4103
1696 6456
870 5766
2436 6414
4786 8058
4802 6140
1848 2101
1775 9790
3859 4135
3699 9077
4225 5158
4305 7364
3765 6716
384 5414
3449 4998
566 1421
6556 9472
1198 7583
4744 9614
3772 4512
6803 9597
1338 9701
3668 9318
5278 5409
3763 8938
5436 6880
4802 7142
8461 8469
4620 5615
409 8457
320 5384
3227 8905
682 6295
417 4411
1598 3118
285 1291
6508 8455
638 1786
627 2011
4263 9386
6862 8598
785 6448
2116 3903
5695 9489
1357 1688
2967 5202
2975 4932
966 8424
8317 8406
4387 5040
1332 1461
4029 9276
5324 7251
9176 9195
2528 5485
5841 7100
2354 4372
2778 7785
419 4151
1085 4062
2671 5992
1455 4899
7541 7625
1153 3561
5633 9481
3335 7054
6616 7503
1930 3768
5307 7998
7305 8393
6988 8806
2925 7727
5934 7522
5635 5888
6290 6755
1410 3374
2286 3514
2229 7730
1784 5256
2382 5655
5846 9302
2042 7864
1816 4883
3398 7699
1013 2447
1224 2356
976 4167
3095 6103
77 423
2017 3462
4025 4880
2298 9454
2172 6164
191 2669
226 4181
885 1399
1201 1650
8726 9828
2320 6897
8080 8181
6865 9069
8275 9190
569 8698
1681 6018
3971 9376
2358 8467
683 3041
33 1528
6075 6208
3151 8816
2362 5580
1570 6472
4067 5612
5307 6642
2652 4966
1431 3879
413 9737
6632 9318
4978 5365
1500 7389
4088 6854
2310 3492
5414 7926
247 5960
5510 6129
7465 9518
5625 7472
2539 9157
3054 5236
863 9181
483 598
4151 6484
7211 8119
6111 8346
8246 9477
3058 7533
2996 6586
5897 7522
6030 9196
3539 9769
3975 7988
77 8101
682 8282
3587 4250
679 8351
1207 8094
1472 6418
3772 9102
4284 6650
732 3342
3886 7668
1198 2866
851 4002
274 5435
3786 7727
4291 9544
2452 7083
8568 9616
8845 9503
3950 8216
2251 3065
586 3016
2015 9023
7560 8119
6190 8009
904 7229
2406 2482
6209 9242
5510 5630
937 5059
1241 7864
1 2382
990 2077
786 2472
230 1516
7118 7161
1418 1436
4603 6738
1256 4365
2578 6263
248 4621
3233 8348
4892 8244
1289 1329
1905 6102
1947 6408
1057 6633
285 442
2141 3005
2471 3436
3477 6271
8353 8411
702 8363
3854 7044
1854 8484
786 6696
5728 9487
5447 9511
6165 6268
270 2077
2430 3097
6669 8663
1687 4333
3377 9850
5935 8028
3486 5501
3648 5651
4190 4273
3236 6023
2955 5326
1569 7399
2591 9168
6310 6997
2010 7160
2233 9726
423 4062
5338 6194
9516 9741
318 7539
1161 1804
3119 7489
4924 9430
8441 9278
732 5028
2838 4698
862 9716
732 5204
3816 8157
164 4522
4206 4298
2131 2314
994 2558
724 6306
1825 8975
3914 4752
8479 8931
2034 8762
1932 8659
4934 7623
999 1594
732 835
4150 6392
5086 9757
4579 5654
5995 7156
1053 8980
2752 6133
2281 9219
607 8214
5042 6358
2918 6877
3455 9833
799 5032
1582 9409
4411 8744
6884 8063
1392 8025
9409 9755
1647 3102
562 5011
4266 6957
232 2383
1801 5549
8093 9458
5766 7233
3872 6784
2918 9126
4910 7961
1404 2215
6134 6144
2773 4250
9322 9342
3649 9589
1381 3813
3293 9481
3128 7206
1375 8448
949 1513
3431 8298
5694 9198
2951 3113
6539 8208
3365 9298
6577 7509
1924 4761
2550 9031
4420 5171
732 9813
4018 6721
1115 5991
7804 8501
2637 3049
7164 7603
1133 5541
6576 9662
2091 3584
1069 3543
163 3523
1392 8567
3874 4769
542 2979
3849 4610
1849 4209
2961 3802
2473 5008
2216 6643
732 6898
3944 6233
3624 3970
6998 9000
3383 7101
4564 4949
8266 9420
6177 8740
1924 7261
1745 4025
4388 5634
9583 9599
1330 5863
495 1577
5748 8661
2047 3058
5786 7233
671 7035
8127 9514
3065 4443
3070 8326
1110 3931
724 4298
6580 8738
5301 6993
3822 5046
3339 8749
1610 4802
5466 6958
556 7156
4072 5274
1268 5727
1505 8728
5848 8585
2138 6480
2693 8919
3590 3661
1332 2573
3346 7220
3996 7238
1335 5618
3285 5982
2142 9265
1350 9262
5336 7038
8603 9303
2059 6244
4365 6739
5489 5740
5000 6291
2314 8236
605 6446
2492 5643
247 7165
4284 6558
1681 4190
3171 5581
1384 6364
2192 7202
6092 7670
862 4234
2980 6164
3287 3991
1515 2958
5808 9639
470 585
5556 9059
618 1387
4262 8987
857 8475
6208 8545
4268 8562
260 1895
4661 6187
4165 8071
1696 9165
2619 6420
2734 3715
8 3065
3417 7977
7426 8228
7726 9722
4957 8628
3086 8512
994 1642
1809 6939
800 2945
1825 9816
1721 9380
4527 4548
499 3317
222 3347
1062 2160
1428 9470
3418 5963
1110 1860
1069 3040
6544 6896
1419 4081
2187 7074
3073 7583
663 4849
2435 4218
1737 7196
8314 9013
2118 9728
8737 9503
190 6866
5805 6251
4590 5604
5056 9175
1118 3920
1019 9667
1477 8099
1485 8210
962 1539
5150 8589
2643 8993
5599 7547
4516 9481
484 6963
797 6564
7605 8318
8238 8867
75 8236
7125 8772
3913 4868
221 2903
1593 3822
1662 4892
1520 4244
1549 6607
1309 4749
5858 9136
3792 4333
2470 2494
654 1750
3880 8882
5217 6572
2485 8283
4910 6152
4790 5433
1068 9602
7306 9165
190 9124
2629 5651
8065 8261
8727 9080
6280 6494
1953 8789
909 4934
3558 3932
3787 4342
5199 6896
1086 9813
2443 4474
8032 8564
5610 8591
1550 5483
216 7704
8344 8988
2301 6863
2320 4748
5608 8624
2068 6742
794 8526
7727 8720
5546 6192
281 8384
1338 7482
530 3252
594 5401
5910 7156
1466 5040
4399 9196
5418 5481
163 6001
5396 7864
2663 8627
3831 3892
202 8494
4869 7452
1501 2304
3015 8201
4203 9518
2989 3738
1677 7853
1738 3117
714 9373
2368 4214
1933 3090
6436 9096
47 2822
5516 9400
4528 8552
1937 4459
1066 6965
1381 9489
6251 6359
4010 6456
1659 7009
1855 8594
1229 6593
4610 6712
5938 9375
4423 8747
4062 5489
1754 3141
3113 8757
2887 4973
460 4243
3816 6135
7623 9596
2623 3542
2409 8225
2785 7401
1283 9630
6897 7202
5423 9840
1069 8762
3750 4270
868 5679
7468 8119
8254 9064
845 8067
6905 8230
3357 3724
7040 9653
2559 3852
908 8469
76 444
5212 8216
7970 8035
96 9241
5642 5708
1317 8961
5538 8011
6658 6790
1250 7869
3041 5799
1620 3095
8009 9677
8110 8743
9414 9726
112 5052
1910 3081
1385 4685
981 8261
1452 9768
5198 5557
2817 5040
646 9618
4250 8702
1487 4614
2148 8818
4560 4966
1001 5150
228 2716
4091 9827
4887 6133
2513 4888
951 4409
673 8236
1616 2497
405 8107
7583 8264
2610 6857
5817 5832
3982 8975
4709 5105
473 7695
5365 6557
4300 6296
3384 7069
190 6442
183 5221
6496 9190
5957 6489
1693 3081
732 7893
1700 6663
2397 7814
195 6031
8365 8667
3402 5912
4057 8127
7572 9470
673 3849
5445 8642
5171 5387
4523 5012
534 3554
9565 9730
380 1160
4001 6897
3131 7423
2016 8171
4598 6011
1471 3891
1589 7419
4398 7676
232 910
389 5824
3565 4473
3981 7044
6741 7913
7119 8509
298 7715
4060 9616
3590 7534
4752 5998
5345 8954
4431 9721
7586 9241
501 2979
3276 7444
5626 9666
323 7551
484 3755
254 1649
2168 9107
2192 8352
3733 4436
9168 9845
6734 9118
3771 9293
1467 6384
536 7326
6193 6251
1286 8476
473 3942
447 5584
2248 4752
6731 9118
3049 5657
2633 6506
3337 9606
314 2299
1332 2383
748 9212
3394 8980
2451 7912
3645 8106
7 4175
6646 8832
3718 7100
3718 3785
7238 7263
9050 9775
3805 8242
6193 6201
4200 9348
2070 7588
6818 8074
3310 7357
166 1773
5976 8587
6780 8301
254 6667
5217 9081
1066 3306
5302 6132
1771 6071
2 2637
5612 6563
2808 4972
4001 5686
7215 8667
1646 5218
4270 7378
5946 7573
3178 6605
2265 6340
3313 3883
148 1690
2797 3966
5446 8353
8975 9282
4001 6558
3832 6309
3874 7775
885 6757
1144 9342
291 5307
2778 9736
3659 9050
994 5686
399 8591
3415 5498
4819 9442
1948 9414
2971 4168
4210 6724
3479 5762
3294 6850
1263 2902
4053 8545
5367 6675
1254 4147
1026 6030
6066 7077
3264 8901
1849 7971
156 2302
1506 3826
784 2297
3208 3661
2118 3905
314 695
7312 9112
147 1850
1392 1444
1513 8296
906 8127
4148 6570
6234 6490
393 8976
1799 7864
1332 8352
887 1974
2825 4081
447 3646
4498 4775
4113 9211
1100 3991
285 6872
3146 8425
3643 9000
682 9823
4002 6067
2801 7324
663 2098
2161 9721
981 8607
4515 5366
6291 7762
965 6300
3787 5365
6402 8454
7814 8169
1795 8611
1354 2098
4029 6097
2314 5488
2817 3205
3788 7376
1437 3086
2517 8694
2311 4845
3724 6798
4329 8714
5616 8812
8413 8527
1134 8096
2345 4614
3175 4126
2302 8271
884 8813
3644 8745
2034 8160
5404 9055
7376 7558
2133 8596
263 5786
3568 6933
4656 8168
6753 9237
2030 6946
5463 7408
6765 8745
1599 6086
357 8456
7499 9415
7843 9270
160 3544
195 9722
2554 8389
1728 3662
4844 7553
4910 9255
4748 6296
1238 5423
8456 8689
6259 6526
7606 7671
3773 7047
629 2359
5384 8174
2425 3244
3582 7776
3571 6729
2320 5911
629 3918
3558 7596
432 1622
2382 7314
771 8911
3765 9827
4362 7822
7207 8265
4221 5546
387 2345
8714 9291
180 4690
4752 7276
1160 1161
2293 6880
1074 5818
5156 7202
5231 7759
4431 7412
5597 9813
4395 6350
1315 2937
7665 8634
3979 5948
3444 5016
991 9316
8552 9653
3479 8551
7574 7893
4314 7412
497 5874
163 3787
5671 6717
382 5322
320 5266
2253 7713
1578 4336
3266 9118
80 285
4779 8938
1256 2295
170 7509
409 3572
5944 8762
3731 7126
1161 9693
1847 1882
904 9787
1160 8261
5436 7864
63 5458
3035 6638
285 3945
2027 8593
1799 9321
265 6462
3205 7893
2356 3002
2098 8598
1810 2077
1724 8365
2773 7735
382 1854
4335 9518
5146 6692
4063 9551
8080 8845
1592 6517
1204 5751
1471 7333
3801 9655
4063 5400
2903 9091
3159 6947
2401 2928
4341 8246
640 1890
1031 6798
7353 8361
8735 8975
5364 9373
4182 5479
603 2286
734 738
1781 5511
2179 2932
7791 8111
1309 1401
6335 9346
1388 2175
2963 3752
1314 4965
6097 8509
1618 8384
732 2217
2778 8236
6145 7863
216 8236
5933 8080
3589 9765
3057 9092
5 8433
1444 3313
2073 5729
8979 9750
4267 7106
9265 9559
447 800
3406 9014
8371 9095
106 1038
2763 6974
3543 8537
3501 4914
471 1270
5195 5504
2793 4800
108 5791
3203 4045
960 6537
3631 4634
1737 5134
4932 8220
3641 6797
2015 3080
2092 9588
86 552
6018 7276
7672 9851
1750 8026
8028 9291
2199 3650
6193 9518
1866 2972
1913 2507
57 106
5663 9747
4353 8516
405 8275
2371 8123
57 3558
2795 3867
1544 8318
2281 2887
9096 9860
7839 7984
2644 6450
4273 6716
4621 6577
232 5911
2164 8683
4451 8160
1279 7210
2328 2629
5170 5833
3556 5221
935 2976
785 7176
4452 6807
5660 6448
1410 6387
1754 8983
4190 7126
5198 5419
7077 8845
1642 3355
6135 8509
2138 5865
3515 7677
3205 4862
2470 6913
3579 5579
3558 3903
1294 8774
4101 4401
6267 6269
2520 3558
2856 4835
5859 9514
2745 8119
2052 9830
664 6632
2164 2856
5484 9803
1520 2062
164 2030
1720 5019
951 5322
5143 8337
7282 7419
5040 8911
6269 9585
2452 5450
1622 3831
4111 5276
25 7391
3923 9381
3967 4698
1782 7571
1616 4241
231 6629
8571 9358
1934 6113
3684 8593
3313 4788
2658 3627
7039 8837
1808 2070
4135 8587
4892 7671
1634 2508
2076 3628
1783 9316
1880 7864
2952 7164
1671 2367
4444 8097
2503 5240
1206 3202
5279 5365
2625 5652
567 2813
1215 6064
4546 5650
3747 7840
1544 5897
1229 6228
2238 9147
4668 7980
1365 2103
3881 5535
693 7642
2517 3105
1105 6083
6361 7054
5401 6574
671 2367
7872 9666
2344 9472
5631 8748
4436 6620
1058 9076
99 7353
682 5814
5968 6861
1035 9073
6744 7988
2521 8169
3896 6486
6169 7325
2937 3971
6744 7913
9265 9273
1483 3293
3485 8157
2013 6744
2945 9377
6147 6897
3185 5405
2741 6221
6414 8174
2074 4397
4550 8327
1720 8310
4056 8526
4613 9638
7474 7522
3775 9318
1327 4759
1435 2223
5900 9309
3202 8157
3444 9023
40 2487
7104 9306
2540 5548
2458 2813
1307 5007
1769 6272
5345 6765
981 1987
8321 8325
364 4159
2685 4590
2012 8057
3858 9524
4996 6267
5832 6226
358 732
3397 5359
7595 8537
4040 8243
2190 3908
3256 7916
1224 2377
6326 7465
5485 7974
5221 6658
5227 8425
3357 3536
3587 6803
1106 7754
8545 9476
4358 9036
5440 5827
5862 7039
868 5336
4761 7200
4206 5792
2840 4006
8127 8847
3043 6393
2785 4469
6814 8384
4149 8279
3728 8452
6622 7432
5803 8372
1511 5450
616 3164
3750 4756
5824 8579
2835 7124
3444 5195
600 2494
2681 8938
2856 8424
816 7207
1100 8011
3649 3923
1013 2745
2572 8946
981 6234
4815 6702
6289 7358
7819 8311
4135 5771
7144 9660
1367 1762
5417 9785
2850 3084
312 2778
3766 5562
573 4148
2663 4711
1473 5927
3283 5602
5859 5873
5259 5398
925 9338
2665 4812
1466 6075
3075 7168
6384 9695
3226 6456
617 8124
7251 9407
1462 4742
2775 4872
4254 6510
2458 4668
5821 6205
1849 9040
1191 7070
254 3361
1602 6244
5989 6760
1282 4311
2257 7806
6497 8587
1265 2528
2675 7373
597 5548
2339 9088
2408 6667
1038 2590
1814 3845
2234 5978
4148 4149
245 6364
765 9537
1598 5725
1013 3070
5638 7431
4763 8433
1908 9285
5305 9168
1120 2290
464 3996
1934 5998
3066 9373
5685 9546
2894 5413
2317 2834
664 3781
3612 3944
2646 9136
622 9370
787 3467
3213 4094
2746 2785
2990 6866
8221 8829
1389 1896
4077 7696
1828 7717
2528 3214
1742 4849
3040 4451
746 3487
2736 7803
533 5192
340 1208
1423 1840
2860 3940
1301 2540
6895 8980
2207 4694
6796 9431
84 5877
5073 8853
1570 4497
1245 2152
8252 8640
2644 5030
1671 9357
4441 5523
5379 7928
6693 9544
357 494
5873 7162
2218 4015
3944 8241
560 1871
2016 2795
5343 6875
4292 7820
1563 4834
3580 9555
5541 7543
3400 6732
6236 7653
6194 6577
5282 7462
5072 9774
183 2413
1478 7039
1042 1807
1381 7377
663 1268
1579 5279
1780 8583
1687 1751
3342 6083
6925 7209
7144 9721
2755 6659
2267 2276
464 1506
1319 2314
3748 8925
3337 5086
5548 6362
5727 8530
3519 4702
1343 6644
832 6828
9132 9400
1467 6805
3143 6451
3816 6129
4744 6115
3084 6896
3333 8661
6615 8214
1473 8119
1963 4090
4067 6622
3662 5332
1436 5613
4098 7389
2778 9440
2785 9107
3613 5152
432 2347
1501 7571
4779 4815
1381 3483
2831 4835
1164 7080
947 7753
5401 9559
2960 8111
1666 1887
4227 5754
1546 6137
2573 4473
541 2305
3471 7819
1504 5795
2181 7818
4747 6963
304 6076
4659 8531
2860 5596
2487 3540
1337 5853
2259 5964
8025 8452
6909 8859
370 6265
6326 8120
5151 6508
3692 9511
1007 2148
172 5956
2428 9118
6724 7113
8242 8902
2125 9166
588 8356
6798 9497
678 4724
4945 8730
1316 3718
2071 2811
2412 2795
6726 9793
959 8280
3565 8836
2556 9502
1381 9440
5345 6886
5686 8763
6003 7526
5689 6069
1292 9064
149 8208
5082 5971
6677 6873
5034 7424
2785 4035
3548 6320
5611 6903
3057 4250
2955 6392
4204 7107
3923 4402
3119 6205
6963 7085
5076 5077
9263 9373
3807 5169
5940 7243
3531 6013
485 2098
2211 7815
7939 8976
4190 7785
1689 5444
2383 5156
5062 5384
2745 8452
10 1904
3710 4388
3232 9846
2664 4990
91 4748
1455 4044
2923 3406
7222 9609
4190 7855
384 5030
2529 2541
509 4587
8629 8661
4271 7547
3205 3995
5664 6321
7632 7755
2057 7650
771 1198
2870 7017
6761 7177
5863 9342
4627 9694
3572 7573
852 1007
879 7559
3492 7224
7259 7331
2898 3409
2932 8310
4284 8029
3679 7401
1309 3079
8445 8592
2240 3585
629 2902
145 4401
2653 5938
5853 5959
8576 8953
3256 8382
5360 8436
159 2255
2510 6752
1161 1496
7552 9400
5640 8777
5964 7070
47 5169
1509 3921
5429 8938
4099 6078
2381 4455
5570 7919
279 6502
2776 4201
1161 1773
108 8327
2677 5920
3119 3205
297 3550
6272 8126
8304 9265
2886 7042
1915 5017
1084 2490
1793 9543
7541 8631
3065 5653
6843 7596
3347 6657
1828 8505
7100 8526
3768 8783
7515 8394
851 2804
4413 8083
3964 6939
1513 9727
5345 6175
6378 6434
381 8475
8562 9580
2785 5447
5950 7607
4284 5911
753 4168
75 8065
4149 9156
302 2847
3802 5077
1780 2435
6282 6363
4775 7072
75 2778
783 8654
1002 8301
2446 7380
2303 5246
1875 7670
5202 6107
4376 7855
2009 4845
4430 6340
491 5942
6405 7424
2097 2100
1841 6249
6733 9033
473 4407
801 3754
3479 6856
1473 7785
3328 5306
3884 8014
1092 8030
5012 6001
8975 9830
2552 7381
3514 8772
2481 9606
2320 8029
2156 4451
315 6605
1717 5509
1932 4455
629 2892
5564 7188
5603 7319
2496 8095
3667 7012
8601 8908
2969 7627
910 5686
3463 8918
1482 6669
1187 5195
1100 5524
1849 8890
3444 7865
166 8261
4433 7489
1634 3039
1 7149
7465 9551
8111 8848
8823 9219
6738 7820
1831 6272
913 1852
3128 9847
6994 8837
2653 4479
7410 8891
3219 3256
2134 7667
6125 9382
3202 6008
2779 2830
265 5650
906 9793
6208 7083
1177 6382
3201 5641
4149 8631
1345 9059
1737 9190
8457 8657
2927 7198
5739 9843
5202 9871
6926 7569
4793 7596
1374 3205
2918 5202
1825 3772
579 6105
4713 6183
887 9712
679 7302
4725 8237
1987 4610
4263 7071
1406 2370
1467 7712
3411 3595
3330 3390
1939 5890
7460 8774
209 917
4221 9631
5285 7343
4173 8028
4413 9255
2348 9186
409 3548
854 8094
6044 7609
7290 8539
3016 6042
4342 4743
2556 4029
6843 7990
6064 8864
5282 9260
3213 5009
115 5498
2381 8094
4103 9085
256 9312
4245 5592
6922 8191
232 6650
4304 5081
407 2817
3613 5456
3159 7328
3174 8318
6562 8829
2157 4492
1101 2840
5506 9099
2958 6533
1304 4309
3022 5175
1461 2320
4966 8730
994 2573
2552 7233
629 6018
491 9361
4418 5489
2320 4001
2269 7293
1999 2000
1601 7238
6912 8029
3339 8537
2446 4286
4732 7757
9395 9497
207 8626
5931 6616
5202 9400
2700 4097
4773 9541
5188 5689
4190 6657
622 744
2611 3722
4010 4105
6113 8273
5973 8630
3065 7424
1631 8480
1233 2555
9361 9605
2577 7845
2175 7649
2174 4038
5279 9241
3451 6693
5734 7673
2224 8214
2589 8675
7990 8598
796 3912
2340 4589
5269 8497
4641 5013
8717 9168
5502 5856
3750 7625
3932 4814
3775 9266
2187 6870
4190 5464
4481 5132
2175 3561
170 1566
6049 9819
8774 9721
5244 6738
1074 6898
3031 5655
2073 8827
2999 8157
692 3452
4084 4544
2401 3069
3704 6658
316 5155
1795 8462
1049 1761
5384 8853
3650 3662
273 5104
4389 7939
785 4388
7201 9375
4752 8301
3693 9185
357 358
6831 8044
3906 5040
9518 9551
2305 5781
6923 7527
6053 8999
3910 4770
1014 1644
1776 9142
4342 8427
774 1948
133 4101
555 5996
1365 7849
701 2763
534 6201
265 3463
3884 8578
572 3263
2774 4027
1266 2878
4773 5322
1176 4489
6410 7856
5046 9344
981 1471
3057 3650
1822 2442
4981 9237
7585 9361
793 6364
883 4952
879 7297
6730 7927
206 7990
5948 8292
3301 8873
1610 7290
160 6576
447 6278
2330 8735
2383 2573
1018 9822
994 2677
4029 9310
7499 8800
6344 8064
1241 5436
3362 9153
2792 3086
5628 5689
1310 7994
7596 8007
993 1870
7674 8448
1339 5593
473 8035
4825 6066
3917 8978
1697 5381
2987 5643
130 2373
2314 6768
4813 8940
3976 4029
4450 8433
5202 6649
227 4267
6952 8580
968 8740
5352 5397
5252 7930
1381 3066
3988 7564
4397 5807
1920 5627
387 5824
2215 8699
3300 6278
3062 3065
5889 8051
2471 2902
516 8905
2194 7513
3667 7498
2967 4716
1578 8236
5735 7444
1568 2517
4038 7019
4300 6010
7284 8739
4488 5257
2792 4639
2381 7537
106 4326
3151 6662
3991 4066
1541 8264
3031 9083
1201 9826
840 9349
617 684
3942 7156
7129 8846
299 3584
4556 7961
5001 7942
1405 2596
3686 9575
625 7462
566 1685
346 3453
1973 8537
5400 6497
6251 9260
4998 7361
5069 6005
790 2438
3270 9176
5135 6698
549 1752
8410 8548
9073 9854
838 6757
2314 2927
5911 7202
3058 3662
4362 5436
505 8466
1391 7915
1201 5751
6121 8949
8294 8552
649 7734
4438 5564
3132 3717
2477 5939
3103 7486
1375 4648
1209 9227
7268 7274
7073 8938
833 4288
2847 7440
6644 8569
2266 5556
882 7755
447 2993
940 3536
3374 3588
1857 9614
6568 8275
698 2276
2234 6766
8722 9260
164 554
5510 6563
7560 7982
3479 6717
1964 8840
809 1069
2471 6974
5821 7917
3572 7594
5084 6267
9086 9835
3614 4195
6540 7616
1419 2826
6705 7632
652 9313
3357 7412
2712 2870
981 9736
1064 6340
5543 6384
2666 4930
4290 7957
8345 8749
1276 7756
2774 5605
3171 6193
2433 4747
809 9602
6261 6960
6029 7697
7853 8866
6574 7605
4521 9165
4112 6309
1483 1582
2189 9787
3079 4934
4957 7466
2056 9490
3931 5196
2884 7079
483 4260
5049 6292
4783 7412
1547 9071
3119 6982
875 2918
6748 6804
3659 5586
77 6248
7797 9822
1854 5821
6738 8195
3070 5259
7897 8245
7500 8197
3585 6918
712 8242
3849 8821
6895 7178
547 9854
5512 9443
496 804
1145 2262
5221 7374
6329 7079
1733 6064
1381 6496
8106 8820
235 2148
1825 2532
8026 9692
2491 8714
7575 9100
157 8327
35 847
4038 6707
1615 9533
1579 9241
1529 9528
621 4390
1772 8641
2216 4527
8978 9561
1942 9464
2894 8394
5632 6400
5841 8275
7402 9362
4180 4945
3679 6018
2798 9424
3923 6164
6276 9414
4416 9721
2908 7923
5695 6063
284 678
6147 7202
2077 3691
1178 2647
1157 5609
2281 8236
5316 6767
3280 3562
4656 8919
1454 6296
2128 8353
237 4076
4357 7984
4395 7733
5605 9009
3234 3235
2922 3399
2573 8836
5246 7893
1386 5947
41 3226
3061 5171
4229 5880
2618 3822
2554 8233
4110 4889
9128 9257
1812 3369
6249 8631
35 7491
222 3585
530 8479
7599 7849
669 7774
3567 9375
3531 5207
1506 1581
3208 9873
1938 5957
1077 4438
4832 6786
741 2342
1569 1783
2822 9817
1934 2055
2077 5796
996 2701
2987 3435
1294 3724
3322 7988
6936 8191
8619 9677
5237 6053
172 1827
4079 6832
9063 9268
8976 9283
25 992
5030 9023
3602 6390
1266 6753
2404 2426
1931 3661
762 8454
1698 9124
7841 8456
3726 5171
3933 8526
5341 8640
5856 8399
512 2697
3588 6387
1332 6897
5185 7689
2807 7386
4291 6693
1632 4088
2453 8050
2331 3844
5327 7408
732 2620
857 1144
7719 8827
3662 8628
4931 8115
4517 5507
725 5862
938 2506
1385 5055
1126 3327
7569 7711
4346 7503
4350 4363
6035 9160
4788 6393
1465 6619
3270 7718
1999 5556
3445 4355
3751 8327
2192 8029
1671 5221
3971 6001
957 2561
5737 6013
3767 9265
2144 8585
3650 3668
244 6577
2585 8921
5157 9849
904 4302
350 2339
1263 8325
5619 8094
2237 7115
1081 5211
4218 6754
2481 5255
1436 2680
5739 6023
960 4746
1345 4815
9118 9855
3982 6635
4492 5283
9225 9317
2821 3670
8689 9104
600 6572
1804 4297
3543 8762
4753 9244
1103 5152
2192 6650
1521 8770
1375 6162
3844 8975
2601 5230
7675 8314
4653 5401
1455 6622
1021 2494
2458 9033
3817 7855
5767 8591
8747 9712
3956 4824
5120 8452
7674 7744
708 3819
3275 4125
2658 5620
1566 2887
3957 5577
6289 9053
156 5439
1812 4781
3668 8126
3775 9530
1594 8673
4172 8000
254 7462
1870 3158
1107 7872
1362 9705
8238 9830
2785 3816
495 4603
4360 4938
4497 5062
705 5874
771 4388
1031 7412
3397 7323
2230 3164
2266 2856
4485 5132
3964 8585
980 6278
6780 9726
4829 6019
2435 6966
312 7605
6824 7713
2196 2729
5870 6478
4018 8720
4524 6192
1036 9547
2155 9521
4577 7389
227 5191
2283 3829
2406 5023
2831 8800
3691 5553
2487 8948
267 5845
1477 6064
739 7563
1039 6190
745 1172
4571 5976
1066 7495
6077 8598
1742 7573
2926 6223
822 8223
2590 6939
1622 2493
3475 8147
4734 4738
4995 8824
8833 8923
2810 4661
4300 5156
2964 4283
2651 6867
2913 5246
7704 8241
4300 8836
5221 7016
2674 5192
6693 9190
3337 6192
3151 3672
7524 8156
4473 5400
7393 7430
3662 5034
6384 9564
2004 8275
4351 7135
5754 9576
741 1280
3339 4451
2720 6060
1358 8424
1155 5878
609 5034
1094 9811
229 8026
2074 5714
3318 8127
3054 3059
965 7184
3029 6017
2444 8288
6133 6988
232 2573
2160 8750
4001 6650
2779 3306
3710 3883
1486 7419
790 5568
4630 7349
1381 2969
916 8319
1973 8749
733 5000
8345 8537
1439 6761
2361 4004
422 4900
910 5911
560 7488
1578 2795
2741 3730
2436 5384
6710 8829
1224 6951
2813 6857
1952 2073
31 9350
2098 5512
6640 7605
31 4022
1589 6339
3124 8065
731 5111
6439 6717
5463 6911
2887 8214
2217 7270
3717 9059
5506 5539
7413 8090
77 4017
3610 9016
4135 6497
1031 9706
57 1733
1821 5518
7589 8920
508 3932
7368 9715
4949 5904
1411 1980
5833 9389
1664 9275
297 7443
1002 7735
4012 6985
7779 8652
1784 2750
765 6557
442 3564
6585 9276
5072 9026
4627 9527
3775 4910
8239 8832
4082 6131
5747 8574
3652 8573
9057 9830
1332 4473
6657 7345
5492 9583
6285 8281
3035 6639
7832 9708
5626 6508
7593 9209
964 3253
2700 3636
1875 5374
1071 6390
1327 9461
6204 6507
1073 5097
1444 6201
2364 5365
5722 8777
2407 4770
1061 6186
1209 3823
787 5279
682 9380
7668 8846
3159 4281
1387 6793
163 6243
3372 4106
3028 4543
599 9363
4218 7613
2528 9803
7725 9096
2487 4286
2996 9173
1397 7298
1460 7592
175 2109
2475 7496
1201 8111
5338 5382
6767 7805
3721 8369
380 7597
2487 7380
3573 7901
7824 8598
2016 6876
3448 3919
3299 3750
8435 8698
2472 7600
6251 7188
8936 9298
1859 8427
75 6490
9004 9251
958 8157
6328 7170
612 5676
473 1566
3277 4963
2249 3054
179 4403
2588 6350
2105 8448
1180 1789
772 3572
2237 6957
2192 2573
5745 9342
6891 8411
2834 9059
3251 6326
2363 9713
2281 2343
5212 5608
7990 8606
3957 4742
2534 5258
835 6868
690 5778
2716 5726
3860 5512
641 3850
1280 8762
6053 7198
8613 8935
485 7389
4868 5384
653 5253
8431 8763
924 5682
3058 5385
5082 7635
399 866
5524 9383
3885 4402
4086 9761
7458 9600
1962 9262
3479 6657
5380 9069
1107 3454
1930 3646
7697 8832
548 1063
1120 1327
445 1161
6265 6871
2100 9430
1975 8850
4066 4893
3634 4151
859 4362
1948 3822
2070 3681
4924 8636
5196 5197
4018 6728
80 827
8066 8182
3844 9073
530 7452
254 1742
3595 5513
3022 4966
5205 9597
163 165
4441 5776
5362 9241
25 57
4560 9390
732 4812
8591 9598
943 3460
1644 3624
7969 9448
5917 6160
2359 7560
1256 7229
4171 7857
2697 5324
3923 6114
3699 9522
6333 9726
228 6613
765 3721
1080 7872
1620 6103
4045 8314
2871 8940
3920 9059
6563 7395
4273 5917
732 8810
7184 8670
2632 7070
1525 5132
1031 1294
6070 6653
1896 5700
5075 9274
285 3944
701 3847
6801 8525
3932 8267
1641 2881
1334 7170
1160 7038
8623 9772
2281 8815
4066 7434
6820 9728
904 1912
2320 2383
3058 7312
522 4752
2866 4576
9058 9287
392 1758
5263 6776
7162 9514
8028 9755
1544 9871
3217 6739
3550 4315
41 8157
776 8663
1367 9431
2774 7629
902 4916
3384 7735
7923 8762
4957 6160
350 1783
4205 5153
3088 7343
1291 2229
6342 6916
2036 2503
3670 5660
236 3846
7972 8464
2091 8610
2931 9401
3132 4395
2359 6129
4001 4748
1566 4278
931 7596
5507 6674
4832 5900
4971 7899
4314 6798
1828 5971
6456 6589
1628 4802
1506 3388
885 1398
6338 7333
4703 5404
1482 3027
7276 7760
9056 9265
3015 4372
6393 9083
25 1658
4105 8720
4114 9053
3468 7951
1963 2822
2779 6136
4663 5486
1487 1702
6167 9718
4446 7634
1582 9481
5810 8244
8261 9724
1934 7199
5325 5654
1057 7107
3664 9830
3076 6332
4342 9582
109 2355
7149 8879
7034 8168
2524 7821
6659 7234
2363 8052
4170 6078
1069 8674
1987 7785
1600 3781
339 3028
990 1012
4976 6444
366 3233
4103 6667
1156 2237
6246 8957
3964 7391
3199 5187
5338 6600
4897 9759
2444 8181
3540 9239
695 6837
6732 8042
7144 7412
2328 4402
1539 1999
3558 9375
295 7479
3054 5652
4025 4342
1632 7656
341 6398
5307 7592
4029 9726
5574 7225
5615 5655
4430 7280
3437 4890
3256 4095
1568 2503
5098 8734
3065 6393
1681 7188
3965 7016
1906 9465
3802 9830
1377 9476
6496 8931
632 7849
5616 7149
5830 9693
4998 5189
3701 7547
2993 7408
3558 7196
4893 6053
4367 7817
1280 5120
3644 7493
950 5008
2790 9216
3690 6458
2058 4018
8532 9846
1527 1588
1055 1460
4282 5153
359 6289
5991 9701
857 1968
679 5287
1507 6456
3242 4537
7564 9612
4596 7503
6310 8810
5955 8604
5725 5798
4476 7683
4729 8749
428 6788
3204 5414
643 1820
3938 6574
2077 6834
551 7216
4276 8241
4870 9265
3185 9827
4091 9839
8774 9662
2325 3119
1614 8685
4035 5447
1114 6928
422 6519
5305 9845
3216 5401
393 7939
4732 9370
863 8065
5668 8903
3793 7631
109 8454
277 8812
800 980
57 1038
1203 5202
2314 8837
3662 9093
2762 6780
2320 4284
5486 9069
2542 8629
1401 8641
5631 8896
477 4134
673 6693
4481 7398
522 4779
2842 8956
4998 8646
3151 5246
3086 9241
4072 9655
7145 8531
3556 4975
1927 7312
5336 6208
2768 6195
1260 4654
5096 7241
2816 7423
4227 8108
4728 7577
5930 8777
7988 8325
3668 9692
7656 7829
6246 7199
1160 4061
2633 2932
948 6910
2314 8835
6135 7119
2746 5747
1422 9616
6133 9373
3105 7941
438 3192
5401 5917
1158 1161
5220 8279
7595 8749
7543 9718
1052 4835
2520 6294
5640 5722
2136 7766
911 5441
3418 9176
2758 4788
3646 8021
21 3846
421 3639
3430 7426
2389 3505
1966 8191
5187 6208
646 9525
6885 7395
5401 6768
3904 6124
862 9671
5025 9106
3688 7255
4064 9472
3131 3362
8114 9656
92 7200
2556 5087
1209 8126
3070 9345
4720 6583
629 5482
1087 2482
2494 8165
2522 8060
2554 7475
2707 3844
940 9662
3670 8629
4720 7893
4366 4980
316 4711
1952 5422
1873 9476
4327 5495
6636 7208
618 6110
4416 7460
5482 7570
5148 7443
3534 8692
3961 5997
2617 7208
3119 7251
685 9765
5695 9516
2570 7196
1994 6595
4815 7188
3155 4191
2084 5187
7595 9602
6622 7437
2732 6978
6486 7775
1275 9118
160 394
20 102
1207 9813
1681 5833
3681 7666
622 7419
1385 4152
832 2792
7985 9122
2391 3243
417 1453
2449 3244
3049 4605
1500 6472
4634 9275
6850 7470
1592 4228
7027 7583
792 7839
1510 6339
7389 9668
952 6440
3761 8975
1603 2292
2719 4032
726 5643
484 5329
1628 7706
2558 2783
663 6279
3693 7827
3065 3659
212 4330
1280 7692
1280 2908
1364 1414
3058 9747
3531 3609
477 5724
1116 3658
1427 4725
7809 8317
5756 8931
4100 6504
6199 9497
3750 6871
1669 9409
765 2921
908 8461
1055 4067
682 7039
3622 8435
3944 8236
6082 8344
1834 5097
3149 9556
5401 9050
1737 8414
2306 8725
6520 8654
1573 6381
4793 7565
4120 9255
3719 7416
6558 8029
1347 7219
294 4190
6035 8367
5821 8414
326 8545
2080 6869
663 1875
2498 8083
9638 9675
5482 7276
667 3703
803 6636
3650 9097
21 3779
5841 9190
1079 4591
6053 8523
2165 4408
3662 6103
2345 6193
709 1836
5605 6538
5626 7872
4397 8882
5325 8202
981 9362
3994 6316
1490 5033
3729 8114
2321 3802
4172 5819
8307 8660
2658 2967
467 1642
980 9377
6897 8352
3054 3208
170 2531
1964 7038
2092 2860
521 3750
2526 5244
1977 3027
943 1615
1473 9576
802 4920
6835 7616
7495 8563
170 7805
6387 7356
3036 3446
1740 8361
4022 4845
518 668
2164 8800
2609 8689
169 8985
3077 7336
2665 3022
629 7079
3692 8443
3765 9109
2159 3511
6962 7662
1742 8004
3392 3737
5365 8156
1961 8706
2180 2814
7472 9736
3987 9487
4448 6827
7233 7369
3028 7496
7616 9349
5618 7842
6693 8931
1569 3603
4270 5471
5885 8660
887 1928
3218 4584
4578 9661
2884 5679
8288 8959
4222 7548
2965 3792
801 3487
1445 1827
6872 8241
3583 5324
1945 5525
544 5419
2732 7059
413 4336
1231 4773
5911 6558
4060 9635
6650 8763
5426 8637
3538 6748
4473 6147
724 8007
629 9000
3436 8236
3691 4054
1491 4752
6461 7107
2035 2281
499 4081
338 6030
163 4397
772 8769
2471 6208
3479 7126
771 6014
3357 7144
4783 9662
2056 2471
629 6556
4887 9476
4647 5836
254 2230
2430 5536
1196 2668
5674 6421
31 8765
786 1854
3040 9317
6630 9827
3777 7769
2249 7424
7063 8266
4545 8353
7411 8127
2188 8686
322 2345
4667 9036
616 2671
455 9401
1553 5808
6035 9751
1700 2820
3049 3668
1166 9606
6880 8310
6560 7859
6725 9034
2896 5279
7569 9285
2870 9194
765 1437
5662 6268
6174 9659
3032 8812
4777 9241
1874 6706
1159 3718
4825 4966
6291 7909
5843 8343
7164 7170
6208 8931
5250 7198
1118 5236
2320 2573
6724 9242
3558 8687
1382 6571
304 4304
632 2103
5482 6974
6364 7034
6129 9760
4451 9317
706 2453
1605 6987
6653 9073
2335 3808
1068 9225
638 2540
1698 8451
2311 2492
3920 5242
4091 9198
2050 8368
1291 3991
3190 7405
285 6053
7063 9367
5410 9494
2161 3536
3396 4194
4329 9006
1163 7009
1879 6776
4733 9421
2464 2672
5616 7526
1849 2001
46 8767
4035 9664
3582 9849
3683 6918
732 2735
1462 5925
2153 2293
5560 7803
6278 7514
5876 9400
1381 9098
7599 7662
2714 4795
661 7875
6201 9518
4728 9553
1742 3361
4899 7154
7876 8158
8774 9497
2414 6178
3648 4750
2646 9045
1250 7910
5040 8710
2146 8326
904 5040
1539 8315
5991 6273
2900 7207
6403 6722
2698 3037
3228 4180
3536 4416
3280 4627
765 7813
62 5577
701 6040
3584 3923
1496 8261
2552 9636
2471 6086
6502 9067
2311 6555
819 3439
7396 7674
6247 9787
8774 9706
3822 9415
2008 2291
4610 4752
1080 6283
350 4477
1698 9663
5779 8232
3113 5459
7732 9176
1419 2825
3062 9112
751 7713
3831 8304
910 1332
7849 8456
1666 6627
5958 9396
791 6881
3565 5156
668 6276
848 2204
320 1570
1723 1725
4303 9481
2590 3693
2391 6446
169 9787
272 5883
5564 6624
5548 5620
3040 8762
2531 3295
5756 8840
605 8641
8352 8836
948 7563
2367 7461
6697 6873
2620 9126
4312 6602
2850 4672
1681 3477
4744 6616
628 2237
2664 8946
263 5807
5639 5839
402 9755
6022 6075
5107 9246
5630 6574
5961 6678
5856 8505
1440 1626
1961 6313
3923 5365
7149 8980
4 2174
3243 8424
533 2937
109 6596
4752 6272
4556 4870
2878 7934
4434 6191
9315 9365
1548 7229
1118 7029
6143 6245
4151 8722
6540 8121
3448 7774
2246 7029
357 1406
3572 6511
968 8722
1107 6549
3416 4601
3337 6621
7511 9324
1794 7523
3945 6509
5486 9247
5159 7231
1674 6389
2826 4081
5661 6574
2740 6086
4229 8526
423 3372
2554 6137
7991 8899
7472 9544
4342 9398
5036 5688
5255 9606
2580 4333
5915 7596
2590 7827
1461 4473
1578 6797
2371 7038
268 5579
626 5794
3644 8452
3362 4612
4282 8113
917 6207
2769 3030
339 2011
1206 3584
2358 4998
682 9605
396 4037
597 8353
6821 6844
497 4380
824 6495
139 8749
3771 9058
3253 3719
478 1526
217 7715
4304 6353
1690 4604
1571 4206
1102 8649
2458 8316
5284 8800
2841 4135
6647 8211
2506 2528
3280 7053
7224 9780
1236 8321
3681 4260
3459 9034
5025 8406
1156 6594
3463 6462
1105 5813
3881 6688
4190 7199
4633 5959
1816 9230
5517 6765
3577 6729
194 6194
5365 9537
2000 2012
181 9668
8065 8480
4029 9441
1272 3304
1522 8009
4265 8531
7907 9822
1124 6882
2806 8161
2790 3171
285 5279
6850 8955
3923 9589
8107 8738
1568 5246
1254 9156
7460 9497
798 6998
405 7021
1572 1592
7076 7596
2025 5196
191 6470
2847 2932
2950 4362
3492 3661
4815 9600
3921 6591
4773 9829
323 1721
1444 5047
1687 6936
1055 7592
901 3982
1952 7817
616 9032
758 4630
1489 3634
1910 5336
1642 6127
2382 3054
21 7939
7785 8659
1610 3205
9241 9568
2753 7140
1294 6798
4578 9553
2070 3449
2281 4190
1746 2230
7366 8022
7451 8056
3442 6228
4667 7287
6318 8298
8991 9232
775 2775
4299 5438
2609 8513
8701 9324
3834 8446
3585 3805
5695 6256
2032 6311
2566 8663
8042 9816
3967 6589
4595 6123
3205 5636
350 917
3802 7769
878 5725
2144 6779
6289 8068
2561 7649
5664 8882
380 1773
8469 9691
3122 8920
2363 4693
3138 8097
1250 2410
2012 5224
6837 7790
736 7766
732 2850
2086 3086
3668 9111
293 8265
1209 7785
1676 6001
2436 8966
2092 9637
3385 7565
6023 9175
988 7203
1327 2172
6975 8654
1864 3595
4383 9661
5935 9176
2262 5623
415 9527
5756 7196
1487 2665
6335 9316
9052 9373
4388 8652
1444 4610
3779 7939
117 432
1910 5651
4825 7231
3205 7149
8873 9197
2381 9813
5259 6738
320 4244
1345 2537
5246 7270
1494 9476
2192 4384
2892 7323
2156 8762
3594 5384
6627 7156
2904 7503
1728 7204
5840 7990
3558 3717
5046 5221
4473 8545
1864 3411
119 5165
4407 5221
5701 5866
3920 7583
423 8099
4045 6744
4783 9497
2622 2939
8021 8953
1539 9522
8108 8909
2641 5181
2558 2677
2574 8789
4205 6283
380 1161
5767 9565
455 9448
3765 9263
1905 3796
1639 8476
7110 8744
2856 3991
1042 5725
4721 5650
2173 4266
1874 2296
4386 8348
6738 7332
6926 7711
3067 7826
1444 2444
5666 9600
4473 5156
3792 7583
6393 8931
1655 3990
312 8261
4311 9679
2489 8452
2772 9244
1471 2109
6047 9180
2894 3471
58 7761
1321 4344
3898 7196
1952 9822
2326 9048
3367 8980
1649 3228
7385 7498
2533 9060
5062 9874
5340 8028
1144 3479
1069 3339
3718 6668
1874 3540
8634 9728
2987 7118
1761 3439
275 3500
6161 6992
2075 6384
8242 9410
3069 3177
1375 3086
907 1823
6866 9873
8011 8929
3913 5384
4015 5370
3539 8837
7352 8254
1514 5935
2605 7459
3254 4054
2457 6874
3301 7681
4228 9733
5244 8846
589 6827
1975 8810
9350 9734
4146 8634
1426 1754
3938 8719
4469 9511
5388 5655
6950 7670
1161 7597
1229 9711
2386 8516
331 6068
851 3564
6287 7149
3815 5602
2128 6338
8490 9568
2745 7634
605 1772
6665 9059
153 7787
2703 8623
2712 7865
6350 8094
7328 8405
746 7103
52 4714
3207 6375
3418 5935
91 1461
6002 7529
280 7166
658 968
1597 3585
4801 6164
3751 7560
2987 6621
1513 7345
96 7233
934 4149
1555 3932
3065 9113
2704 3761
5345 7930
1930 5463
7836 9828
2150 9382
9662 9721
6060 7636
4954 6838
6246 9472
1238 1266
1508 4076
7462 7499
1862 7432
1782 5942
3128 5157
639 5139
2083 3615
4401 6770
2066 3931
7377 7661
3434 7648
1782 8296
7252 9088
2212 4218
3489 7783
2945 2993
3937 7541
3016 8457
1910 8730
1248 2760
5630 7867
1201 7130
1700 8604
1473 7604
2746 4752
301 5625
3205 6824
7411 7904
1236 8325
1775 1825
6835 8121
2577 5616
174 3063
3018 5137
500 3128
6141 7815
2134 6518
1934 8424
2293 7816
1849 7350
7620 8025
1069 4451
6078 7870
575 4470
5620 5655
8 38
574 8435
4431 9662
3372 3641
6129 8932
2830 3246
2997 8435
5695 5918
2314 3822
139 4729
915 4430
2541 8389
4995 6344
3930 6300
416 2688
2239 2683
2376 9664
894 9537
2212 7613
1392 1924
2199 9852
4147 7548
416 4884
7400 7614
413 2528
149 6088
1610 7142
1321 9817
423 7593
601 8003
4249 7593
3945 4276
6237 7656
489 1181
6268 7668
2481 6621
6225 8275
4579 5320
2245 4957
249 4585
9175 9843
3905 6820
8698 9539
1310 2461
5338 6395
5125 7760
2817 8911
901 9824
4374 6472
4019 6895
1790 9574
1471 5512
6798 9395
859 2506
4969 4970
3944 5548
991 1806
2233 3990
5510 5754
1074 8367
4025 9582
4773 5498
2565 3753
4372 7473
771 9431
6201 9362
2105 3350
1315 1496
2481 8096
6234 7989
5421 6409
3029 4280
6610 8562
2313 9530
1622 9271
1362 2935
7831 8196
3092 5774
715 3144
5478 7936
8447 8802
3944 6053
2764 5582
6022 7673
8353 9765
2785 3114
8325 9837
7788 9750
6250 9139
1381 6502
675 6909
3968 6939
7276 7855
3860 5505
7635 8505
3525 7149
876 8726
924 1827
8315 9040
4103 4620
6831 8225
633 8952
3665 5482
8361 8677
6340 7071
5508 6988
1278 2089
6283 7872
1086 1610
771 6796
2528 5484
9568 9709
1513 7229
350 840
7281 7545
1196 4957
4869 9396
6866 9676
6873 9159
2615 3072
5711 8814
1471 6631
3829 6261
3132 9059
4172 6241
7192 9215
8153 9515
8947 9361
4748 7202
7215 8365
1381 7560
1167 4653
629 1113
219 8295
6632 7370
5273 7872
5871 9489
172 1519
4002 8576
3291 7910
91 2320
1737 2658
501 4784
8156 8318
1987 9659
180 7674
3932 8390
545 6471
3909 6646
5491 6502
3876 6821
3719 6694
2850 4637
7076 8983
1910 7066
5355 8202
1799 9616
455 7969
7675 9107
4174 8185
1208 1280
5190 7860
2683 5221
2795 7139
176 1788
6734 7305
2165 3980
965 7498
2633 4333
5 3510
2025 2489
1578 3558
3526 7234
2751 5652
1743 3905
3573 7893
5920 7537
7141 7982
2035 2128
7214 7907
588 2968
842 7523
4473 4571
1411 9471
7315 9769
3539 5630
149 8618
3859 7893
7583 9375
6819 8589
4748 8763
4179 5549
3320 7670
4477 4672
3724 4783
465 6574
3058 6448
8663 9003
6668 7038
1471 2404
2531 6969
950 8171
5221 6967
219 3635
3023 7851
5959 7233
16 2609
1227 6661
4489 5815
994 8836
3281 8453
6595 9621
522 5999
1168 6768
8191 8574
1957 4417
5612 8547
4243 9219
2251 5385
298 6421
4173 4870
1860 5898
268 4329
9301 9496
3994 8068
739 8745
9407 9843
4861 6380
990 4828
2281 8296
5841 8179
4403 8304
3235 8169
2844 5501
1982 3450
645 4149
682 1180
999 4254
5133 8452
964 9725
1510 6938
3852 3955
3300 3559
3750 8248
6780 7038
1201 9711
536 5242
361 6788
3057 3065
53 1120
1610 1813
4788 9059
1700 8734
4128 6325
496 7126
2848 6750
6708 9817
4699 8825
1240 8119
6013 8730
1393 4332
1703 6458
2658 3972
7865 9023
4755 5250
8045 8318
6689 9625
5 3301
8166 9164
16 7160
1192 4779
366 3220
405 7196
1024 4752
991 6428
1502 1932
2958 6393
691 7249
2401 6740
2201 6272
7401 8938
5249 7761
3717 3993
3567 7596
3826 7330
2281 7855
227 7106
7128 8118
9060 9375
6146 8009
6962 9155
4407 8887
1766 8552
2281 7785
3254 3437
2588 9600
4752 5792
3205 4802
6357 9541
250 9594
3274 7014
457 9580
5910 6035
3899 8138
5947 6456
2644 6155
1545 5138
2281 4966
2487 6303
1477 5977
5489 6996
1094 9631
236 9283
806 9599
1853 8236
2179 2894
4966 6193
1569 7606
7994 9642
3926 8162
4103 7570
2260 3322
5451 5938
1526 7789
357 9227
4040 8016
2778 6523
5950 8459
7111 7365
8659 9422
4752 5122
4200 6416
1473 4814
5718 8574
3357 6576
6207 8455
3905 5117
43 8361
3768 4002
6744 7947
2780 4149
5737 7697
2580 9448
3717 9739
8267 8638
105 9553
6901 7550
2326 3650
4948 8949
1227 2328
877 9467
2042 5436
5081 8652
4605 9110
3550 7625
4990 8946
3565 6897
9139 9753
3337 6623
8042 8382
7233 7540
1112 5548
2936 5858
4823 9427
5384 7099
9362 9408
1473 8574
3045 3057
4091 7142
1480 6239
4966 5580
3368 9633
8590 9442
4193 8056
2732 9577
338 974
6208 6950
3031 3065
1087 8106
2917 9055
2203 2958
3648 6868
77 7563
673 8938
363 1681
3448 4839
315 9822
798 3935
1254 6552
567 2370
4078 8937
3936 4902
3063 8531
809 8160
1893 8055
2002 9030
3250 7070
810 7625
7038 8261
7198 8999
1188 8959
6632 8423
5701 8191
3931 6997
7855 8390
3850 9073
3344 6616
1717 8150
172 6687
2081 3342
4001 6296
663 4038
4840 9740
2381 5619
4699 6053
3841 4172
6328 9829
3550 8050
3701 8040
4067 5479
5221 8275
2800 6517
4377 5983
4611 5035
1748 7451
1716 1980
5813 7512
967 7188
4602 7561
5482 6868
6642 8180
1320 7243
8556 9285
3830 8231
4962 7980
1177 5994
3027 9003
8183 9711
1159 5841
8213 9678
5686 6897
477 8531
6269 6832
9235 9711
4620 7785
1742 2230
919 5669
566 1900
5794 7198
4838 5948
3022 5510
1078 6552
5695 7605
1461 5686
1532 2092
5144 5145
5461 6517
175 8883
3401 6732
701 6075
1932 2542
345 4124
392 5520
6861 8292
2487 8878
1031 7144
6950 8697
2225 8877
3540 5638
975 2535
2391 8424
6534 6596
1542 3833
4352 8407
3095 3546
2083 7855
7729 8018
1331 8762
2406 4661
2541 3042
621 821
5785 7070
7009 7483
1035 7505
6873 6988
2375 9431
3634 9554
134 732
2932 5187
6276 7573
5959 7517
4004 6971
3347 6246
3848 8459
8735 8995
2554 3279
8201 8480
1444 6040
4132 5506
3753 6729
1590 8936
5317 8552
2834 8931
732 1892
2817 5447
4661 8170
32 3765
5780 5829
1577 4786
866 2539
6463 6957
1468 4041
3526 6659
1710 4027
3058 4484
1236 6866
1106 8919
6018 8296
1243 7047
6743 7324
2359 5510
5512 6658
5134 8236
1468 1806
3506 6269
3921 4227
4284 6296
1276 7567
467 3275
8365 8509
4849 6712
2778 8296
2494 6173
2153 5313
3336 9539
3566 7036
2778 6574
3683 6624
1828 8456
1069 8345
535 5814
3346 5178
3049 8628
6289 7462
4815 8191
3122 7589
4152 9672
7181 8570
2498 4413
8021 9377
2161 9497
260 8932
3485 7234
3964 8032
381 8876
2146 5401
5794 6574
3360 9380
1332 8836
1013 7413
764 6856
3028 4193
1844 5839
3148 9380
1105 3561
1172 3841
1445 4151
1106 8878
1466 3849
811 5809
210 5556
632 1471
5365 9400
4381 7206
117 4388
3550 6616
8585 8937
5817 6226
2156 9602
2313 8028
1277 7081
4177 8512
570 1648
8181 8959
498 5811
2760 7928
9256 9836
6495 8293
1160 3864
4893 5612
4795 5746
3054 3663
4054 7990
5446 6208
2573 6558
3152 8244
1210 7734
2179 6880
5588 8239
4634 5592
782 1830
2745 7669
5243 6003
8591 9730
2795 8171
875 8752
7063 7101
1698 3002
3704 4263
1227 9354
2850 7114
1150 5704
1508 8856
2116 9546
6013 9834
5649 6797
7059 9577
3600 8856
1069 8749
4748 6558
7114 7115
7853 8634
3615 7276
5859 6368
746 801
3065 5657
2678 5310
6103 8265
1437 3323
4950 7118
7149 7526
1224 7153
4232 6118
2082 9235
3962 4934
2746 6350
2504 5013
86 7477
2286 3934
2965 4333
5489 7164
2630 8598
1473 6591
1487 3223
4870 7960
532 9234
2548 4484
3082 8353
5524 7458
3156 6737
3041 8236
3211 9219
2557 4700
2671 3390
1322 4577
7016 8574
1144 2534
2655 7853
3067 3670
907 3179
2521 7814
771 2785
7598 8628
4580 6884
2119 4339
4267 4776
3288 7879
495 6738
1437 3613
3431 9753
357 4088
3775 5652
1502 5961
714 1886
2517 6393
2965 8191
1153 5161
5911 8836
1167 7462
2332 2392
7087 7766
7083 7126
3501 8191
2781 6011
1437 7233
423 1434
2821 3662
2591 5640
6129 7472
260 6129
8178 8353
632 7599
7721 9422
422 6487
2766 5631
4179 6528
5681 7196
4232 7113
7615 8520
3808 9833
3814 9520
1392 5047
2069 8516
4998 8586
3565 4001
363 7692
5615 8452
2211 4803
3661 7424
3650 4605
1826 9280
6103 8601
4198 5217
1583 8249
3119 9576
1294 3536
2383 6147
4416 6798
1391 8702
1380 6579
1806 4041
4910 9291
4779 7188
4633 7233
243 6264
2744 9589
910 4300
2118 5461
7537 9353
2918 8406
2471 7937
3279 8389
3656 7701
2875 5433
5444 8257
2056 7785
4668 5401
3921 8901
6294 7565
3944 6234
3920 7432
5569 6791
9097 9110
5722 5957
3939 7889
50 6939
461 4517
392 8012
7541 9615
431 1165
6618 9544
8450 8586
11 9872
1436 8995
2421 5165
2816 6594
1161 4521
2552 8919
2784 7114
815 3132
6289 6316
160 4840
3636 9518
490 4965
2454 8526
6739 8195
5115 8109
2381 7692
2360 5192
7340 8957
7671 8009
4029 6640
629 6291
4815 5556
4436 7988
2888 8108
4684 6810
1655 6333
3937 4773
2145 2405
1391 5655
5386 7424
5335 8396
484 7157
6649 7847
2567 8498
4606 8211
873 9751
981 3717
981 9693
7961 9255
232 4001
2559 3659
2470 9264
964 6765
160 1870
7222 7796
796 886
853 8730
3179 5934
708 7855
802 5807
3109 7025
4245 6636
6696 7603
3761 7579
725 5920
1919 7279
3883 5040
983 8426
4796 4945
682 4155
19 5569
1685 6315
1121 8448
1190 6949
1738 8882
2794 7883
7563 8099
951 7882
3693 3752
994 1332
138 929
2517 2848
994 7202
4661 5858
2114 6381
668 1208
3114 3615
682 8970
5128 9636
6066 6890
1934 2900
1642 2677
405 7374
3847 4752
3734 3952
417 8322
3171 6496
3779 9283
7503 9773
4057 9378
1655 6803
1462 7282
1730 7573
1710 9009
236 3779
5549 6528
2102 2716
1754 6973
1473 3932
76 4690
867 3679
1597 5615
1628 6305
8446 8552
3177 7988
2458 5005
5968 9669
1995 3321
5034 8628
3846 7939
1578 6047
4218 6165
7374 8065
81 9339
8094 8702
230 8772
51 7785
2675 8204
2200 3648
2645 7381
2885 5772
7328 8570
3538 9269
298 9731
617 6660
4572 9582
2658 5202
780 9243
821 4390
3148 3360
3662 3869
8556 9378
1880 2410
6939 7845
1904 3797
2295 3132
1681 3539
3844 4553
1471 5241
1737 6193
6737 8308
3605 6188
1277 2307
7571 8027
3610 8165
3735 8464
6204 6503
8185 8292
3073 3877
1363 6047
323 5202
6604 6605
89 1742
4782 9646
6012 9523
3581 8660
254 3015
2035 2046
6949 9408
3595 4773
4557 6774
4607 8452
5717 8013
6199 9660
3212 4294
357 2531
1138 4142
2370 2577
7183 7402
3641 5665
7329 9213
8555 8655
1568 3105
786 1698
1948 8593
1489 4430
1782 6053
7618 9544
951 5720
4802 7320
473 8032
2528 4132
907 5934
976 7945
3018 6717
4033 4725
1849 7025
5835 8706
3864 8493
4221 7625
3079 3962
4201 7622
4610 5047
1709 4934
2237 6230
3007 4700
1052 4190
1577 2398
3922 8520
1172 6300
7188 7855
936 9310
6735 7525
1737 9216
3000 6635
5446 7083
1471 6129
6702 8452
3620 7209
2165 9431
1479 6245
1669 2256
5921 8431
2779 7709
3667 8583
7454 8263
5774 5813
868 9047
4104 4240
2399 5495
6523 7839
4384 4748
4262 4758
420 2191
67 2518
3864 9165
1397 1579
3293 6043
6310 9136
4245 8873
1689 9634
1167 4607
6353 7779
1987 7937
2282 3610
5326 6057
1579 8365
2653 3375
6693 8119
5126 8980
3205 4336
26 2696
7038 9597
3470 4786
3364 9228
1579 8891
3350 3847
940 6798
236 4389
3724 9662
1849 1925
1282 7643
2665 9803
1561 9155
75 1817
6129 6349
3248 6006
4762 5991
1162 5912
3161 8581
6544 8870
2546 6060
494 8689
7522 8318
1105 3342
848 7081
623 8445
8201 8236
318 9753
2561 7167
1625 7563
4395 8745
1138 3996
1749 3297
483 8562
3772 8975
8201 9093
1139 1520
49 8372
3130 9462
3644 4999
3903 3932
1736 4060
385 4164
254 6289
870 7643
3659 5401
8296 9489
734 1665
8327 9715
2675 6101
1644 8500
295 296
2299 8185
3650 9048
3205 9455
2751 5651
1110 5602
3400 4095
11 6108
9415 9510
6062 6906
1444 3081
1913 7819
7027 9059
7503 7587
1912 7855
7221 9679
5911 6147
2077 7233
4397 6708
1069 9602
4135 4571
5864 6030
1977 2044
7079 8633
780 9375
6152 9291
8029 8836
3718 5841
947 5738
4714 7757
1849 7455
1109 5538
1670 9383
786 4321
905 7872
265 397
1173 8955
4003 8361
7662 9780
563 8274
3717 8697
2304 4968
4038 8832
254 8068
2359 6768
3885 6474
6535 8697
2982 8761
2 3650
994 6558
7038 8840
313 8760
960 4279
361 7261
2181 9123
5727 5797
1461 2383
8450 9674
7526 8282
2249 5660
6675 7233
3115 8511
2913 8313
7954 9644
4779 8684
2384 5165
221 4625
3460 9533
4264 7280
185 9822
232 4748
8074 9190
6015 8202
5482 6234
567 9754
9442 9494
1516 2286
1578 6129
509 7697
2446 8620
2001 9040
1265 5485
4397 5561
149 485
3205 8850
3011 8702
4773 6939
728 3229
994 1461
2679 7879
6294 7076
2329 3729
1120 7426
4455 5961
552 4511
3482 5490
1620 5205
1681 3320
7926 8308
1994 8591
2490 6276
191 8538
3395 7269
2495 6035
682 3797
6768 8452
809 7595
3536 4783
7328 8686
8013 8033
1172 8845
2864 3720
4286 7380
7111 8935
1951 7323
1682 2345
4103 4561
1074 3643
8822 9311
3775 8028
350 3026
3595 8000
2218 5655
8241 8999
6554 8466
4761 7106
5044 9125
432 3831
365 9769
1460 7275
3372 8529
5213 6443
3119 5701
4480 7099
6536 9614
4262 9564
1500 4497
5695 8156
5110 5550
5078 5821
1886 5388
8129 9622
2482 2936
14 5000
6806 7898
3849 3982
4485 7398
1773 8261
2169 5548
3815 4694
729 2349
7086 8158
1968 3943
1269 4571
5218 6573
1161 7472
920 7081
947 6636
4041 4627
1141 4697
1808 7039
297 567
3646 4002
4029 6015
5408 8661
2197 8601
1043 8619
2761 7938
2003 4663
326 8601
811 9767
1228 6496
1156 7089
1507 3994
1077 9600
2979 6255
4101 6605
4147 4149
2520 5556
2084 6021
2965 8823
7717 9829
1196 4627
838 885
6033 6673
1207 2381
506 6985
1113 9322
4711 9639
1663 4069
1043 4309
4744 8564
4411 5745
387 7223
771 1817
480 4080
334 2965
6696 7349
495 9605
8107 8999
2000 3648
732 1937
2921 5365
299 4684
2635 9100
445 6225
724 4206
8659 8661
485 8208
3400 5004
8877 9782
86 6125
7799 9135
4379 7489
1477 5276
1298 3628
3062 9084
1841 8631
6147 6650
2314 5920
3128 3582
3670 7149
2573 5686
4585 6218
2559 3590
8182 8529
5005 5259
5600 7742
3755 6335
6 3249
3073 8812
4817 9313
6214 8572
490 4006
6066 7421
1688 3816
2785 9591
4511 7502
6482 9073
2482 5023
9477 9630
4949 9629
8122 8915
5216 6273
5069 7374
4802 9153
3310 8738
2249 3065
3119 4103
1513 6075
1605 6927
2945 8576
3634 4605
382 4127
323 5244
875 8080
6358 8266
965 8776
765 2155
4966 9769
86 4196
2938 4125
3119 8938
471 1134
495 7386
3944 7021
2892 6880
3543 4451
4173 9265
1208 7670
2439 9122
149 991
2746 3132
2559 6035
2095 8061
3031 8574
3205 4852
2658 6974
2743 3541
5650 6462
3584 4042
2644 5023
870 1580
5171 7349
3377 4580
2945 8021
754 4564
2540 8208
966 1934
4734 8262
8 3661
5581 6193
7300 8312
3439 4029
673 5175
6084 8799
2446 7526
947 7450
4623 5845
690 2689
3100 9055
92 877
1434 4362
3397 5383
5446 8411
1294 6576
3121 3427
3267 6765
4348 7483
476 3579
4259 5274
1093 2476
3724 7460
5184 6690
1013 5595
3096 7869
7153 7991
1126 4402
4002 8953
1410 9368
7119 7369
1610 3290
7599 7805
3181 9619
8884 9767
1146 3876
994 6912
3800 3944
5686 8836
6461 6633
5078 5131
8022 9380
51 8883
68 8013
2695 3782
739 2651
530 4869
8 5236
180 1151
2983 4245
6664 6984
966 6113
298 1462
2120 3595
7009 8077
1828 2661
2166 5183
4622 6216
4693 8052
2528 5016
2797 9572
3973 9453
4108 9640
3371 4858
1934 2266
2524 6878
1439 7621
6912 8836
3131 7956
2540 4106
765 2818
8042 8975
2158 9869
1952 9522
5122 7070
422 769
1513 1993
2895 3096
265 6939
765 7233
3573 4564
6893 8571
1573 3903
1656 6018
96 9537
2071 2329
5686 6558
5051 7454
1114 8654
3360 4131
1283 4297
1297 9361
2926 8699
13 6234
8126 9576
381 687
848 5333
2603 4403
3722 6017
304 3359
380 9736
7875 9841
3107 7707
5122 8452
7285 7333
8974 9830
945 7469
1349 8980
2156 8537
1685 5333
3991 9472
7382 8483
709 1096
3996 4225
9594 9705
4191 6658
3831 9265
2037 2181
5654 8414
6574 8191
3590 5401
2820 7738
682 3662
71 2915
2661 8127
3501 8154
3641 7636
4218 6268
6898 8777
3118 7254
3699 5115
1445 3007
347 9719
4499 7418
831 2871
7903 8235
3914 5324
7081 9154
5857 6384
5122 5324
3996 7119
2746 4395
3433 9424
3765 9373
3956 7002
2552 3906
423 942
2501 2504
136 4799
3515 4213
5548 8353
5221 8480
816 9769
3508 9217
1828 5082
1773 9181
714 782
413 9359
477 4178
3649 6164
5032 6746
366 8348
684 8009
2281 3932
3031 6393
9488 9671
3588 8106
717 6365
6650 7202
809 4729
210 9375
3407 9286
5160 6695
5998 6272
1208 1444
774 8408
5625 9677
4469 9774
5327 8576
3646 5584
4074 4737
1794 5487
3103 8478
5202 6877
5506 7785
380 8515
205 2548
617 9124
3025 6053
2661 4756
447 7408
4956 8720
3218 3279
3849 6693
2429 4691
5933 6467
4852 6589
68 953
1579 9537
2775 8304
91 4300
350 6295
5335 7643
501 5952
5015 6023
673 981
1731 5213
2396 7996
7725 9629
4702 9371
1687 4815
1644 7042
357 7118
3607 7988
170 4621
7126 7276
3944 7198
7687 7802
9189 9356
77 8097
5548 8702
2711 7636
6912 7202
1496 5841
3591 4661
1964 5336
1292 8254
25 4170
175 199
4620 7126
2156 9317
1730 2125
7932 9069
709 2882
2778 5630
0 7706
2089 4622
621 3193
2480 9212
2077 8598
7925 8196
222 6129
7605 8208
166 1161
4170 6834
965 8670
2740 7276
3639 4841
4328 6331
6850 7302
399 5925
2987 3337
3822 5286
8406 9105
6199 9706
7098 9621
7460 9721
1141 5012
2528 8310
2098 8006
1438 7007
1438 6939
3327 7489
490 2840
2411 7818
2609 7148
253 6193
386 4372
2451 7818
3293 8729
1415 6588
4002 7408
5959 7397
579 3750
2683 5649
106 5938
3847 5782
797 8905
2716 8260
2065 3169
3905 5461
5384 6414
3885 4739
4841 8152
887 4200
2913 3105
3205 3327
6644 8714
3451 8119
4045 5057
3152 6003
6116 7042
312 8202
5619 7692
3211 4791
5279 6670
7428 8905
7900 8533
2430 5024
1087 3662
5085 5087
9026 9121
4461 6788
1426 6064
6627 8129
380 981
3898 8273
7445 8814
2776 8488
4455 8661
374 4950
6164 9461
2528 4360
1443 5556
6099 7618
2161 9395
2668 5567
926 1232
5889 8941
6852 6890
2314 3539
2104 5674
2056 3932
191 6003
5279 5355
1466 8531
4239 4735
2889 7995
5046 5401
1787 3365
1585 5322
981 1496
84 9563
1496 6075
2831 4945
361 2778
463 1444
6738 6745
4184 8421
3355 7242
8660 9777
923 6240
1904 5855
1516 7125
5892 9098
6622 7148
6939 7391
2170 4774
2471 8119
2642 9002
2661 4720
3760 4307
8980 9133
5350 6824
4434 5152
468 2345
1207 4455
1185 1671
2025 6768
1949 5721
210 4167
4421 8119
6765 7416
2566 2808
477 2234
285 673
7343 9498
8738 8999
3367 5924
8442 8807
3102 7111
2560 7233
6896 6995
3921 8916
5862 6643
4054 7824
1207 5862
379 5185
2706 6133
4010 8267
3613 6383
4109 9751
6576 9395
2189 5020
3875 9342
5703 8651
4054 4060
66 8476
1314 6018
2856 8201
466 7598
1845 4844
843 6387
3963 5349
1413 4812
2351 5548
5942 8745
875 3342
1039 6092
4269 8819
3081 8484
1827 7261
3313 3967
3902 4773
939 4856
173 2633
1445 7333
2219 3439
2075 3010
7044 9101
1277 3224
7596 8606
5962 7717
1041 9156
2016 6736
809 2156
3086 3721
1160 7537
264 5322
5529 5826
6393 9626
6850 9767
5176 9051
4755 8391
5650 9348
1381 5365
4547 5754
3158 5742
5365 7298
2902 3615
577 9828
1229 8550
1487 6018
7552 9537
1817 4614
7399 7606
4362 7942
6467 8080
4103 4176
6408 8091
5212 8624
786 9797
1284 1589
3313 9362
2987 6192
4159 7462
6572 8318
1471 6304
3389 6156
7438 8445
2710 3088
7233 9489
960 9753
2540 4029
4614 4788
7429 7857
1200 6668
2913 3052
1025 1766
1092 9587
1752 3197
1380 1683
434 5062
1161 4610
163 1676
2273 5068
1041 4149
9 7299
5552 8647
497 9198
786 8046
1522 9677
3650 5651
2534 9342
285 9131
232 1332
1345 7584
254 1167
3227 9566
3119 6033
3105 7915
1118 8094
6557 8332
675 7381
1087 4661
5658 6448
5040 6645
1037 6103
3678 4934
1209 7431
3321 7018
162 5241
4759 8433
4815 6251
922 2931
9000 9626
6496 7560
1277 6075
5654 6936
4384 5911
4556 9291
7819 8484
4670 9019
6133 6567
579 3751
792 5237
2221 5438
752 4942
714 1830
2598 9238
4537 5430
3972 8235
6029 8832
390 7907
604 7342
716 2425
3021 9750
3431 7464
6798 7412
7010 8109
1735 5282
473 3662
1025 4233
3062 5655
811 6662
2018 4791
1414 5165
8296 9212
958 7079
1201 8697
8292 8598
303 2842
771 906
1161 9736
631 8242
3313 5870
5781 7284
6129 9380
3268 3539
5572 8680
7774 8272
463 785
858 1895
1295 5126
3772 9252
3936 7842
2507 8753
3991 5187
2958 6244
4444 8100
4934 8843
1993 2309
981 3022
5368 5810
1031 9395
3103 8580
2203 2663
1134 5541
4159 6686
3081 7522
6218 8676
1227 5742
149 870
5421 5482
7200 7670
1010 5971
865 5613
3728 9479
3814 5779
606 5981
397 3463
1737 7864
4029 4030
1392 8123
38 3049
4957 7414
548 7724
2023 6936
3222 7991
7785 8452
5910 5995
2526 6175
966 3761
1033 7908
1031 6199
4988 7294
8205 8314
2339 7252
2970 7188
3092 3321
9229 9620
3931 5197
5900 7563
5859 7411
3660 7474
3357 4416
3545 8010
3719 5700
2429 6868
6768 8468
2 5660
7766 8653
409 1956
2448 6868
3114 3436
3080 7179
2575 2631
2344 3920
1847 2193
2245 5843
568 760
3065 6677
1802 8564
1804 8261
3054 9110
631 1391
2822 4090
203 6644
3134 4578
5246 8522
1419 5040
2000 4794
2950 5292
2083 2746
337 2227
1392 6857
2617 4640
7950 9328
8537 9225
169 8854
3648 9050
7498 8049
1126 4366
6589 6853
8679 8788
7221 8049
2320 6010
7427 8460
1831 5548
3800 5548
1002 7838
1471 8236
3122 9318
5365 6194
1238 8380
1586 7682
1087 5414
6945 8058
3717 7079
1494 5906
1518 8706
628 6478
3611 9392
120 2745
4886 7941
1471 3539
536 7207
3987 4323
1059 1224
4471 7319
5062 8601
964 3965
1574 4932
442 827
3899 8252
3681 9827
2098 5187
2479 4275
832 4571
2931 8873
1184 6242
2156 3339
1694 8127
323 8556
323 9378
1069 2156
727 5050
5003 6815
4766 6035
1511 1910
8749 9317
3786 8720
5204 8982
426 6040
6738 7914
4199 4202
210 2520
410 3188
3805 7760
5482 7461
7549 8883
4431 8774
8325 8919
2305 2332
682 3327
4394 5716
1150 6132
3718 4056
1784 9701
323 5444
2503 5028
2844 6136
449 7874
940 2161
1500 6561
91 3565
673 4610
195 6059
3822 6782
1114 8913
5291 9504
3095 7889
1674 8353
3775 9265
3269 4914
3049 5385
380 8261
4557 7703
3980 8315
1189 5282
1780 8701
6650 6912
4231 7089
3827 7596
1357 8720
6988 8655
1864 2574
613 4590
1675 4388
3414 7096
3561 7649
622 8459
1061 1488
3652 4420
445 9544
6265 6854
949 8285
1698 3426
882 9274
8584 9494
1774 9190
3301 3362
5794 7704
7596 8550
2986 3639
110 3113
4309 7143
4595 5492
534 2831
9660 9706
4398 5000
1570 3551
5805 7458
1391 1578
3275 3362
994 5156
4664 7959
3877 5556
1291 3967
2579 4893
8034 8185
888 7403
5317 8295
916 5885
1031 3357
3896 4865
369 5201
8362 9007
759 8303
8512 8630
2283 6261
3668 4045
5433 7866
4746 9827
2704 8727
715 3235
1934 2471
531 6218
6947 7328
3357 8774
468 5524
1750 1999
2297 6518
366 768
3670 5388
3869 9491
4245 4252
7534 9083
3628 9581
8182 9165
5202 9537
3875 9292
7198 7424
262 3903
801 1108
158 5868
3681 6422
951 967
8165 9616
3630 9639
732 7593
6803 7839
820 8208
5196 5905
1424 4802
5709 7896
5158 6100
3058 3650
909 3561
2292 7232
5978 6766
3223 3381
1535 3501
6738 9107
5178 5442
6860 7912
1299 5350
186 3937
7457 8151
3659 9297
3116 5212
7144 9662
3086 9382
46 4684
707 3332
4028 5919
1522 5954
4733 8081
206 4252
1362 9398
3932 8452
6939 9541
1164 4202
4257 9750
1229 6861
3611 8653
9189 9474
2528 3034
8461 9691
831 8940
1539 5722
5947 8413
1209 4280
6147 6912
8458 9299
5122 9301
4095 5004
4182 8450
4131 9600
5648 6803
7075 8873
2898 5279
3789 8512
1138 5150
2610 4088
4338 8629
473 2559
350 1322
3536 4431
6139 6686
4196 7502
3372 7598
981 3920
785 6546
998 1849
5671 9010
332 7347
732 6896
3661 5663
1295 8997
9386 9458
8295 8552
3258 6155
4882 6699
7160 8452
9168 9357
7869 9301
3252 4908
1039 6712
2989 3326
2804 8732
2517 5407
6943 7069
3684 8503
467 3107
5661 8931
5327 8953
9266 9291
7088 8627
765 2364
1687 2345
2895 5015
1973 4451
92 105
1783 5568
5972 9236
2328 9580
994 4300
701 1507
2489 2900
3266 6731
5295 6143
428 7236
1087 3645
3434 5617
7995 9424
7489 9407
4014 6855
5040 6179
1314 1971
2383 4284
4019 8712
836 2067
981 1444
3932 7855
222 1987
1987 3559
3640 5703
285 9113
4103 5322
4953 6821
4280 5323
894 3488
2935 9148
8330 8476
5359 7323
4542 7234
5373 7075
3703 8520
473 5687
2132 2622
928 3991
7276 7785
5129 6087
31 1156
4823 8858
2806 7894
7354 9149
6702 6974
5293 9803
4337 8249
605 1394
1773 8965
3174 9139
2383 4384
1819 2849
4231 9617
3256 5004
1323 9711
7637 7674
3404 4967
5762 6208
6626 6921
3870 6142
3983 7226
2160 2682
4791 7323
491 7200
5703 7605
3020 3144
1633 2661
3724 4314
904 8635
510 2050
1082 7834
4825 5159
790 8165
3119 8841
2098 8766
794 3933
2969 6651
1039 6323
1466 9140
3611 7766
1874 8414
285 7336
30 6520
1233 4298
5646 5966
2671 3466
3446 6736
409 701
2969 3597
7819 9109
2732 4717
5351 6738
6965 8012
700 7352
6456 9373
2301 6867
1964 6898
5914 8545
89 1024
4793 9243
1750 2533
1944 4325
323 2683
6007 8570
2533 8094
1971 6018
1074 2937
1832 7016
4263 5959
906 2937
5727 5863
1100 2345
3761 7578
307 5900
6472 9489
552 8801
3171 9518
2823 3672
5243 6335
4852 6824
964 8745
2638 8975
2105 3847
153 5947
5093 5842
2618 4602
785 2390
4401 8966
873 9538
2597 7206
6408 9386
139 9225
3254 5929
1161 5322
7717 8631
73 182
3318 6896
5512 8026
600 5695
89 5564
3538 8397
3715 4632
4325 4406
1959 4106
116 3007
1362 4342
217 2628
4180 8883
5384 7091
3662 8796
3022 4610
276 3349
5244 9321
2595 6918
993 3158
8402 9202
6243 8267
4336 6208
4498 5505
2367 6097
5512 5580
2840 4965
3408 8714
3367 4319
1196 7416
3666 4601
1828 2090
882 9160
1330 8762
1564 2831
3835 5844
3474 6579
1180 8022
1399 6895
6544 8982
1037 8265
3008 8025
6129 6351
6490 8191
3740 4684
2314 3673
1179 7726
3613 4826
4423 9712
32 8529
1941 8247
7598 8529
2060 4180
1120 7448
2284 8398
610 3402
6184 6364
2856 3399
1459 6846
682 3205
6092 7200
172 7243
3301 5122
7156 8472
2286 5552
1542 2440
3540 8630
5558 7809
786 4132
7391 9781
6616 8418
5661 7340
4027 7629
1315 9165
1274 5436
2039 9030
6720 8561
119 1217
1548 6388
464 5934
4495 8225
3615 9472
43 2205
92 1229
1955 6876
9662 9706
875 7270
5163 5449
5322 7106
4665 6447
3479 3585
4245 5500
507 9518
3291 3467
4093 8663
1456 2609
139 8160
2266 9092
7960 9318
8160 8762
6563 8932
5652 7357
2798 4151
1256 7974
1126 5322
2503 6868
5322 7391
1670 9600
2795 9180
1289 6207
3584 6807
387 9663
4580 7188
9297 9571
3045 3650
1869 6988
1300 9385
468 2846
5878 7644
1014 8500
5085 5090
3352 7681
2540 3483
2523 2894
1381 6212
4397 5321
4303 7518
3043 9092
2067 6634
6296 8029
3205 6208
3862 6622
1782 3944
3027 3714
7946 8389
4336 5701
771 2866
4948 8767
4314 9395
5339 5601
6722 6724
4610 8182
91 8352
4473 5686
4035 9591
2841 5400
8550 8598
1606 8795
6232 9361
4630 9040
4373 7526
1337 9663
1417 2394
3786 3787
897 2305
4900 5788
9565 9677
1700 5098
2025 9361
3223 6246
4829 7296
4033 4097
5615 7785
500 6938
298 429
2540 9486
9166 9427
746 3302
1471 6672
4961 5365
1477 3939
3978 5397
4748 5911
1383 4812
1198 2210
987 1698
7877 9448
5195 5352
3037 3145
2034 4729
2523 3446
2245 6160
1914 9819
3042 9727
2216 4548
2349 9616
1500 1570
3372 8107
3080 9023
3931 5711
1388 6261
7336 8424
3603 5210
1579 3488
6657 7760
3635 8295
5069 6340
770 4951
6041 9838
5890 7619
3444 8379
302 1455
3434 4893
3834 8531
2133 8769
5074 5418
91 232
3328 9473
673 1471
1737 7377
771 6478
2056 5770
3931 7133
616 8480
1310 8400
1782 6033
526 8769
3360 7079
9059 9375
6007 7593
1605 9442
5023 8170
3847 9259
5877 5878
2648 5127
3470 6752
5601 9342
4600 6337
2012 9027
4729 9225
3802 5076
1224 6329
32 3015
166 1160
2027 6326
2408 6266
541 8733
3040 8160
210 1445
4954 5760
5212 7778
1951 5359
4866 9291
1910 8129
2061 4412
9574 9644
3448 9827
417 869
7163 7786
1174 9696
5808 8627
3636 4097
578 4550
2098 3691
1229 5840
9144 9288
1295 6851
917 8696
1850 6940
942 5602
3763 7681
2902 5524
1267 1635
409 772
3971 4395
6339 6938
406 1437
6553 7704
1811 4254
596 2149
3367 4796
296 5220
751 5350
1327 8433
2084 7183
459 6963
3891 6574
3817 4547
3366 6242
8733 9143
3209 3661
6010 6147
1797 4867
1817 6234
75 465
339 4166
8007 8476
758 7349
5531 8897
1250 7864
3883 5732
673 9394
5150 6819
1977 5889
4200 9155
6662 6941
4537 7528
9448 9598
7457 8630
3384 7838
2266 5615
394 3544
43 4002
7423 7956
4613 5321
5052 8588
5052 8224
3185 3237
6721 7354
8661 8761
897 9821
8038 9409
1930 4002
3437 9635
1782 7199
1268 2494
7167 8556
6693 9568
6478 8911
1474 1689
1160 1471
604 1835
958 3816
3967 9626
496 6251
5700 6895
9154 9276
5352 5504
1649 8068
4645 5617
425 7416
2814 8386
8531 9608
1031 7460
781 2859
1681 1854
6657 8574
2515 6157
506 828
6308 9400
2745 3057
7341 8010
6563 8236
2063 4927
1569 5210
4752 8026
3687 4756
2615 6873
4288 4571
5539 7785
1098 9223
6982 8103
515 4334
6205 8026
4157 9120
1564 6226
2335 3650
1886 5872
4088 7241
1479 8560
2656 5322
4585 9726
2399 4327
2197 6252
6911 8021
199 5630
4173 5862
2018 3176
2541 7563
5661 6523
6957 9588
2778 9352
1 3054
5986 8663
269 8050
2662 7312
4045 7315
1167 5809
2391 4181
91 6912
6577 8564
2985 8919
3073 9059
159 4154
1391 3932
964 9179
4786 8196
1782 3119
4977 6098
1473 1987
106 1147
3399 7301
58 3042
392 422
319 5435
111 3787
101 1642
368 4490
1204 7009
4307 4632
4103 7583
7937 9165
3898 8210
29 4992
1354 1357
7543 7594
2305 9821
4245 8931
1572 9274
1864 3533
7315 7333
333 5510
5804 7108
1375 6747
712 9769
4191 6076
534 2746
1347 5856
1954 7959
780 7076
3431 6501
732 9198
334 7735
3028 4258
2158 4468
9096 9629
2230 9527
913 1557
5365 7813
981 6092
5755 7461
7760 9165
732 2303
25 5272
4815 7126
2921 6744
1932 8661
2559 5995
2210 7583
423 8101
4575 5212
3487 3754
1579 5365
4135 4473
1160 6129
1720 5518
3890 4097
809 4451
3745 3864
2034 8749
7430 9189
7885 8778
5466 7893
209 6227
402 9409
6272 8006
4748 6010
4608 5646
4284 5156
2878 7987
1751 2606
6655 9348
6972 8933
6018 7785
3065 4751
281 9160
1120 6164
3110 4164
1166 7646
2714 3480
8877 9448
232 8763
855 5244
9063 9187
2051 2635
3910 5626
3937 6467
6939 9781
2161 8774
440 4558
2854 3147
582 8938
3921 8861
5890 6889
1737 6129
26 3487
70 9624
810 3750
1229 9477
4048 7913
7164 7197
5421 8060
547 9472
3487 5225
970 8641
4074 7099
775 5722
1315 2658
872 1025
7009 9472
4702 6163
6323 7923
4341 7000
142 1179
7245 8669
2576 7116
4079 8070
7739 9573
2159 7250
5553 8293
2575 6267
6296 6912
1402 5187
1610 6636
6657 7193
2411 3089
28 1419
2633 5320
6845 9176
6230 6498
6249 7625
465 1471
2580 3369
3054 7826
1068 4729
2358 4957
4067 7432
1231 3902
6950 9059
3063 5714
2640 4782
8318 9516
5548 9486
5592 5799
2595 4893
380 6129
3612 6053
579 9518
2230 4627
1487 6409
6142 8459
679 8260
3287 4574
5905 8814
2902 6350
233 8690
8656 8827
7100 9229
1015 8630
4583 9864
5000 6328
115 7149
2334 4782
913 3966
25 2590
1826 3849
3517 4227
1763 6496
2603 8304
5279 5338
2098 8271
7016 7196
8414 9767
565 2123
2215 9659
3113 3748
81 1321
1161 8261
1526 2283
4067 4893
6832 9585
7003 7784
8021 8576
6339 9007
7489 8079
2531 3884
1471 8901
2259 7858
2356 6950
1152 7156
7416 9628
5560 8761
9299 9361
574 5075
3475 7234
9466 9822
89 7573
2391 3127
326 6374
1969 6729
3232 8532
1385 5877
868 3081
928 5548
5709 8764
6128 6729
1694 1826
3065 5663
5780 6818
4450 4770
3852 4124
307 537
970 9596
764 5762
4568 4569
6292 7126
7100 7593
6968 6976
1167 5482
1899 2255
3024 6569
5651 9050
882 8387
785 4084
413 9209
4303 6043
1414 3505
3309 7298
1626 7177
4318 5831
2043 7991
5745 5863
4793 6294
3134 9405
4537 6502
2996 4107
1004 9408
4426 4922
7048 9849
3005 4802
2826 9862
4199 7958
6052 8445
714 8736
797 9446
1318 8652
6633 7107
4160 4585
521 3516
6693 9774
991 7083
2035 9053
1332 5686
1462 7715
6409 9429
1332 2192
937 5801
3634 3937
31 9502
2610 5047
2743 5102
106 6026
1167 7200
2199 8828
7689 8448
5118 7703
630 9649
2776 8440
542 5952
1687 2658
8300 9495
2357 5133
1444 7793
357 6854
485 820
7704 8236
6280 7669
739 5900
940 9660
1986 4812
2644 5403
4643 7260
1270 8096
5461 8915
3015 7439
1452 5951
731 2775
1680 6337
1201 7009
1373 4966
413 5539
5313 7942
1386 3794
5090 7954
2251 3404
4884 5006
4013 7091
1147 5796
8051 8941
5414 8820
947 1779
6225 7196
2987 6327
1473 6289
5978 8531
5417 7948
2022 5005
5331 7429
7126 8353
4812 8140
5737 6393
1144 9155
1336 7825
423 5938
4008 9603
2811 8872
1870 4840
1799 2737
1551 6596
5841 6129
5978 8362
6876 7977
2375 6985
1506 9579
4063 4909
2018 8980
692 1337
1897 8786
2892 5292
2035 7785
5341 6634
6490 9352
2051 9100
776 3027
1751 6057
2327 7081
3215 5481
2412 7910
1137 9179
6552 9156
2127 7101
781 1940
3076 8732
2995 3037
312 863
1086 6636
1676 6708
3163 9194
3027 6669
4002 6289
5500 6636
3150 7454
3536 9395
1161 6129
1886 3056
4584 6187
584 1327
4002 5463
1399 9403
1644 2479
993 5742
6414 7872
6898 7917
2050 9869
3399 4045
4004 9472
1013 4446
5202 8959
439 3431
3641 9767
1733 7076
1294 7460
607 2236
4384 5156
3586 9098
2172 5338
1828 6583
2383 6912
7620 7733
9497 9662
360 1170
4420 7349
2883 6477
3944 4893
1662 8401
7175 7813
6584 8503
2949 6731
3822 8095
5991 6149
1208 2210
555 673
2676 5835
1929 3894
2822 9258
228 6997
848 7140
6323 8467
5807 6250
170 5928
919 1408
6067 8265
7855 8126
1687 7785
3341 8559
3983 7442
951 9367
2181 2808
707 9269
1161 6351
2687 7891
4870 9291
2458 9265
994 8352
160 5742
4910 5652
4177 9400
6913 9693
3932 6018
7188 8191
4656 5740
954 6790
1011 2603
4344 9567
3631 5592
3669 7217
2382 3031
1144 9059
5013 7327
6596 8454
6208 6856
2233 5237
3476 8542
6423 7619
1689 6977
2211 6989
1827 5682
5548 9489
4956 8314
778 8242
1513 8938
917 8455
2044 7321
401 8629
409 3966
429 1462
1773 6360
6337 7016
5600 5644
5730 7815
5163 8966
2983 5467
4910 7357
6628 7276
7208 9506
6625 8938
1139 2694
384 2644
1354 6330
160 8531
1294 9395
1645 6047
981 1161
4966 9518
696 2650
1244 6815
191 1329
3298 7906
3648 3650
1269 1406
3536 7412
6919 9719
1471 8837
7472 9677
8261 9693
1657 5365
1851 6289
3086 3411
170 8680
359 566
3020 9302
8382 8975
4263 8443
960 1569
5431 8238
764 3479
350 401
2721 5655
4200 6462
2077 2299
980 7514
7083 9059
6230 9504
7472 8526
1828 8347
1854 4620
4870 9266
1979 6012
3971 8702
4946 7223
1506 3737
1434 6335
4671 6007
2911 5032
1851 7549
5025 5292
1006 6190
7387 7875
138 9774
8446 9488
2092 7173
5144 7561
297 943
1798 7853
2573 4384
4431 4783
6709 7244
7835 9135
994 4748
5279 7813
1466 6372
5148 8529
1737 8273
2304 7571
4062 6696
1513 2937
2895 6023
5072 7886
6586 7142
5950 9370
5338 6572
7776 9526
3634 5618
2030 2837
798 6269
4579 8241
3568 6405
4286 9728
3920 3967
8598 9235
2838 9626
1721 4604
1005 5565
8168 9302
3966 9440
3411 8555
4975 8089
1681 3227
3564 8730
2694 4263
387 9373
1977 6243
866 6364
5799 9502
4272 9518
3787 8013
6510 7381
5862 7537
2633 3661
1506 9400
6289 8414
6053 7704
2156 9225
2 3058
2631 5600
1994 5767
3536 9706
509 1390
3052 5407
4001 5156
3265 4224
3534 8227
1040 4038
3565 6650
4054 5938
7038 7106
2766 8748
1444 5544
3127 3920
3360 6439
3564 5800
1763 3822
1256 5485
2165 6808
4301 7106
3703 6603
3487 4598
3972 7903
1827 2488
5630 8076
6637 9197
8628 9050
2561 5749
5655 7036
3551 4445
2234 7430
1229 1323
6632 9409
1264 7677
2726 9606
275 9476
2508 4961
4177 4602
4614 9109
3158 4840
5463 8953
1161 3718
1327 8564
4578 8901
2775 5722
135 2800
2675 4183
2861 4832
732 9126
3925 6726
901 1826
1458 5541
5980 6961
3528 4954
6057 7643
2559 7030
2435 7869
1846 7839
2234 9356
5686 8352
1938 2165
2067 4412
2993 6278
757 8109
979 5237
652 2519
3550 8595
5695 6472
5236 9026
4482 7562
2896 7813
3501 4802
5322 8241
974 7994
164 6230
6303 8306
2716 6850
4173 4556
5867 5931
3344 5931
5807 5967
2356 6936
473 6849
169 9168
895 7555
3803 9816
3081 8181
91 2573
1358 4762
974 9642
2868 4935
845 2912
7717 9018
967 4796
1513 5679
2614 3756
6472 7389
2694 9668
6053 6704
361 5386
1248 2177
2890 3789
5870 9566
3041 6820
3921 4092
6632 8269
2856 6409
4802 7149
3832 8873
1229 7596
4916 7125
3717 3920
3984 8429
4869 7772
1311 2230
6295 9380
6364 8168
1782 5556
5858 6310
1078 5794
5716 6583
141 5046
989 9008
5720 7882
366 6192
7412 9660
2886 9641
2025 9299
2226 3949
668 7573
4956 8614
632 8638
360 8111
121 5450
4872 8268
4783 7460
2098 9349
2161 7144
4245 4634
1700 3925
5506 5556
4416 9706
509 6029
2913 2918
4876 7436
1493 6496
3783 6027
462 7405
1167 4930
537 3758
7144 9706
4761 7183
7948 9785
1941 3308
2531 3344
4930 5809
3387 5986
3205 8327
3634 6328
7385 8914
1658 3964
3612 8241
1190 6193
6813 7081
7101 8116
1038 6834
2098 8585
5924 9260
1614 3038
1754 6064
425 8628
1522 1994
8182 9181
2487 7887
5324 6921
8472 8568
7889 8995
1742 6193
1184 5212
2676 5345
5377 5520
656 2314
5564 6217
5713 9530
930 9198
4002 9260
345 589
1041 6552
8282 9616
5612 6574
536 1649
6097 9726
6906 7759
2848 3043
6300 8080
3802 5985
3185 8994
1197 3355
3330 9514
1061 6121
483 6381
2291 4022
258 5797
3928 5580
1687 5998
411 7839
1337 6009
399 5577
1393 1829
3091 7023
788 9580
1968 4246
2097 2593
180 1471
2318 3945
2942 9530
4508 8113
2813 8387
970 7623
5376 8049
2493 9265
1700 3963
8353 9386
768 8348
4473 6897
2559 5512
3803 9817
1828 9078
2161 9662
4604 8006
6249 7164
1138 4773
2616 4159
1038 5938
1437 5137
1663 5061
1913 8310
4478 4590
5210 7392
7863 8185
2534 6644
4903 7333
3723 5528
2943 6584
272 6690
3767 9297
495 4333
7073 7126
6024 7171
6936 9767
6296 8352
3971 9373
2561 3549
5493 9598
2270 7988
2230 7326
361 6359
2531 5554
1884 2806
1838 9277
463 6193
4018 4956
2318 4276
1147 5938
3659 3999
6601 7652
2427 2761
4465 7065
3249 5586
2703 4018
4229 5841
5841 9720
7374 8931
1831 2559
203 360
6706 8778
342 7352
80 8730
1201 9751
3615 8265
1782 5122
41 453
2184 5016
9656 9827
565 4228
1055 4013
3587 5237
2044 9724
5871 7389
5983 8158
1597 1750
1700 6726
4818 7076
1717 5616
3615 3805
82 8500
1176 2685
383 3647
3015 7473
2410 7869
2248 9010
3351 4207
1085 5489
2327 5333
773 8026
3750 8456
2290 3430
942 8919
2722 8456
2401 4353
4057 9677
5094 9741
6943 8116
629 1578
1500 5871
5338 8605
994 4384
3729 4912
1753 2077
843 1410
5063 5350
5362 9483
1546 9694
2519 7553
6723 7525
138 7070
1159 7038
858 5612
1114 3504
1087 4584
977 8466
1623 6607
2281 5482
1570 5953
1770 3772
2237 6463
1201 4252
1022 3980
6390 6883
5400 8277
4571 6497
7412 9662
4358 5409
629 3765
2810 3662
9022 9040
1338 2776
261 1415
118 1455
2101 5044
464 5456
1633 3750
1570 4100
4872 5722
27 4087
3134 4291
293 5655
2822 3804
7336 8677
5502 7538
254 2785
406 4242
6094 9396
8004 9210
9395 9706
434 1500
6165 7668
306 4017
175 6958
473 2098
3357 9721
1164 4199
4340 4802
624 3753
4032 5618
1994 5954
2726 2864
1578 9380
980 6456
3360 9291
2476 6084
5635 9590
2913 4691
1180 7389
3822 6496
732 7162
6328 7607
1052 6217
1994 6146
2756 9012
1424 3307
7482 8440
4126 5084
4262 8219
485 1500
3144 9302
1917 3853
4815 6974
2146 2527
944 9243
896 8585
2540 7537
3621 8474
135 1592
3227 8025
1625 8101
1578 7413
4752 6884
3123 7806
1870 3327
5324 5401
1599 5564
7894 9463
4949 8722
445 6319
1782 4103
3587 9597
1666 2763
1518 5835
1570 9489
3049 7961
423 2314
632 8086
1551 8353
6297 6647
2950 9034
128 1864
1997 2293
3944 8837
745 5350
2746 3615
3909 8832
4238 9651
4529 9391
2672 4356
7360 7569
2789 5473
2057 4620
968 4504
7938 7943
323 5137
3022 6015
260 465
958 5700
6780 7717
437 3119
3550 7541
6279 8718
3244 4940
1243 5419
2249 7349
1506 8969
3483 7537
7069 7101
2847 4067
5364 9822
4409 6388
3784 8703
613 4478
5062 7872
370 9145
483 3704
3399 8237
2832 4789
1007 8561
5764 7695
6503 7100
4193 6011
5966 7785
2598 4933
6339 7439
4368 9493
4451 8345
1654 1864
3057 5655
77 2861
5609 9621
7641 9244
3310 3775
7935 9474
7699 9476
7605 8651
7548 9156
514 9304
600 7605
257 9822
2709 9174
56 1264
3662 9491
5195 7865
2947 3188
5693 7547
1751 2815
3654 9255
1832 9096
4703 5477
8154 8191
4407 7695
2955 4150
2998 9813
7786 9576
5359 6187
4099 7870
1862 4235
1280 7160
2033 7455
482 3293
6597 6844
3132 6350
5635 7586
3275 3305
4653 5222
6496 8296
787 7175
3324 8175
1813 4634
1684 1686
732 875
4363 4677
8182 8421
1308 4254
3564 7122
1332 3565
863 6360
3762 4065
6627 9042
1343 8714
3272 5690
7867 8123
2902 8452
1117 5322
690 8127
5738 8436
3701 3702
3823 5190
3704 8719
2785 3615
701 1444
3531 8119
7326 8414
2412 3399
334 7838
1332 6558
5221 6340
981 9774
6859 7952
629 4273
1817 9166
3731 5242
2022 8754
2239 4022
4411 5507
2514 4417
5050 7439
4440 7277
979 1396
547 9600
1227 6321
9803 9830
9751 9812
1138 1231
1461 5911
8123 8939
2435 4911
2957 4415
1437 5315
5124 7039
1391 8837
3387 9003
1455 4101
1165 4752
3079 8843
1784 3709
3777 6030
1106 2698
463 3643
4027 9009
2513 9478
1643 5492
5227 5228
5556 8191
6485 7815
1603 2478
1477 1733
3492 8484
3695 8886
77 3939
4945 5284
1329 6538
834 1460
3250 4462
6411 7079
1382 7153
6861 6862
2023 6078
8307 9329
828 4500
3852 9791
4729 9602
91 8836
2984 6194
4943 9031
8212 9013
6781 9163
779 4916
464 5163
486 3644
2410 7951
6909 7381
2936 8842
1630 9382
593 8141
173 3932
1250 8975
5568 8518
629 2740
3501 5545
2888 8272
1057 6461
875 9126
981 5679
4345 9400
2464 7976
2679 6066
5959 6826
2441 3471
8255 9634
2158 7408
7436 8519
2593 8636
5829 6210
4173 4866
490 1314
2071 8725
2728 7037
2103 9406
97 9412
172 2861
5212 5685
5342 9400
3109 4900
2744 4296
1068 1973
5212 7653
5207 9026
4136 8570
1277 7171
1074 2674
1024 3890
2056 4814
3408 9291
501 2077
3424 4540
7219 7538
496 1813
2716 7156
6712 7200
1209 4814
5636 6589
1159 9620
7590 9595
3988 9612
5896 6456
1817 2778
7198 8738
92 9467
6351 9736
3179 3478
6738 6739
5996 9378
1197 7495
1717 4373
5223 8474
4421 7969
7080 8771
1002 4229
3967 5548
1621 6787
6375 8127
261 518
1444 7968
1900 5432
6037 6471
3644 6895
5575 8628
1059 8148
3750 7224
1829 3512
39 8658
2609 4893
1074 5199
1375 5471
1366 1831
2736 3496
496 4752
4748 6897
2249 3670
902 1881
4129 9241
1587 8531
1075 3132
102 5420
800 6278
2305 9270
5129 9560
4342 4572
950 2920
1536 8011
849 5185
4429 8197
315 8476
4069 5061
1617 2012
5383 8773
984 5915
3313 6478
6506 8199
3644 7466
2103 7599
2503 7915
3948 9083
785 2333
267 5800
4336 5645
858 2359
1094 1644
3056 5388
3352 5187
962 7769
5047 7200
2963 4344
4127 6393
5279 9537
4464 8654
3015 8480
4594 9592
3 2471
237 9617
1970 5464
518 3228
1874 2604
1997 5001
578 3139
5652 7534
4437 9638
5957 8315
8296 9839
983 3625
2785 7855
1619 3764
953 3452
6428 9316
2936 4661
413 3643
3646 8953
1481 9382
96 765
1745 8252
2522 5351
8181 8288
3146 5227
5489 7599
1551 3843
2585 2624
6265 6267
4718 9324
3391 9215
7816 7822
4136 7778
3621 5998
5649 6047
1864 6958
5841 8261
1694 3375
7623 8843
1828 6780
4473 7202
526 8596
846 3945
7418 9616
1002 3587
1498 5368
1567 6342
6605 9541
1825 2638
142 7726
113 5498
3029 9413
1 9559
3029 8919
4338 9057
1027 6517
668 1443
2025 8967
7141 7560
3796 7456
3450 7589
654 8296
2877 5564
199 1854
387 8579
4314 9497
5653 5663
3944 6704
2885 3128
244 5572
3310 9265
2283 7789
2627 7867
5152 5448
6876 9011
6030 9642
1473 2281
3594 8287
7638 8945
1668 5630
248 6577
228 8241
1105 2134
2384 2389
1754 7076
8190 9021
4661 5023
3185 7301
875 2217
732 8847
1179 9722
3029 7675
602 4632
4797 6070
2917 9034
4297 5464
1321 2935
1466 5188
4958 9257
4550 5134
7834 9494
5040 9140
1693 6478
8490 9241
7796 9609
1379 7656
4823 8653
2735 9514
3662 7156
2911 5405
5584 8576
7438 9117
2956 7428
1383 2262
4225 6809
3013 6907
1784 7622
4929 8238
4697 7823
361 9099
8163 9489
6844 7555
5221 8704
4082 4442
2495 4299
5548 7126
558 8926
4710 9639
866 1474
5479 5670
2073 8168
777 2490
647 1082
7189 9789
3526 8079
6297 8287
2237 6498
1453 2987
5892 6284
2561 3561
832 2899
951 6388
1614 5427
3805 4614
7765 8653
3450 9409
5065 7396
2523 8394
993 4840
8028 9409
5678 8661
7007 8102
1506 8365
1742 6013
3718 7472
3205 7560
1473 3836
6936 6950
361 8006
2571 6398
370 5046
2745 5464
6668 8526
7119 7238
6293 7585
5025 5398
740 8465
4103 4752
3807 5693
617 8762
2501 5013
785 5119
3514 7125
468 9600
4317 8094
904 6887
3005 4821
5633 6370
6289 7840
1445 7210
1088 3920
3964 6465
492 2987
2654 3548
1646 7275
2357 3185
3390 5859
232 4284
4579 8006
131 6822
4020 4038
2501 3195
6798 9721
1658 6939
1062 8361
1537 5786
3719 7466
4299 7239
41 851
1444 6712
149 1569
3115 9309
994 8029
3040 3543
5489 8325
2499 7024
6737 9292
1721 5158
153 4267
3054 5651
1955 3038
6595 9714
1518 9262
6030 7385
3327 7063
3615 6556
1942 2701
2666 6467
7288 9418
315 1952
6017 6147
909 1309
1144 3719
830 7349
7418 9229
1085 6007
5039 6030
1198 9176
3285 6965
9073 9206
3583 5917
4260 6802
1338 3823
6092 6419
1987 3300
7989 9352
1638 4329
2610 2661
4170 5272
1087 8744
370 7241
196 4411
6249 9058
4219 6578
5863 8762
3063 3088
3621 9092
8422 9434
5237 6780
4473 8577
2918 8317
5717 9762
3944 8107
5767 9677
6060 6097
659 1685
944 4793
2034 8537
5050 8674
8552 9671
232 8836
987 7730
1513 8285
7076 8687
3852 4172
1946 3584
2367 5221
8315 9522
2452 8094
3483 9486
147 6940
1401 4934
496 1578
2156 8345
468 2588
7975 8694
7563 8101
2252 6129
3475 8157
7518 8426
2633 4579
2158 2723
629 2537
3027 8663
5001 8388
4060 9677
3515 4604
701 6316
5841 7472
2505 6873
7565 8007
4180 8267
2759 6881
491 5482
4564 9629
4493 5152
2847 7170
2595 3938
2841 5976
2381 5862
1110 2288
2561 3604
6306 8266
2435 8134
2359 7867
6364 8043
3900 4149
5763 9762
634 1481
91 8029
3204 7926
1540 9753
6344 8762
2251 3648
439 9550
1134 1270
134 6151
5034 5659
9644 9743
1158 3164
1013 5464
3152 9323
5316 7805
4701 5957
8749 9225
3206 7426
3558 5977
1599 7583
682 6418
6310 8714
8828 9764
4610 8938
4110 5710
4215 7868
1802 7838
1229 9650
5208 9767
4171 6866
160 2987
7716 7911
3271 6526
2879 4661
4093 6669
144 7917
1430 6201
3007 5940
7210 7907
1159 3785
1932 6678
3841 5740
6111 7071
1295 9350
2113 4724
4434 4784
2520 5977
8628 8958
4628 9527
4557 5118
140 5063
2376 5275
1685 8068
5207 5236
1167 7461
6769 9594
3573 6302
3542 8826
285 2318
5941 9361
6407 7261
5853 9663
1578 8923
3613 4118
1388 7149
5489 8948
1737 6496
1564 2594
1667 7755
3967 8094
1291 4698
1589 5159
3923 6807
1961 5835
7059 8765
1481 5655
3415 4773
602 2208
7850 8201
2281 7695
5998 7229
1895 6918
381 1812
7115 7593
9363 9668
276 3287
7733 9375
4314 9706
4388 6645
3750 6780
3573 5212
326 9511
2613 3683
534 3615
4706 7334
1424 9407
3808 9373
4473 5911
1713 7855
2632 5122
2736 5560
5425 8037
4314 9721
7950 9689
2621 8257
924 1445
254 9769
4452 8531
4397 7261
445 7196
4930 8600
4764 5925
3041 4029
4759 8564
4163 9337
923 986
5944 6660
1609 7898
732 1689
4783 7144
9292 9342
4819 5700
2950 9803
827 8730
981 8493
4666 5372
7153 9124
1754 7697
646 2098
6292 7276
2620 2918
4506 8443
1450 8925
1628 3113
4773 5000
3609 5236
6230 9416
494 4127
6272 9429
1462 3957
340 1799
4254 8859
991 5446
164 8262
2361 6971
1445 5682
6670 8680
1854 2057
5866 6075
3358 6343
981 7038
4895 8201
6981 7887
8203 9471
8147 8157
552 4196
40 6130
2047 3659
2383 4300
4407 5942
3691 6077
3816 8720
1763 5286
7149 7349
2156 3543
1572 6517
3134 9553
7981 9040
1625 8099
917 7123
1471 2778
5873 6368
1610 6250
383 8649
7336 9490
1948 8509
6517 8915
91 7202
6724 7205
1109 4788
5756 8484
2339 9466
1982 3122
771 6013
8202 8421
5187 5996
13 2778
5584 7408
297 2370
3280 9694
902 8454
3492 4248
190 9832
3991 6693
23 1946
973 1806
1770 9102
1294 7412
5800 6850
6048 8077
1672 7547
5384 5900
3448 4844
3408 9120
2471 7126
4609 7430
889 9393
4507 4685
6356 8336
4945 9047
1592 2110
1461 6558
1167 3595
7942 8388
2071 3188
2235 3247
638 9380
5845 9059
7923 8227
4321 9178
5727 8529
4460 7276
711 8767
3328 4469
294 3918
281 6035
839 1644
3298 3559
1043 6189
1296 1640
6406 9386
1705 2172
5090 9644
6644 8325
205 4484
5745 7110
804 1578
7645 9244
3040 3339
171 8699
1999 3343
7791 8275
2031 3014
5115 5489
1900 9834
1522 4057
6356 7670
8592 9861
4487 5187
3367 9260
701 2164
7451 8053
5489 7662
3105 5240
2735 3369
99 6632
1443 3228
4923 9494
392 7995
2633 3191
5040 5634
2544 5630
2015 5414
314 8556
2122 2795
324 4197
9343 9407
1765 8357
1250 3399
2609 6291
7156 9607
2512 4046
94 1974
1388 2577
2471 9547
2845 5695
4605 6868
6864 8720
4570 9837
6704 7109
1087 9044
1653 8762
4151 9605
7226 9297
2161 7460
5027 7977
5964 5996
8642 9716
6681 9010
973 2230
3483 5871
1775 7442
2368 3943
2300 3036
3945 8241
5428 5468
4651 7741
88 1911
1538 4184
2573 5911
2446 5712
7121 7658
6234 9352
3991 8011
2586 6904
1782 6292
3044 6492
7781 8950
3236 8743
465 6129
913 2574
3643 7395
2866 9431
4726 8109
1482 9003
5197 5711
1737 4550
2570 8931
6853 6871
3921 5664
3000 3332
6316 9165
6129 6818
576 1382
6914 9761
3375 6956
2870 3163
2902 9547
5236 5771
7475 8070
2230 5701
1142 6240
7472 7597
3536 6798
1 5388
9400 9537
6768 6974
4451 8537
3564 7760
0 7049
5751 9711
1899 4154
3038 6876
5577 8261
4783 6798
3699 8109
478 3829
2327 6067
7657 9801
6025 9206
3621 9854
6023 9843
3097 4292
5125 8800
8058 9635
7170 7440
2133 7713
5 323
285 8730
2263 3347
738 1425
3774 8164
8562 9745
3501 7036
990 1810
1974 8905
1987 3347
1681 8484
3710 5040
3568 8043
2945 7514
8438 9838
1327 4755
5328 5733
5539 9099
3896 8875
493 6284
380 8607
3717 8094
1003 8035
2445 4302
91 2383
483 1640
471 4733
2979 6819
3822 9154
3691 6862
75 6234
5650 6655
2098 2387
6472 9542
2266 8452
4084 5567
5692 7999
5590 8702
6064 7076
467 4125
1888 3029
1149 6866
8380 9840
2841 8587
7038 9736
671 1162
417 5406
2199 2297
2907 7841
57 5938
2067 5341
1408 5669
6338 9769
5292 7943
3648 4605
5227 7953
2940 6039
2077 5952
4054 8948
5178 5330
6135 7340
8740 9249
7149 9407
2651 8995
505 977
6444 6998
7198 8837
4602 5144
6595 8591
1948 3263
5270 8060
967 1548
3101 6813
3591 6155
591 2954
4585 6906
3816 9053
2775 5082
940 7460
1876 3356
2098 9186
7021 8999
349 9438
3020 4122
5845 7199
3643 7201
3668 6292
1681 6563
3015 3671
1256 2503
8653 8858
725 7537
4640 7453
1090 1500
7592 7998
1054 7230
2034 9225
153 6316
174 4397
2755 7234
1088 8094
786 4966
746 8298
483 4456
7706 9439
2571 6311
2192 4748
285 1471
7083 8545
2507 2894
413 3938
2817 4388
452 3546
3792 5512
2164 9834
1469 9255
5657 9083
3443 9756
5100 9769
3411 4773
461 5745
7543 9188
311 5219
4099 5150
5084 8392
6928 8654
3362 9411
8491 9192
2931 3479
1510 8078
5467 9335
100 2292
3102 8935
2595 4456
2093 3241
5258 8133
3359 8235
3185 5271
566 6289
1685 6049
765 3923
3967 8931
9544 9774
714 1687
5419 9279
2723 8845
5669 9528
3585 7374
983 7395
5077 5985
2073 8919
546 4832
5221 6075
1165 9771
2856 9337
4916 7039
4031 4417
158 9454
3321 5813
2751 3650
7688 9475
478 2283
1542 7848
5862 8639
601 8259
3525 9407
1133 8534
3700 7026
293 1391
2996 4011
1797 7129
1929 2245
9363 9541
3258 9265
2632 5941
1476 5213
1557 1852
7596 7990
3816 8296
6911 8953
2202 4780
1834 3965
137 6120
3205 6250
3043 9083
6 5586
3093 8674
2098 8032
866 4872
6864 7977
94 887
1461 8763
4182 6376
4102 6000
2147 3406
323 3889
312 9166
4081 5634
4916 8772
3168 5511
1387 3991
1291 5661
3043 3648
565 5777
747 1501
4278 8032
6046 6552
6448 9048
1773 2098
668 1742
7860 9227
4376 8230
6537 9753
2744 7459
2359 8521
210 924
1258 3218
1471 2887
716 3244
714 3932
1229 7200
602 3810
5058 8112
1987 4752
1207 3119
1990 3314
2558 4694
6390 8324
1436 7889
3540 8634
3932 8414
5482 5556
5879 8603
2007 9378
4637 7114
7441 8452
1039 7671
7084 8786
5225 7464
1376 4684
2769 8243
5496 9219
1828 6249
1 3670
2842 5521
3287 5538
4535 8844
2501 7190
150 5400
1473 8126
7377 9767
2778 3436
1120 3206
4434 7390
1728 5933
2260 7988
4135 4151
1471 2266
4300 6147
1602 4956
1841 3965
2496 7838
4815 8452
3842 4635
8752 9126
1761 2219
6289 7326
3253 4957
289 2226
953 3787
935 9841
26 746
1578 5564
994 2383
758 4430
1135 9445
6813 7396
909 1105
5467 6532
3994 9819
1984 2314
5695 8318
7253 8509
7164 7662
1164 8771
1378 8940
2768 6154
6300 8737
553 2733
1201 9073
5463 9377
1916 2450
6917 9239
1734 6988
7759 8507
624 6160
1167 5942
5290 9729
370 5096
4979 7829
3945 4610
6328 7662
3646 9377
3590 5910
3002 8431
917 8853
1509 9652
3227 8191
4245 6637
288 9515
863 1773
8052 9713
692 1377
4100 7389
1112 8094
3385 6294
9179 9799
1363 8564
495 1290
875 1974
1642 3103
594 4026
2590 8208
1871 1921
338 2461
1345 1934
3058 3062
6160 9541
94 4200
8653 8919
4913 8073
9163 9505
1377 6417
2196 5033
2542 8661
2145 2501
1662 8827
1930 7514
1504 1906
1717 8270
4304 8652
5566 6373
2922 9026
734 1425
1655 5205
4329 7166
5356 5412
600 1321
5468 8751
3543 8345
1947 8091
5185 6474
739 7889
4405 5513
4333 7969
1569 9543
1340 3698
1405 3037
42 8658
3357 9395
875 4200
4397 5012
6249 9228
3269 7036
1712 3033
981 7537
6350 9209
32 2201
917 8225
7464 7943
99 1685
7233 7941
2081 5050
64 6800
8040 8915
2281 6018
987 8451
2196 2690
1932 4863
2234 8531
2023 7508
1154 9460
981 6419
6011 8615
3253 6765
6103 8883
6241 8267
5402 6484
7982 9715
1137 3978
4913 6930
1025 8552
724 1233
3483 8094
6217 8433
6225 7487
7483 9751
6384 8987
1520 3226
3295 8026
5809 6288
4951 6606
547 4206
276 597
357 2633
6310 9291
5841 7038
2574 4705
6719 7186
4272 6193
4710 8627
1579 7410
467 7707
637 8784
5365 9114
149 4185
3652 4237
2609 2987
7931 9461
6574 7537
361 7236
2516 5643
3134 9190
4465 5182
1949 8839
6296 6650
4745 6820
6185 7495
3529 4902
2237 4637
3849 7704
3023 4480
2556 5091
3031 5388
1172 8080
7284 9791
1314 2840
1031 4783
3457 9403
4932 6949
4329 6895
1392 7200
1167 1315
2559 7156
4393 8435
2420 8305
136 5541
8490 9709
2530 7475
6821 8630
4004 8929
8576 9377
2209 6339
3362 3832
1143 5609
1717 5052
8005 8006
1471 8818
5386 8628
1568 7915
1811 8673
3684 6035
522 5482
1735 7462
6605 6939
3324 7343
1592 5555
1804 4336
2286 3850
785 6589
2161 6798
2042 5396
4748 8836
1687 3621
4319 9834
6632 8147
2592 3466
892 1934
473 8704
317 3652
5427 6876
4630 9863
682 8022
858 8932
997 2785
7899 9746
8992 9214
1141 7823
629 2931
5663 9112
3297 7723
892 3633
4540 7062
2249 4630
2766 5987
4229 9617
1077 6251
7 1312
9163 9466
1883 3907
1019 5073
6864 8375
5498 5616
1190 2391
732 3369
5156 6558
9783 9788
2242 7869
9374 9495
4672 4866
2992 8745
6015 7605
9067 9382
833 4473
724 5322
1564 7221
1158 8261
2161 9660
1002 9058
7207 7326
5354 8250
1161 5841
4045 7910
3031 3058
404 6975
4870 5137
682 8115
1105 7667
1633 1828
4714 4732
2537 5512
5062 8174
423 1156
1410 8106
9269 9513
2715 5822
3373 7422
554 3806
5093 7158
1987 4273
3931 5602
2269 9030
3849 9280
3060 7678
3787 5238
5862 9190
2540 8628
2170 4437
8767 8949
3822 9510
8762 9602
7056 8745
6721 6728
6781 9372
6993 8182
3120 3693
1637 3550
6389 9518
297 5148
8701 9843
4293 6330
4075 8078
3786 8763
3937 5541
5045 7760
3628 6391
1274 3446
164 1362
2937 5679
6034 9753
9297 9827
1632 2661
8735 9282
3119 7125
2359 7634
6066 9471
2913 8310
1161 8182
4401 7394
5833 6053
2657 6727
3410 6300
9152 9815
4802 9301
1401 3079
1197 3285
5397 9179
8032 9636
964 8452
658 9049
1311 4627
4873 7232
809 8537
5800 6627
1385 5878
1659 6344
2035 9685
2461 7541
3167 7449
5480 6101
3989 9240
5040 9590
1131 5125
1959 8263
1961 9262
4473 8029
1340 5963
863 4521
1922 8879
2745 5615
2694 9373
930 7499
321 5151
329 8198
99 4835
423 7537
948 9219
4597 4752
873 6242
903 5371
5187 8931
792 8840
2494 8318
3042 5249
611 5548
409 6320
3058 3886
8964 9230
3015 6067
2835 7236
8944 9577
3944 4276
4972 5652
4811 9233
2029 9686
7461 8547
5731 9362
1412 6864
3920 8092
2660 7076
3641 7598
3719 9342
8026 8218
1186 2628
1746 4628
2778 9774
5996 7106
7477 8801
5833 6083
4907 7961
2945 5463
805 6574
981 6351
8065 8275
2458 6733
3355 9460
7381 8859
2067 6675
3774 3850
648 8672
6328 6750
2123 8039
7198 7704
3779 4389
6001 8730
2458 3258
663 2494
7100 7472
522 2266
1093 1410
4746 6537
462 3189
4200 4831
4857 5904
3060 4377
1407 6482
7011 7442
827 851
4228 5759
3718 7597
4240 7415
811 1831
3041 4022
3479 4273
1024 4335
172 6700
57 2077
4888 6998
2687 4209
2902 9600
1196 9194
534 701
1118 2937
3694 5981
444 4690
361 2609
5909 8839
5398 7864
326 8965
714 4073
8119 8481
1826 3982
285 1782
3668 7424
4932 9408
765 8490
1662 6778
1377 9239
3523 8720
3357 6199
1999 2179
8699 9659
3436 6129
430 4614
2595 5510
4200 5570
4257 7788
910 3565
7707 8508
6298 7091
9706 9721
1208 7200
2230 8480
4059 4309
1825 9557
3860 4498
1236 2450
1461 6912
897 7284
749 2292
2101 5237
4771 6368
806 9583
600 8318
3996 8365
3002 5512
2436 3693
2323 6724
981 9353
7983 7988
1273 6187
906 3318
1791 3304
3485 8147
7785 9422
6804 8397
3536 4314
7917 9576
536 7401
9563 9678
5282 6389
2482 8170
668 4849
5338 6273
6855 9360
5385 5655
6149 8354
3938 4336
4497 7389
4367 9012
1294 9660
6761 7621
1054 8738
471 8081
2624 8921
2746 6657
4384 6650
5645 9585
785 3205
1381 8781
7034 9302
457 8562
1455 6265
3659 4972
2524 3065
7068 8708
2694 9718
620 4495
396 4864
4713 9620
6047 7278
5686 5911
8706 8897
6102 9315
496 2483
967 4319
1022 5957
4084 5172
2606 3615
2305 9143
1091 4053
1440 7177
698 2941
3644 3965
5365 9033
3889 8131
7797 8722
7126 7855
786 8236
896 9689
1201 4184
853 8191
1804 8522
5384 8549
6146 9677
4200 6090
7162 8127
3119 5122
242 4949
2658 6702
1004 3367
1471 3223
4389 9283
2847 7432
6593 7670
495 5964
4321 7413
3944 7240
577 7776
2890 3439
7290 7489
1129 4607
1461 4300
4054 8598
298 2104
3948 4994
3821 8912
252 802
3397 4791
1948 9168
1635 4383
4180 7674
2233 6809
1450 4199
495 5809
4436 8325
465 1895
1683 1684
2019 3445
1386 4053
7447 9822
1953 6944
2311 7857
9076 9164
8735 9474
60 7703
6192 9327
970 4934
2983 9275
7515 7944
4103 7126
5595 6280
5326 6596
229 9605
4564 7105
7687 9168
1192 8684
1573 2114
4017 9055
6780 7417
6146 7472
183 2763
3078 7550
17 2701
687 1812
211 7557
1414 5960
1987 3002
665 9265
2288 2291
2077 8047
7020 7774
6035 7483
82 1644
1165 1987
4001 8352
495 5894
423 7598
6349 6818
314 9822
1114 9822
46 6121
771 4657
2035 8019
1893 8615
307 3758
4930 6288
5401 8192
91 5911
2130 6217
1628 7049
4777 7694
293 8702
3664 8329
3007 5956
4431 7144
735 2261
499 4388
2986 4841
1317 9558
4345 4770
6496 8628
2572 2664
3607 6620
586 1169
2522 6738
1508 3600
3659 7314
2203 8627
3991 4574
1831 3083
6961 9512
1730 3094
7904 8127
6980 7840
226 2391
89 2719
3132 9073
5784 8269
3442 8283
739 2813
4314 7144
2522 6868
7743 7881
3785 9617
7 160
2816 7593
1248 7928
3590 6409
180 3740
6574 8932
6861 7596
1332 6296
3311 4957
797 5646
1165 8823
2359 4446
49 1055
393 4389
592 3743
445 1687
1578 3114
4761 8123
8138 8252
2614 6104
4409 5720
7430 7652
4359 4989
1733 6171
1013 7867
4001 8763
4860 8502
5771 7594
2377 4225
8296 9198
2481 2726
4031 8762
8733 9270
6296 8763
3659 9083
3707 9765
1399 3457
7389 9380
6485 6989
2603 8572
5661 6234
4509 5710
1578 1599
6808 9522
6563 8191
2461 7994
5451 7076
2097 3420
764 8285
1531 9349
1973 9317
732 2398
713 2809
846 8333
272 5880
7284 9058
714 9773
8200 8649
2301 2672
2448 9106
3028 4640
918 8798
2498 3654
6803 9726
2161 6576
5548 7699
4252 6593
1138 2349
3800 5655
1530 5214
3785 5883
6689 8271
1160 8515
2413 2763
4787 7333
4533 9414
3119 9212
5883 6690
3380 6582
2300 3446
4353 6740
3174 9871
8720 9404
4573 6395
5679 8025
1987 6018
3558 6294
7355 8512
566 9082
838 6229
5193 7076
4271 5693
4752 7251
1506 9326
5792 6884
4785 7016
31 2237
2161 6199
1784 5110
1854 6880
1345 7188
1750 5166
402 6192
2455 9078
9025 9279
1573 5510
3504 6928
32 6668
6067 7326
6940 8713
7369 9489
5471 8601
1294 4314
4149 7548
1968 4747
6579 7633
2263 8938
5551 6495
4066 4698
447 1930
1999 8574
958 3202
5052 7361
313 1539
2887 9410
21 8976
2640 2653
7836 8726
797 6402
3721 5365
483 8719
7086 7708
8953 9377
7915 8383
909 2175
4190 4752
7036 7478
7382 7389
1201 1659
1924 5047
5737 7199
7625 8631
1477 7563
7967 8310
8785 8886
1444 3601
4668 9023
944 6294
1813 7626
1602 4018
1721 8148
5754 7785
8975 9262
3983 9297
904 8539
136 8081
3089 6868
3683 7126
1189 9518
904 2056
6548 8000
1061 8949
3526 7032
7237 8051
4764 5043
5932 7691
1038 2077
2237 5258
2071 3729
4968 6443
1799 4060
3816 6864
1141 7337
5636 6824
1229 8246
3996 9489
5512 9659
9198 9839
413 2010
836 8640
7206 7774
552 6125
695 8853
2769 8865
5888 6921
1841 9096
494 9104
3171 7377
7199 7583
339 2615
3205 7982
1319 2540
2002 2269
809 9317
326 829
1593 6936
2967 8215
1811 7780
4344 5798
3472 8017
4314 4416
5 565
1434 6891
5437 8601
5380 6732
7141 9715
6353 8652
571 2562
158 3165
2993 5463
8730 9834
585 2901
81 4853
5221 6129
2018 8823
7442 9297
5221 5816
7894 8403
618 5836
7741 7752
457 3614
4313 4849
725 2314
6023 8877
2423 5892
8147 8269
1567 6916
682 4467
6393 8025
1696 7306
3750 4221
1773 1804
2633 6272
1658 9781
1754 6171
4174 8969
4284 6912
9196 9371
4610 7785
539 4047
4791 5359
6980 7353
5241 7857
4953 7555
863 8182
563 7244
3411 8140
445 6129
4604 7461
1460 4320
881 3363
6136 7709
4223 6297
3287 8011
1934 9165
6873 7864
1234 9285
2370 4280
8344 9611
772 9386
6946 7452
6490 7989
7265 9489
1448 6589
2127 8116
1141 3849
5564 6086
1132 4625
2200 5663
1580 5201
125 9393
747 2304
5584 6911
2169 9489
1214 9165
3218 3258
3876 6341
4127 9386
2624 8553
32 4038
2200 7312
7514 8576
4216 7503
2292 6847
442 851
1391 2887
5602 8227
384 4661
783 6520
1550 4510
458 2768
1177 7895
168 4752
3185 3798
5036 7833
1313 7097
547 1934
4439 5553
4288 6497
4473 6650
2933 8704
7408 7514
1581 8365
5661 6918
3565 6296
980 8021
496 4815
943 9533
682 3942
2636 6393
3357 4314
5189 8586
3890 9518
8480 8931
948 5764
1823 5054
2098 6153
350 7424
2522 4292
2073 9226
5204 6896
4221 7717
6252 8601
4168 4700
2399 9012
2048 4101
785 5040
3362 8485
2708 9686
7095 9289
2950 9109
5513 7347
3691 5272
1974 2722
2827 4395
6007 7115
174 3437
859 4938
4849 9386
391 851
3543 9602
3357 7460
1424 3631
471 9421
369 1580
116 5940
1782 8653
418 7324
5420 7619
9318 9409
6939 7007
7853 9613
15 9716
2918 5558
1663 9701
6657 7699
3228 8068
4343 4952
7434 8597
3244 7318
4616 8226
2949 6873
4425 7997
6663 7738
1181 8149
2039 2269
2987 7660
2055 2856
4524 7496
4099 7388
4546 8918
217 5161
393 9283
688 9441
7328 7865
3586 5892
3448 7264
833 2841
2487 5489
7196 7271
1337 6747
1578 6086
494 3527
2531 4227
5703 8202
1817 8745
3005 3644
1031 4416
399 5610
7209 7545
5745 8628
4957 5780
228 1434
2913 3471
4221 9156
3501 7770
3379 4856
5237 7839
2531 7805
4617 5020
302 4044
5396 9070
3656 9370
796 5527
7035 8874
478 6960
2295 8094
3205 3290
296 7479
984 4731
4103 5069
2500 7987
249 862
541 9270
1437 9241
940 1294
3668 8026
52 151
4720 9780
2266 8191
2239 3328
4454 6137
2930 6136
320 6373
4478 7743
2130 6359
3097 6878
1334 9804
6935 7774
539 7383
5295 6245
3219 8382
862 9227
2937 4456
411 7984
3801 4072
5037 6219
7939 9283
9693 9736
2259 3301
2973 4252
516 3844
445 8273
34 9775
91 4384
940 4783
981 6712
4691 5028
1167 5580
172 8167
5981 6191
1633 7224
357 1471
8477 8601
3976 5307
5638 6917
4614 9803
1813 5524
7824 7990
2781 4598
1666 6587
3783 4371
2234 9189
4284 4384
2866 6796
326 8766
8864 8983
682 6066
8556 9168
2033 6485
629 3932
5713 9409
1506 5365
2334 2653
3432 7495
3182 9750
617 6004
810 8050
99 2164
1588 3736
9310 9441
5489 8919
1934 3223
5332 9057
142 1043
1655 5237
1753 8966
3301 9153
906 5192
5681 7008
5809 7132
662 8986
139 2034
5221 8965
4174 8473
4029 7605
1627 4945
423 6230
993 4906
2070 8646
2887 8902
2035 2362
2659 2699
1401 4749
3236 9843
5504 9147
1062 8136
2727 3063
5292 5359
5489 6644
5115 7687
5085 9644
616 5671
3279 5485
1570 9575
1830 5872
1862 3920
4056 6668
6129 7198
1937 3318
3816 7977
800 8576
2226 8661
1294 4431
3208 6866
4358 4667
2943 8503
6053 6872
5616 9285
8382 9816
3174 6034
7878 9710
1931 3653
5081 7779
8310 8775
2785 8068
5446 6891
2992 5942
1189 4945
3718 4229
912 3081
9553 9661
2495 5541
3362 4802
4684 4948
3265 4143
399 4459
2856 3185
1799 3254
2164 6980
7643 9446
4033 7710
1753 2436
5859 7162
1444 4932
1213 2675
913 8789
4936 6819
4251 5609
732 4057
436 3029
2067 8289
500 7526
8512 9227
2164 3228
4292 6738
210 2910
1597 4103
2945 3646
1541 3980
9260 9518
1826 3375
556 6850
798 4976
1301 5934
3964 9186
4342 8609
5802 8260
2523 2795
3951 5129
981 7200
3148 9291
6425 7174
6114 6164
6062 7759
2408 7541
8561 8950
1473 5318
2523 7515
7603 8887
2158 9834
7872 9566
1243 9025
4180 6103
2451 9047
5280 6360
3388 9489
104 5452
368 2936
3728 9206
597 3971
7565 7728
5878 9678
748 9175
3128 7048
547 2856
5652 9265
1622 2353
5339 5745
7020 8272
4686 8026
5259 5401
2932 9109
1943 4406
4038 9734
5153 5273
4252 6712
2573 8763
3971 5012
5052 8586
6768 7160
4213 7342
875 3369
938 2528
3964 5335
2178 7699
7984 9027
4333 4376
2531 9192
91 5156
1332 4748
1162 6641
750 4840
2383 6296
99 5125
5034 7176
4372 8480
310 6500
1391 1473
6624 9472
5856 5983
4195 4645
509 8832
6193 9674
9497 9721
7387 8355
358 3884
1338 1784
1055 5479
1938 8264
232 4384
1001 4099
5039 7529
3042 3822
534 786
647 3748
5761 7088
7413 7918
4219 7025
1708 2075
5510 6574
3483 7238
803 947
4920 8602
2970 8191
3722 7675
3827 5152
2580 7969
8531 8735
2726 3113
1818 6595
961 8217
8448 8663
3430 7448
6982 8296
7670 8165
7126 7785
2848 6035
1805 2555
1733 8983
5630 8296
5202 7551
6589 6949
2908 8762
1783 3730
3369 9813
9134 9474
1167 4376
3318 4388
6339 8423
1494 8545
951 1548
2408 3759
3932 9803
6971 8011
2451 6744
4126 4899
5200 9267
3119 6217
7220 8983
3068 3249
2538 5860
2303 7270
623 7438
6307 7671
1027 9274
5242 7126
414 3321
2856 5100
3054 7386
5655 7534
1597 8452
3981 9279
1754 6105
1118 3609
2880 5502
2439 7985
3057 8702
3347 8265
2329 4912
314 315
1506 7233
2884 8697
3369 4091
422 8693
8397 9513
477 5479
2094 3459
1242 9055
4046 7864
980 2945
1477 7889
57 6843
2533 9375
4953 6844
2181 3099
1078 6046
2775 3699
2637 3058
529 9575
3065 7312
4964 8647
3614 4950
1229 4341
3855 4606
4156 6742
1344 8660
4561 7785
2814 9029
7049 7706
7249 9265
5754 9490
4673 5730
2913 7915
3434 5099
2740 3792
287 480
2446 8634
1204 7079
991 6335
4584 5030
399 1462
2580 2735
9214 9284
8208 9265
2217 5246
341 6761
2982 5560
3227 5679
99 6339
4066 5661
245 7212
12 9115
413 4206
3355 4572
6472 7605
5848 8937
2124 5215
652 4817
3944 4067
3931 5905
3876 8463
5221 5755
4333 9448
3859 8050
453 880
2879 9147
4851 8108
2320 8352
1616 1765
4184 9135
732 1474
8885 8984
2609 6265
583 1815
8763 8836
5853 7071
1209 7553
7971 9040
77 3041
4151 5402
5398 5401
4127 8689
701 2785
1728 7156
2434 5951
658 3854
2372 4883
1332 5156
479 6696
3452 4684
2523 5401
5609 6183
1642 4125
3772 9050
2847 2981
5451 7596
61 8284
5624 8292
2239 4263
314 1952
2461 8400
1024 9518
7741 9172
7372 8194
5262 6795
1900 4267
5610 6421
5118 6774
4067 6053
8217 8491
720 4667
1388 5616
8094 9059
6650 6897
2634 8623
2013 2458
1147 6360
2856 2900
5296 6642
6054 8999
2381 8296
8256 9337
3504 6937
861 1833
6205 6312
2101 6780
8168 8919
5569 8290
2517 8310
632 9406
6269 7413
2259 5996
2531 7503
2778 8957
2474 7617
462 3190
3914 4143
4968 6035
2412 2523
5398 9120
1999 3980
5799 9209
5372 9840
4252 6228
6030 9371
4619 6230
2482 4107
906 4657
25 5862
1377 4887
6473 8500
2841 4571
3058 6679
5767 9714
815 7733
615 6667
8526 9605
5345 5517
809 3339
463 6201
4513 6022
2623 7529
2383 4748
3202 8296
8299 9848
4401 5456
2441 5421
3024 5839
5244 9378
1102 3746
3030 8016
966 7000
3607 4436
947 1452
2923 9014
543 5795
5996 8704
2732 8944
2371 5322
91 6147
6303 8634
1728 8472
965 8423
2270 4666
5537 9069
2194 3442
4750 6448
7737 9175
3715 8898
1631 3196
2372 9230
220 1730
375 4812
3524 8145
7188 9206
4875 6317
9285 9373
2000 2181
701 1277
521 6882
5482 8191
491 2489
3531 5737
5100 6397
4245 4802
3146 7953
3786 4010
3634 9605
518 4966
6171 8864
6204 7100
761 9230
1749 6276
911 1523
1569 6335
1870 8147
1332 2320
1737 4966
8318 9489
540 8727
1555 9488
1330 5727
5137 8054
3953 7643
1072 6594
285 9489
1280 6929
4894 6071
423 2540
3054 6866
9099 9850
7442 9790
5236 7594
8843 9596
7357 9318
1068 2156
1236 2528
5388 5569
8078 8545
1524 3997
4173 4477
1180 6295
3980 4333
2455 9829
8591 9448
2281 4103
483 9745
4036 5834
2265 3556
2314 7537
4552 8626
6627 6850
21 9283
6018 8938
1442 4456
4752 7401
5202 5240
1478 2623
3896 9494
2137 3092
948 6392
1413 1732
6465 9432
2637 6679
5099 5617
3536 9497
2263 4614
4729 9317
1461 8029
1588 4981
3652 9134
387 3027
7063 8035
2081 7663
4031 4845
5351 9011
3191 4579
714 3077
3735 7972
597 7699
2307 3914
991 1569
1589 5813
910 2383
1256 6187
848 5866
2885 3238
1509 9220
6030 7896
248 7509
8529 8995
3921 7413
403 9407
4245 9146
1020 8490
6670 7509
1158 2230
4760 9806
6199 9721
1233 3705
800 5327
3205 8457
7496 9593
1448 5178
7496 9213
2792 2899
3227 5482
7170 7662
7130 9826
3079 9596
2305 9056
563 6709
2931 9322
1416 1418
2355 9393
2819 9378
6621 7660
547 3313
3872 9467
184 8745
7581 8094
2266 5482
4223 8287
3327 8035
23 8557
4018 4684
430 1109
4480 7519
348 5133
8448 9491
6650 8836
872 8446
2220 7057
491 1934
236 7939
1141 6533
5392 7510
1874 8778
436 9440
4041 6744
2318 3944
2118 4745
6382 6765
483 3411
760 7893
1954 4043
2606 5998
2098 4278
3729 9686
5152 5449
2253 9459
5205 6103
2439 7138
4658 8531
3010 5621
1949 7955
1604 7266
7380 9728
285 5548
253 2391
4261 6070
5253 7638
5679 5964
9219 9401
5728 8470
1423 5311
8296 8452
7202 8352
1144 7199
3267 8628
875 1074
1387 8931
5574 7659
3708 6651
7782 8601
2623 9321
7960 8028
4418 7599
5756 5996
5385 9084
922 9048
4120 9300
1341 4463
4421 9448
2234 3652
317 5387
1229 4252
2457 5365
75 8931
7969 8591
5947 9511
4218 8134
178 4302
2679 7421
557 4058
4599 6427
2067 8640
5554 8925
3800 6362
2391 6206
1610 9146
296 422
4814 7785
3422 5390
14 6035
1767 3965
6944 8789
7 4609
873 3275
2966 4232
629 7681
7682 8445
4430 9380
3357 9497
1502 3292
2391 6949
844 8966
1069 8160
5025 8315
1437 4242
5618 7657
2179 2950
4142 6939
5030 7996
1832 6401
4275 8983
7116 8109
4297 9630
3750 9829
5162 8834
1024 2700
5248 8392
895 8630
2383 3565
5272 6834
90 3081
1804 9736
244 6670
3058 3194
4818 6064
5383 7433
2517 6518
683 9502
5745 6674
8029 8763
827 6201
2097 4924
5869 6478
5046 5267
7563 7889
2638 3772
6278 9377
4284 5686
3058 4167
895 6821
1246 7363
3232 9711
5388 5657
198 5750
557 6471
1620 5547
536 4835
643 4397
2123 5777
28 8453
7025 8849
1213 7373
800 4002
3339 8160
2465 8661
647 7834
7455 8890
2009 4031
5221 5279
7889 8101
3585 3683
1702 2900
8980 9827
638 7537
513 1594
1169 3753
3299 8456
6148 7571
2741 6120
1711 6393
2320 6296
771 9166
858 6918
3369 5204
4045 6738
8401 8827
2414 8343
3232 4576
7153 7450
1737 5581
3313 5336
7889 8434
5448 5456
4111 9617
1547 7077
922 8873
8345 9225
5877 9678
909 970
184 1077
2395 3497
3060 8505
273 6355
1906 5795
6545 8585
892 3232
112 4998
5870 5964
3044 7534
2552 3995
8386 9029
1294 9662
4300 6912
1190 7185
3313 5869
1614 7977
2817 5012
7817 7981
239 4336
40 4146
4208 6190
8496 9301
2106 7845
5738 9588
4337 4873
981 5047
1653 6660
1859 8609
5695 5934
6289 8119
3137 8934
1328 4039
1928 1974
1854 7785
2186 8815
4164 5569
4338 6307
4625 6053
2818 9873
3070 5355
3894 7516
1391 3849
5897 9871
854 5374
3086 9537
5343 7333
3208 3653
5132 6834
4094 8212
3043 7531
1301 1506
3717 8687
5221 7711
941 2486
3080 5414
6372 9455
1446 1771
1681 5630
2230 5659
81 3048
8919 9227
5833 7073
2847 7844
6463 9588
1769 2378
1105 5889
1979 9523
159 1899
3652 8531
5802 6627
6491 8702
2305 9791
1073 8503
2072 2238
574 1552
3818 7024
1293 3991
2561 5533
2633 9109
98 2987
2733 7096
743 9476
3683 6657
815 7620
288 5470
1633 2907
3963 6192
4430 6696
663 6173
3128 4542
707 6635
2321 9830
2778 4698
1207 8296
9206 9854
2689 6896
50 3902
5002 8407
232 6147
448 449
2524 2893
6125 7346
765 2560
3563 6643
7563 8389
4342 4759
6267 6854
7839 8840
3642 5063
465 1160
695 917
417 9444
653 7638
480 8514
522 8574
1065 1570
4503 5384
2013 7947
2716 6053
463 6885
6638 6639
3188 9656
4054 6921
4389 8976
5273 9566
7104 8855
8537 9317
7395 9576
1513 9165
3338 3550
266 4930
3487 8298
3719 3965
1450 8545
1497 7573
958 9774
5541 8081
4751 9083
32 9180
5611 8868
96 9568
1111 6208
739 9055
1225 7079
1717 7149
3479 6208
9409 9530
2604 5530
2458 5359
848 2327
6765 7466
1375 4887
334 1802
864 8603
2264 6993
20 1683
6967 8744
4366 8376
2523 3467
2412 3291
4061 7038
906 1937
518 7937
4395 8697
2021 4350
1452 1991
840 2098
651 9588
2609 4127
3223 6409
5 4759
1443 6456
1013 2359
917 6227
1056 2110
3977 9018
5322 7038
8413 8545
1391 1471
602 1707
6757 7536
6276 7723
7515 7811
6057 9446
4904 5574
5833 6338
5725 9696
2343 6292
5098 6663
350 5552
2636 3667
985 5914
4288 4473
40 9714
7016 8628
6010 8836
2855 3996
35 8644
3303 3461
1882 3822
2344 7209
3683 8938
361 4895
5192 6089
8361 8750
679 5802
4284 4300
302 6400
80 6581
1402 2458
2181 4050
3043 4605
1055 1385
1601 3483
326 2716
981 8025
4473 6010
1042 9696
629 3227
254 7207
2323 6722
119 3505
3115 5843
2094 6725
1345 9850
910 6296
4118 4826
6018 8390
2359 6280
732 6544
4451 9602
69 9624
892 4576
5045 6657
8583 9496
6950 7079
1182 5936
1813 8938
2792 5700
6623 9327
2623 5039
1487 6234
3775 4866
3531 9386
1471 3849
413 9163
2377 6404
3792 3932
2588 4131
6035 8503
184 4438
4053 5896
1737 8781
2983 4634
375 3652
2 7533
2292 9512
1244 3438
1317 7849
1127 7196
531 9520
980 4002
5839 7815
6950 7199
2280 2346
3848 6976
9007 9544
1910 8191
6296 7161
3171 9216
654 2533
6632 7364
2098 7196
1295 2581
1736 9677
4306 8869
3131 6895
7218 7454
1551 8454
2503 2517
8094 8296
7595 8160
3320 7200
2056 8938
4769 7775
5926 7104
210 6667
8941 9612
1016 1778
4158 7022
6622 6832
2587 4458
3813 9098
2685 4489
4866 9318
4388 7893
4630 7350
3976 9176
649 3425
80 6887
2152 9401
4206 4610
2540 2969
3041 3976
0 1628
4945 6316
4857 4949
994 6010
2108 8075
3661 3668
2531 8108
682 8323
3501 7478
3356 7900
2327 7131
118 302
2531 6616
349 8758
5605 7629
1180 9380
1153 3886
2863 8778
1013 6280
1392 7867
5064 8216
2640 3778
3444 5414
1976 8243
994 6147
1825 9262
5828 9235
682 9616
5871 6472
7613 8249
701 8601
707 9513
7333 9769
223 9487
4171 5064
1284 1394
8236 8547
4825 5244
732 3884
3054 7312
5750 7614
1106 8793
3121 5628
2470 7059
2067 3083
5137 8056
3561 5161
4160 6793
457 788
1845 9227
4556 9266
943 9143
5338 5365
1382 6950
6227 8349
93 8119
862 5087
2661 8595
1377 1494
1932 3292
1753 2299
3546 6103
873 8150
4245 9153
2297 7720
3259 5013
448 7874
2528 8172
1190 2975
6866 7082
1002 1932
1 3659
4610 7251
3724 6576
1348 6559
1949 5909
2952 7603
3044 3144
2951 4916
4001 7202
1900 8800
8753 9648
3065 6873
5214 5430
2389 8367
8414 8884
4206 6958
2755 3526
366 2803
3180 8384
2578 2579
2248 5552
6251 9518
4773 5042
4966 8236
823 4236
9035 9802
3440 9208
1431 4530
9381 9589
5618 7124
902 8721
4434 7596
3436 6246
8561 9468
940 9497
7472 9190
7931 9589
184 9166
3847 8448
3787 5279
7076 8007
5463 7514
1595 2170
516 7428
2647 8736
6940 8817
942 3931
8122 9176
2847 4066
4698 7340
2130 3119
1855 9628
2055 8424
6278 7408
5998 7126
5892 9489
1043 1522
4099 5273
5174 6817
169 904
3065 6448
535 1570
3043 6448
802 6301
809 2034
2796 9591
353 1660
724 9420
1167 2658
312 9626
4802 5592
5052 5585
5638 9239
65 1642
1737 2790
5883 9617
5703 6015
4983 7864
238 958
6327 7648
2766 8715
432 9273
1499 5322
1565 4495
7290 8109
5887 6549
270 4170
3027 6243
6023 9343
607 1356
901 3849
7149 7845
