2156 8160
6642 9209
1833 2987
397 3463
832 2899
3058 3662
5269 8497
2904 7503
499 9862
961 982
1507 6456
7970 8035
4174 8969
2102 5726
8424 8730
1527 1588
5610 8591
764 6856
3545 8010
1167 1737
6307 8629
1825 8975
3722 7594
9225 9317
7939 9283
1329 6273
1811 7780
411 2927
1601 3483
3944 8837
2311 6555
1806 4041
6027 8614
1452 9768
4401 9349
9269 9513
463 6201
3932 9488
1598 4630
24 8721
3859 5771
2606 5998
3614 7118
3374 3645
1614 8685
1181 8149
777 6276
7196 8931
6807 7145
6115 6536
1238 3445
8496 9301
1782 8653
1578 1643
5069 7374
1855 9628
1791 3304
4619 9270
2945 8021
3572 4045
3652 4420
2034 3040
15 9716
4557 5118
1455 6265
5324 5848
4190 7126
1614 7965
574 3622
965 8423
5767 8591
651 2092
4091 5444
3860 4775
1973 9317
8201 8480
5082 5971
7188 8011
99 2164
99 5125
744 4458
3650 3808
1292 8254
7346 7502
1162 1280
445 8275
4815 6251
3146 7953
3314 8331
9241 9568
547 1687
809 8537
4473 8577
4328 7654
970 1401
9395 9497
3470 4786
897 9056
2766 5987
1449 2805
3058 3206
607 1356
5556 9059
3025 3944
947 7753
5871 9489
5030 9023
5372 9840
3687 3799
3337 9606
91 6558
1295 2581
338 6030
1314 4006
2644 7323
2966 4232
1511 1910
4177 4602
6103 7785
8545 8577
6872 8241
2592 2671
4849 6712
2035 2281
2061 2067
3619 6483
4473 6497
3874 7775
70 9624
2556 5085
547 3313
3568 6184
6485 6989
4786 8196
6249 8631
964 6765
5327 6278
5221 6967
5324 6208
8459 9370
771 5447
3684 4968
3272 6819
6278 7514
381 857
2618 4602
8591 9621
4551 5897
3224 5604
1274 3446
995 8242
3930 8737
6402 6534
3100 8060
7009 7774
1569 1793
4595 6123
3983 7442
9315 9365
8028 9318
357 2370
447 2945
254 9769
9285 9856
1825 9557
909 970
257 968
480 8514
1742 9210
2746 6018
3531 6013
1280 6641
980 5584
609 7176
3208 3661
3144 9302
3443 9756
4439 5553
1126 7596
2383 8836
8490 9241
3369 3884
2503 2913
1444 6201
5482 5539
3100 9291
1189 9518
4333 5512
3991 5187
4572 5113
2270 8325
3015 7207
4078 8585
345 589
192 484
3659 4972
3119 6292
3616 4432
8074 9190
6206 9674
1160 6129
3751 8327
3748 4851
3662 6155
1049 8512
6 3068
2519 4903
4977 6098
714 1687
7039 7588
3446 5401
2676 5345
1282 9446
7520 8225
5463 7408
5414 7865
5863 9342
2077 5796
1159 5841
3585 8265
714 4045
910 994
4221 5546
4604 9380
2543 8335
2766 8748
1444 2444
1043 6059
7896 8764
2383 6558
6723 7525
3055 3065
2891 7308
5129 9560
6129 7597
6804 8397
1203 8795
2327 5333
4518 9409
4752 9518
387 4257
1013 6280
2701 3592
3396 4194
862 4400
3444 5016
39 2691
629 7681
9097 9110
6221 8736
5115 7687
1303 3046
424 8848
4010 8720
7233 7540
1519 4588
8832 9734
5100 6397
7722 8631
3989 5371
1477 7563
6030 9196
320 9717
3621 6319
5451 7076
739 2813
2925 9047
3594 6647
696 6940
994 5156
870 5201
1159 3785
5464 7867
489 1181
3903 8362
3058 3590
4002 7514
4358 9036
2534 5258
4937 8087
5824 8579
1167 7200
992 2077
8208 9657
1118 3609
2450 5401
3650 3668
5730 6521
1647 3102
2047 3659
2928 8311
7375 8531
7982 8327
2089 4622
1681 4190
3044 3144
4688 7320
3450 8028
5391 8555
2158 9869
2637 6679
810 7224
260 8932
5336 8191
5240 8775
2292 7232
701 8601
1934 6246
1073 5097
3785 5880
955 8337
7199 9059
2271 6744
8305 9319
2778 2887
910 2192
3531 8119
4319 9260
3043 3173
1578 7864
6820 9728
5948 8473
7108 8069
1573 3903
5069 6217
5443 6977
4151 8722
366 2803
1130 8242
4564 5794
999 1594
1444 6024
4149 8279
4513 5758
2328 3221
3791 6644
6563 6918
1167 7461
481 748
7649 7711
3538 6804
566 6049
1910 8191
6224 7198
2937 5634
1813 8468
1693 5870
3641 6797
1662 4892
991 6335
1342 1427
1027 6517
2945 9377
3932 5754
5856 8399
1527 7272
6549 8638
1560 4631
1016 6819
1375 4648
1100 5524
5471 7378
2370 5457
1209 5190
3718 5841
2239 5330
9139 9753
594 5401
7115 7593
4585 9520
5339 5601
4013 6298
4127 8456
2540 7861
3092 8919
204 9165
1546 8686
2736 8104
2159 7250
6988 9169
5920 8837
3379 3696
873 3116
3543 7595
1448 5178
3613 4826
1930 9047
6060 6353
1414 5820
701 7968
749 7767
2601 5230
1513 6496
4670 9019
1993 2309
4499 7418
746 8298
1110 6997
3871 8424
2192 7202
4932 9735
4763 8433
77 423
4085 7191
2125 9166
2856 5100
5327 5584
2640 3982
5880 5883
4179 6528
4325 7356
6099 6618
3920 8092
1705 4801
3027 4093
1830 1831
7412 9395
3717 6974
6950 7612
1041 6552
2449 4940
3800 6053
1610 4802
100 2292
4314 7144
6034 7261
2161 9706
585 2901
3561 7715
128 3411
2751 5652
1159 1316
33 1528
3659 7314
5419 9025
1139 4434
910 8836
787 5279
840 9349
3644 7466
3086 6085
2299 8185
3703 9732
4662 7305
3377 9850
5336 5870
6097 9414
671 7035
2568 6426
3847 8448
669 7774
3737 9335
8529 9689
6371 9555
467 4125
3113 7206
6618 9007
1189 4945
5439 9186
811 1167
8735 9189
3652 6785
1781 5511
7076 7220
3823 7233
3 2471
3948 4994
3971 7704
3753 5917
913 1864
1812 5204
382 8689
7087 7766
7119 8509
827 9675
3000 3332
3646 5327
2665 9769
2557 6761
3293 4303
948 6392
7932 9069
1864 9738
701 7209
5660 7533
7727 9047
613 4590
697 6309
2322 9868
9753 9871
265 8918
11 6108
8236 8327
1402 8837
6988 8806
3058 6393
3832 8873
4725 8237
2621 8257
3774 3850
947 7991
1271 5005
875 9126
6463 6957
2734 3715
367 4627
3762 8708
1062 8136
6456 8267
4151 5402
7937 9165
7164 7662
4665 6447
2658 3972
5019 8308
1546 4939
7862 8310
2965 3347
3156 7865
6017 9413
9256 9836
3038 6876
7622 8488
2662 7312
552 4196
5137 8053
621 4390
7299 7576
2646 9045
692 9458
2708 9686
663 6173
5305 9845
3944 7021
3359 3972
1832 9096
7305 8393
153 1324
7221 8049
3935 6998
4193 7451
1932 5678
7563 8995
2778 9352
7635 8505
7230 8286
6610 8562
4 7697
3852 4172
3814 9520
139 8537
2976 7875
1526 7789
3794 9270
4431 6576
265 3463
7198 7424
5237 9597
2489 5120
1419 2826
2732 7059
4001 6897
5136 9577
1502 4455
3360 6717
1477 5938
751 7713
6768 7160
2164 6075
823 4236
5447 6601
643 9817
1404 2215
3031 7312
6407 7261
3646 8021
1718 4609
7855 8938
8271 9781
3649 6164
6726 9793
4745 6820
455 7969
682 8115
5085 5087
5046 8296
3463 4546
800 6911
6283 7165
4656 8168
5791 8327
4529 9391
3843 5221
7983 7988
4300 6558
2707 9557
4610 7079
8472 9616
5383 8773
6296 6912
5039 6726
3002 8448
2476 7857
285 4276
4356 5394
4967 5663
5401 9559
5198 5419
1882 3822
866 9324
2692 3029
3446 5025
3662 9491
5730 6569
158 5868
9 7299
5034 7312
1013 4407
3621 5998
1066 7995
437 7125
800 5584
6204 9620
2778 8236
6199 9660
6731 6734
864 2408
6496 8571
3708 6651
8706 9262
1922 8879
9662 9706
437 4336
2012 8057
547 1934
5134 8327
3385 7565
4284 6897
3049 7961
368 3112
3606 9426
2887 4227
5246 8578
5502 7538
2918 7809
5870 5964
384 5414
6300 8670
4304 6353
161 3205
3285 6965
4422 9125
950 2920
376 3921
5025 7816
577 3582
212 4330
1634 3039
3447 8223
4250 9597
5188 6069
797 7643
2153 7816
2572 2664
796 932
1592 5555
1224 3717
1266 6753
6708 9389
5202 9168
1170 6616
730 9659
970 4749
1144 3719
2522 4982
3886 4218
3348 7116
4045 5057
6384 9695
7482 8440
2292 4916
1118 2246
317 3652
2200 3058
3517 4227
7595 9602
3982 4782
1952 5422
4149 4221
2155 9521
842 5487
467 1642
1085 3163
2554 8389
1496 7472
6003 6335
1721 5158
1462 3957
2561 5749
1419 5641
2076 6384
5858 6310
1442 4456
1569 9543
5041 6430
1693 3081
3142 3976
7149 8812
926 5560
2452 7083
1223 7583
5711 8814
1790 9644
3181 3535
849 7689
8258 8450
3057 5619
3434 4893
7274 8740
4041 4627
4407 9260
4517 5507
6384 9564
966 3761
4060 9635
6845 9176
1190 6949
3002 4132
32 3015
7100 9229
5839 6521
1547 2170
5981 8853
2570 6225
774 8408
2475 7496
1025 4233
3392 8159
4571 5976
3557 8968
270 320
2337 3840
7211 8119
3702 8040
32 2201
2083 2746
5572 7509
4103 7583
5995 7156
4401 5294
6895 8686
3551 4445
8938 9073
4720 7893
2887 5510
6001 8730
3816 5754
4252 9634
2247 8319
1644 3624
358 6854
4352 8407
6010 8836
1583 3777
4314 4783
5948 7863
1862 6988
4072 4833
4885 7303
1160 7537
4006 6018
1689 8129
908 8461
5219 9423
4849 9337
395 2946
3772 9816
4416 9497
462 8036
2430 5024
2056 8938
1001 5150
741 2342
139 9225
9073 9206
4358 5278
1161 6780
4990 8946
1886 3031
2940 6039
1941 8247
3549 3604
1013 7867
5202 8795
2305 9821
6141 7815
4976 6998
6950 8697
6503 6507
5317 8552
1871 1921
4783 9497
5087 5091
2577 7845
2173 6957
809 9225
1315 7597
8774 9395
7549 8883
4002 4966
2266 2745
5609 6183
3501 4914
191 9186
8179 8931
8550 8606
1256 2295
3231 6044
2813 5324
2665 4812
6781 9163
4348 7009
3876 8463
3877 7583
3022 6015
2686 7550
279 1381
3093 5050
485 6088
2391 6206
471 8096
1867 2021
1578 6086
2195 7628
2428 7812
5284 7499
3015 7326
6905 8230
1692 3086
6393 6657
139 9602
2037 2553
4923 9494
8752 9126
1818 6595
2451 9047
2513 3506
547 6350
2922 8755
994 2192
824 6495
7016 8628
5612 8932
90 1910
6261 6923
4957 8628
1919 7279
3028 4640
1614 5027
4025 4880
1655 9726
7817 9012
3105 7915
870 7643
1632 2661
8735 9557
2466 6866
218 3996
734 1665
2773 4863
3122 3450
3668 6873
2924 7933
770 6606
6880 8310
707 6748
3357 9721
2683 8065
917 6227
23 3584
1471 2501
2291 9089
2625 5651
2540 9353
981 3022
6147 8029
1974 5917
5631 6946
83 3076
1321 3725
2404 5365
5235 7897
1804 4336
1105 2175
6813 7081
1548 7882
6040 6316
8877 9343
1522 4057
6472 7389
2383 3565
3002 5512
281 882
5386 5655
678 4724
3119 4333
783 9417
2542 6678
2642 9002
412 7198
571 2562
5951 9768
9152 9815
1105 7667
3256 5004
4063 4909
3001 4699
2345 6193
1907 5345
31 1156
7977 9033
4067 4893
4135 4571
6824 7713
4693 9713
6780 9726
5290 9729
7607 8367
1698 8242
447 7514
4190 4273
1721 8148
4066 6693
8080 8737
6139 6686
7461 8547
1572 6517
3805 6591
1813 5524
1946 3584
6926 8556
4171 6866
3185 3798
5148 8618
2575 5084
3131 7493
2879 4661
1748 7451
1682 2345
2072 2238
2052 5332
3588 3645
8601 8908
2987 7146
1392 7200
641 2286
4434 7390
1013 3070
5051 7454
5735 7444
4431 9706
4132 8522
3661 5693
7590 9595
506 828
3128 8125
3779 7939
3404 4967
1385 8213
6097 8704
4180 4945
5875 7264
7377 9767
4054 8948
991 6891
7413 8236
2201 9087
3313 4788
9621 9714
296 7479
7486 8489
839 1644
239 4336
4289 9456
5322 9699
6531 7009
2049 8974
4994 9083
3025 6053
3718 8526
654 5482
1338 7622
4066 4698
2303 7270
1275 2262
793 3568
2210 9375
846 5833
1974 2722
1532 5997
2381 6025
5210 7392
1033 7908
3251 6326
2105 3847
1577 2272
5478 7936
2210 3903
643 4397
1370 5656
4793 6294
2902 9600
3837 4239
774 1948
380 4061
1773 1804
5464 6291
21 4389
5428 5468
4606 8211
1920 5627
1345 6884
9058 9293
4357 7332
6147 6897
4711 8627
6165 7668
315 1286
2360 5192
1849 7971
4819 5700
9386 9814
3218 7475
3081 5869
831 8940
4284 6010
940 4783
5217 6572
2503 5436
39 8658
6408 9386
739 6737
3936 7657
1965 8295
1717 6467
788 9580
1545 5138
4932 8220
365 9769
1206 3202
1915 5014
366 6192
2067 8252
4180 7674
3691 6373
4300 8029
1828 5082
3424 7529
6043 8729
712 9769
3301 3479
4988 7294
547 9854
1365 9406
4498 4775
4498 5505
2018 9219
170 6577
3043 3662
5722 5957
5683 7432
2470 9350
1207 3119
5738 7778
537 8975
4571 8631
1025 8552
2204 3140
1118 3920
6738 6745
2297 7970
2853 3647
4200 9155
62 5577
1585 5322
3928 5580
3049 3058
2238 9147
1246 7363
6205 7126
1490 2196
5764 7695
917 8853
5500 8915
4127 9386
5221 6936
1017 6428
1998 3130
304 4191
5302 6132
3668 6738
4346 7503
5947 6316
3066 3813
5099 5617
1301 5934
3770 6643
790 1784
106 6026
1717 5616
6133 6567
5075 9274
1068 8537
93 8119
1655 6803
4473 8836
1594 5934
6737 8308
8531 8735
2286 5552
3733 8325
2298 9454
1480 6239
6278 7408
698 2941
7407 8531
753 3007
2921 5365
7374 8931
3641 5044
485 1570
1912 7855
2872 6474
2716 8261
180 7674
2320 3565
473 8704
1451 4895
5213 7110
773 966
1160 9353
1138 1231
3049 4605
1180 8022
701 2785
2654 9177
7076 7728
7620 8025
2061 5113
6636 7208
3691 8550
1295 9558
2602 2665
3923 4876
1132 4625
1229 8598
2060 4180
8294 8552
2713 7219
7042 9340
7142 7489
5153 5862
2351 7699
5649 9380
2540 8461
4849 9386
6737 7328
5672 8520
1738 3117
3318 8127
9363 9541
94 875
4236 6833
4886 7941
2817 7968
3289 5192
8338 8574
2211 6521
5178 5236
3903 7381
3397 5359
438 3192
5122 7188
3717 8687
1577 7831
2786 6222
1229 3872
2779 2830
1934 8273
3081 6478
4585 5919
3573 6777
1294 9660
5338 8605
4513 9607
2458 9265
7804 9162
7537 8090
4598 6011
149 1477
51 3711
1059 7153
3392 4230
163 5691
958 3816
781 2859
3454 8972
146 6774
2077 5797
1823 5054
7395 9633
3661 4270
6950 7079
2174 7697
2817 5447
3717 7497
817 4636
816 7462
1676 5012
1411 1980
2067 6166
1506 1579
2424 2740
3212 4294
7016 9096
9660 9706
4343 4952
6473 9631
5740 8919
2552 6758
4894 6071
2266 4779
810 7541
7632 7755
1687 6974
323 2081
543 1906
1069 8749
2888 7774
4190 7199
1163 7009
2965 3384
5412 9026
3114 3436
3932 8267
1513 9165
6092 7200
1345 6272
496 9600
8268 9157
3982 9280
2888 8272
6013 9834
3913 4868
8177 8251
2833 9659
7035 8874
2642 9049
3371 4858
3518 4966
1399 3457
4815 5506
152 7041
2034 4729
4676 8442
4956 8720
4151 6591
437 6506
1876 7900
138 326
1977 5889
4481 9645
1091 8545
8536 8919
2937 3643
4867 8785
2205 4002
1987 7604
6448 7533
3710 3883
4729 8345
237 1508
229 9440
96 3637
1914 1992
5177 6113
1623 2327
2077 9670
4066 4893
6558 6650
1985 6566
3650 3652
863 1161
8295 8552
2937 9337
8030 9587
8844 8862
4252 7651
5835 8897
496 6251
3035 6638
4752 5999
5651 9050
964 3253
1748 6011
5050 7663
3964 8032
3841 8080
357 8689
6018 6657
5505 5512
3652 5171
868 5336
3029 9220
2947 3852
2665 7634
8236 9726
215 4010
2012 5351
7925 8058
5845 9059
1597 4103
2327 6944
6888 7686
2285 2291
6405 9168
701 1444
739 8995
9078 9829
3921 4227
2039 2269
173 3932
3939 7563
350 9380
809 2034
5108 6934
4634 9751
463 3643
2841 8277
8301 9726
6249 6265
2950 3397
4337 8249
2671 7162
5221 8480
6007 7593
1703 3690
1383 2262
3611 9427
1450 4655
800 980
1482 9003
8512 9227
3713 6980
4910 9291
9280 9824
2281 4227
98 3434
3802 9830
2173 2951
5910 6073
3494 3650
2352 2948
1297 7160
5821 7917
4333 6312
8200 8649
1269 5580
862 9716
1437 7298
2071 9656
1144 9342
3152 9323
1161 5841
4329 7166
6668 7038
1338 1784
1149 9676
3765 9803
2481 2726
1873 9476
6192 8486
2913 5240
139 8762
3429 9197
3058 5385
1158 1161
1569 3603
5539 9099
622 3284
4207 4217
858 6918
184 1817
4618 5415
8545 9239
6015 7605
1341 3129
1834 5097
5862 6643
5246 7893
2576 3348
942 3931
2408 7038
7306 9165
422 769
4646 8379
3479 3683
785 4388
2455 3750
3644 6895
937 4935
402 9755
3636 4227
3993 6193
4341 5703
323 8846
3895 4323
5107 9246
7362 7383
2266 8191
462 8332
1105 5790
4131 7458
5548 6362
2655 7853
673 3944
1874 5145
1461 4473
4198 5217
5320 9478
786 6338
3029 9413
3565 6912
5971 7635
1982 3450
4870 7357
6234 6490
1268 6173
935 9841
8066 8421
4196 7346
2119 2935
4029 9726
2790 5581
1934 7199
1869 7039
5414 8379
2369 7499
3559 6666
5498 5616
6009 8908
9529 9774
1100 5322
776 3027
8512 9820
3067 3662
1865 2402
1877 8114
563 7244
184 6624
5052 7361
1277 7290
6813 6932
2370 2531
732 8578
2471 6208
6382 8495
2683 5756
4013 5744
1691 2164
6337 6401
461 4517
7413 7918
2010 3805
3957 8051
7044 9101
1637 3550
7451 7545
1259 2795
1952 7817
970 7623
8127 9712
5333 7081
4314 7460
1158 3164
1895 8932
2598 9238
7417 7541
1224 8528
3176 9219
5122 5324
591 2954
3377 4580
3643 7312
11 7716
1792 9309
387 8579
3073 3877
5148 8529
5725 9696
6142 9158
714 7600
6047 8173
4149 7541
3346 8983
2356 6563
1136 2092
5 565
5745 6420
8562 9595
285 3945
2083 9659
5244 9378
247 7165
478 3829
103 706
4473 6912
1910 7066
4182 7407
2056 7785
4099 5273
3571 3753
1141 6533
6624 9472
771 9107
248 6670
3600 9620
6990 8037
5110 5550
1854 7620
2314 5488
297 3550
3756 6104
3065 7424
4755 8391
3244 4209
8181 9409
6406 9458
2381 8296
5630 8296
761 9230
3110 4164
3930 8080
5541 7543
3536 4431
8129 9622
3649 9381
285 2318
4508 5576
1734 5300
1417 4207
4362 7323
2248 4752
3881 5535
836 8640
1988 6643
1893 8056
8267 9488
6416 9348
2108 3652
483 1644
5031 5688
710 9176
9217 9518
4887 9227
5841 7038
3372 8628
5816 6930
3174 5897
715 1486
2889 7995
1700 3963
3339 4451
436 4966
5640 9168
2780 4149
1471 8901
2225 8877
8529 9181
1138 3824
37 4517
4239 4735
148 1690
2888 8930
3206 8731
463 7201
4281 6947
7098 9621
6130 7547
1142 6240
381 687
1222 8727
298 9511
6013 6014
6129 8275
538 843
2458 8995
3377 9775
238 8870
5013 7327
9297 9827
6831 8044
4262 4758
11 2186
1737 4966
660 7685
1830 8736
5355 8202
6028 6838
3914 4752
232 1332
7126 7699
603 3654
1138 4773
5568 8518
6246 7276
409 772
5074 6876
2288 5602
2316 3545
6343 6764
356 2559
5359 9265
1471 3223
2458 5005
1412 2501
5845 7583
4913 5816
4702 6163
2993 5463
1513 2471
3084 3834
1207 8094
2489 8452
6326 9551
2234 4265
968 8740
5258 7521
2723 8845
4590 6459
2519 7553
4149 8631
40 4146
4045 8720
810 1633
552 6125
3866 9675
1634 2508
150 5400
8516 9351
980 3816
695 5073
6780 9597
3862 6832
785 1448
8372 9728
2921 4045
2540 8628
7746 8109
1315 1496
2216 6651
846 1280
75 928
970 1309
495 5964
1536 3287
739 2522
3587 4250
4184 4341
470 2901
5325 5654
732 906
2763 6974
3718 9229
4033 6193
4271 5693
9266 9291
228 1434
910 6147
1406 4151
1730 2007
5649 6797
2975 3185
24 902
4431 9721
4567 9671
3479 4206
2097 3420
7196 8687
8065 8931
429 1105
4367 9012
5365 7813
1142 9716
4792 8446
2267 2276
216 3944
2197 8601
5365 9489
1180 7389
3768 3778
2002 9030
994 4284
2716 6850
528 7039
1069 4451
3054 3057
268 5579
5648 6803
1069 2034
3092 9843
1789 9380
4067 6053
4975 8089
326 829
3944 6872
413 8522
875 8752
7728 9243
5730 5839
5012 6001
947 1452
4548 6651
1924 4761
5628 6069
1295 5447
4702 6030
5510 5630
7857 9301
5998 8938
7198 7839
2476 5630
2334 3768
1146 3876
4998 8224
3211 9219
2272 8058
5202 7551
7027 7199
3505 5165
958 9496
910 6912
632 2281
2025 5196
1817 2969
7164 7603
3065 6605
8753 9648
6299 9193
2192 4001
2593 4924
6552 9156
2170 2958
1423 2844
3964 6465
597 8702
2813 9754
7349 8879
2681 8452
2326 3650
6950 8575
3005 4634
1782 2130
2249 4630
3448 4844
2744 4296
4325 7428
1817 2778
3219 6732
5977 6294
4612 8873
2161 3357
695 6191
3287 8011
797 2309
2359 5595
4511 7477
1111 1513
4314 6576
8182 9181
5493 8591
2084 6021
2979 8589
2017 6876
3702 7554
3119 4190
612 4288
3475 7234
770 4951
4758 8987
1633 9761
1461 4284
704 1321
7162 9514
4621 8680
4820 6469
8373 9636
166 1161
956 4887
5556 9375
1843 8495
6011 8615
1013 4298
616 2231
2534 6644
2650 6940
1040 7697
2672 7976
2069 4260
6125 7502
5138 8739
3723 8804
5242 7126
1790 2599
1999 2000
6813 8789
8035 8808
8944 9577
4001 4384
4572 9582
76 4690
240 5268
2070 3449
8919 9227
6772 6774
3872 6784
401 8629
3105 7295
2035 9769
3944 6053
3644 4999
4966 7785
1002 9058
7170 7662
1209 2056
86 7346
1564 6226
875 3342
922 3043
8592 9861
3932 7785
2437 9276
805 2778
7509 8680
5401 8192
442 851
8160 8749
3219 3256
5345 6711
1048 3225
1854 3492
895 3086
3310 3775
417 869
1375 6162
40 7853
6035 9751
5221 8630
2519 4817
4010 8267
5482 6234
4566 5897
7335 8604
5643 6590
1537 5786
809 3339
2949 6873
5322 6958
4483 8805
771 9590
6152 9318
4621 6577
700 8254
5195 5504
785 5910
3092 5813
1703 6458
4356 9121
3131 7423
646 2098
2320 2573
987 7730
2717 4798
4901 7170
4972 9559
2887 8902
1473 9576
7849 8961
222 1987
765 1437
190 617
3607 9390
347 6919
2690 7693
1175 8230
4738 8433
2634 8623
7717 9829
8147 9347
7343 9498
329 8198
7741 7752
1229 4761
2936 3258
765 8630
1698 7370
9132 9400
4397 4496
2221 5438
8361 8750
1620 5205
682 4825
1631 3196
6132 9534
4017 9055
5245 9753
586 5298
1510 5159
2098 2367
467 3107
7336 8424
4541 6368
313 3119
2098 6374
7011 9289
3029 4844
2790 9518
2482 2936
692 8545
3774 6482
521 3516
1381 2423
1632 4088
49 7592
8990 9588
1553 5808
2637 5655
3795 5535
1948 9414
2918 9126
7374 8275
3146 5228
509 1390
5507 6674
1678 3058
1208 6092
8629 8659
1702 5615
6632 9318
3765 9263
3996 9489
4388 5040
8726 9828
9572 9769
930 4899
5721 5909
4699 5364
1198 2210
960 6105
3227 6075
2856 8424
272 5184
250 1362
1663 9701
617 6442
867 2263
816 1934
6958 6992
4059 4309
2653 3375
3683 4026
3536 6576
4247 7893
7864 9070
5216 5338
341 6761
2015 3080
80 851
3059 3499
2740 5512
4586 6906
1161 7038
4560 4966
4426 7192
4342 9398
8877 9448
6780 8261
3438 9121
9263 9373
1167 9659
906 9793
5588 7059
2990 6866
11 9872
724 8006
1737 9216
5386 8006
1039 6712
2538 8504
1473 3805
2575 9758
3905 5461
3971 6001
2746 5556
701 6040
7518 8729
866 2539
8352 8763
6135 7340
4430 4630
5480 7963
2683 8480
63 5768
5212 8216
4698 8931
1207 2381
4561 8659
3084 4637
816 1742
473 6849
3774 5378
1011 2603
944 6294
9128 9257
1002 9726
4818 7076
6671 7993
1422 8165
7034 8168
1471 9774
3539 8236
3613 5152
2181 4794
6565 9494
6785 8906
183 5221
1578 4460
6738 7914
127 4580
1717 4373
1438 8102
4431 7412
4014 6855
704 9333
6276 7573
4105 9404
63 7757
459 4329
895 7555
621 4581
5613 9479
2803 8348
560 1871
534 8800
3327 3474
5401 9291
2262 4812
1742 4849
2980 3649
4091 9827
4494 8722
4286 8634
1997 2293
4910 9265
9373 9663
4373 8270
4069 6515
1551 5683
4333 7969
714 1886
2048 4101
864 5879
4877 7039
6924 8717
3390 9514
1355 3113
3889 8131
6208 8931
7779 8652
8553 8921
3621 6974
2156 7595
4061 9736
366 3233
178 2445
4297 5464
2056 4003
1332 7202
7441 8452
1548 7229
5859 9514
565 8039
3585 7374
4084 4213
3158 4840
6998 8988
785 6448
1737 2790
768 3041
1319 7537
4887 5471
1828 7417
3801 9655
6522 7234
4360 9816
1738 8882
7044 9279
5652 9255
906 9438
4259 5274
32 8980
7960 8028
4299 6443
4893 6053
1220 8578
5911 8836
3641 7377
65 4125
211 9634
5187 8837
6072 9635
2499 7024
1737 6193
2098 7008
375 8450
2964 4283
25 6939
5264 9138
1379 7656
6472 9542
2918 8406
2531 8108
8414 9510
5232 8165
1282 4311
746 3302
5291 9504
4291 9190
1321 2935
3890 9518
163 6133
4794 8057
2661 4088
786 8236
4751 9083
6269 7413
2406 4661
1041 1254
3631 5592
3392 7233
3236 8583
4684 8949
334 7838
3783 5761
3923 7931
5326 8454
5572 8680
3205 3751
1405 2995
3702 6130
210 2520
5341 8252
3855 4606
320 4445
2072 9147
4684 4948
1326 4602
5470 8582
4252 6593
1358 8354
809 4451
2216 3708
6589 6853
809 8345
242 9629
149 8529
1138 9363
2969 8415
4571 6497
2971 4168
4025 4572
2746 6974
1833 6254
979 1906
1597 7126
3313 5870
4936 6819
6306 8266
30 3035
6246 7855
500 8282
1573 4144
983 7518
7121 7658
9803 9830
1999 9775
249 862
4651 7752
228 3612
6160 6357
3633 9846
3737 8159
3065 5312
1087 3662
3444 5019
186 3937
375 5933
5237 8837
1978 8051
4252 7990
8021 9377
484 5329
3362 4634
8191 9099
387 6406
3940 5596
50 6939
447 6278
1792 8541
2286 3934
8621 9674
3851 9827
8885 8984
7651 9118
951 9367
1116 3658
2574 4705
675 4254
247 8156
334 1802
2326 2335
2092 9637
2528 3034
4284 7202
3641 7636
5964 7070
1681 5324
312 3640
8507 8680
1685 6049
7126 7188
1793 9316
1554 8132
800 7408
4650 8243
4097 6193
57 5938
6739 8195
4673 5730
6244 6283
7981 9022
3236 8743
5931 6616
7900 8533
6224 6640
1385 9563
980 3646
5273 9566
1252 2457
195 9722
1427 2642
1993 7345
3054 7826
3718 7100
6556 9472
3049 3648
2487 8634
1014 8500
2860 5596
3491 3819
2746 4752
2239 5756
910 2383
1977 3027
3920 4565
1160 1161
2334 3778
3422 5390
8457 9175
4416 4431
4001 8352
2286 3850
5578 9693
3889 9536
465 2109
1430 8845
6485 9515
968 5176
5477 9055
1551 5326
7432 8202
1280 1343
276 1075
2630 6861
6293 7585
6303 8306
986 1142
446 9828
3080 7166
4655 7147
469 5700
4333 6267
3206 9285
9407 9843
43 9803
5645 6269
1327 6164
1867 4363
1317 8933
3095 7889
1633 7454
1849 8890
155 8565
7984 9027
3775 4866
411 7198
2098 2716
2013 6744
350 8647
4761 8704
6355 7099
3750 7392
547 5524
3966 9440
1103 5456
2119 5454
904 5040
3021 9750
2230 4628
8663 9017
5221 5755
3527 4127
2772 4753
9198 9839
1100 8621
4282 4508
3206 8127
5132 9569
2592 5992
2758 2892
5661 8931
4260 6658
2161 9497
4094 7324
1113 9322
6558 6897
3965 6765
2359 8521
2050 9869
4571 7625
4099 5150
5365 9537
190 8681
1036 2471
21 9283
3198 4321
2016 7377
8034 8185
664 3781
7766 8858
2104 5674
3439 9441
5373 8873
8138 8252
1499 7406
154 517
8591 9730
536 4835
3802 5077
7671 8009
3719 7178
4336 8719
3224 5260
2540 9489
3760 5683
694 9241
1107 9134
1693 5336
1001 4099
117 2347
3008 8025
964 3965
875 8127
7466 8745
516 8905
91 5686
2110 5555
495 682
342 7352
5131 5821
6207 7367
484 3755
2427 2761
833 4571
4644 6906
5014 5415
3249 5586
2083 3615
5324 7428
4628 5701
1007 2926
3258 7323
3633 4576
7907 9822
1681 3320
690 3650
448 7874
4388 8652
7157 9760
3185 5271
3565 7202
5069 5221
191 6030
1338 4201
9497 9660
1513 2937
835 6868
406 3086
3451 8119
1571 4206
4263 7517
4418 5489
5327 5463
2540 7537
1106 8793
3123 9781
2505 2891
3668 5754
1461 7202
3298 5833
1760 8724
3015 6241
1471 2239
162 7857
1053 8980
7219 7538
4263 9373
3367 4796
1759 3688
3417 7977
333 5510
3339 8160
537 3758
5633 6370
994 2320
246 7994
7821 9040
232 8836
1489 4430
2751 5651
617 8124
1477 1625
305 9501
2249 7424
1052 6086
4053 9511
765 4242
3065 5388
7757 8435
4245 9153
99 1421
1570 9575
3859 8631
3849 3944
3615 8452
2782 8850
4158 8332
1327 1705
5090 7954
2573 4284
144 9518
1780 3667
3691 5553
1107 7872
4788 7261
3040 7595
1777 8777
2383 4300
3430 7448
4744 6616
1643 5492
1597 7785
935 2976
1352 8211
658 2639
4866 9291
1445 1827
2341 9384
3847 9361
3491 5310
7729 8923
2265 6340
3691 7596
5324 5401
4001 6912
503 9673
3036 3446
185 9822
5853 7071
6850 9767
5037 6219
4010 4945
484 6963
4698 9166
4888 5320
2847 7170
2359 7867
181 9042
913 2574
314 9163
4054 7824
5196 5197
459 2433
948 4150
724 1464
117 432
6876 7977
6269 8236
2259 2931
9 4753
1452 1991
3976 5296
5524 9383
1775 9790
1053 9827
5531 8897
5655 6362
421 4841
3656 6142
7638 8945
2401 5478
1088 8094
1236 5401
2377 6488
1840 5346
1471 6304
548 1063
7251 8191
928 3124
1521 8770
638 7537
3105 8310
2696 3487
4661 8170
1568 2517
5463 9377
3080 4329
6791 9423
49 7998
1031 3357
4602 5279
6470 8538
924 5682
6237 7656
75 9352
4010 6456
8028 9755
1530 5430
2964 7598
3031 8571
1276 3009
3775 6152
457 4195
1860 5898
1651 6759
3049 3650
5078 6148
7649 9378
2148 4345
212 6895
3804 5169
4099 5153
1427 4033
1854 6880
5092 7217
4656 8919
6024 6201
160 4609
6664 6984
4126 4899
849 6474
3444 5403
5937 8724
4744 8564
2164 3994
1513 7083
1506 7233
3568 6364
5171 5387
1055 7998
6662 6941
1598 4299
4610 5047
7075 8873
709 6664
1065 7389
4389 8976
1444 4610
3568 6991
119 2389
4180 6103
5624 8292
245 7485
1588 3039
1551 5221
6988 7667
5313 7816
2179 2778
2951 5209
990 7099
1323 4252
2675 4183
732 9813
8666 9345
4200 6090
144 4966
1201 8111
3298 6083
423 4062
1548 6388
3253 3965
3209 3661
266 5809
6053 6234
3726 5171
1551 2278
1224 6950
1513 8545
3093 5159
2201 7697
4053 8545
1987 3559
3634 9554
2461 7994
1209 7431
3026 8999
3084 6896
4110 6853
5502 8399
3963 8348
5686 6147
948 7889
432 1737
6754 8134
2298 5868
4227 4966
3337 6192
4252 4297
3254 7624
3775 4173
3996 7238
6926 8883
5669 9528
4783 9721
1973 8762
8365 9579
3434 7648
772 7573
9057 9830
1493 8414
4744 6115
1671 7700
7682 8445
6097 9726
1518 8706
7010 8109
195 1043
4376 7855
1385 5055
3905 5644
1954 5022
8537 9317
307 5900
1862 3991
7637 7674
2457 4886
3125 6654
8654 9417
2081 3112
2895 9843
1496 3718
7543 7594
2320 4300
4408 6489
6041 9838
4832 8243
7368 9715
3750 4418
3171 6193
6693 9774
80 285
225 4151
6111 9753
4100 7389
3766 5399
2540 8090
6669 8663
3931 6997
285 6704
3558 3903
5862 8639
3128 3540
3119 6217
809 8762
2314 5920
1845 9227
7412 8774
1728 5910
327 4031
1069 3040
285 9779
3734 3952
106 5938
1120 7426
3388 5836
5083 8776
3634 4605
3917 8978
821 9090
106 1038
3853 8535
1062 8361
323 9378
6147 7202
7979 8155
1254 6552
4353 5478
2540 9691
515 4334
505 977
1471 2359
3850 9255
1234 1908
285 442
2479 2886
600 8318
5340 8028
149 8208
1735 5282
906 3318
2094 6725
1785 8193
6199 9706
4206 6958
6530 7628
1413 4554
4321 6129
5737 8094
2924 3039
1461 2383
2588 6193
3536 8774
2359 5510
5040 6645
7843 9270
2200 3062
2870 7017
476 3579
2244 9301
780 7565
6989 7815
1487 1702
748 8981
990 1531
2293 6880
673 8938
37 5745
728 3229
3870 8459
2528 8310
2843 7446
8975 9816
750 3158
4384 5911
771 6796
3805 8191
1666 2763
2229 7730
8238 9830
4172 5819
2389 2421
5272 6834
4610 7251
2109 2778
468 547
6632 8269
3119 8026
1687 4333
5789 8961
1855 6420
5761 7088
4045 6744
2882 7438
5817 6226
1938 5957
4752 7126
5862 7461
2517 3052
1058 8166
4336 6982
3313 3883
2251 5385
1165 1987
1272 3304
6372 8796
4218 4911
6912 7202
2101 8988
677 2157
2054 4428
7016 7196
4278 8032
6506 8199
3799 4756
616 8480
2495 6035
3431 6866
2058 8720
1319 5374
5384 5900
3037 9809
3287 5538
3298 6666
3579 4329
4310 7196
190 6442
1628 7049
6403 6722
5322 5654
3603 5210
7875 9841
909 3079
8737 8845
1687 9092
7699 9476
8682 8944
5000 8796
3340 3451
5727 5863
1754 7076
1507 6316
4634 8613
191 9642
5235 8245
8165 8240
5446 7083
106 1810
2531 8008
4473 8763
115 5498
692 3452
4149 6036
5794 7198
3727 7221
6414 8966
1399 9403
1229 6593
69 6200
1031 9662
2292 9512
1934 8938
6129 9380
7170 7440
1238 4666
2259 6314
4210 6724
5783 8996
1327 4227
7526 8282
9163 9466
473 5335
3005 5397
7541 8400
7127 7931
1540 9753
5548 9626
1074 2967
214 9176
3415 9441
2328 5651
2835 7124
1103 5152
8490 9709
1102 9464
5950 7607
5128 5919
4489 5815
285 7336
3682 4615
3444 5414
1304 4309
3205 5447
6813 6944
1582 9409
2967 8215
4501 4756
3584 4042
3751 8353
4103 6217
822 1342
1385 5878
1149 6866
1336 7825
940 1031
3561 5161
1323 8306
2094 9034
7035 8875
2773 5212
1133 5541
4003 8361
1500 5871
2745 7634
6867 7864
1306 1662
2156 4451
41 851
4384 8029
3921 6591
8382 9816
556 8260
1093 2476
4384 6296
248 6577
171 8699
2709 5901
4121 8529
1753 5456
547 2345
1732 4554
1437 8630
5754 7855
7460 9706
624 1974
3065 4751
2831 4103
1928 9155
3947 9790
873 7009
3039 5159
994 3565
2230 8068
528 673
8591 9598
18 5574
567 2813
339 3028
5572 6670
5244 8846
2270 4666
2494 6825
4053 6456
2305 9791
2243 9068
6278 8953
236 393
3644 5592
1502 3292
3590 9605
3650 9092
977 8466
8634 9728
1522 5954
578 5134
1765 3863
8832 9577
3261 9658
3038 5427
5804 8069
655 2265
814 9830
4473 5911
2230 3164
3029 7436
1737 4550
2330 9261
106 7099
2056 8361
4852 6589
8846 8886
6768 6974
522 5482
4314 9662
6884 8063
301 6146
1150 9534
1052 6624
1506 6684
6139 9491
4723 5128
5479 5724
7149 8879
833 5976
2471 3683
259 9357
483 4144
770 8623
8361 9490
2320 4001
77 1625
1426 1754
7893 9198
4218 8134
1593 8414
1269 7553
3492 7224
3020 9302
1201 7130
2630 8598
720 4667
1513 1993
4325 9096
8596 8769
1782 5942
1450 4067
156 3964
786 2281
2739 3070
3761 7578
117 4388
8202 8421
4602 5145
1671 2367
4697 7823
998 6557
262 1587
254 6667
6747 8545
5003 6815
163 9664
1019 5073
6199 9721
2197 6252
4265 9189
3205 4720
2192 2320
810 8050
6724 7113
4605 5659
6909 7381
930 9198
6763 7464
1059 1224
3787 8013
2070 7039
3063 5714
2559 5384
5602 8227
4397 6708
3227 8905
5436 6880
5436 7816
2297 8035
2391 6446
8065 8480
3043 3044
3991 5548
1610 7290
6018 7760
1999 5556
718 6768
930 7620
7599 7805
3506 5811
568 4802
1243 5419
1025 9373
4141 8266
2230 3015
491 2025
1578 6047
2130 9212
3913 5384
3728 9073
357 494
6621 7660
5145 8630
821 4390
7641 7645
981 4103
2520 6739
3750 7717
6971 7458
4360 9106
4 4038
875 2217
2360 3289
5968 8189
2763 8452
5153 8639
5320 6998
8447 8802
7387 8355
1483 1582
7073 7126
457 9580
5913 9265
7569 7711
7563 8101
2232 2592
6724 9748
6616 7503
924 2910
404 6646
6472 9186
350 9349
3119 4103
1041 9156
3591 6155
3641 5665
3314 5021
86 552
3434 5099
1667 7755
2192 4384
5039 7529
8094 9060
765 6557
3065 5653
5859 7162
5532 8897
5780 6349
493 1381
1861 1896
2528 5016
36 6671
7681 8989
981 7597
2034 9317
3095 3546
1164 1785
164 554
2192 6897
5401 6622
8740 9249
5900 7091
3830 8231
6589 6824
6768 8837
3016 8457
3584 5188
3057 8702
6296 6558
2358 8467
586 9175
4634 9275
5158 6608
7563 8389
3968 6939
2359 2716
5696 9734
6010 6650
6865 9069
2683 7551
837 8327
41 3226
1381 5780
1236 6866
2763 8677
139 7595
5877 9563
3825 7503
351 4893
2391 9408
2675 7373
3005 8180
7060 7279
1256 5485
2771 4474
9069 9247
2998 9813
2230 8480
3208 3653
26 3302
1437 5315
4409 5720
8980 9138
5556 9099
2166 5183
4592 8026
594 4026
7948 9785
785 6589
2834 7583
4017 8201
6774 7703
6562 6710
4887 8267
3982 9827
5862 7537
3268 3539
7760 8424
387 7223
4053 8413
7210 7907
2477 8466
518 4825
1363 3160
8530 9689
8663 9003
2495 4299
1506 5836
3243 9674
2034 2156
3950 5064
8853 9420
8212 9013
940 7144
1068 7595
361 7188
3766 5562
1022 8264
4340 4688
251 9643
4091 7893
4170 5272
2158 8730
1294 8774
4119 5337
2979 6424
41 1169
457 3614
6862 7596
8733 9143
9206 9854
1321 1362
366 3220
4301 7183
5020 9787
3206 8674
3097 5536
1655 7839
3023 7851
1620 5547
5900 7578
3531 4378
2494 8165
1410 7494
1461 8029
1481 9382
6300 8080
5664 6321
7889 8434
139 3040
31 9502
4684 6810
270 5272
6926 7569
8090 9380
6482 9073
4661 5403
473 7156
2320 6147
4630 7149
1928 4200
1200 4056
1291 3991
3387 9003
1817 9166
4610 8094
6174 7600
981 9362
2301 2464
3170 7248
967 1548
980 1930
2073 9226
3718 3785
6428 9316
75 6129
3565 5911
3439 7071
3982 6635
7039 7537
2163 6980
259 6075
9299 9361
107 5206
8150 9198
1854 7785
8094 9073
2993 9377
6230 9504
629 3763
2530 7871
7207 9834
4402 6474
673 1471
4849 7452
300 9380
5839 6141
1999 3980
7548 9156
1496 8261
1236 2949
6803 9597
2709 5229
167 8601
471 1270
3289 3318
1698 8451
2164 3228
7781 8950
3275 4125
2822 8291
1625 8099
5137 6280
8201 9093
6146 8009
4254 5265
2235 5592
2595 4893
1932 8661
5950 8459
7329 9213
5195 7110
1592 2800
1968 8867
2970 8191
3991 5615
75 7374
5143 8337
679 6850
797 9679
31 3041
3382 5900
2179 2932
2345 2588
9661 9716
2494 8318
3141 6044
7207 7326
906 4657
6020 9584
6065 7064
3016 3282
7649 8228
1150 5302
4227 8267
462 3190
4666 8325
3819 7855
1026 6030
4571 8587
2775 5082
247 6283
3333 8661
5616 7893
6898 9576
4218 6165
736 7766
3483 4404
2071 3188
1196 7416
1256 9011
4910 7357
768 3325
5122 9301
1131 8800
3640 9601
3057 4972
6241 8883
1161 9693
6142 9370
3200 7196
1277 6075
3580 6371
1167 5942
2456 5384
4132 9163
8386 9029
5634 5641
3347 6657
6023 8743
879 5587
903 9240
6203 7692
5081 8652
1209 4814
1535 3501
951 1548
3659 9050
6234 6393
4511 7502
4462 6902
8353 9765
5542 8938
1804 1970
3469 7943
1746 2230
1784 5110
1450 4035
6574 8932
2861 3007
3392 8969
5446 8411
3360 6439
5028 7869
534 7401
5510 5754
1004 9408
4029 6097
2865 3684
3832 6309
1500 7389
3021 4257
1126 3327
5626 6508
1294 4431
5146 6692
771 6014
5307 7592
425 9628
1698 3426
2847 7844
994 1461
3448 9519
1610 4245
1832 1841
3293 9409
769 4403
2482 9044
9525 9618
1180 1789
2077 3691
6206 9180
7319 8922
3301 5122
1731 5745
3724 4783
1256 3105
252 802
9058 9828
439 9550
1428 4018
4434 4784
4149 4963
6006 8962
1391 8236
3227 5679
4076 9617
4780 8088
993 3908
5591 6939
975 2535
3159 4281
2745 8938
3750 4221
1934 7583
3613 6383
2814 8386
3362 7423
1737 8414
248 7509
1229 7200
2964 3341
1381 2345
2100 2593
701 6075
1808 2070
4455 6678
1391 8837
1381 3483
7583 8264
447 8576
5626 9666
4852 5636
2665 7229
8701 9324
974 7994
4412 4572
2035 6338
5176 9051
6309 9801
37 5507
1315 6075
361 2109
1832 7016
2031 7532
1471 5630
4634 5467
3441 5079
1728 3942
569 8698
1197 3285
2146 5259
7534 9083
379 5185
360 8111
844 6414
946 1182
981 8452
765 3923
5612 6563
3439 7774
3228 4945
317 5168
3717 7733
3054 7312
1063 1214
4218 6268
9050 9138
7503 8900
2000 4794
4694 4830
2534 9342
3267 6765
5491 6502
895 8919
5285 9325
2740 6246
1966 8191
8296 8452
289 3949
1294 3724
8634 8866
3659 6073
960 8848
1828 8505
2180 9029
409 7573
932 7003
5878 9678
1391 8702
1197 8012
2320 4473
5661 9472
2117 2140
847 1839
4825 6738
2237 6007
2098 8082
1190 3205
2804 8732
1473 7785
5601 5863
4173 4672
1566 2887
2013 7947
975 3763
6409 9361
681 1344
2240 3585
5911 6296
2281 9219
2554 7475
724 5322
1167 3937
4819 6927
2913 3105
526 2133
1126 6291
3506 8452
5013 5022
1297 6312
910 6010
3643 7395
1243 9279
1706 3788
3471 6393
2716 5726
6593 7670
5152 5456
2779 8563
220 1730
3389 6156
3214 7940
4149 9690
1710 4027
2999 3202
1462 8261
1345 4580
9301 9532
608 2809
6993 8529
2521 4048
2654 3548
7605 9726
1167 5512
6570 8631
7395 9576
6574 8154
1696 5191
1934 2856
335 5874
3921 8861
6067 8301
2816 3661
8300 9374
6745 7820
432 1622
4068 7434
1616 2497
2295 8094
3063 9189
4191 6076
7056 8745
203 2534
1610 5360
1847 6782
994 4473
5463 8576
2982 8761
2653 3982
6576 9395
2965 6591
8147 8269
6414 7872
1224 6660
1968 4427
7738 8734
1877 9686
2703 8623
7328 7930
5756 8484
7899 9746
833 8587
1100 2112
2907 4088
3479 5464
1074 2937
3905 5117
3219 7916
3399 5319
4249 6230
4318 5831
2804 5833
228 7704
732 4091
3924 7646
870 1580
5343 7333
1444 1513
3250 8347
5556 8191
6335 9066
232 4384
7904 9514
2189 9787
8636 9430
994 4748
4782 6635
4374 6472
133 6604
1696 7306
6152 9291
4278 9186
1471 6658
808 4819
3584 3888
75 1817
3990 9726
6975 7262
8026 9659
5296 6642
4111 5276
2068 6742
418 7324
4151 9452
244 6577
1551 9491
6539 8208
3141 8296
339 4166
46 4684
6208 6856
7863 8185
4018 6728
3357 3724
492 3434
3233 3963
1345 9775
754 4564
939 4856
6647 8211
3564 5800
2878 5239
2838 8931
302 7435
7849 8638
3102 7111
4850 6866
164 1362
1165 8823
648 6140
4676 8415
361 9099
139 1069
2834 4130
614 6442
2130 5542
919 5669
6277 9631
1573 7396
659 1685
360 384
3327 7290
4147 4149
1790 4221
7149 8980
5156 5686
8490 9537
868 3081
1245 2152
3329 6370
981 4610
765 4055
2580 2735
8108 8540
5926 7104
1577 2398
1825 2532
323 6608
35 8644
2886 7042
3538 9269
668 7573
857 6987
5282 6193
3775 9265
6335 9346
3915 7376
2048 6604
7426 8228
4338 6307
902 8454
4292 6745
1345 9059
499 3522
7344 8126
5433 7866
1874 6496
3086 5365
5725 5798
1994 5767
6890 8203
958 1357
966 4686
5854 9308
3775 4556
3543 4729
854 1088
952 9428
1473 3615
5520 9255
2339 7252
4507 4685
46 6121
3543 8762
8314 9107
7474 7522
355 4681
7163 7786
7625 8599
186 6939
5686 8029
6871 9780
5553 8550
3028 9593
6393 8414
430 4614
537 7578
406 765
1268 1875
901 9280
7889 8101
4127 6393
3659 5008
4067 7432
5277 6080
6384 6805
499 5641
3355 6965
1482 8663
951 6306
1754 7009
1733 8864
4063 4684
2201 2823
2936 3218
2420 8305
2785 9591
6351 7472
7991 9797
709 2882
357 1451
109 8454
2633 2932
4949 9629
1392 2610
91 994
1109 5538
6819 8589
5858 7991
5630 6667
149 9316
3854 7044
2280 8837
9096 9860
3700 7026
407 904
4752 9010
1655 3587
2610 5047
597 5620
1563 6761
5833 9389
2091 3584
3434 7154
5548 6693
5529 5826
1987 4752
52 7757
4621 5572
7400 7614
771 6179
1306 4892
6542 6873
5674 5979
3177 8325
2194 3442
1401 8641
6029 7697
6177 8740
4112 7825
4768 8620
4469 8413
5359 6155
2245 8011
5862 7039
1471 9092
802 2673
2199 2977
4455 9341
778 8242
4703 9055
6350 9600
2630 6077
3641 7598
2764 3906
3028 7496
2580 8127
3659 9827
5830 9693
5737 6393
4674 6444
1224 7153
6029 8832
4358 4667
1797 4867
3638 7547
3298 3559
2746 5747
4913 8073
3280 7017
629 2626
142 1179
5027 7977
1518 9262
4266 6463
3000 6748
3185 5020
2952 8887
1203 5202
2595 6574
2746 8938
1167 5258
6572 8222
2795 7139
21 3846
8456 8689
4580 8531
294 4190
3527 4895
3802 5985
5258 6895
3967 9626
5008 8387
991 1806
1201 2259
141 5046
145 350
542 2979
3849 6872
1550 5483
3091 7023
1745 2067
2690 2729
2917 9055
1751 6057
8110 8743
145 4401
6288 6824
3119 8938
6249 9228
1473 5927
2531 8925
1043 9722
2559 6339
8041 9763
617 6866
3590 9092
7226 7442
1671 8814
2856 6289
6119 9616
2666 8600
3526 6659
4473 4748
622 7419
1476 5213
4524 7496
6668 7472
7981 9040
1493 6496
629 3847
3710 5040
5458 6090
5971 6924
57 5797
1377 4469
2749 7598
2665 4966
1388 6923
43 4002
5654 6053
5539 7785
1949 5721
6342 8013
1805 3705
6456 6589
5065 8267
4184 9135
4771 7151
4467 7421
357 5678
6354 6895
785 3328
2186 3790
708 2665
3102 8935
2452 4895
6368 7162
2609 9104
5401 6574
5202 6126
1310 9642
5650 6655
4012 9431
3330 3390
1566 4227
6075 9165
2773 7735
1934 7000
4267 5284
6577 8680
203 5258
1274 9291
3218 4661
5871 7389
931 7596
1825 9562
960 6537
368 4411
1854 8484
1806 2230
2075 3010
1577 8058
6018 8938
2858 9576
1134 5541
320 3551
6199 7144
4473 5400
4835 7855
909 1105
4435 7825
413 9737
1207 9813
834 7275
6768 9781
477 2234
8081 9421
1157 5609
875 8080
2573 8352
3536 9662
800 8576
5385 8628
4956 6027
1419 5040
4773 9829
386 2230
6562 8221
3656 7701
1888 3029
3567 7596
370 6265
732 1975
7797 8722
7083 8545
4045 7910
7199 7584
6803 9726
417 4411
2748 5365
2975 9735
5398 9120
1479 6143
1209 7785
423 1156
1204 5751
495 9776
467 9383
6576 9721
254 3361
4245 4634
7596 8292
485 9822
1754 9751
1610 6636
2745 7669
5911 6010
4416 9660
1201 6344
496 8938
3775 9291
6030 8998
784 2297
158 9454
5202 8215
4069 5061
3800 5655
3945 6053
46 1061
1698 9663
1138 9684
1838 7182
7785 9576
3024 4673
892 4576
1362 9705
3338 6993
3242 4537
5775 6722
5986 6669
2200 3648
2133 8596
6067 7326
4054 8598
482 9409
1444 4840
3362 3832
1473 2746
210 1373
1782 5482
3112 4411
835 8000
4377 7678
2187 6870
4314 9706
3702 7547
262 7381
6574 8236
6404 6998
3286 6794
2226 3333
587 3996
3896 8561
3119 5122
664 6632
6010 8029
8767 8949
765 4978
2533 9060
3344 6172
991 1569
315 1639
3185 8755
468 2846
2180 7283
2098 5512
4231 7089
3066 9373
6384 8987
994 8029
2314 8835
6296 8352
4314 4431
8350 8796
44 3661
3793 8769
981 8607
5040 8652
2817 4035
7785 9073
6584 8503
3119 6982
5807 5967
682 7421
1681 5833
2098 7398
2846 4131
3313 5732
6574 6918
5202 6107
2550 9119
7433 8773
910 5156
2745 5524
2984 6194
7552 9537
4284 4384
4099 7870
4220 6135
2295 2913
1900 8800
2876 7778
2012 9361
478 1526
1962 9262
772 3572
843 3080
2689 6896
1372 1958
1773 6360
1258 3218
8457 8657
800 5463
2588 6350
4033 7710
8006 8628
1112 8702
402 628
1578 5564
7472 9190
3747 7840
1930 3768
4090 9817
3572 7594
23 4042
2152 9401
6164 9461
5959 7397
4749 9596
2503 4691
1138 3996
170 2531
875 2735
3556 6340
4832 5900
8182 8529
5040 8710
1932 6678
3514 6968
3634 4032
3339 9602
2867 4138
7716 9872
4388 7893
3018 6717
1444 8025
1437 5365
7743 7881
1754 4020
960 1569
3968 4773
7063 8266
4959 8631
883 5587
1126 5322
3643 5659
326 6374
1087 5414
1672 7547
633 8952
4245 5592
3650 3670
4173 4870
2685 4590
2073 9459
3812 8564
2657 5086
4115 7543
3383 7101
840 8966
1413 1732
1549 6607
1424 3005
821 4581
4752 6337
6451 7603
177 2701
5236 7620
2210 4610
1358 9238
1801 5549
1902 7001
3561 7649
745 1172
6018 9803
8365 8667
2746 8452
6339 7030
889 2453
964 9725
5221 8474
1767 3965
2070 7588
1172 8737
4662 8393
4928 6547
1156 2816
732 5246
2070 8646
893 9386
1358 5807
2609 8689
142 1043
2508 2512
8659 8661
4329 8714
4434 8598
1066 3355
1854 2057
7889 8389
1392 5047
1359 5244
409 3548
2594 2831
603 4413
7935 9189
3691 7990
1961 5835
1227 5742
991 3685
285 1711
942 1316
219 9671
1153 3206
1173 6756
350 401
1902 3956
1264 4604
4409 6388
1305 5263
1377 8413
6678 8661
6697 9159
9497 9721
5156 6912
1 2382
1630 9382
3662 3942
168 6272
2084 5996
1183 6018
1782 5122
919 1408
338 1310
2190 8020
2077 5786
28 499
149 820
2588 2846
2887 9873
6402 8454
518 1443
5885 8307
4451 4729
4619 9209
7201 8296
507 9518
2164 6316
2323 6118
2412 2523
413 9180
1742 3361
798 2513
800 9377
994 8352
1670 1831
1473 2281
4237 6611
3109 5788
765 8512
1024 9518
9544 9774
6331 7654
3134 5862
4955 7446
5159 6339
6102 9154
3765 3808
534 2164
1800 3896
4630 7349
298 429
2230 9527
2030 6946
3023 4480
6496 7196
2993 7514
783 3481
2725 9373
1025 4528
4594 9592
4288 6497
1968 2368
3775 5652
8619 9677
713 9373
5442 9026
875 5444
5948 8034
3249 4751
2570 7196
1742 7185
5068 7396
2845 5918
5205 6803
2817 5012
4783 7460
4815 5998
7825 9801
474 2941
3205 6081
32 9350
1479 8560
8629 9057
7162 8127
3305 4125
439 7261
5384 7404
3827 7596
6904 8165
6974 8452
2792 6027
5046 6936
6290 6755
2856 4574
876 7836
300 1180
3125 5119
1514 2086
8040 8344
3058 9559
314 1753
6209 6724
1294 9395
2192 2383
2171 6945
5025 5292
1496 9165
8823 9219
3308 8247
499 8453
785 6068
8122 8915
3403 9837
600 1321
2043 7991
5953 7389
1754 6662
5204 8752
843 7794
1034 6086
5153 5576
6411 8633
1569 5568
1079 4591
3979 4174
6730 7927
1497 5946
1934 5556
4689 8267
674 2453
3906 7233
1473 1987
2569 7777
3050 3648
8005 8006
4728 7579
4742 5577
3474 6579
1277 8457
2427 7938
3086 9241
697 9801
3652 8573
3733 4436
2411 3089
2595 5661
3486 8645
1170 5931
2146 5398
5630 6563
573 5233
3703 6603
3566 7036
1516 2286
4570 9837
2609 7148
736 7087
1654 1864
764 6208
1846 5237
4751 6393
2043 9124
7399 7606
9497 9706
732 9514
232 7202
5966 8130
4702 8324
7025 9811
1717 5498
3920 4776
39 7312
2116 3903
1169 3205
1138 6939
1688 8157
2967 5202
3868 3920
1689 5444
1038 6834
2615 5600
2291 4022
7618 9007
2530 3279
8699 9659
4136 7181
1471 4333
3411 4773
22 4151
2630 8550
2162 6915
3132 8452
3776 8046
1273 6187
861 5618
5640 8777
3322 3607
1681 1987
3292 6678
3991 9337
2370 4280
1002 4250
2304 7571
1377 1494
986 8661
3976 6642
3965 9096
5124 7039
4132 5506
602 1707
72 3927
974 9642
5188 5689
3045 3057
3692 8443
942 2245
4813 8519
1505 8728
2320 6296
3860 5505
968 9045
1494 7234
380 1804
3652 5387
2846 9600
540 2704
2188 8686
317 5387
2344 3920
7076 8983
52 4732
2200 5657
2844 7466
8106 8820
4190 5464
1093 9368
80 6581
3920 5661
3659 9083
4029 4396
1236 2458
2540 2845
6382 6765
1700 8734
6060 7636
6592 9711
5654 8414
5897 7522
2559 5000
2276 5072
1423 5346
4698 9626
5445 8642
1280 1681
2513 5703
3565 8763
7657 9801
1800 8875
534 701
7514 9377
3054 6866
1780 7869
4001 6010
2444 8288
810 4764
3275 3362
3047 8284
1778 6819
7643 9446
2732 6978
2813 8387
91 1461
1156 6594
3113 5459
1825 3772
7340 8957
3346 7371
5042 6358
4252 6712
2585 8921
2937 5121
7083 7126
31 8765
2950 4614
399 1937
801 3657
8591 9642
1416 1436
4262 6384
5148 8421
4171 8681
1409 6371
1671 6022
890 6601
4559 4909
3683 7073
2932 4941
5948 8185
1316 3718
4229 8526
6027 8314
901 3849
5282 7462
1009 3909
6638 8655
7081 9154
6926 8228
4190 5125
4630 7350
1786 2125
5357 9145
5197 5711
919 8991
308 1165
1043 9677
8062 9364
3526 7234
922 9048
4450 8433
9333 9336
2541 3042
1357 3816
4602 7561
764 1111
2101 5044
3210 6981
2609 5755
5971 8717
3358 6343
6732 8975
7279 8794
5278 5409
5686 6650
620 4495
696 2650
572 8509
1817 7945
3119 4336
5661 6693
1896 6895
904 2056
3898 8210
3411 9550
384 1087
2970 6586
3980 5722
3209 3650
3120 3693
198 5750
6053 6553
2228 3346
4165 8071
4959 7541
7960 9318
1570 6472
2857 4146
2196 7693
2297 8828
47 8291
4388 9793
4147 9156
663 2494
1332 4284
5907 7702
4300 5911
8107 8738
629 5482
5221 8965
2146 8326
395 2615
1526 6960
1666 5800
2609 8513
5193 7076
3233 8348
5062 8174
577 7776
6496 7560
5808 9639
3070 8326
776 9003
4478 7743
276 9626
3442 5084
3719 7416
892 9846
3475 8157
2424 3932
483 598
9214 9284
2484 8894
7583 8812
4788 6393
5493 6595
1745 5341
765 2818
2883 6476
1746 9527
8774 9497
622 8459
1839 5375
913 1852
3463 5650
4421 9448
2685 4478
1953 6944
4561 9422
567 2370
1500 6561
7 160
326 6033
3750 6871
3081 3643
4661 6155
323 5444
2001 9040
5292 7943
2377 8148
679 3294
4757 8292
5911 6650
3144 8169
3340 3926
3174 6250
1386 5947
629 2740
3321 7018
2524 7821
2372 4883
6940 8713
1280 1987
2370 5323
1048 4799
6768 7377
4001 8763
6627 9042
4910 8738
2348 9186
3812 8433
232 4473
623 7438
7134 8332
4802 5467
7760 9165
5700 7178
3679 7401
6064 8983
6414 8174
1622 2493
2526 6175
771 1198
5417 7948
3092 5774
400 4595
1043 6189
6669 9003
2494 6063
2653 9646
2892 6187
1196 5738
3205 3327
7282 7419
1677 8634
2993 8953
4815 5556
798 6269
2726 6621
4286 9728
2495 4968
6523 7839
2741 6120
3994 9749
8296 8653
552 8801
2513 6269
3785 7472
5606 9656
4752 6628
2933 8704
2297 3408
5040 9308
928 3991
4301 7402
5216 9253
2149 2526
2890 3789
6873 7864
9662 9721
5163 5449
4469 9774
5046 5401
3788 9632
1791 5395
6798 9706
2297 2517
5935 9409
466 3755
566 9869
3269 7036
338 974
3531 5737
4168 4700
5636 6589
3777 8998
2326 9833
1655 9597
1506 9579
6563 8236
5911 6897
917 7520
4571 5186
6349 9190
6171 7076
4705 5542
4081 9862
357 4893
6129 7198
4761 8123
5221 8704
3271 6259
600 6472
4029 4030
5636 6824
6941 7371
2887 3805
3695 8886
7424 9168
3543 4451
2726 2864
7592 9728
1142 8761
1452 9153
8275 9190
1345 7188
49 1055
4634 5592
147 6940
2288 3931
1311 2230
5093 5842
6062 7759
2792 3086
459 4747
2965 4333
4715 7413
3565 4284
5373 9153
5687 8704
8297 8509
4229 5841
3119 5542
413 9209
2321 3802
3792 7583
5756 7079
1570 4098
7027 8812
301 9677
3162 5699
1002 1161
810 3859
5419 9279
9751 9812
7717 9018
4497 5062
1309 1401
5294 6770
318 3431
449 7874
2664 4990
3062 5653
7925 8196
5236 8094
7489 8079
3932 8414
5202 6649
7100 7593
2151 5084
7623 9596
1786 3920
2248 9010
5398 7864
4476 7683
5118 6774
885 6757
2100 4924
5695 8208
798 6832
2735 5305
2884 5679
1830 3617
535 7389
3395 7269
1589 7512
5805 6251
423 3939
4634 9153
885 3995
6898 8777
4420 7349
3344 5931
4095 5004
1912 6246
4083 9392
3132 9206
1319 2540
7391 9781
91 2573
8417 8699
2281 8242
3595 5513
34 9775
1721 4604
2306 8725
1002 8301
2902 5524
1698 3002
4262 9564
3186 8119
3535 9619
815 7733
82 8500
99 2856
4621 8344
663 8585
4478 5815
2283 6261
555 673
2507 2894
8991 9528
8239 8832
2965 3792
3598 7733
928 9476
1 7149
6335 6891
361 2179
7268 8740
1354 1357
1570 5062
3701 5599
7606 9543
2489 2877
971 5145
1497 7573
947 5951
2522 2813
616 8809
184 8745
2877 6086
6653 9477
3332 6635
4442 5721
272 5883
3534 5269
3687 4756
905 4099
1215 1733
873 1184
2359 2991
2860 3940
4485 5132
8689 9104
3724 9662
5981 6191
2573 7202
1020 9241
786 4132
1726 7984
3842 6143
31 7059
2305 9143
8552 9488
895 3876
350 7424
989 9008
5221 7711
2013 2458
2885 3238
2540 5374
2496 7838
5105 5469
6423 7619
6657 8938
160 7526
1859 4342
2400 3772
510 9869
701 9177
2831 8923
5336 7038
1736 9677
1031 7460
5813 7512
3686 6472
6030 8324
3205 6824
1100 6350
5000 9829
3029 7675
1161 6360
522 8574
809 3543
7458 9600
732 7149
764 2471
2531 7503
1882 9154
4330 6895
3292 4455
771 8119
4464 9751
5616 7149
1564 5817
1894 8556
814 8238
2034 8537
1493 9190
5556 7261
3487 6763
393 3846
7123 9162
665 9265
2122 2795
2931 9401
2573 6558
3485 7234
3639 4841
4252 9711
5213 8744
3010 5673
2798 4151
8601 9874
3962 4749
2607 6903
9050 9817
2475 3028
2092 7061
5041 6789
6019 8901
4257 7788
3650 3659
7649 8556
3226 7430
618 5540
1462 9724
1825 9262
6466 9379
4078 8937
962 1539
1265 5485
3418 5935
3773 9279
1160 3864
1782 9576
715 8169
1174 4344
566 2164
916 8319
3007 5067
7298 9866
1471 6129
3952 6339
1294 4783
473 7083
160 9189
1749 3297
2177 7928
5871 6472
2528 7940
5081 7779
1069 7595
5520 8175
1681 7188
1968 8238
7114 8127
276 3349
2145 2501
5134 8531
2359 8236
1177 6221
5285 9498
1002 7838
3719 5700
1242 9055
4661 5023
3640 4184
3134 9661
951 4409
3269 3501
1833 7657
2581 6851
6066 6890
1518 8897
380 7597
173 2566
5780 6818
3163 9194
668 3227
4047 7362
3468 7951
5635 9590
4455 8661
1055 5900
2531 4851
3996 4225
6967 8744
2449 7318
2743 6848
2470 2494
8261 9597
1140 2530
1610 5122
4430 5173
5926 8855
4227 7396
2273 7396
1208 2210
3666 4601
2598 4933
463 7395
964 2471
3043 6448
4187 4325
1031 7412
6702 8452
2314 2556
3431 7082
1566 3964
467 3275
4184 8202
3727 8049
7573 8025
334 3119
1702 2844
1224 8148
149 1783
4802 8613
3232 9711
5350 7713
28 8453
3062 5387
1959 8263
8253 8717
4032 5643
534 2056
2523 3446
1543 3157
5662 6268
2234 3437
7077 9071
4063 6810
5734 7673
5620 6974
3512 4771
6117 7260
787 3291
3649 9461
7732 9176
4765 7543
620 1565
2103 9406
1609 7898
236 8976
3599 9233
2399 9012
1458 7543
4762 5991
633 1692
4624 5672
2451 6860
3987 9487
9350 9734
3884 8014
179 4403
32 8529
1698 9795
146 7703
981 1160
6296 8836
102 5420
966 1934
67 2518
3750 7599
77 1477
7470 9767
5408 8661
6974 9854
6018 8126
739 1418
3392 3737
3767 9265
4652 6270
4019 4329
958 8183
1813 5821
2169 9489
4010 6243
297 7443
6765 7416
5402 6484
7454 8263
1671 4039
1230 6391
579 6105
2330 8735
1721 3996
4872 9157
827 6589
2408 7541
4045 7959
3029 6017
3717 9059
1041 4149
3550 8708
7418 9616
3822 6496
4769 6486
7589 8920
944 4793
6454 8328
798 3935
3013 6907
2530 2554
2425 7973
3226 7830
1971 2840
1605 6987
1930 7514
8730 9834
7290 8539
320 4244
92 1229
4103 4176
7991 8899
833 2841
236 3846
6324 6580
2458 5259
9154 9276
1421 1887
5421 7819
1721 2098
4058 6471
2408 2773
5857 6384
3590 5910
986 8761
5094 9741
25 4170
7595 9317
3057 9092
597 3971
5924 9260
2965 6301
3724 9395
266 4930
7341 8010
966 7000
2314 6640
930 4091
4150 8100
3039 5050
4297 9630
1209 3932
8840 8988
1285 8445
3973 9453
4200 7919
8296 9576
2810 8842
1685 7353
6622 7148
622 9370
7460 9721
2305 9058
964 8027
2489 2900
998 1849
875 2620
658 9002
4531 9032
993 4906
190 9124
3923 9381
2834 8094
786 2472
25 2590
2556 3976
4238 9651
4055 9521
8273 8275
5237 6803
8452 9547
3900 4149
550 2073
1616 1765
1377 4053
31 9350
833 4135
3964 4278
876 8726
6968 6976
5187 7681
3771 9058
3640 7605
2726 9606
163 3786
1862 3920
3689 7076
5744 6298
963 5444
2785 3816
1166 1458
5564 7188
2301 6867
848 7140
7199 8938
1681 3539
6278 8576
1622 9265
8698 9539
4318 6456
3944 8236
991 6428
1714 9752
5618 6309
1949 4082
9052 9373
8344 8688
4909 8353
4802 6140
838 6757
6278 6911
2343 8230
7601 7602
3300 9659
6653 9073
5652 9265
595 4188
4029 9310
942 4246
4354 7321
8526 9720
6987 9442
1068 4729
847 5040
3691 6862
265 4721
4460 7199
948 6066
4907 7961
714 8720
6262 7164
1827 7261
1594 6757
1254 7548
797 6208
5536 6878
8653 8919
6448 9048
6843 7596
2735 8578
2564 4329
4111 9617
5332 9830
3758 7578
6311 6398
1410 6387
467 8508
1329 6003
491 1934
4088 7118
499 5040
2914 8850
8747 9155
2522 4292
348 5133
701 906
934 5186
2910 5682
5661 9626
4839 9827
3065 7312
6171 8864
2848 3043
4935 5059
6734 9118
6353 8652
271 5267
3128 5145
1867 4677
5589 7538
6632 7370
311 5219
1831 2559
7336 8677
1161 9181
2540 3641
4103 5754
6323 9677
476 4329
6927 9442
3118 7254
3662 9050
1919 7060
8294 9671
2937 4849
8 3065
443 9261
4433 7489
6486 7775
135 2800
183 3569
2709 9331
6814 8384
2443 4799
5792 6884
970 8641
8119 8481
940 1294
3655 9083
629 7073
2180 9041
5000 5910
4099 6078
1237 4088
32 7198
5065 7674
3787 7484
1402 3268
3961 5997
4248 7224
2497 4241
1830 5872
5546 9755
464 1301
477 9189
5602 8692
6436 9096
4451 7595
3451 6693
2326 3808
3287 6988
4091 7499
1147 2294
5421 9429
6 5162
2574 6184
293 5655
1678 2548
4766 6035
275 5835
3103 8489
3362 7956
4702 9371
8127 9514
4135 4473
3912 5527
217 7715
1068 1069
8147 8157
1110 3931
4815 5482
4775 5505
1605 4819
7477 7502
8873 9153
1087 8106
6650 8352
3849 4610
3955 7596
2660 7076
1685 6980
2559 3590
3350 8267
1088 7733
1325 6099
4169 7838
4099 4591
3792 9440
3558 9375
6768 8452
1817 4847
4407 8887
1469 9255
4304 7779
923 1142
7153 7450
3543 9602
5246 7819
315 7606
3528 4954
3428 9298
58 7761
1085 8570
6129 6568
2334 3982
2552 3906
3645 6387
742 1238
406 4242
1507 4945
5915 6843
1685 7140
2947 3448
5848 8585
136 5541
1825 2638
2257 7806
2356 6950
9176 9195
1055 1460
3414 7828
402 9409
8722 9822
1319 7704
4477 4672
629 7070
1578 5649
3921 8882
1358 5338
4098 7389
3366 6242
3691 5915
1754 8983
416 4884
7079 7591
396 4864
347 1123
1314 1971
3718 4229
6593 8078
3058 4484
4685 5877
1681 3492
3920 7583
3042 7761
6147 8352
982 8217
8450 9674
3645 5414
7472 8526
4025 5341
5414 8820
6806 7898
2071 2811
1236 2450
2533 9059
410 2071
3005 5592
4833 9655
753 4168
2658 5202
1973 8749
6190 8009
6200 9624
89 1046
4977 9334
910 4748
1085 9492
249 5091
1003 8035
765 3721
2061 4412
8519 8940
3967 8094
3724 9721
9374 9495
7836 9828
4196 6125
3191 5386
2100 8636
797 8905
6803 6918
8574 9775
5129 6087
1086 6636
2081 7663
2810 3662
180 1151
1139 1520
4556 5652
5879 8545
3444 5195
4535 7045
534 2785
3056 5388
5251 7381
5570 5650
2440 5839
7040 9653
1161 5322
2877 5564
3850 8083
1875 8165
5516 9400
913 1851
1059 2377
3301 8989
852 1007
1990 5021
1934 8424
5723 6506
3944 4067
7598 8529
5384 9420
1377 4887
323 8228
1999 3119
2156 9225
820 8208
4492 5283
6267 6832
702 8363
2479 3338
20 102
3650 3661
2592 3466
4678 9118
452 3546
5506 5539
304 7779
7160 7188
5049 6292
2266 5615
2070 4998
2184 5016
4382 7100
6152 9265
486 3644
1781 3517
3914 5324
1466 6075
6876 9011
77 2741
2374 3804
4037 4655
9196 9371
940 2161
2051 9100
1461 4384
5282 9518
6072 9677
7149 9285
6502 9382
7412 9497
6409 8129
5949 7228
1038 8476
96 3086
1694 8127
3936 4902
6310 8810
4049 6643
4683 5612
237 4231
1213 2675
413 8689
4620 7126
2067 4572
530 8366
7442 9297
5620 6702
2361 6971
1973 2034
3342 6083
3728 9479
3367 5924
313 2665
4848 8648
7460 9497
2675 8204
428 4461
1919 8794
2161 9662
1960 4226
682 9380
4341 8421
740 8531
5781 9143
3475 8147
2398 9126
162 5241
485 820
2900 7207
4950 7161
5612 7169
224 8852
3992 7079
2740 6086
3201 5634
8201 8236
2101 9092
184 1077
1421 9869
6412 9698
3446 8172
5833 8046
4823 8653
4180 8883
4022 9481
5232 7670
106 8208
326 9511
2896 9034
1362 2984
3 9429
2227 8699
690 8127
7537 8837
1804 8522
7475 9439
6375 9712
5097 8883
2435 7869
409 1277
3015 7439
725 5920
940 7460
6896 6898
3998 8512
3043 3065
2665 3022
5371 9240
7841 8456
3029 4876
2067 8640
2808 3057
119 2421
7413 8916
5686 8836
2852 3393
1478 2623
4698 5661
4683 7169
3669 7941
4002 7408
9094 9609
3506 6269
4438 6086
1826 3849
4623 5845
1841 6249
790 7093
8094 8296
3815 3931
1949 5909
413 5539
1456 5612
7645 9244
79 6430
6374 8766
1190 2391
964 9179
1570 9489
1165 9771
374 7435
5418 5481
3599 4811
2320 4748
7144 9497
457 7118
381 8475
3816 6129
1381 7369
3816 7340
1467 6805
629 1681
399 5610
1597 1750
6843 8598
2269 7293
5633 9481
7721 9422
4791 5359
6297 8287
1782 4103
5794 7704
1561 1812
2661 8456
1628 4802
4200 5570
9000 9626
2556 4029
109 1551
118 302
8052 9713
5062 5384
4537 7528
9004 9251
1327 2290
9168 9845
2683 4022
732 1892
1203 9871
380 9736
2056 8126
102 5890
6732 9816
1153 3561
3661 9775
447 8953
2996 6586
5623 7543
2923 3406
529 9575
380 8493
701 3966
1477 4111
7931 9381
7141 7560
7585 7798
1201 1659
4074 4737
2192 4284
81 1321
2269 9030
7329 7496
2359 4446
3954 5227
960 4746
6576 7144
739 1436
5556 6739
7670 8165
2741 7489
5350 9387
765 4777
4004 6971
1583 8249
5258 8133
1485 3898
5414 8744
1208 8011
4676 8807
7611 8352
415 9527
4943 8320
981 8261
922 6448
2161 3724
4221 7541
2350 5159
7068 8708
4409 7882
5780 9190
1742 6894
2947 3188
811 1831
6632 8147
2167 3420
7831 8196
4473 6296
1165 2258
534 8080
838 7381
4571 5771
673 846
1161 8182
3772 4512
816 7207
6146 9677
5812 9477
8686 9447
697 7825
5241 7267
3434 3991
701 7909
4433 8079
851 2804
3765 6716
3648 5651
2359 6574
1141 7337
2465 5408
892 1934
3119 6246
2234 5978
288 5470
5655 8512
981 8025
4251 6183
7712 9564
386 3015
631 2281
3065 4443
5803 7998
4078 6545
509 3226
8433 9681
9656 9827
3122 8028
1102 3746
2508 4046
1100 3127
3802 8722
4088 7241
1250 2412
9361 9605
409 6276
724 951
909 8641
26 746
1362 9398
326 2098
6289 9053
3885 4402
673 3849
1973 8345
1542 5839
445 7791
3987 7306
7233 7369
1266 5239
7796 9609
5980 6961
6906 8232
387 5921
3787 5238
9440 9605
2281 5482
9101 9279
2320 5911
3931 7133
1447 6138
4284 6296
1190 2975
1731 9292
2310 4248
3360 6971
536 1240
2778 9736
2878 7934
5509 7149
6576 9706
799 2911
7785 8126
4367 7817
1471 8242
2000 3648
1769 2378
1201 4252
858 6563
8267 8448
2925 7727
2146 9105
6230 8208
7328 7865
1064 6340
2868 5059
1622 8304
6289 6316
4436 7988
3777 6030
1208 6712
6465 9432
4344 9567
1105 5813
1727 2522
3141 9751
6591 8191
483 8562
4966 5821
4729 9317
8590 9442
1737 7560
2822 5773
2477 5939
3434 4645
3900 9690
5652 7534
4272 9260
3293 8729
2816 7593
2476 8799
600 8045
3408 9291
254 7201
5199 6896
4794 5016
2792 3029
5835 9419
4733 9421
2408 3937
1052 1578
1825 3761
4771 7162
2351 8702
2436 5384
7261 9754
875 887
3595 4172
1671 4604
758 7688
3449 8646
639 5139
1895 3938
2517 6750
1289 6207
1337 9663
2795 4322
3938 5510
1967 7261
8738 9265
2779 6136
4406 9629
9155 9712
473 3741
760 7893
297 1078
3816 7675
7006 9637
522 8191
1833 5618
6249 7625
1114 6928
4614 5417
2969 3708
338 7385
7034 9302
4175 4609
4104 4240
3652 9356
1284 5774
800 8953
6935 9751
3097 4292
298 5979
534 3615
5767 9730
500 6938
2381 7681
514 7351
4384 5156
695 1753
6866 7938
8842 8935
5185 6474
1482 4093
3049 9111
7063 8035
447 5463
478 6960
149 6843
4786 4804
1783 8518
2164 7840
340 4060
1654 2574
1444 3313
5987 6946
3411 8555
1513 3081
2687 7891
2490 6276
1569 9316
4163 9337
79 6789
1410 9368
3356 7900
4584 6187
3768 3906
5 323
4979 6812
2591 5842
4669 8314
310 5249
6972 8961
6147 6558
5983 8158
2075 6384
4216 7503
4787 7333
1118 7064
988 6153
190 7274
4760 9806
8576 8953
760 3205
3134 9190
968 8722
5920 7537
1334 9804
2234 7407
1444 5365
1414 5960
350 5552
3098 4079
1421 2158
5978 8362
6067 8265
4668 7033
8499 9753
1583 7613
2667 7550
5695 6063
732 6868
1456 8094
5015 6023
1215 7076
780 6294
1623 6067
2018 8823
2159 3511
322 2345
5384 8549
206 6451
2035 9053
1893 8055
8988 9414
7078 8448
4575 5212
1156 7100
8237 9337
6622 8980
4027 9009
2297 2842
4537 6502
323 5244
5651 9097
3176 3211
2723 7620
5977 6064
1638 4329
209 4495
442 7290
3906 4388
2213 2964
256 9312
3536 4416
4473 8545
1698 9124
4748 8763
3274 4536
1987 3426
3327 9766
3951 5129
7149 8150
6084 8799
2281 6018
5510 6563
3372 5934
413 9163
4694 7409
940 9660
2281 7695
3828 6705
5794 6574
7595 8749
1013 7669
765 9723
5135 6698
6658 6790
3668 8026
5195 9147
897 9821
5691 6243
2661 4720
3293 7518
3436 6129
2614 6104
2449 3244
5156 6897
2286 8772
4218 7668
82 6473
994 6650
2892 7323
863 1773
3699 9077
2352 5031
5019 5518
7199 7760
4637 7114
7607 8459
3582 7048
1509 9220
2716 6627
3848 9370
5856 7538
3976 7732
7865 9023
4888 6313
1055 5903
868 1444
5324 6626
6891 8411
4395 8745
971 3540
4298 6280
4101 4401
3817 4547
1381 7560
556 2716
4460 7729
1165 9576
5476 8001
3539 6696
3391 4426
275 3500
3977 9018
3802 5076
8613 8935
2266 9092
3111 4968
4160 6793
1400 3769
966 2055
4668 9030
3076 8732
5048 9867
1357 3817
1633 7218
3179 3478
376 7599
4336 8522
709 7438
6194 6670
7328 8405
706 4002
811 9767
4702 9196
2259 5996
5588 8832
2003 4663
2947 3955
1515 2958
3748 4227
1052 5564
8320 9031
5661 7340
4452 4659
4752 9361
1207 7522
799 5032
350 8208
2051 7575
4861 6380
1388 4444
2408 3759
4752 8026
1666 6850
4099 4100
3168 5511
2983 9275
1039 6190
4610 4752
6077 8598
3976 7518
6861 9670
5074 6738
3031 5655
1458 5541
2856 9337
3342 5444
6615 8214
6936 7374
1567 6916
3785 4229
3185 9337
2251 3062
1579 9241
903 5371
3172 7864
3669 6871
5212 7778
8191 8730
4273 4414
230 8362
1266 2878
297 567
3339 8345
390 6609
8627 9639
1592 4228
6744 7912
659 7396
3654 4413
5242 7326
4195 7118
5047 7200
4342 9582
1250 3291
938 2528
4615 6275
1395 2747
3448 7774
3125 4388
5541 8096
1895 6574
9085 9576
6901 7550
9409 9755
3265 4143
629 9472
9311 9424
5384 8853
8478 8580
7500 8197
1781 3168
3128 5273
4929 8238
495 4603
3479 3585
5615 6055
6230 9416
6342 8033
3659 3661
919 9232
4300 6147
412 7839
1828 7717
5658 6448
9264 9350
2281 9410
392 8437
6027 8545
1482 6669
5686 7202
6227 8349
7460 9660
2113 4724
9 7576
6010 7202
3884 5204
5191 6456
7284 8733
5034 5466
1932 3333
5202 6648
2454 3933
706 9393
8344 8915
2892 7943
6988 8655
2234 9356
3564 7760
3723 5528
1043 6146
6273 6691
1610 4091
3849 6053
978 7206
6133 9373
707 3538
3661 7424
2595 6918
5905 8814
5157 7048
2203 4711
380 3865
582 2287
7596 7990
540 3761
1813 3119
3058 9083
1018 9822
5219 6791
48 9616
3164 5446
232 2573
5587 9205
3775 9318
1532 2092
4806 5384
1750 7489
2902 6350
6897 8763
593 8141
1460 9728
3064 5974
1932 4455
3029 8919
6557 8332
7867 8123
8796 9092
3595 4812
1593 6496
3134 6693
3536 9660
462 3189
2549 7988
5367 6675
2237 9755
8823 9771
8446 9671
1743 2118
682 1180
7687 7802
5998 6272
8296 9212
3614 4950
3276 5080
5657 9083
158 3165
1352 6647
1637 8599
3575 6598
1956 9177
174 3437
2181 3099
875 4200
2755 6659
1401 3079
3584 3923
1827 2488
5619 6393
4299 5541
1335 4112
6018 8390
2936 4411
4018 6400
2644 8842
7605 8318
8974 9830
39 5034
3138 6392
2625 5652
5428 7892
1343 3533
5241 8443
7969 9448
1118 8094
8295 9671
2524 8628
1876 3356
910 2573
4564 7105
251 9537
8737 9503
6081 6535
3132 4395
1513 9727
6007 8570
1237 5678
568 4091
2541 8389
7560 7982
8009 9677
1987 7785
3256 6732
1029 1305
2912 8067
2203 8627
5221 6129
6466 9659
5426 8637
8146 8445
1444 6478
7144 9662
2663 4711
3550 4038
824 8293
2778 9774
3792 3932
7765 9427
1358 4762
8723 9868
2603 8572
136 4799
1180 6836
1241 3397
2735 7159
5030 7949
950 5018
6075 7673
4746 8499
2886 9641
6193 9216
4857 4949
387 3027
1357 7852
4749 8641
3373 7422
1687 2815
3645 8820
2661 2722
2000 6868
4767 6280
1849 7025
5518 8310
1332 6010
2578 6263
4788 7056
3511 7250
7952 8462
381 1812
2423 5892
3119 6033
314 315
2931 8982
2340 4632
6580 8738
1806 6891
7669 8296
7472 7597
7430 9189
473 5687
701 7171
2813 5403
6719 7186
1295 7573
2201 9835
8236 9559
1975 8850
6509 8520
673 5996
4442 8839
628 2237
2774 4027
5793 9408
1878 7371
927 8363
3536 6199
3762 4065
8653 8858
6323 7923
2951 3113
2632 7070
5081 6353
2147 9014
314 323
4949 7725
534 1444
3040 8345
4579 6272
4431 9660
6478 8028
9783 9788
3774 9073
445 1161
1893 6011
658 3854
1784 2750
3691 6077
4265 8531
616 3015
363 1280
2282 3610
9448 9598
5237 7839
719 6547
7163 9576
4679 7703
2811 3729
3526 8079
1421 1666
3662 8820
2955 4150
2320 8029
3774 9345
6748 9269
4467 8203
3054 3498
6507 7100
5584 6278
5556 5620
3884 6544
3675 4171
4045 8314
7547 7554
2732 4717
1387 3991
1382 7153
1825 9790
2357 5133
5489 6335
6708 9817
1971 4006
6384 7712
186 4773
302 4018
6974 8745
5195 9292
5336 6208
4002 5584
389 8579
4277 6280
5756 8931
3991 6693
7346 8801
3286 4160
1717 8150
3991 8011
3697 8348
149 1569
1694 9545
4612 9153
617 6323
5858 9136
57 992
2383 6912
80 827
283 3043
5957 6489
3832 9153
1233 4298
7864 8975
629 2281
5446 6891
1532 3961
3556 5221
1146 3086
8438 9838
2429 4691
2404 9145
534 2746
3921 5764
3906 4410
1535 8191
1071 6988
3761 8975
666 3703
3387 8663
3668 9111
6983 7863
423 7889
3202 7675
5761 8627
6578 7025
4273 5464
6059 9722
6129 8236
1186 2628
4434 9668
7606 9822
3877 9059
3939 8101
403 7149
5280 6360
350 5612
8163 9489
270 9717
5500 6636
2638 8975
673 4276
8060 8388
2172 7187
6544 8752
3945 6509
1354 3964
6572 8156
1874 8778
765 1020
293 8702
3275 3305
6652 8570
4149 4497
8975 9830
882 9160
2271 4045
6030 8764
9260 9629
1327 4759
2330 8975
4873 7998
1773 9736
5444 8257
3765 3803
2867 9623
8327 9715
5761 9711
2430 6878
7600 9659
5020 6864
4011 6528
4779 4815
862 7860
1161 2371
5634 9862
5908 6776
1628 7706
5159 5199
6194 8564
3534 8692
5678 8629
326 6931
460 739
6013 8730
732 2303
6993 7261
2356 7079
2165 6808
1229 4252
2162 5519
0 7706
5836 8163
2009 3028
2736 7803
68 8013
5217 9081
2531 3344
2022 9207
2176 7864
9519 9656
7244 8274
304 8235
1362 8262
3205 6250
1052 4103
3128 7808
2 6679
885 3906
2778 6135
2813 9069
942 5489
2778 3436
7615 8520
222 6568
9034 9055
5133 8452
2349 9616
2856 3223
8856 9620
5293 9830
2013 4356
1730 2125
3557 8872
2161 9660
1023 6948
2743 5102
138 3355
3602 6390
918 8798
3980 8264
811 3083
52 8435
8058 9337
6053 7198
6451 9711
4847 5187
3955 9440
5754 6591
3091 6822
8256 9337
2248 5552
5207 5236
2441 3471
80 8730
430 4788
8191 8704
3668 9097
1506 9489
3311 8831
6018 7073
4451 9317
1687 7785
8448 8638
3835 5844
6523 6574
958 3202
1342 8223
4087 9260
3164 9425
1852 6241
131 6822
4620 5322
1201 7079
304 4304
2501 3195
1520 3226
3011 8574
1062 7740
3661 4491
3786 8763
5849 8580
1737 5221
1167 5482
578 4550
23 1209
5353 5722
7472 8275
913 8789
794 3933
3646 8953
326 4887
8456 9078
6335 9316
91 4384
210 5556
1477 7889
3398 5826
2533 7583
3781 6632
1423 5311
4734 9349
2503 5028
1444 8181
3719 3965
7483 9751
4421 8119
217 1153
856 1550
163 1377
2350 9431
4815 6702
3359 8235
471 1134
882 7755
1159 4229
4506 5241
698 2267
1095 6343
1670 4815
4282 5576
500 6193
4620 6292
2334 3375
4045 9107
786 1698
1500 6472
422 2775
2637 9559
648 8154
6335 9500
3431 8298
4421 8230
1518 1961
3285 7495
1721 9380
2293 7816
6200 8309
4307 4632
2918 5558
2076 3628
5899 6765
3232 8532
4284 8352
2448 6868
725 981
1506 7330
8448 9491
1025 1766
2140 3873
8021 8953
3279 8191
550 8919
2821 3650
3328 9473
1930 4194
3763 9827
28 1419
70 8309
2937 6667
2266 9055
40 7547
1209 3584
2245 6160
2018 3211
2446 7380
2644 5030
1005 9620
1716 1980
1750 4379
6625 6765
900 6244
7144 9706
2894 6900
5745 7110
3504 6928
958 1206
3479 6657
7876 8158
228 8241
1952 7719
7625 8617
2323 2966
1301 1506
1754 7697
5748 8661
1 9559
2277 7695
732 9198
5040 9590
776 4093
9488 9671
922 1137
6900 8394
209 917
9466 9822
3216 5401
741 1280
5133 9260
215 6601
5090 9574
2018 8980
6241 8267
2215 9659
732 7115
380 8607
2908 8762
6105 7261
2084 8704
6287 7893
7813 9033
4517 5745
206 6592
6326 8593
1419 9862
7496 9593
3944 4276
5025 8406
2234 8448
2128 8353
1090 9697
2058 4956
6508 8455
285 7704
4770 9400
1522 1994
3066 5892
6918 7839
405 8275
2069 8516
5660 6448
5762 7374
470 585
7853 8544
84 9678
3559 5416
4797 6653
7101 8116
4035 9664
3724 4431
3822 6782
1317 6972
2808 4966
2328 9595
1434 1806
3114 4460
7923 8227
1588 3736
3612 6053
3009 7567
4344 5798
7620 7733
1471 2266
714 4073
4870 9266
2471 7937
3684 6035
1402 1817
1909 2336
2451 6744
2538 5860
3568 6405
3915 7558
455 2580
1566 8242
5326 6534
4961 5361
2677 2783
2281 8296
1687 8452
6007 6652
1996 3532
4109 9751
5248 8686
2044 9724
5365 8156
2027 8593
9190 9544
6460 6950
879 9753
123 2224
2013 3798
801 3754
4205 5153
2266 2856
2522 5351
473 1471
5360 8436
423 1316
1797 8846
530 7452
1729 4734
3753 6729
1330 8528
4151 4807
2412 7910
3223 7199
1563 4834
3327 3573
857 1812
3483 7537
457 788
2926 6223
5489 5740
5676 7689
445 1687
76 444
5040 6350
3430 7426
7438 8904
4345 4770
1248 5390
2314 6224
6949 9408
3642 6597
800 2945
5 6608
7372 8194
3646 9377
3399 4045
5676 9458
1291 6693
7300 8312
7457 8630
4688 4802
6007 7749
2785 7855
6179 8368
9488 9546
5379 7928
5695 5934
5652 6873
369 870
2775 5957
2482 5023
8452 8938
5862 7446
1349 1824
9152 9802
3661 3750
7249 9010
8200 8708
6974 9299
1080 7872
1165 4610
742 3445
3479 8551
265 6462
3173 3650
522 8571
926 1232
5085 9644
8822 9424
2922 3237
2847 2990
1052 6246
518 4966
95 5513
2218 9358
331 785
1551 3843
4592 6205
990 1012
2785 7276
1910 8730
3041 4029
8236 9502
6149 8354
3990 5237
1817 6234
6316 9165
1332 5156
4067 4477
1210 3425
4630 9040
1395 2486
2517 3071
3669 7217
3910 7872
3565 6558
3272 5690
6152 8738
1471 8837
6176 8736
6393 9083
2239 4022
1345 6359
1194 6356
80 8539
6091 7648
7393 9189
495 3362
5055 9672
1844 5839
3148 9380
1310 2461
771 1817
6861 8598
602 4632
408 1166
4337 4912
3037 3145
732 6544
2768 6154
4888 6998
4252 9235
1724 8365
254 5482
8472 8568
3049 8628
5338 6600
2559 7309
2768 7680
2705 3465
2841 5976
3026 3944
9154 9510
8571 8574
1068 8762
5620 8452
4129 9241
4729 9602
1931 3653
4317 8094
5659 7312
1113 2626
6515 9701
261 1415
3092 3321
9060 9375
6126 8959
671 6940
1076 5935
2798 8822
5754 8126
276 6653
6516 8504
3745 3864
3555 4345
2580 9448
2192 5911
9538 9751
2429 2913
4017 7094
4614 6234
4533 8296
1874 3540
1753 4101
1069 8160
2039 9030
2158 6276
4087 6193
1462 9642
8941 9612
4266 6765
117 5040
701 5260
3565 6010
1477 5193
4717 7019
4263 5959
3081 3991
5178 5442
1094 6473
1328 4039
420 9742
586 3016
6649 7847
3771 9828
624 6160
121 8184
1031 4431
8271 9186
7401 8938
2633 3661
1105 3342
1377 9476
3586 6502
1177 6382
248 4621
975 5042
5711 7133
7955 8839
859 4362
898 9136
3583 5917
6780 7417
8739 9056
2650 8713
6350 8094
560 7488
6657 7126
2286 7125
1932 8659
1298 3628
1513 8296
3138 4150
2658 2967
4585 5237
2495 5541
1670 9383
7222 7796
2566 2808
7603 8887
4252 8255
1523 9592
91 4284
203 1343
4019 8745
893 6013
8529 8618
1337 8908
382 8456
2517 2848
75 2252
5451 5938
7421 8203
3347 8265
1604 7266
3792 6409
1332 6912
1600 6632
771 2866
4286 6303
4132 4336
3442 4655
1562 8845
7089 7100
6250 9753
2707 8995
3040 8762
1112 8094
1649 4766
1268 8165
2239 2603
4099 7388
3525 9407
244 7509
4227 6164
3741 5804
297 5644
200 878
5013 8188
432 3892
613 4489
4327 9012
3548 6320
496 6556
4815 5539
2831 2856
2071 2306
32 7100
1277 3502
2158 4468
4311 5646
2457 5365
2847 5612
1461 4300
4748 5686
4671 6007
7234 8157
5050 5159
536 8119
2260 7988
5493 9448
616 2354
5618 6328
5602 7923
2329 4337
3704 6658
80 6887
1548 4409
1203 3174
4870 9291
909 7649
2277 4752
2738 3159
654 8296
2381 4455
1314 4965
6184 8789
1471 7333
5063 5350
785 4084
2196 2729
2657 6727
2471 3436
994 1642
2916 4703
5325 7605
298 9731
2359 6918
3369 5204
554 3806
6978 9350
1069 8345
3955 5938
1522 6146
8665 9411
2301 6863
5977 9243
3301 3362
862 5085
8975 9262
1730 7573
7718 9176
1551 8454
5269 8692
3897 9711
1280 1528
2461 7541
3588 8106
4131 9600
4503 6834
3227 5482
8261 9736
6007 7115
147 8208
202 8494
4057 8127
1754 6111
109 8883
1345 3377
314 9378
1101 1971
1390 6616
668 4849
2679 8203
8736 9291
967 7188
3923 4402
8720 9404
3062 5663
4959 7717
2067 4412
9508 9808
170 3295
5474 8332
5130 5663
2679 6890
357 2633
1847 8414
1567 6342
3612 8241
4761 8567
2775 6489
3719 3978
4366 4980
409 8457
5345 5517
993 1870
4018 6864
647 7834
4720 4756
6537 9753
1599 5564
6244 8863
2320 6558
2847 8882
6303 9183
3565 6897
7036 7478
4825 6066
1385 9672
4384 8763
3388 9489
4301 7748
4633 7233
276 3967
1413 1986
495 8797
1795 8462
4605 6868
2298 3165
8365 9222
4790 7866
1074 3710
6167 7543
1002 1932
904 6350
1437 4918
605 1772
3086 8512
9163 9505
4103 8571
5259 5398
13 8957
285 1782
4797 9630
1948 3263
8500 9631
861 1833
5595 6280
891 5365
722 3772
3338 3550
3080 5414
1033 7975
4357 8378
7003 7784
1314 6018
203 360
2744 4876
3034 9816
4001 6296
629 3683
1100 2345
6576 7460
1022 5957
848 2665
3232 4576
6103 8883
910 6650
1547 9071
163 3787
4920 8602
3823 9227
6340 8089
4494 9822
361 4895
4659 8531
5657 5663
2894 5413
564 7007
3269 3487
3063 7811
4998 8588
3226 8157
4686 7160
8296 9059
5326 6057
3765 9827
163 1676
1854 5821
3146 8425
2539 9157
4019 7178
47 5169
3141 7609
4455 5961
1673 8845
4460 8923
1196 4957
8537 9225
5396 7864
5741 6211
3443 4888
1510 6593
2092 2173
5833 6631
1178 8736
2597 4164
7600 9373
7346 7477
2586 6904
1728 2559
1735 7462
2295 3774
2790 3171
3028 4543
3162 6226
599 9363
5841 7100
2184 3444
1654 8789
2559 6035
2365 2459
8413 9716
4379 4576
2281 4103
6098 9334
229 8026
4399 9196
2002 2039
3957 4742
7655 7659
2804 9369
3589 9765
2107 3148
1209 5580
392 8012
1761 3439
2778 6129
840 8105
4204 6461
160 4175
5436 7864
459 6963
1987 3849
1423 2962
3944 5237
447 5584
4773 6939
8424 8621
764 8285
1176 4489
5015 7869
6894 9386
3610 8165
3856 5494
5351 6739
6193 9600
6425 7174
2938 4125
5326 6402
7759 8680
3582 5157
5968 9669
556 6627
145 8208
4479 4782
1539 9431
2359 2745
1332 4473
1199 9577
7206 7774
9553 9661
1578 9180
567 1078
1496 7306
888 7403
2534 3719
2462 8741
1601 7238
3719 6765
4258 4543
6597 6939
7042 9641
3127 6193
5701 7461
771 1318
4614 6350
1578 6574
2220 8622
904 6001
2382 5655
4887 8545
3803 9050
4020 4038
1023 4189
3934 4502
4609 7430
606 9667
2023 5221
4726 8109
816 9769
244 4621
4966 6612
4783 9662
6595 9448
2745 5615
425 7416
5609 7098
4315 6731
3981 9101
3174 6034
5651 9114
179 2603
1189 1627
1832 6401
1253 2293
2615 3072
2074 3063
6440 8798
3445 4355
2302 5439
7744 8448
32 7697
5870 6478
6272 8006
1328 1671
3027 6243
1187 7778
6004 8009
269 8050
1332 6897
3258 4661
3760 4307
378 4260
907 1823
3978 5397
3205 9285
82 1644
9325 9498
7804 8501
2098 8766
4284 8029
5471 9659
75 7989
5760 6838
7578 8735
681 3581
3483 7369
1817 7542
1323 6228
1347 7538
3060 5983
4142 9363
4573 6395
8659 9422
3054 3670
3931 5196
2531 3748
2950 9023
3467 7910
6034 9753
4297 9477
68 953
3062 3661
2035 2046
5964 8704
1229 6784
1607 3674
4087 9518
967 4319
568 7149
875 9712
1377 8545
5741 7490
3362 9153
8009 8619
970 3079
497 4380
3859 9182
6303 8213
1074 5199
183 5046
2624 8553
4358 5409
2785 4469
284 678
3331 7525
6791 6915
4075 8078
3585 8883
1500 5062
370 1237
4314 6199
217 5161
7284 9791
3347 3805
1587 8531
2281 6591
6798 9395
5489 6891
52 151
2391 3243
952 8798
6023 7869
1169 1190
7931 9461
4252 4802
3932 8452
3368 9633
6280 7560
89 4032
7382 8483
2056 3932
2961 3802
5630 8236
4660 7102
1670 9600
341 2571
9594 9705
791 5403
1585 6939
2487 7853
2804 3076
988 7406
3646 5463
3644 6694
2820 5098
1459 6846
3206 8556
6047 9180
1965 4567
594 6875
1644 4260
7596 9670
4388 7968
7725 9629
7504 9481
4245 8873
8531 9608
3107 8508
467 2938
765 8490
483 4402
6387 7356
6018 9053
3218 3258
5365 9400
105 877
5524 6350
1963 2822
9155 9780
4774 9638
7954 9644
4149 9156
8738 9045
875 7270
340 1208
3944 9271
1520 4434
2723 4468
1693 6478
2850 3084
5651 8191
2633 9109
6193 9210
3615 8265
2694 9373
1828 9078
4998 7204
3775 4870
7199 8094
838 885
1482 5986
5394 6744
1450 4388
272 6690
3650 5651
399 866
2987 4032
2771 7707
1636 9206
6234 9352
3132 3287
96 8490
1647 8935
522 3227
1027 1592
1071 7039
2457 7298
5221 8275
2993 8021
336 3742
894 3488
5077 5985
724 4206
1374 3384
2093 3241
979 6053
3046 3982
4159 7729
3154 3671
2381 7537
3693 9627
1761 2219
549 1752
88 1911
2792 2973
6035 9160
3876 4500
2640 3778
3550 7541
1196 3280
4557 7703
5404 9055
804 9472
5338 6572
588 8223
232 8352
3953 4263
1849 4209
3896 7041
949 8285
7007 8102
3070 8666
2559 5995
1244 9121
2161 7144
2083 7855
5825 7090
2162 5132
1610 8457
757 8109
771 2817
1358 3871
2985 7092
2533 4311
4411 6674
3372 9353
2241 4876
415 2230
1460 7275
1864 3411
2489 5045
2951 4084
4232 6118
3232 9846
5661 6234
1750 1999
6593 7200
3661 5651
902 1881
6265 6854
3344 6616
420 7013
8647 9160
7855 8230
3528 6028
4486 9373
5279 5355
8094 9375
1952 9522
4882 6699
180 4690
1097 3484
4029 9276
1443 4269
5401 5917
1338 2776
5856 5983
4300 8836
659 9672
1462 7715
398 9245
4968 8503
1628 8605
702 4524
5701 5866
531 6218
1970 7553
863 6360
2813 9023
357 4895
3621 9092
6705 7632
26 3487
569 3336
6820 9502
338 9642
5197 8814
7019 8832
7599 8961
4452 4658
3254 4054
686 8832
4101 4126
43 8361
4356 6744
6975 8654
3635 8295
2384 2389
2493 9265
3071 8694
2406 2482
994 6296
3337 6623
6447 7372
4127 9104
3981 9279
2428 3070
3541 6848
1031 9721
5084 8686
3767 9834
5482 5556
3073 9059
6390 8324
4313 4849
2870 3163
6205 6312
4899 7154
1665 6717
8774 9662
7460 9395
2031 3014
6293 9361
631 8242
7059 8832
4546 5650
1654 6184
4304 8652
4192 5556
904 4341
3661 4932
2947 5945
8190 9021
2744 8667
664 8147
3184 5831
3044 3665
6442 6866
1740 8361
891 1437
75 6234
5817 5893
981 1496
2949 6731
5365 9114
6138 7778
682 1904
257 8722
4408 5957
2689 8127
4753 9244
6866 7082
2424 3792
5909 7955
4402 9032
450 549
499 4388
5365 8332
1172 7713
2817 3205
7713 8861
6169 7325
3558 3717
7697 8832
3215 7383
3634 4151
295 7479
4602 5171
872 1025
2408 6667
3766 6412
4353 8516
958 8157
1496 5866
4029 6015
273 6355
4087 6251
6285 8281
1572 9274
5414 8106
4232 5102
2200 2808
4270 5471
1055 8213
6691 8156
3360 7458
3119 9212
1327 2172
3932 9546
1589 2209
2323 4232
6609 7243
7990 9235
6927 8091
2813 6857
4492 5141
4269 8819
5605 8565
530 3252
2797 8230
1566 4278
4200 6655
1751 2606
999 4254
8126 8390
387 1977
4507 9672
8223 8356
1002 8261
2073 8168
2789 6753
3044 3493
7188 9206
6696 7553
1763 8921
406 1015
1196 9694
7876 8144
5463 5584
3761 9281
4289 6281
6936 9767
3081 8484
4699 8999
1700 2820
55 5310
887 9712
6687 7186
881 8925
3081 8025
3996 5158
1087 4661
2663 5808
6053 9271
285 8730
3659 5401
9574 9743
6803 7839
1495 4032
1702 2900
3109 8890
464 5934
4444 8100
920 7081
4910 9255
174 2074
1144 1491
723 3923
2377 7153
2434 5951
1161 9597
6372 9455
4082 4442
4384 6147
7019 7059
713 3066
3103 7486
1438 5095
4262 8219
7446 9190
166 1160
352 4602
880 1715
3119 8126
6911 8953
5934 9418
2808 3659
6897 6912
3521 9354
5663 7785
1899 8663
1825 9816
1597 1681
5615 7073
909 3561
2760 7928
2374 5169
5880 6690
5756 7196
4684 6121
1862 4235
4734 4738
2487 8948
1514 5935
863 4521
701 2307
863 9165
8022 9380
1238 5423
8435 8698
1167 1315
5447 9511
7601 8832
597 3011
1782 1813
5243 6632
5128 9636
4945 8730
1330 8762
4114 7785
3434 6327
770 8013
1717 5052
6361 7054
2139 5833
2558 5622
1462 7419
6124 7164
1731 5213
4819 9442
4903 7333
161 3902
2556 5630
3956 7002
1055 7091
47 2374
3587 9597
2531 3295
1250 3399
4088 7440
128 3595
2831 7785
7413 9380
1052 7855
6738 8195
3558 5927
6861 6862
8854 8985
5659 8658
8785 8886
1190 3632
7122 7760
5877 9672
3590 5655
4309 4457
2913 6868
2331 9073
3859 4388
3906 3995
7353 8361
1610 3362
2251 6605
2987 4195
75 8931
543 1504
509 4587
732 5204
552 7502
5293 9803
1974 4200
349 701
3272 8589
294 629
3128 7048
1573 5510
32 7395
9255 9265
432 2347
4596 7503
3392 9489
1201 1650
9201 9572
2106 7845
7343 9325
6521 7815
964 5097
5368 5886
2237 5258
6502 9067
1374 6943
57 3558
1450 7958
2507 7822
4255 5851
5341 7759
5292 5359
3031 5652
2624 8921
4801 6164
8065 8275
3371 5553
236 3779
4744 5807
1658 6939
4473 6147
1555 3932
4103 4620
1244 9026
1745 8252
6290 7762
9442 9494
2328 2388
4311 9446
6467 8080
4041 6230
2785 6612
1456 2452
1917 8535
4063 9551
1385 5877
1224 2356
2640 3768
616 3474
1780 9175
323 3889
535 682
6471 8419
6269 9585
3652 8531
3295 8026
5196 6793
1799 9616
3787 5365
605 6446
7640 9059
6605 8102
1316 7472
2527 5259
3822 5286
6936 8191
3724 6576
701 3205
3057 3659
6171 8983
2098 7956
800 5327
2525 7984
5401 9050
3357 9395
1381 3586
5646 9679
81 149
2566 4371
965 8776
2338 9263
4257 9750
7202 8352
2658 5620
1655 6333
3805 8242
8877 9782
9415 9510
4263 8443
7038 8840
843 3012
3937 6409
1042 1807
1537 2077
1417 4217
7606 9316
575 4470
4998 8646
4585 6218
5745 8628
6725 9034
1055 5878
2776 4201
77 3939
3132 6482
4653 5401
717 6365
5338 6194
199 1854
741 942
1569 6428
4812 8857
3173 3648
1546 6137
3514 8772
6912 8029
1987 7401
1187 3444
3049 4010
7007 8339
7379 8275
1522 8009
732 5859
911 1523
2876 6382
3022 5175
2593 9430
222 8275
1277 7171
8310 8775
4321 5170
87 7884
6496 8884
157 8327
6393 8689
1335 5583
4254 8859
3877 5556
2259 7858
4802 8812
7877 9448
765 3998
813 7893
7593 8208
2672 9121
2778 7785
7218 7454
3683 6316
334 6964
8365 8509
1277 7081
4580 5122
4812 7634
7535 9397
2866 6796
1134 8096
223 3987
903 3989
1165 6198
1874 8414
99 8423
5833 6053
2180 8386
2230 5701
780 9243
4300 6296
3550 7893
5343 8212
2371 2408
1972 7500
6558 8352
2676 3965
6712 9235
848 7229
904 6081
981 1161
2318 3945
3654 8083
6164 9589
7059 8239
4018 7964
1208 7670
1100 2588
5256 9316
2740 7276
6193 8282
1250 3468
1440 7177
3982 9646
5975 8919
2859 8876
2025 3377
651 9588
3648 5034
1251 9023
7897 8245
2098 7196
5841 9190
1910 3081
5950 9370
6508 7099
6897 8029
454 7434
6864 8375
213 3964
7167 8556
8046 8145
6670 8680
509 7697
454 8597
2785 3022
4870 8028
95 5833
7926 8308
5396 9070
4584 4661
1166 5255
312 9166
364 4159
3185 4725
2533 3119
937 5801
5042 6783
2180 9254
1763 1948
3950 5212
1506 8969
3590 5401
1506 4230
6316 8819
633 3086
8571 9358
1473 8126
5187 6793
2084 8011
1772 4200
6234 7340
809 9602
600 7522
3119 3805
3558 5977
780 4793
254 7207
5205 6103
3939 7889
349 3526
2168 6713
495 4333
5591 7391
159 4154
617 5944
3347 7292
2932 6880
579 5350
3338 4275
811 5809
181 7389
2529 2541
1038 2077
3483 7238
2911 3185
40 3701
4151 7333
3086 6821
9343 9407
910 8763
6196 7239
1391 3057
2528 8172
5809 7132
3458 7507
974 2461
5803 9728
447 9377
2056 9490
8661 8761
673 8241
3151 3672
1148 8424
5039 6030
3719 6694
3293 6043
4147 6552
521 6328
6741 7947
786 4336
949 1513
6 3659
6972 7849
4102 6000
1052 3119
4253 6040
4388 9032
1754 6973
1901 4111
5237 9726
5030 7996
3049 9114
4870 5652
1 3670
8749 9317
1438 2615
2325 3479
2098 8550
6147 6912
6495 8293
7111 8935
4093 9003
1717 7106
3128 9849
4388 6645
5762 9679
6190 6323
1377 6747
341 7177
4480 5752
5618 7842
3450 9409
2950 3765
6268 7668
4082 6131
7596 8598
6067 6289
426 6040
4110 6192
163 6001
1922 2577
2866 4576
469 1889
1783 6309
1171 2819
4714 7757
3431 6318
1683 2154
1085 6007
1421 4789
3269 7478
2644 9044
3595 5692
4666 7988
2101 5237
3896 9494
1509 3029
815 7336
7063 8241
2004 8275
1279 7210
7059 8765
1256 4365
4437 4774
2819 9378
6337 7016
3538 8397
4343 4377
5160 6695
1746 4628
1948 3822
8212 9011
6053 7021
1204 1224
3683 6289
3310 6152
3724 7460
2827 4725
1507 2164
3039 5029
2817 6081
5217 8605
2067 5341
5376 8049
1906 5795
3792 5512
6274 8531
522 4815
445 9190
3982 4479
8300 9495
2918 8982
4796 6067
1 3659
2034 8345
2982 5560
3558 3932
1579 8365
432 2353
6568 7472
6116 7042
1579 8891
790 1422
2334 2640
2533 2834
7946 8389
4154 8448
7489 9407
2101 6780
3390 7904
981 7200
7727 8720
262 3903
2825 9862
1172 8845
1106 7754
8798 9428
91 4001
3135 6102
1838 9466
1366 1831
31 8344
1578 9380
3944 8999
320 5384
3347 4273
6652 9492
866 4872
468 9600
7577 7579
109 2355
1077 7458
1010 5082
7623 8843
3043 5663
2540 5934
528 4430
8552 9671
477 4178
1637 4221
173 6272
3729 9686
892 3633
5864 6030
2806 4364
5607 8238
4114 9422
1893 2781
8168 8919
3054 5651
2281 7855
7079 8633
3772 9102
4957 6160
77 4017
3929 4159
3065 9040
3450 8038
91 2320
4325 9629
4395 5236
3784 8703
1513 6208
1002 6780
139 9317
5463 6278
590 9202
1509 7766
2332 2392
605 2115
5416 9659
4434 4858
2391 8621
2164 4945
4672 4870
5954 8619
6891 9346
2595 5510
3885 8302
1844 6141
1559 3631
6053 6872
6638 6988
4252 6228
206 1201
2077 5272
2077 6077
3071 7975
402 4221
1021 9716
1277 7117
3519 4702
1391 8242
3357 4431
782 1886
3062 5655
4205 6283
931 6843
1 5388
254 5556
4641 5418
1717 8270
4995 9469
5072 7886
3459 9034
361 6788
4892 7671
366 4386
2248 7249
190 6866
3786 4010
771 5040
2987 7161
780 9375
740 8465
183 2413
1884 8403
6272 8702
2880 8399
5510 8214
5564 7721
4286 7380
2746 6702
6905 7855
6884 8062
4925 8412
4653 5593
1644 6473
3205 6589
4764 5925
1211 5899
4284 5156
1022 2165
5514 8556
3095 5900
1681 6018
3816 9053
6461 6633
8992 9214
1401 4749
170 194
3478 4986
2511 9027
8765 9350
617 4375
458 6195
950 8387
1043 1304
4469 5236
1813 5661
1024 4752
159 2255
994 7202
1560 1940
1107 8972
3490 8773
5338 7524
2435 4911
2526 5345
1067 3748
1987 7937
5942 7200
2055 8424
3683 7760
1523 4594
2254 7484
657 9046
156 8271
3005 4821
8299 9848
2192 4748
1901 9617
1088 1208
1013 2359
1684 1686
1980 9471
7312 9112
3971 5548
732 2689
1672 8040
2073 8827
3844 9137
2458 9033
3717 8697
467 7707
5554 8925
23 1946
3907 7334
3 7760
3932 8126
3558 6294
1237 5096
701 3847
714 1830
5991 8354
8649 9464
3648 6448
2758 7942
4200 6416
8296 9839
1416 1418
3293 9481
7322 8312
7170 7844
3586 9098
3278 6731
3005 7745
5489 8948
4046 7864
6060 8611
2230 4385
6143 6599
3978 6765
1977 6243
2716 6053
2037 3099
3785 9617
3356 8533
5084 7155
5212 8624
471 5541
2661 9712
1930 2993
1002 3119
2802 7515
720 7287
2481 9606
3306 9424
315 6605
2504 4641
1753 5152
2934 7238
6064 6171
1294 3536
1572 1592
922 9179
3273 8663
1658 3964
8738 8999
302 8341
7486 8580
1178 2647
3040 9602
2797 9572
2022 5005
1471 3816
5610 5674
2847 7169
923 6240
1414 3505
1280 2908
8552 9653
6861 7990
2464 7976
3594 4223
6306 7063
5351 9011
1361 6760
692 1337
3785 4959
1691 8683
1192 8938
334 2965
232 4001
1264 7677
934 4149
701 6316
2763 8025
432 4892
2965 5045
2898 7813
1772 2115
616 2592
6897 8352
6265 7164
3920 4267
1167 2666
3448 4279
2623 9321
1400 7835
819 3439
2266 2489
253 1701
1536 8011
4506 9663
1100 8424
574 1552
437 6982
521 7170
1458 4115
1786 8090
5910 5995
4640 9507
6940 8817
7674 8267
491 2900
11 3790
2632 5122
3128 5157
1589 5774
1391 7915
3926 8162
5034 5386
1571 4298
4245 8931
627 3072
6868 7818
3024 5839
6821 6844
798 6267
4857 5904
1565 4495
4485 7398
4397 8730
26 2696
6063 6825
2655 8634
1388 7133
121 5450
413 4206
1340 3418
6761 7621
4434 6283
904 5447
2563 4410
3948 9083
3683 6918
1484 8416
3787 4342
2507 4362
6101 8204
3327 7877
4418 7662
3143 6451
226 4181
7425 7759
40 2487
4469 5442
3446 6736
304 3972
8056 8318
2987 6309
8489 8580
8026 8218
4528 7040
1717 6938
2577 8879
4674 6998
3274 4917
6204 6503
2797 4180
1698 1987
3187 6829
1098 3080
534 7840
4916 7125
2856 3991
922 2931
4102 9489
4600 6337
790 5568
5652 9559
2179 2533
6306 9367
2314 2927
1783 4447
375 9189
1022 1541
1604 9324
4388 5635
8004 9210
6792 9489
993 8020
3684 8503
5736 7992
5489 8919
1826 9280
1484 6464
149 870
8450 8586
5958 9396
4872 8268
49 1460
1291 9472
1802 3384
2021 4363
3548 9177
4067 6091
2676 5835
8423 8845
4935 5801
7804 9535
624 6817
4340 7320
5964 5996
5134 8628
2098 8032
6018 9058
4275 8983
8654 8700
3298 3680
1652 8938
1780 8701
7650 8659
1424 7251
2848 6750
4825 5244
6731 7305
4053 5947
3650 6249
1392 7867
1335 7825
3228 8068
800 8021
2384 5165
7 1312
247 6572
1321 4045
6816 7323
5338 6395
681 8660
2012 7984
2979 6255
3945 8980
1444 4398
3886 6165
5512 6790
3372 4106
3049 4751
3634 3937
4400 9671
3227 5869
545 8419
1467 4262
5401 6768
947 7153
6035 7483
5227 8425
2778 7855
5971 9534
542 5938
7291 9837
2470 4766
2795 8171
6517 9274
3367 9362
2531 3884
3410 8670
2346 8011
5879 8603
5427 6876
6342 6916
1828 2090
943 9143
5335 6564
6086 7276
5461 6517
2010 8689
9031 9119
855 9321
1004 9362
5608 8624
3811 5618
6115 9614
6798 7460
7080 8771
4585 5090
3849 8821
166 1804
6544 8982
2764 5582
734 738
6209 9242
3523 8720
2633 8199
7049 9439
4314 4416
6004 8762
4284 4300
3021 8979
2879 5858
3506 3935
2435 4218
7381 8859
1444 3227
4882 7920
3859 4221
2016 6876
1610 9153
3030 8243
357 8265
6514 9600
5548 8094
1598 1849
8591 9565
3561 5533
4251 4713
551 1478
1465 2963
3994 7840
3318 4720
4447 9316
1277 5260
618 1109
4870 5137
981 3313
729 1138
5020 9026
3106 5246
8471 8826
4103 8938
3529 4902
5569 9183
1190 4336
3642 7887
210 9375
4643 6117
3644 3978
2024 7485
1704 5695
5382 9033
2440 5058
3104 5683
7860 9227
4362 9708
75 8065
2778 5754
4252 8995
1421 2832
2522 8060
1910 7521
4646 7926
2811 8872
3622 8435
5548 7699
3844 8735
7607 9370
1077 4438
2856 4835
8745 9166
1752 3197
4809 6456
4552 8626
6147 6296
5098 7738
5401 7307
905 5153
851 8730
2827 4395
3572 7573
347 8186
490 4965
848 5866
3791 8569
5482 9099
1831 5910
4578 9553
586 748
4844 7553
2531 4227
9134 9189
3572 6864
3535 6622
5639 5741
1052 4438
7499 9198
6460 8575
2526 5244
505 6554
140 5063
2826 9862
3750 8248
588 8356
2682 7740
994 7893
2059 6244
2138 6480
1932 9341
3587 5205
4069 9701
4419 6423
2479 7042
4840 9740
5119 9032
4032 6328
556 5800
2094 3459
5866 6668
6993 8182
5316 6767
2510 6752
981 9548
4164 5569
721 1676
2647 8736
3330 9514
3883 5732
1299 5350
3323 6169
8664 9411
6015 8202
1161 7472
498 3506
1632 2610
2077 2299
6859 7952
8452 8745
228 2716
3133 5040
4641 5022
3043 3055
7038 9597
3007 5940
4437 9638
6247 9787
4297 4797
3041 9502
5325 8202
2192 8029
209 6227
3719 7466
4342 8609
3042 3659
1616 4241
3119 8841
1335 2987
5205 9597
9212 9490
4001 6650
2856 9472
3567 6529
3750 9078
2268 2788
2168 9107
3775 8738
2307 3914
2259 9073
1159 9229
1362 2935
2249 3054
7149 9198
8414 9767
5064 5212
895 5975
4300 6897
4846 5624
4151 7553
410 8114
350 4401
1810 7099
4545 8353
220 9378
8304 9265
6877 8377
4533 8509
677 4492
4018 5632
1483 3293
3662 4180
1138 5150
5618 5643
1086 6586
2526 9827
1418 1436
1489 9554
3107 8506
106 149
5237 8840
6866 9301
864 2014
7571 8027
91 4748
2698 9809
3731 5242
1536 3991
3864 9165
1391 5590
25 5272
4699 9163
77 78
2359 3938
1832 6337
6738 8378
1782 5556
4263 5154
1459 4137
3128 5772
6737 9292
1140 3279
4164 5164
2778 3223
1934 3223
1610 1813
5512 8544
2241 2744
465 1895
6390 6988
5345 6765
5427 8685
3805 5045
5996 8704
5202 9537
3611 4083
832 3086
7166 8714
59 3665
6166 8289
9301 9873
7913 7947
1052 4190
1159 4959
1633 3750
7969 9598
1987 7276
6563 7196
4229 7038
3304 5395
1782 5754
1595 2170
2000 4985
2756 9012
1578 7199
3065 4905
4325 4949
1557 7439
796 886
5754 9576
1437 5137
5780 5829
413 4132
3515 4604
895 6844
2590 9185
1918 9518
3158 5742
1956 8443
4084 4544
1162 9468
1737 6208
1057 7107
2539 4872
6441 7546
1628 5895
2401 6880
2320 4284
1357 6201
2640 3375
4135 5771
4029 6640
3357 9662
758 7349
1002 3587
5548 5620
6637 9197
5658 7533
2520 6294
1588 2183
1231 4773
232 6897
3180 8384
354 7420
237 4076
6710 8221
1391 2359
1573 6381
3983 9297
219 8295
1662 8827
2763 6535
3991 9472
6049 6067
2161 7412
1569 3431
8058 9635
2746 2785
2773 4250
413 5506
6435 9362
3285 5982
3646 8576
617 684
1292 9064
2994 3007
1581 8365
251 1579
423 5938
5695 6572
254 6289
6822 7023
2604 5530
3357 3536
848 3140
7106 7402
994 2383
5841 8526
1415 6588
739 2651
2121 2935
1847 3822
5187 8931
2297 6851
4177 8512
2776 3823
3539 9769
2958 8863
2691 5034
3709 9227
885 2552
868 5679
4456 9337
648 8191
6246 6624
86 7502
6437 7070
4738 9681
3280 4627
522 4103
2834 9375
2111 8931
3041 4022
5615 7785
1138 5836
4074 7099
3211 8980
2668 5567
7605 9062
2320 8836
6047 6771
3722 6147
4869 9396
1101 4965
5461 6820
1117 9674
6762 8448
3751 9715
4168 7186
5489 6696
6535 7377
5833 6083
456 1267
6193 6350
3646 7408
7704 8241
5896 6456
2056 3683
9035 9802
5000 6035
4138 9623
1569 7399
3662 7156
1539 5957
1062 8699
1445 5682
8126 9576
6772 7703
7099 8455
8880 9299
5159 8674
3693 9185
3011 8702
6943 8116
4114 9053
976 7945
1813 6033
5514 8228
2969 9353
6283 7872
2987 7863
4221 9644
6650 6897
9327 9606
4654 5706
4084 9481
7130 9826
7048 9849
3509 9701
1475 6185
4127 5556
7785 8452
2950 5292
785 2333
4106 4642
5279 5365
4223 8287
3923 5365
2856 3399
860 1989
1934 2055
3197 5907
1920 3130
270 4170
3691 6861
741 2280
4666 5423
169 8985
3301 8484
2540 2969
6129 7472
1824 8980
1934 9472
3982 9824
1845 9303
6323 8467
5327 7514
1027 1572
229 9605
5650 6462
3847 9259
7073 8938
2652 4966
410 9656
6161 6992
1038 1147
2406 2644
611 5548
1391 2887
1471 6818
4893 7648
5 8433
6062 8232
4119 9433
1248 2177
4953 6844
393 8976
6642 9176
665 4116
3357 6798
1687 4815
5282 9260
2595 3938
1900 2164
1332 2573
6926 7711
6654 8811
1670 5548
3213 5009
1853 5630
787 7175
3652 9134
2190 3908
2435 6364
3361 8068
4054 8550
1849 1925
4793 5451
3834 8446
2931 7681
6333 9726
2885 3128
906 5040
4786 7831
3884 4851
848 2204
1126 1138
3206 3430
2092 5499
5991 6149
1578 3867
1782 8296
2662 7534
1474 5443
1126 8262
4815 8191
1444 6712
1260 4654
4888 6903
6037 8419
3151 5246
3408 6310
2281 3929
8009 8124
2033 6485
1224 8067
692 8093
297 5148
42 5659
8461 8469
1006 6190
432 7348
632 1471
707 6635
1853 8236
2471 3114
5569 6958
1388 2175
2687 4209
663 2963
6693 8481
2503 5240
5374 9350
4384 4473
1756 7768
5690 7452
1332 3565
5193 6064
3788 7376
3244 5010
6562 8829
3611 7766
632 9406
192 7157
3583 5324
8028 8181
4223 6297
600 9336
1324 9565
3337 5086
4644 8232
5944 8009
1357 9180
2359 6129
5959 6826
5429 8938
4388 5119
4995 8824
2931 4576
5279 6194
2034 8160
7328 8686
1461 8352
1436 8995
3479 4273
8154 8191
1477 8101
2609 4127
682 6418
878 5725
2209 6938
3608 7583
1948 8367
4611 5322
3662 8027
1051 7608
2501 7190
3128 9847
312 8065
1655 5237
2661 8595
3109 7455
6303 9728
5800 6627
8992 9284
1947 6408
5806 8627
4802 5592
106 1147
4103 7570
5756 8704
7616 8121
1886 5872
387 8267
5350 6105
7408 7514
643 1820
2444 8959
3258 9265
6057 9446
1348 6559
2164 5284
6062 6906
3124 8480
139 2034
163 8720
1787 3428
4398 4840
981 6351
1737 6129
2317 7583
4908 8479
3565 4300
1577 4786
3517 9354
2769 3030
2751 3650
951 7229
2382 5386
5652 7961
3710 8237
616 8201
2943 6584
2887 8214
4196 8801
1381 6212
5971 8505
6574 7198
1741 4949
3849 8241
5960 6283
801 3487
99 6980
1165 4752
3724 4416
321 6508
3339 9317
1172 3930
5948 9400
2501 2504
89 4335
5221 7374
582 1528
1461 3565
5463 6911
1994 6146
6903 8868
3694 5981
5414 7926
495 6681
5205 9726
2495 3937
4478 6459
4058 8280
3849 3982
6199 9395
191 8538
285 6001
8628 9050
1061 4948
1381 1813
2665 8857
1437 1506
3054 5652
3384 7838
5249 7761
1481 3086
1207 5862
4431 4783
6496 8480
1148 6206
555 5996
7461 8704
3357 9706
338 7994
1804 9736
675 6909
2822 9817
1111 6208
92 8413
4614 9109
3364 9228
3031 3650
2741 8736
3805 4614
924 1445
7293 8628
8410 8548
9113 9420
5859 5873
5196 7133
797 7991
8397 9513
2633 3191
2759 6881
8628 9048
2831 6980
816 5045
302 5632
5347 7864
380 8261
793 6933
2302 9186
5090 9644
9363 9668
4957 6469
2245 5843
2313 5340
5243 6335
5295 6143
1564 7221
1256 2950
2050 8368
2993 8576
3870 9158
7740 8750
3540 8630
9144 9288
4546 9219
1859 5323
875 1928
2216 5862
1663 9792
4618 5014
3409 5279
5833 8130
4556 7961
2344 9472
2746 7401
9414 9726
5060 9631
119 1414
9405 9544
1881 5652
1934 5045
682 9229
8099 8101
7819 8484
1979 6012
8143 9509
1043 5954
6628 6657
1867 4350
2210 7583
4876 7436
3397 7323
5810 7414
904 6179
2528 9803
2559 6413
4045 7235
5584 6911
2856 2900
8532 9846
1633 9780
184 547
2251 3648
2260 4436
1518 2676
3274 6368
3949 8661
3042 5249
3355 9424
2914 7525
2556 9502
732 2665
3691 4054
3893 7347
3695 9378
9179 9799
7464 7943
566 1900
1367 1762
2125 3094
2098 9349
6625 9783
917 5116
1274 5436
6269 6622
905 7872
958 8495
8246 9477
1982 8028
4931 8115
1185 1671
3772 4017
483 1640
3718 9620
1994 8619
3668 5652
5335 5512
91 1332
1924 5047
1606 8795
732 7893
1782 9375
3015 6067
7726 9722
5170 8236
2170 3027
4402 4711
682 6066
1025 9653
383 5743
2315 6283
4813 8940
86 7477
1939 5890
5541 8534
136 471
2523 8394
8317 8406
1737 4310
5345 8954
9635 9677
5660 9807
4509 6853
5098 6663
2169 8702
2301 9121
2531 6969
5213 8742
913 1557
2993 4002
1470 6658
7076 7565
1658 4773
1870 4840
2217 5246
252 5012
2778 3816
1932 8629
7848 9865
4945 5793
1934 3991
4481 7398
2775 5722
432 3831
7472 9605
1310 7994
7472 9165
981 1214
2456 3913
4917 6368
304 6353
2165 9431
2590 6939
8749 9602
4948 8767
758 4430
2230 5044
409 3572
9110 9111
393 3779
4887 8601
142 195
3881 6688
285 5871
821 3193
6896 6899
629 7785
950 8171
3254 4060
5078 7571
3636 9518
1802 7917
2234 2958
2810 4661
191 6470
858 6574
1317 8961
163 6243
3365 9298
913 9659
2913 5028
3280 4411
1709 2775
1964 8840
851 4002
3223 7855
7824 8550
785 3590
3218 6187
4467 6066
60 6774
7579 9083
3151 3642
3662 8628
5020 5412
4602 5516
1058 3128
5156 8763
5512 6465
1507 3994
4250 4574
1431 4530
195 1179
6650 8763
673 7704
9219 9401
388 7544
754 7887
7038 7106
1087 4584
2913 7915
1498 5810
172 6700
2633 5320
2623 8826
1007 8561
4057 9677
2471 2902
6335 7778
3105 7941
5938 7596
445 6129
1506 8159
2363 8052
1616 2366
1597 4895
4063 7689
2471 6702
3656 9370
9381 9589
2887 4973
103 5821
7739 9573
1568 8310
326 8601
4478 4590
7665 8634
882 9274
6075 6208
2936 3112
2850 7114
4001 8836
747 7571
1799 7864
4095 6732
7196 7395
7261 7334
335 705
350 8022
3874 4769
6243 8267
1704 2540
3384 7735
7119 7238
4151 9778
3015 8809
69 8309
384 5843
4777 9241
3277 4963
1106 2698
6517 8915
1070 8344
2916 9055
795 2759
2775 8109
1177 7895
562 5011
15 1021
2913 3471
72 5308
5941 9361
2665 6350
6919 9719
9448 9782
7574 7893
164 2030
4796 4945
3540 8634
920 1277
7156 9744
5488 5630
4170 6834
2133 8769
5259 5401
1849 9040
1320 3007
6689 8271
228 3944
3621 6535
1075 9073
3103 8478
1164 8771
785 5040
6604 6605
6900 7515
2180 4349
612 9458
6007 7114
137 6120
3479 6856
6648 6649
7524 8156
2526 4885
4478 4489
4818 6064
6267 6269
3062 5385
1461 8836
357 7118
4431 6199
917 7123
2603 9130
4038 6707
156 5439
5338 6691
1754 7220
6605 7007
8042 8382
2436 8966
2531 3363
4493 6505
8049 8616
382 4127
9660 9662
2142 3831
47 3804
4540 6002
5072 9026
1025 9671
5848 8937
1402 5187
1295 9350
594 1084
1782 3343
1522 9620
4103 7785
447 3646
2968 8769
816 6289
2937 3318
5363 6557
2327 6813
2869 2969
413 3643
2408 6542
4103 7199
3360 5226
1633 2907
1125 4978
2377 6404
4227 7849
497 9198
6204 6507
6675 7233
89 9518
673 6872
3815 6997
4190 4835
2620 2918
2778 6393
1508 8856
732 2398
2297 6518
1745 4880
5638 9239
1392 8567
3921 7599
91 6650
2077 8292
6133 8806
6537 8499
6659 7234
1967 2557
5034 5659
3906 5582
6129 8932
5648 7553
6939 7007
7961 9255
5217 5338
5221 6075
765 8369
3363 8925
1280 6409
170 6194
4010 4105
1757 6356
134 6151
1828 5971
7307 9291
2513 5320
2105 8448
5255 9606
5556 8068
313 8760
5744 7091
265 397
1683 1684
695 7790
8345 8537
1513 7345
5235 8875
86 4511
1224 3993
844 5062
4285 4785
5419 7047
663 4563
1540 3174
2410 5436
7402 9362
233 8690
1468 4041
3654 3850
9144 9204
1209 2519
3920 9059
491 5482
2334 4782
3280 6503
2617 7208
2812 6188
3151 8816
947 1109
7713 8769
3324 8175
6898 6899
285 673
6208 8545
1129 4607
1443 7234
993 3158
7989 9352
4613 5321
2931 8296
5802 7156
166 380
5785 7070
3785 5883
4748 7202
1263 9837
7 7430
5359 6187
6067 7207
7355 8512
3174 9871
5253 8945
5386 7424
7764 8181
897 2305
3185 7304
4773 9541
6053 7704
4720 9449
739 5900
857 8475
1127 3200
2457 9031
5253 7638
3399 4942
3205 8035
439 9753
1031 6576
2286 4413
3802 7769
732 7162
5843 7051
1949 7955
1794 5487
1062 2160
4610 8182
2178 7699
4254 6510
4934 8716
1422 9616
7338 7427
2577 9285
1437 5314
1144 7199
1167 4653
3086 8630
5780 7196
2164 9834
1118 5612
206 3897
23 8557
1002 2408
8191 8574
8583 8743
5025 7943
2746 3717
559 7921
1589 5159
3846 7939
3687 5384
5317 8295
6 4751
732 3318
2071 8872
480 4080
5221 6658
1528 4730
5482 8191
3069 3177
1159 3718
6497 8277
1522 9677
2980 6164
1961 8897
3326 3738
3171 6496
4668 7980
1625 3939
632 7599
756 7016
3803 7587
2089 6216
6328 6750
560 1921
3718 7038
3872 7200
6448 8628
2149 5244
5188 8531
1599 4438
1307 9199
8492 9734
2512 4046
1381 6284
7020 8272
976 4167
5118 7703
3339 7595
8477 8601
5549 6528
3885 6667
423 2540
965 7498
3346 7220
4056 5625
3765 4614
316 5155
509 8832
4243 9219
1874 2296
1932 2226
4173 8028
2625 9110
3587 5237
3119 7760
6060 7952
5400 8587
1526 3829
2831 3713
232 1461
1964 5336
2661 8127
1147 5796
827 851
3723 6451
1487 4614
3944 8523
2835 7236
1515 7684
3621 5429
323 3342
6370 9539
1633 7541
2421 3505
3667 9843
8722 9629
7557 9634
3364 6249
13 6393
2533 9375
6535 9839
91 4473
3066 3586
3130 9462
1618 5427
7113 8942
2856 3590
3115 5843
2804 4002
3128 8282
4572 5341
71 2915
357 3188
3385 6294
2161 9395
4397 5612
3367 6067
8221 8829
285 8523
3562 7017
574 8435
611 928
321 5151
5952 6861
4148 4149
3015 8480
2746 3132
673 5175
4228 9733
827 5089
3536 6798
2952 7164
473 3942
9189 9668
3991 5661
276 6393
5887 6549
249 7954
8307 8660
1949 8839
573 4148
408 8096
7214 7907
5449 5456
998 2459
4127 8689
8011 8929
7641 9244
2481 8096
1332 2320
6663 7738
741 8011
901 3982
1566 8032
910 7202
2520 5977
5686 8352
5047 6857
7819 9109
4933 9238
3058 6819
2256 9409
8445 8592
6308 9400
406 1437
4471 7319
5650 9348
94 1974
1487 2665
1234 9285
574 5075
4001 7202
6637 8873
634 3086
1055 5479
3635 9671
1160 1471
6979 8846
6272 8126
6010 7611
565 9733
3945 4276
3000 6635
251 5453
711 1061
3054 3499
4638 4844
3944 6233
7745 8180
5970 9410
1893 8615
771 3906
3611 9392
3057 4250
1597 7650
1374 7101
1973 9602
2408 6266
4411 5745
4206 5792
3037 8342
3803 9775
1158 8065
4473 4571
6693 7560
3531 5236
1597 4620
4317 5236
4052 8604
1126 1809
6296 7202
2868 4935
2217 7270
4178 5479
1506 1581
230 6339
5125 7326
3236 9843
2000 4605
1644 9631
3565 4384
4797 6070
6733 9033
1511 2452
1424 5467
1503 5643
6456 8157
3648 8628
1959 7454
5502 5856
3964 9781
2955 6392
422 3355
6338 9769
1013 3198
5900 9309
4401 6622
332 7347
323 7551
1419 4388
7853 8634
4814 8126
3065 6677
2458 3258
7572 9470
7410 9537
1444 5679
3483 8296
2671 3330
4411 6967
5841 8179
2975 4808
1742 2230
8344 9414
2071 8725
388 1711
8202 8651
4700 6761
163 3523
6129 6574
1578 7276
5983 7678
2871 6481
2769 8243
2629 5651
1051 6384
512 2697
907 5054
1578 2877
3205 4336
1504 5795
4815 7126
1662 6778
290 8439
4614 9785
3662 3869
1825 9828
325 6694
3969 7905
4740 5115
1388 5616
477 6766
3115 9309
835 4335
160 993
1229 1323
8321 8325
1487 6350
2953 5180
1953 8789
967 4180
2637 3650
3944 8241
1669 9409
3355 4572
2127 8116
3455 9833
862 5190
1209 9227
3487 6228
1437 4826
683 3041
2446 5712
3974 9084
6655 9348
1422 3610
2307 7290
6315 8879
5771 8314
1332 4300
1105 9811
2989 3738
1144 1561
1381 5365
2038 5028
3722 5771
4892 8244
1069 3543
239 413
422 6519
49 8372
1506 3737
1227 6661
1859 8427
1605 9442
32 1687
4851 8540
605 1394
4434 5553
3088 7343
1458 6167
1371 4404
887 1974
617 9124
765 2155
5807 9238
6327 7648
3 6657
3650 5659
2844 7188
1627 4796
2436 6414
350 1783
1248 9031
2503 3105
6911 7408
3437 9189
8628 9860
5860 6516
6962 7662
4125 9383
1088 3920
1085 6996
5548 9314
2092 3961
3670 8629
1380 1683
349 9438
873 9538
953 3623
1937 4459
793 6364
1241 3490
91 8763
1772 8641
184 5564
1476 5745
5720 6388
954 1165
4617 6864
4513 6022
2871 4167
2663 8627
2950 9803
3041 5799
3119 9085
6876 8685
6563 7810
1687 6350
77 8099
940 3536
1847 7838
1209 1269
2192 6912
4322 4772
2210 6668
6944 8789
3822 8095
2721 5655
3768 4194
1021 2494
1280 6344
4093 5986
7765 8653
3031 6677
7192 9215
2415 2701
383 1403
3043 3650
3860 4498
630 9649
661 7875
3399 4725
7855 8390
2517 6393
3565 8352
5695 8318
4647 9489
1443 6522
5002 8407
1731 5974
498 1018
1737 5134
9050 9775
1256 6187
1509 9652
5326 7353
1689 9634
6056 7229
760 7149
4825 5159
4384 6558
7259 7331
679 7156
1513 3479
3956 7001
1813 6292
2239 4578
1262 1506
1147 2077
536 1676
1198 8264
1038 6539
4401 6207
5185 7689
3869 9491
457 8562
3327 6777
86 6125
5599 7547
1601 3996
845 8067
364 2616
9150 9214
8512 9382
5164 6083
664 1600
2330 9282
55 3819
4732 9370
1145 2262
588 8769
2520 7076
4171 7036
739 7889
6681 9010
4620 5615
3783 8627
7035 9494
1573 6674
2209 6339
1461 8763
1491 6193
3849 4276
732 2735
1075 6653
1597 3805
221 2903
853 8191
1143 5609
3025 3026
568 8812
8711 9515
2382 3655
2552 7381
2635 7575
4506 8443
4038 4849
556 679
1150 5704
3276 7444
974 1310
3681 9827
739 4243
8446 8552
9 2772
2386 8516
1195 8267
3138 4444
3750 8456
205 4484
673 4610
3027 7223
4998 5585
7215 8667
2035 7785
4507 5877
1334 7152
6743 7324
1444 7793
6409 9092
3207 6375
792 8840
2603 4403
9516 9741
1934 2266
2042 5436
4461 6788
285 7544
2383 6296
2383 2573
3937 4605
2005 7632
5336 5964
6260 8967
629 7276
199 1387
2077 4170
8921 9168
201 4164
2055 4686
5731 6435
3205 4862
8774 9706
1007 8818
2430 3097
4252 7596
1410 3374
2606 2902
4210 7205
3712 6689
8458 9299
7514 8576
875 4057
2067 6634
220 2007
2924 5436
2954 9578
479 6696
3429 6496
2606 3615
3584 6807
2207 4694
2556 5799
4190 6628
938 2506
2012 7317
3755 7598
3598 7620
1268 5863
3246 3306
985 5914
682 3205
2937 3081
902 6596
6002 7062
8345 9225
1444 5336
3767 9297
1114 8913
3965 4103
5432 7499
5878 9563
6289 8119
6431 8915
1444 5964
1883 3907
8093 9458
1552 5075
3667 6023
2389 3166
318 9753
2276 8974
1013 5464
3363 3748
2498 4413
3543 8749
82 1094
800 1930
5651 5652
890 5447
5583 7825
909 1309
2524 5388
2958 5684
4945 5447
2083 6018
2822 4090
1754 7781
5618 9801
4240 7415
444 4690
6099 9544
6706 8778
922 8873
1557 6241
2192 2573
1959 4106
4219 7025
2633 3765
380 3920
3648 5663
468 5666
5217 9700
1471 2887
952 6440
4442 7955
4320 8372
767 5397
2542 8629
2454 8526
3483 3996
92 3872
6329 6950
4467 5376
2118 4745
417 5406
5727 5797
3336 9539
1622 3831
1358 4774
1350 9058
1625 8101
965 8670
3661 9083
950 2795
5365 7233
6632 8028
106 5787
7650 7785
862 6667
272 5880
1021 2545
5486 9247
4749 8843
3545 7341
405 8107
6133 6988
1792 3115
1728 7156
1236 2528
6657 7699
4319 5924
617 8009
3195 4684
2710 3088
3483 8094
1872 8574
1973 9225
3923 9461
4966 8730
4088 7844
4656 5740
2778 6523
3681 6422
8315 9040
600 8653
3134 7446
7118 7863
1359 8556
3923 6164
859 2506
4341 8202
6066 8203
259 473
5279 8156
3955 4172
6712 7670
5631 8748
1330 5727
4091 9813
3437 5978
5212 8150
1315 9165
6112 6724
940 4431
1161 7106
8278 8951
1321 7235
7733 8745
5365 5382
6666 7906
8094 8702
2289 9089
663 6279
3258 8842
4493 5456
7834 9494
2785 9107
2029 3729
8114 9656
5944 6004
8891 9400
9025 9279
3336 8698
8345 9602
3834 4792
1393 3512
8452 9725
1687 5998
1461 4001
9379 9659
2840 4006
3683 3805
7444 7972
447 6911
4448 6827
80 8710
6670 7509
361 8006
3315 4961
1893 4598
7312 7534
3922 6509
8021 8576
9395 9721
2522 8995
1827 6701
2678 5310
3065 6738
6657 7276
158 2298
3788 8117
4416 9721
3807 6482
4777 8490
2203 5808
6018 9490
3816 4547
184 1052
3058 4167
341 6311
879 7559
1392 4761
7118 7161
5388 5655
703 2703
4746 6537
471 4733
5938 8948
4350 4677
1461 5686
4103 9674
8634 9613
4199 7958
6053 8241
3058 6448
1024 4097
5352 5397
913 5471
968 9268
785 5119
1473 8574
3929 9219
350 5827
714 3932
304 6076
2236 3262
1358 8424
1463 5577
8241 8999
695 6837
2969 4676
1131 9749
1743 5461
1061 1488
6086 7760
2301 7976
483 4336
3027 5986
5365 8919
906 3289
4221 9156
2748 7813
1320 7243
3077 7336
776 1482
4781 9155
1578 6129
1507 8157
4159 6139
4679 6774
7915 8383
1367 6796
1167 5580
2328 7714
3347 6246
1160 4061
3932 7073
3040 4729
6165 6268
2795 3867
604 1835
4442 5909
2730 4842
732 6896
509 6029
5833 9369
3803 9816
4979 7656
439 3411
2778 8296
805 6574
3362 4612
522 5999
2219 3439
566 9082
771 904
3141 7774
4312 6602
958 1688
3910 5626
3341 8559
287 8514
5203 5511
5646 5966
658 3767
2573 3565
4487 5187
3618 7662
5307 6546
4786 7610
8696 8853
4101 6604
1392 6857
2461 9642
6064 7220
228 6613
1578 4336
1697 6874
3642 5063
1737 8931
3939 8099
3062 3652
3750 7224
6194 6577
5170 5833
4902 7121
7031 8215
2151 8686
6913 9693
1743 3461
7526 8270
2468 9682
7602 8832
1827 1967
786 9769
91 2192
2428 4678
3487 8482
4444 8097
4091 9198
380 3864
3795 3881
1780 9843
6853 6871
5816 8480
5448 5456
647 9494
4479 9646
3350 3847
4866 9318
2590 3693
1101 6018
1925 6347
9291 9530
2679 6066
7418 9229
4710 9639
3932 8390
4273 7126
3280 3562
7086 8158
60 7703
2273 5068
835 3430
3724 6199
3132 9059
399 1462
276 3287
909 1401
4333 6265
8660 9777
5947 9511
6490 7989
2963 6619
3847 7674
199 2109
3318 5192
1844 7815
358 2735
3206 3886
8474 8626
2658 3627
1268 1330
6103 9491
4329 6310
3936 5618
1358 5216
649 1210
1694 3375
2170 2234
3067 3670
232 2320
1646 5218
2937 7064
688 9441
647 3748
4218 8846
1649 8068
7027 7583
1078 5794
1579 9537
4641 5008
4311 7643
4067 5594
3448 9656
6023 8583
3670 9057
5137 8318
531 9520
899 9599
6130 9714
6070 6653
474 8832
3054 3659
2203 2663
409 2654
5059 5801
772 8971
940 4416
2957 4415
3945 9559
5938 6415
4168 5067
1747 3285
671 8023
7 4175
724 8007
2125 3920
3931 5905
1825 9272
513 6757
4495 8225
32 9176
2578 4426
1968 3943
2468 3766
1955 5427
9189 9474
4171 6555
573 3277
1541 3980
1733 5977
4175 7430
250 9594
5940 7243
5440 5827
3432 7495
1764 9176
8243 8865
1389 6895
2288 2291
8714 9291
846 8333
1207 6025
361 2382
698 2276
1364 1414
2830 2929
3002 8431
5331 7429
9189 9356
5385 9084
2987 3337
5745 9860
1391 4250
6261 6960
2329 3729
6944 8456
1094 1105
2156 3543
994 2558
4045 9013
1813 7340
1516 8772
77 8389
7583 9212
6798 7412
7358 8943
7956 8585
4045 4903
5832 6226
1987 6637
2758 4788
7607 7729
2834 8931
4820 4957
283 8639
2391 3127
149 8995
3864 8493
6179 6350
1875 6173
1270 8096
2644 4584
526 8769
416 5006
4416 6798
4550 8531
2473 5008
959 4058
4668 5401
1332 6558
8550 8598
2716 8260
1797 7129
536 4190
2411 7933
1031 4783
1619 3764
4897 9759
4430 7039
3506 3862
2328 4402
2918 8752
4227 7599
1385 4507
8127 9155
1473 6018
2591 8717
5489 8325
5463 8953
7164 7170
350 6309
3787 8427
3062 9747
2845 7256
3953 7643
1241 2502
5360 5738
2517 7915
3590 3661
2644 6450
200 4345
3971 9376
1569 7083
351 2579
1144 9321
1159 6204
3040 3543
1900 4267
3586 5892
2079 3560
2963 4578
6023 9175
1002 6249
2788 5009
1466 3367
9134 9474
8345 8749
2776 9701
4434 7596
1201 9711
4171 7857
3418 5963
3751 7560
4272 6251
2025 6768
3613 5456
5493 9598
2446 4286
229 6998
6738 6876
1335 9801
967 8883
4661 9147
299 4684
524 6958
1898 4649
6478 8911
5350 6824
1987 6018
7038 9736
1541 8264
6866 8681
3643 7201
254 1167
5229 9174
2214 8743
2379 7818
4951 6606
6873 9083
1050 4352
1848 2101
3891 8242
879 7297
2206 5966
499 2825
5425 6990
579 3661
4362 4938
3816 6135
3904 6124
1052 1599
2792 4252
4546 8918
2417 3341
3416 7216
56 4604
3538 9513
1578 1804
5202 5604
6534 8454
3081 5964
1455 4044
3043 9048
262 1573
3069 8325
2458 2813
3374 3588
2237 9588
2239 5178
7785 9422
2056 7229
4255 5839
971 5638
25 5153
3977 7717
1050 8407
6004 6660
1039 6092
2945 7408
1585 7391
6016 7432
1705 7187
2732 9577
6960 7789
3531 3971
3182 4257
937 2868
1734 5299
5376 7221
2528 3446
3291 3467
2703 7436
1733 3346
3089 5393
5132 9645
1494 4469
1332 4384
5630 7634
2435 3568
4464 8960
298 7715
4171 7213
2755 3526
2012 9027
119 1217
4545 4919
997 2785
8205 8314
727 3112
9255 9300
1949 4442
6129 6523
7450 8148
725 7039
7114 7593
1291 2229
5625 7472
1161 8261
3311 4957
303 2842
4893 7168
3030 4040
3878 4769
2471 9725
3991 4066
432 9273
4303 7518
211 7557
312 6129
3750 9780
628 6478
3310 4910
501 5952
4225 6809
6252 8601
4094 8212
2595 9389
1756 8661
1885 1927
5612 8547
175 199
3536 9721
897 7284
3857 8601
6649 9320
2967 3584
7129 8846
7411 9514
216 7704
3662 6103
1456 4066
3376 5182
6339 7439
3095 6103
5592 7996
2951 4135
2262 5623
6563 8547
5154 7071
4228 4397
2651 8995
3202 3816
2382 7579
5069 9767
6229 8919
2618 4139
2785 7401
2056 4814
3439 8512
1031 9395
797 5335
370 7580
542 5952
3902 4773
6053 8236
5384 6834
5930 8777
6018 7855
9047 9260
679 8351
4180 7188
4245 4802
3188 3448
2098 3691
3052 5407
2367 7700
5339 5745
6621 6623
1185 7445
1024 4335
5666 9600
768 7518
4797 9477
849 5185
1586 7682
1108 3657
13 6234
21 393
3358 6764
1928 1974
1374 3383
4699 7704
2936 4490
680 2679
4405 5513
6738 7315
1590 4293
2401 3069
1201 9073
947 6382
4063 7503
6646 6975
4 2174
6936 6950
3253 3719
2225 9595
1602 4018
7481 8244
848 5333
7515 8394
5807 6045
5947 9165
1393 1829
4924 8636
3814 6218
7605 8208
2318 6872
5279 5516
1664 9275
6234 7989
6850 8260
940 3357
1316 7598
7106 8704
3936 7658
5703 6015
2785 3615
2429 2503
3577 6729
8318 9516
4949 9096
2936 9044
8403 9463
3299 8248
81 4853
2251 3206
2157 4492
3244 7973
5062 9874
601 8003
6693 9626
1377 9511
3095 5547
2673 4920
2428 9118
1967 5682
1471 3539
2658 9854
496 4815
3944 8738
2559 6073
6230 9209
7797 9822
1593 5654
1321 9817
1300 9385
3369 5444
3650 9048
1357 8157
5424 8028
8446 9488
495 811
3362 8664
3086 3721
668 1208
4537 5491
3049 3668
3708 4527
5846 9302
1042 9696
3487 5225
2340 3715
2382 9083
2179 2379
1055 5744
2617 9506
1982 8038
5996 8931
533 5192
7482 7622
2011 3028
4464 8654
7126 7760
3105 5246
7496 8344
3347 8883
2281 8236
4873 7232
1294 7460
3852 3955
2847 7440
1730 3094
4273 5917
8706 8897
2679 4467
5 5605
4264 4430
7 2753
1437 6483
6837 7790
463 785
3367 4319
3573 4564
285 3849
2848 5000
4528 8552
2513 4341
771 4410
2158 6013
3208 3492
5105 7996
6077 7596
8324 9707
1687 5475
368 1087
1233 2555
4761 6197
5548 9476
947 6636
2648 5127
5520 7343
1332 5911
21 7939
5385 5387
131 7023
505 8466
9343 9843
91 2383
5279 6670
1478 7216
6644 8111
463 6193
3582 7776
2120 7999
950 5008
490 1971
3323 7325
8933 8961
6251 9600
6640 7605
1169 3753
2570 3124
1254 9156
3660 7474
1434 5489
324 4197
5655 7036
3281 8453
758 4630
1610 8657
587 7238
633 9786
2304 2495
1750 8026
5709 5864
4892 6396
1391 1473
3339 8762
3965 9576
499 771
9373 9458
1910 8129
6472 7605
8455 9575
1388 3561
1593 8884
4413 9255
3814 5779
5630 8201
781 1940
8961 9549
1471 2404
2098 5221
373 2604
4395 8452
7009 8077
4084 5172
4372 7473
8105 9349
843 1178
4402 9580
980 2993
1229 9467
2792 4819
2709 9174
8938 9361
471 9421
6289 8068
1531 9349
5813 7667
4845 9502
112 5052
6131 8928
4200 9348
1971 6018
1466 5040
2533 8094
2170 7077
3444 9292
802 2752
874 6189
1069 9317
4824 7001
1509 4227
423 6891
1842 9007
2892 5292
3410 6300
468 2345
2884 3993
1374 9455
1294 4314
3424 6002
5652 9111
48 5834
7721 7785
725 7537
3795 6688
4396 6097
5187 5446
2393 5072
877 9467
407 2817
1445 2861
4252 8529
2571 6398
2945 5463
3327 8035
4337 4873
5961 6678
3279 8389
392 1758
3116 5212
6775 8529
445 6225
3452 8522
4537 5214
5889 8941
4580 7188
4783 6576
3875 9292
8307 9777
495 7462
1465 6619
1031 9660
1391 1578
4764 5043
1078 8613
2552 9636
2500 2878
4893 5612
4725 5124
3768 4520
2118 6820
2458 3798
89 5564
4172 8600
5243 6003
4460 7276
1500 4497
3027 3387
1754 7071
7181 7778
4002 9402
3640 4029
1816 2372
6351 7597
3717 8094
8392 8686
4245 9197
1471 5833
422 6465
8443 9663
4032 8449
4613 9638
6125 7346
2383 4284
2623 5039
3313 9362
820 6088
4572 7058
3357 4783
163 4613
6052 8445
994 6897
4393 8435
1685 9082
138 663
2250 8842
2945 6278
4813 7436
483 1573
5577 5925
6311 7907
4070 6644
465 3436
6912 8763
2084 4626
1906 9465
699 2288
474 5588
5696 9350
552 7346
2987 7660
1551 8630
1439 7621
2320 8763
7040 8552
2371 7038
1751 2815
3991 7499
2567 5149
2066 3931
1506 3613
7541 8456
8443 9177
1817 8745
3337 4110
1710 5605
682 3942
3590 9083
80 3749
682 3662
6192 9327
892 3861
143 9370
1541 2165
4288 4571
706 889
1717 7526
2921 6744
6497 8587
2139 3539
8183 9711
4284 4473
616 3164
6980 7462
6627 6850
4533 9414
3724 7144
4473 6897
2381 5619
4769 9494
2498 9255
4717 8832
501 4784
5285 7343
3496 5560
1613 6030
7472 9736
2714 4795
4607 6035
4590 5815
1826 9824
1579 3488
816 6067
3199 6793
2707 3844
5755 8547
862 9671
3572 4843
2015 5414
2259 3227
5482 7989
2036 2503
7569 8228
6479 8632
7699 8702
3198 9178
2118 3905
8469 9691
5225 9610
3971 6065
3704 4263
4208 6323
1805 2555
6230 6498
3436 8236
3737 5467
4888 9756
2367 5221
5711 5905
2950 5359
432 9265
806 899
6348 7076
3049 3057
1289 1329
2180 9819
1077 6251
2202 4780
2820 8734
4614 9166
539 4047
786 4321
4285 4957
5640 5971
81 3048
4575 7778
5649 8275
1068 3040
2595 4456
3638 4271
1564 2831
4221 8631
832 4571
6650 6912
4416 6199
7359 7489
5338 5991
4987 9373
2074 8531
1339 5593
6667 8126
232 4284
5590 8702
6781 9822
1754 3573
5398 9106
2816 7423
1377 5914
333 7396
1229 4986
8094 9083
2323 7113
5556 7583
8537 8762
2485 8283
3683 6657
2850 7593
128 8248
2405 5343
3122 8920
1870 3158
739 8745
4091 7142
701 3224
4434 6495
873 8150
1717 7149
2015 3204
1077 4815
5715 6559
875 5246
77 3041
391 2138
1846 4585
3063 3088
2351 8013
2795 6494
8914 9642
603 641
1055 6298
862 5087
4667 5278
2762 6780
1105 2134
1382 6950
5686 6010
338 2461
3587 7839
6699 7920
1406 2370
1603 2478
2637 3663
3079 4749
3399 8237
786 5506
2537 9659
3036 7966
163 8267
2683 5649
702 3019
1110 8967
7981 8058
4980 8376
5221 8512
8345 9317
3721 8369
1934 2489
752 3399
1728 5794
6577 8344
6605 9822
1068 8160
3981 7044
8353 9491
4103 8452
153 7787
5855 9823
5960 7165
6105 9753
4193 8056
4308 7214
192 9760
4958 9128
2081 3093
2895 6023
1535 8154
853 1910
4508 5948
1698 2170
2311 4845
682 8282
1822 2442
1813 2844
566 1685
1068 1973
2878 7987
149 3048
312 3991
7284 9058
181 9668
2149 3301
8042 9816
3185 9159
3748 8925
5661 9529
4456 5510
4053 5896
1167 6467
4747 6963
4333 5475
1650 9073
1687 6567
3119 6205
2673 8602
6982 8103
9235 9711
4300 4473
7290 8109
4292 5246
1237 7241
2990 4067
3080 3444
5467 9335
552 7477
1093 1410
5338 8156
4101 9822
4713 5565
1142 8661
8181 8288
7596 8007
7059 9350
6640 7839
7181 8570
57 9669
6936 7336
2383 6147
3448 4839
2482 2644
1100 3434
1345 1597
2517 6518
557 4058
415 4627
1564 5893
3544 5326
2250 4661
6599 8560
4111 7247
5754 6018
6917 9239
4783 7144
3772 9050
1124 6882
1997 5001
816 3015
1196 9194
1027 9274
2056 2471
810 7625
1419 5634
6595 9714
6662 7781
5305 8717
3355 7242
1620 6103
1071 1869
2339 9088
1329 9186
862 1209
5237 6780
1825 2707
288 6986
490 4711
2311 3386
3166 5165
126 3311
75 2778
1481 8512
2239 4263
1582 9481
3057 3648
5000 6291
6201 9362
2732 7751
3579 5579
4045 4669
1291 9626
2067 4025
32 618
682 9605
3750 4270
1724 1725
3425 7734
8083 9255
2507 7816
3354 3355
1 5655
1364 5165
1445 7210
5767 9677
4001 5911
4930 6288
4957 6765
5064 8216
7266 9324
3205 7982
2436 5062
3829 7789
638 1786
4713 5609
8115 8323
7894 8403
655 3556
3141 7194
1594 4254
7664 9431
2239 2291
1100 2391
857 3369
4402 4739
222 3585
4550 5134
5664 5764
5620 5655
1644 8631
2314 6768
746 801
5218 6573
7707 8508
3279 7475
4473 6650
210 1827
1327 8433
8029 8763
1039 4957
5156 6296
940 8774
8160 8345
1784 7622
1137 3978
6491 8702
7598 8628
1918 4561
7457 8151
1110 5602
2262 3411
7674 8448
1072 6594
3286 6793
2523 6736
4426 4922
2056 4180
1208 7200
1482 3027
981 7670
785 6546
1851 5471
1462 4742
4910 6152
953 3452
7503 9773
1460 7592
1838 9277
1250 8975
4579 8006
5196 8814
1589 7419
4968 6443
2902 8452
3565 4748
8656 8827
7687 9168
3691 7824
1950 9109
2097 9430
361 5655
6935 7774
2785 8068
1870 5742
586 1169
715 8653
7048 8125
798 6998
1309 4934
4577 7382
5279 9033
830 7349
991 7083
2318 6053
1576 4084
1269 5053
2566 4966
3953 9409
1087 8744
4919 8353
2810 3043
5717 8013
302 2703
5153 7872
3966 8732
3355 8012
1106 5740
4148 6570
7791 8111
6850 7302
7200 7461
3607 6620
623 8445
4024 5155
6554 8466
5133 8745
8288 8959
701 8448
1675 4388
5067 5100
5170 6575
1090 1500
774 802
2431 7333
3060 5856
446 9058
1473 2900
1737 3172
5388 6448
2017 3445
5548 8702
1280 6929
4394 5716
2383 5686
5076 5077
5005 5259
658 9049
2950 4362
2239 6442
6312 7160
638 2367
4610 8301
3559 9659
2051 2635
3020 4122
3408 9120
786 8451
5767 9621
2753 7140
3427 5689
3205 7141
877 7200
1854 4620
7284 9821
190 432
4535 8844
8404 9708
4110 4509
3945 6622
31 6194
5976 6497
663 4849
377 3301
499 1419
6023 9343
2174 4038
4667 9119
2778 6234
75 8236
2288 2871
2487 6303
1573 9209
7261 9753
4057 5244
1520 2062
1213 7373
6171 7220
2098 8564
4564 4949
853 4945
3804 8291
3452 6747
1358 6149
5365 6670
2044 4354
2164 8683
5663 7312
2439 7985
8739 9143
4758 6384
9264 9734
2098 5335
4916 8980
4786 8058
6193 9674
477 5479
2888 8108
3668 5651
3444 8308
2451 7912
5072 9774
6605 6939
2034 4451
5589 5856
834 1460
1327 9461
1056 5555
6049 9819
1144 1812
370 9145
6373 7596
213 5335
4646 5414
3255 5001
2412 2795
2789 5473
8252 8640
1272 5395
2083 4421
3643 9626
1513 6075
2457 2508
2795 6047
304 3359
3096 7869
1256 2913
5695 5918
5040 8911
5062 7872
7128 8118
3597 8207
533 906
4430 6696
8630 8671
8267 8638
8749 9225
423 7593
765 9521
4915 8793
109 6534
3250 4462
2665 6018
6640 7198
990 4828
629 2902
1916 5401
1549 8923
1154 9460
6225 7791
3205 7290
5360 6636
2211 6485
1816 9230
1405 8342
3966 6241
4263 5853
6353 9151
3829 6261
4561 7650
5942 9096
2613 6217
5074 6880
2471 9429
9241 9483
1957 4417
638 8090
1381 8938
5162 8834
7600 9773
6053 8523
276 3991
1250 2410
2292 3545
732 5444
8267 9373
4718 9324
1267 1635
4331 7224
32 6451
362 363
232 2383
1728 8472
4779 8938
7339 9161
4972 5401
1793 9543
3921 6972
4067 6622
1012 4828
3652 6611
3563 6643
7079 8697
83 3411
420 2191
9307 9451
3399 9337
5156 8352
5767 9642
134 732
4749 7623
4022 9502
2192 8763
1599 7583
3662 5332
5783 6276
5888 6921
1140 5884
1681 4752
5661 6918
2520 3558
5075 6955
1414 3166
4045 7914
3565 5686
89 8449
2806 8161
216 8236
518 8361
1167 1864
5954 9677
3402 5912
785 9032
884 8813
591 9578
1703 4053
252 4397
6411 7079
285 6872
6075 6626
4110 5710
1225 6988
5038 5807
6307 7671
6136 7709
2778 8957
1701 6193
2403 4661
2637 3049
57 2077
5669 9232
846 2009
2354 4372
3978 9388
1794 7523
408 9606
994 6558
5254 8385
1708 3010
1081 5211
2566 3783
2665 5754
5156 6010
8545 9511
1783 9316
764 3479
1787 9298
1930 8021
7465 9518
7412 9662
8 3049
1534 8234
5523 8522
3062 7312
1050 5002
8329 9784
473 8032
8832 8944
5217 8156
1991 9153
3076 6332
3049 4910
1015 1437
940 3724
3543 8345
1386 9511
8888 9796
6145 6983
495 2807
2775 6150
1620 3095
2012 4794
4021 6630
2898 5279
2927 7984
6665 9059
387 9386
7889 8995
1782 3119
855 4825
2500 7987
315 9466
810 5043
7760 9429
6896 8777
2645 7381
3763 7681
5739 6023
5537 9069
4145 7451
9548 9736
1241 5436
5140 7446
4113 9211
682 3797
3057 5655
7188 7855
3043 7531
6718 7186
3982 8975
5213 5745
3976 4029
5464 9630
7889 8099
1104 9285
2859 9219
2156 8537
383 8200
1598 7349
1685 8879
29 4992
1241 7864
2457 4961
4284 5911
3920 8119
3233 3697
4054 6415
518 6456
4590 7743
447 980
2314 3673
395 7642
3786 7727
4284 6558
6644 8714
6339 6938
965 8845
4640 7453
2021 4350
9567 9696
399 1474
3049 9083
1658 5591
948 7563
3437 4945
7541 8050
7234 8147
9296 9822
8261 9724
1743 3303
682 4155
3870 9827
1386 3794
5133 9066
2428 3244
7950 9689
3023 7099
1855 2619
679 7302
3501 5545
3319 8187
2226 8661
3479 7126
423 7563
3584 8531
7569 9285
5856 7219
1073 8011
458 2768
3926 6693
702 927
5911 6912
1333 2791
1450 7147
169 9024
682 8035
2281 2887
439 3431
3750 5350
3607 7688
3041 4845
536 7401
6000 9489
2235 3247
6622 7437
7631 8705
1968 2530
3271 6526
606 3694
1657 9537
3991 6393
701 8457
1272 1791
7326 8414
143 6142
4045 9011
7175 7813
5978 9189
6338 7333
7865 9147
152 3896
5581 9518
1731 7046
980 5327
4451 9225
8353 9386
7809 8317
1566 2222
4388 4720
1766 9671
2220 8539
3994 6980
4035 8545
4190 4752
7138 9109
2439 5074
5551 6495
117 771
4010 4613
5851 6715
4579 8241
4451 9602
7416 9628
984 9619
2487 7380
904 7000
5738 8436
264 1100
4418 7164
2471 7276
4373 7526
647 1450
170 5572
1109 4788
252 643
5089 9675
1224 3360
2251 5663
3816 5510
750 4840
942 1281
3081 3967
8649 8708
7096 7828
3205 8457
5482 6974
2216 6643
6660 8762
6578 9811
8736 9043
5865 6480
312 380
2579 4893
2979 5952
1705 6164
232 3565
3588 6387
2756 5495
3024 6569
3159 6947
3040 8160
846 4031
4101 4890
534 6316
1668 5630
3976 4821
3931 5711
2559 9605
1299 9476
2883 6477
5766 7233
1110 5898
7327 8188
1255 2917
5184 5883
8236 9178
2228 7736
99 6632
5479 5670
6257 7495
800 3646
91 6010
4149 4571
2561 7649
160 8531
2917 9034
5952 9669
6968 8772
672 9795
2654 6320
6548 7607
4943 9031
4149 7548
1540 4534
6094 9396
3989 9240
1525 5132
2292 6961
821 7690
2 5660
2503 7915
5603 7319
4250 5237
5197 5905
5972 9236
5132 7398
8537 8749
6393 8025
5868 9454
1610 5500
7184 8670
1828 6249
1614 1955
5439 8271
166 8261
1578 4321
1144 7166
8353 8411
5793 9362
5187 8179
4823 8858
1895 6918
913 3015
4907 5652
7625 8631
3532 5197
7009 7483
6155 8820
5911 8763
425 4957
6102 6682
2931 9322
4953 7555
1381 7864
314 695
1201 7009
2391 4181
2230 3437
1961 4287
260 465
1227 6321
4910 7961
5893 6226
5431 5607
1365 8638
5973 9400
1926 5312
5867 5931
2504 5481
4416 7144
5713 9530
1831 3083
1215 4818
9372 9822
254 3015
4398 5000
6360 8182
77 7563
6765 7368
1391 4966
3166 6396
7704 8236
7047 9025
5981 7007
2382 3054
2573 5911
1167 4333
2748 5279
5394 7947
2987 7454
679 8260
3396 4520
5023 8170
8282 9616
3914 7251
3944 3945
7931 9589
3273 5680
4372 8201
803 1177
2989 3326
4634 9301
2746 9099
1269 9227
4899 6327
161 7893
2300 6744
5663 9747
1087 2644
5225 7464
2867 6895
5206 8557
8236 8547
7625 8050
1120 2290
32 2314
3914 4143
4372 8480
4388 8911
2732 8944
1332 6147
3374 6387
2012 9011
2494 3464
731 5111
1658 9781
1363 6047
4602 6890
7224 9780
188 3369
3322 4436
1540 4569
2896 5279
5751 8697
865 5613
909 4934
3003 4091
1850 6940
2035 2362
63 1584
1783 5568
2776 8440
5032 6746
4473 5686
3656 3870
4383 9661
2822 3804
1311 4627
6831 8225
2423 6284
1198 2866
2533 5646
6057 7643
4300 5156
2847 7432
5082 8505
3384 7069
292 6371
1061 4684
3071 3105
2735 7162
8845 9503
5093 7158
746 7103
4913 6930
4627 5659
2181 4050
2077 8047
809 9317
2290 3430
2340 4589
1162 8561
3650 5652
3794 5947
2239 2963
3355 9460
6093 7241
3079 8641
8413 8527
1471 7695
7079 8703
6129 8479
1809 5322
2018 4791
6453 8443
4395 7733
4783 7412
771 785
4045 6738
2716 6895
1753 9349
934 4571
4104 7415
4966 9390
1599 9059
6393 6873
692 6747
2109 6129
706 6239
3437 4890
227 7106
569 9539
2987 5618
2558 2677
5364 9373
3670 9807
4002 8576
1908 9373
4434 8293
5074 5418
1931 3492
350 1180
3664 9830
2615 6873
5901 9174
732 6151
589 4124
518 2056
8114 9686
1055 5384
4752 7251
3022 5510
7605 8202
285 9420
3463 6462
8068 8879
3581 8660
489 8149
368 2936
1987 8452
3134 9568
2179 2894
8182 8421
2706 2752
8208 9265
483 1296
109 6103
3896 4865
4292 7820
1183 9490
1229 6861
2768 6195
604 7342
2628 3561
6220 7313
7196 8107
1044 3864
7059 8944
3327 6579
5852 9686
5630 6051
164 4522
732 8847
3623 8522
3650 9110
312 9626
1578 6797
5524 7458
2840 4965
2355 2453
981 5679
4605 9111
6768 8468
9260 9518
541 8733
2022 8754
7711 9285
903 7257
1054 8738
2201 9350
904 7229
1419 8453
983 8426
1054 7230
3667 8583
2220 6081
2979 3058
6757 7536
2391 6193
4033 5916
2795 6736
91 8352
6563 8191
5686 6912
4642 6248
8953 9377
4130 9546
6597 6844
1856 4007
3728 9206
6767 7805
3070 9345
631 2887
2732 7019
1167 4172
1013 7413
2698 3037
350 8966
85 904
69 9624
4291 6693
5764 8882
1221 4161
1530 5214
5872 8736
5892 9489
882 8387
8591 9677
3589 3707
4397 5561
1828 7635
673 2318
5001 8388
6473 8500
5553 6495
5523 5776
6236 7653
6102 9315
3337 7660
4602 5365
7583 9059
3152 8244
8330 8476
9265 9559
1934 3119
4002 9377
7126 7276
4407 8722
2975 3632
1605 9235
7708 8158
440 4558
6866 9873
4359 4989
6574 7537
2931 3479
346 3453
4227 8242
5028 6868
2472 9769
6019 8359
765 1125
3595 4773
6884 9364
745 7713
357 3448
2452 5450
5933 6467
3205 9715
4062 8948
4420 5171
4870 7960
6047 7278
2926 8699
5959 7233
3996 5836
4638 9303
1161 8275
9053 9769
7642 8371
2086 3086
25 270
1347 5856
3668 8126
658 2642
3057 3065
7717 8248
2832 4789
6338 9389
4974 6340
3141 5667
8267 9659
3265 4224
3793 8705
5040 8539
2531 6616
1039 7414
6998 9000
5417 9785
3702 5599
4887 5716
4580 9850
6486 9494
7352 8254
1385 4685
2014 2408
2237 6463
747 1501
2574 5542
1471 6442
7989 8191
8462 8611
2032 6311
6092 7670
866 5443
4859 8629
423 1477
910 4284
6087 9560
3942 7156
5917 8905
2951 4151
1036 9547
5574 7659
3546 6103
3621 8474
361 6359
2025 6260
1966 8154
1913 8310
7499 9415
345 4448
5774 5813
2726 4369
5938 9375
3573 7901
6031 9722
5145 9847
4273 4752
981 3864
4230 5235
3550 7625
621 7690
3532 3982
3394 8980
463 6885
1881 9129
617 6660
3960 4226
392 7995
3234 3235
673 5434
629 9000
2827 3318
3492 8484
4888 5611
1847 1882
5605 7629
326 5187
2134 2517
3531 5207
4023 9380
4542 7234
1437 3613
4812 8350
2071 5348
5322 5466
6668 7100
1924 3520
2831 8800
3041 3431
7998 8372
3590 3662
3568 8043
5657 9113
2136 7765
3045 3648
3219 8382
4172 6241
973 4627
4957 7416
629 2606
3431 9753
3109 4900
465 2778
487 1633
2867 7012
958 1224
4602 9400
9644 9743
299 7902
9297 9753
663 8718
496 629
4300 6912
8774 9721
802 6301
3024 5730
1437 4242
2984 4025
2580 4333
2740 7760
2913 8313
5047 7867
5365 7298
3630 9639
5619 8094
494 9104
3201 5641
225 9779
78 8374
2995 3145
848 7081
1161 9544
2945 5327
3533 3850
1904 5855
2216 4548
1904 3887
1674 8353
1642 3355
1176 2685
4340 4802
5244 8556
5463 7514
2371 7867
3320 7200
802 4920
2077 4846
1642 8580
1031 3536
5145 5973
707 8397
2172 5338
6943 7069
473 1728
4743 4759
840 4401
2458 8316
592 3743
1363 3812
3119 7251
7126 7785
4222 9156
1671 6075
2246 7029
4108 9640
6143 6245
1614 5427
5365 5794
6099 6617
2689 5142
1391 9178
4462 8129
904 8539
3807 5693
6287 7149
1202 4822
387 3002
875 2967
3933 8526
21 236
6499 6840
2778 6246
2201 2821
4192 9059
3729 8872
2239 2683
2861 4832
144 1046
4752 5998
1828 2661
3691 8598
7893 8850
682 7039
2656 5322
4245 4252
6439 6717
3153 7774
3058 3886
2432 3224
2542 4863
5779 8232
1386 4619
391 6480
3150 7224
4691 6868
3692 9511
4038 8832
1052 1912
6486 8561
858 2595
2270 7988
1066 3285
3846 8976
5324 6921
8007 9243
2985 8919
1167 2102
2034 3543
3233 6192
981 2778
5080 7444
4311 9679
3994 4945
2735 9168
7600 9769
299 3584
2561 8556
6850 8955
7988 8325
1973 8537
1651 4133
8115 8970
7196 7593
5052 5771
7251 8484
5384 7091
8980 9559
4599 6427
1062 4227
6390 7039
4103 5069
3303 3461
5584 7514
5401 8236
210 1445
2771 2828
3605 6188
4063 9373
1250 7864
5189 8586
5365 6383
1141 4523
893 3531
6199 7460
1065 1570
866 8701
4231 9617
1754 6105
4471 8922
6401 7016
5374 8165
2557 4700
2606 3920
2382 7314
3239 7946
3387 4093
826 8965
8346 9753
6738 7984
7996 8495
2234 7393
3057 5590
5352 5504
679 8261
447 1930
138 3550
3962 8843
5044 5701
2958 6393
3979 5948
5601 5745
3374 8106
2297 9764
5409 9036
2407 4777
748 9175
6171 7880
2136 9427
5618 6254
4156 6742
2778 4698
7389 9668
6344 9751
917 6207
631 7849
3611 8653
1997 8060
8292 8598
160 7430
3712 4500
534 786
4945 8492
5237 6333
3538 6748
2382 3659
2266 8995
732 8752
4638 8603
6667 7201
1114 3504
3750 4720
278 1385
4103 7855
765 7233
25 2077
3174 9139
5639 7490
1268 5727
1733 5193
3065 6393
764 7083
2944 3274
1961 8505
2716 5187
1008 7559
2328 9265
3105 3467
1754 6064
190 9832
7582 7920
7459 8667
6129 6818
4605 5652
647 2531
3903 3932
399 5443
7495 8012
6646 8832
2071 2329
1474 1689
409 6320
6300 8737
1003 8808
858 1895
582 4730
4430 7349
1040 4681
2148 8818
673 6234
1646 7275
4540 7529
1238 1266
5236 9026
2259 8654
2646 8735
931 3691
947 9124
94 9155
4044 4101
846 2230
527 5384
1653 6660
340 1444
2010 4610
2210 8094
846 3945
9010 9265
4695 5618
2367 8704
4029 8395
3126 8556
2517 7975
3422 7933
2528 9816
5619 7692
2401 8311
3879 4530
1473 2056
848 6980
7806 8185
7265 9489
2275 2327
673 9394
765 3411
473 6075
2318 3944
1172 5350
1553 2686
1513 5701
5760 6028
296 422
800 4002
930 6409
1229 7596
4000 7180
629 9361
5737 7697
3850 9073
3254 3437
715 7419
6558 8836
4151 9605
1930 6278
1159 6668
6344 8762
2435 9843
1158 8201
7583 8094
3765 7969
1141 8452
2934 3996
1200 6668
724 9367
4949 5904
725 2381
2249 6405
1510 1589
2098 8965
6898 7917
363 7692
392 2779
1025 8446
3411 5164
1817 3199
6035 8367
315 6781
6818 9190
5456 7935
1777 5722
1419 3522
1930 5327
3684 8593
3227 8025
6030 7896
5345 8859
1177 5994
1363 8433
7596 8550
5421 6409
1348 7274
4182 8450
8203 9471
2965 8191
3394 9818
1294 6798
3529 7658
2516 5643
8380 9840
780 3385
1700 3925
1275 9118
3179 5934
6696 7603
283 2810
5853 5959
1274 5401
2453 8050
5718 9775
7610 7831
2320 2383
6744 9037
5560 7803
8359 8901
2668 3164
3959 6654
2281 3932
1229 8246
1180 9380
869 4411
1002 7038
3816 6864
1737 9518
4260 8500
4514 8830
1216 3576
3724 9660
1387 5187
2492 5643
2098 7461
7706 9439
2658 8452
4376 6312
3729 4337
1930 7408
4752 8574
6496 9415
3172 5780
862 4234
3614 4195
4357 6739
3103 8580
5057 9011
2986 3639
906 8127
2573 6912
3773 7044
1461 6010
4609 7566
4201 7622
3574 6502
1496 6075
1593 3429
7721 9092
4981 9237
1473 7276
350 2248
870 5766
5150 8589
2 3058
1833 3435
2558 5677
776 8663
4617 5020
371 372
1506 9400
711 4684
3750 8050
1031 2161
437 3119
205 3626
3479 7199
1569 9753
2916 8378
4341 8246
1938 8264
4416 7460
281 9160
4122 9302
4440 7277
994 2677
6205 6624
1589 4740
494 4127
3814 8232
2807 7386
123 2234
4276 8241
3813 5892
2923 9014
4802 9751
2446 8634
450 8792
2189 5020
1551 7432
1345 9850
6782 7838
2098 2387
773 2055
4149 5220
392 5520
4626 6021
2308 9614
3578 6680
1036 2902
3822 9415
326 8766
1369 1473
3351 4207
1516 7125
5259 8326
8562 9580
4465 7065
413 4336
4527 4548
873 5212
2078 3312
2398 8752
3662 5000
2683 7201
7070 9815
4252 9118
2073 3375
984 6182
5866 6075
1044 3745
5962 9829
1793 7606
1666 6587
1428 7590
2446 8620
3750 7625
1934 2900
3906 9308
8165 9751
3205 3662
4614 8368
5803 8372
7475 8070
4725 6988
4335 9518
1721 7153
1238 9840
1086 5122
5191 6316
3096 9843
2104 5610
3729 4822
1455 5719
2410 7869
832 4639
3899 8138
6101 7963
2817 8911
6017 6147
5806 9639
5934 7522
2375 3650
1934 6409
6409 7818
689 6714
2427 9019
3579 8613
5120 8452
4329 5579
4305 7364
1971 4965
4002 9803
1391 9092
7016 8574
2653 4479
4425 7997
7971 9040
3641 5208
8032 9186
5156 5911
563 6709
2369 9415
2292 2478
1219 2639
2838 9626
3937 4773
423 8948
1653 8762
1471 2109
3944 7704
1471 3849
4160 4585
1622 7742
7084 8786
2034 8762
6060 6859
7126 7401
879 9827
1857 2308
3662 9092
2398 2620
1013 5595
780 7596
3644 3719
6053 6631
7354 9149
3859 8500
5911 7202
5600 7742
800 7514
1209 7860
3119 3965
1485 8210
357 1471
2902 3132
725 2314
1391 3932
7062 7529
2763 7336
8166 9164
142 6059
65 1642
1893 7451
1345 7583
387 9373
2098 4176
1812 4781
4585 5085
4814 7785
1813 4634
7290 7586
271 5046
832 6027
2083 8267
3923 6114
1283 9630
5480 6101
3263 9414
1301 3996
3415 5498
1209 1473
473 682
2455 5838
3584 9604
1864 3595
260 6129
2470 9693
734 3644
5298 9634
4473 8029
1002 5237
2907 6267
5481 7383
3058 3194
2902 3615
1831 5548
6251 9518
816 1315
1539 9522
1231 3902
528 7280
1022 3980
3098 7475
1396 9115
5944 8762
3807 5169
1900 7499
1131 5125
314 529
2855 3996
204 5866
4221 9631
5805 7458
7766 8653
5205 5547
2084 9383
3761 7579
7055 8265
6965 7495
43 7229
6843 7990
4761 7200
1073 8503
5900 6298
2089 4925
2149 2439
2712 7865
981 6234
3451 3926
136 9421
1719 3446
293 8452
6808 9522
1541 1938
886 932
2716 7156
5944 6452
979 7704
4411 4490
5681 7008
7759 8507
2265 3556
5297 7096
3322 6620
458 6154
2010 5045
4752 6884
2142 9265
4451 8537
1295 8980
732 2620
1374 3327
4844 8603
1963 4090
5000 6328
2357 3185
5842 7158
1804 8261
3607 7988
1541 5957
1148 9674
1513 7126
2280 8011
1599 8094
1256 2503
2479 9641
5489 6644
1694 1826
1332 1461
2851 9712
4728 7577
6328 6839
3032 8812
3717 9736
1999 2537
4284 6912
4639 6027
2979 5150
5866 9165
3979 8473
6732 7916
2016 6768
3719 9342
8509 9414
3964 9443
532 9234
6318 8298
862 3823
705 5874
577 9526
264 5322
26 801
2234 6766
1161 4061
4966 6193
32 8837
1968 4747
3768 4002
1737 9190
1712 3033
2013 7913
1065 1500
2745 8452
3993 9518
7704 8702
1224 1330
603 2498
2509 2550
4759 8564
4311 6057
1106 8168
312 2125
516 991
1444 6040
1546 3279
411 7984
5679 9165
3847 4561
1908 9285
465 8932
4227 5754
612 3971
3083 6675
6574 7704
2495 3684
2035 8353
6525 9302
2328 2629
4341 7000
2792 4844
6010 8352
4653 6622
2097 8636
4756 5384
7704 8837
682 1728
3134 7962
7688 9390
1377 4067
5050 8674
1439 6761
3591 4661
3362 9411
4748 6897
4298 5809
4120 9255
951 967
1091 4053
3065 3668
3841 4172
2609 7160
4874 5816
5780 6129
1719 2528
3476 8701
5392 7510
5342 9400
1377 9664
3227 3477
947 6945
3945 4610
5546 6192
4407 7855
618 6110
8451 9795
423 942
1315 1737
5282 6389
1100 6193
7564 8941
1910 5651
693 7642
7079 8094
188 732
5892 9098
3849 7704
5249 8703
647 8925
3439 6111
1307 5007
163 4010
768 876
4692 6609
474 698
3054 9114
2746 4395
1141 2958
1111 2471
833 4288
357 4655
368 4266
3079 7623
7261 8346
785 3205
2952 6124
530 8479
6916 8033
4012 6985
463 9518
1913 2507
1177 2741
5080 8464
4072 9655
357 6267
1610 2658
5745 6674
463 3955
80 3133
901 1826
1753 2436
5661 7839
629 3615
2165 5957
1813 7626
1513 5762
1284 1589
4895 8201
1614 9033
5782 9259
298 1462
690 2689
8325 9837
2444 8181
1037 7785
523 3269
5755 7461
1122 3889
3822 5046
1813 2745
360 6644
1681 2359
2440 3833
25 5862
3375 4782
4519 5722
3113 8757
1687 2345
1944 4325
1537 5116
1088 1444
2916 9023
7038 8261
6713 6864
1310 8400
4528 9653
3594 5384
2470 6913
421 3639
4681 7156
6957 9588
1644 4221
9677 9730
9265 9318
3119 7489
4625 6053
2359 6768
3987 5931
3636 4966
629 6018
139 1068
5826 7699
239 4752
4946 7223
4388 8850
3375 9646
541 1622
223 9487
4195 4645
8431 8763
978 8548
2130 3119
1672 6130
1959 2987
4335 4752
4511 8801
6456 9373
638 9380
2284 8398
3100 5401
1448 7733
3043 3494
1573 7381
2383 4001
7835 9290
530 4908
1046 9518
9668 9718
3400 4095
7552 9400
6296 6650
4508 8113
4995 8064
473 3662
1807 5798
1628 3113
7315 9769
1363 8564
5456 6505
1649 8119
5655 6393
2029 9686
3057 8094
6042 7172
785 7893
804 6556
2006 9073
1632 7656
358 3884
5692 7999
4997 8882
159 1899
6349 7196
3002 3786
5649 6494
2295 9073
5322 7063
8212 8314
765 8139
2266 8452
984 5915
1381 3171
3277 4149
1477 8099
2094 2896
3211 7323
2319 9400
3583 5401
4173 4556
4384 8352
1951 7323
149 485
1166 8096
6445 9540
4196 4511
2573 4384
6804 9269
2720 6060
6292 8938
6550 9840
7156 8261
3287 3991
2062 3226
8747 9712
84 5878
2382 3650
2345 4614
5383 7433
2701 6465
840 914
3585 3805
460 4243
380 9693
3773 9836
6922 9501
2808 4972
3112 3711
467 3084
4140 6144
3137 8934
4870 9265
423 1434
2950 4791
4407 5942
6798 9662
3112 4490
3424 7062
951 5322
4072 5274
5326 6596
4118 4826
629 3918
9076 9164
8352 8836
1436 7563
3558 7196
1948 8509
7515 7811
1750 5122
7935 9474
2816 6594
1384 3568
1201 4184
2129 4684
535 1570
1464 6939
5917 6160
1494 8545
7333 8212
1963 9817
522 7036
5897 9871
4272 9518
80 3564
7959 9013
1905 6102
2408 7106
357 8456
2924 8060
6340 7054
6668 7106
7917 9576
2305 4017
2987 5643
1031 6199
2368 4214
1945 5525
7984 8312
8334 9276
6265 6871
993 4840
6328 7170
2320 5686
2411 3422
3347 7374
3601 6024
3313 6478
4365 6739
4966 5580
2314 7039
1961 9262
3519 6163
3615 4421
7514 8953
3946 8923
9136 9250
3751 9765
3935 4206
3681 7666
3982 8735
3761 8727
3065 9747
6184 6364
253 2391
8555 8655
9291 9318
4060 9677
331 6068
3686 9575
4407 9629
5384 5744
1391 3198
708 3819
807 3616
5584 8576
5122 8452
4694 6997
866 8268
2480 9212
1402 2458
3235 8169
160 6576
5082 6150
4614 7948
3978 9179
3218 4584
634 1481
474 8239
7268 7274
5742 9354
2638 3772
341 6398
8307 9329
1362 8071
3125 8223
4815 5524
3777 3802
2077 8598
1449 3584
2889 9424
1790 5090
940 9706
6627 8260
5692 8000
4300 7202
6813 7396
811 7371
7035 8584
5073 5981
3512 7151
7122 8601
3971 9373
6557 7298
4752 7401
2633 4333
1464 7270
314 2299
9639 9647
4249 7593
3065 9113
827 8730
2506 8381
7768 8661
613 4478
2494 3431
668 6456
4127 6267
1737 7917
5671 9010
5616 9285
7711 8556
3339 8749
780 5938
2077 6920
1161 2408
6667 8068
457 2987
7515 7944
5676 7600
4834 6761
7221 9679
1106 8878
598 2114
2498 3654
1374 3205
339 2011
473 8396
5069 7711
2657 4126
4895 7850
456 4383
6624 6657
2797 3966
199 285
2116 9546
3613 4918
1968 8915
7581 8094
2895 7869
2806 6873
1071 6390
3299 8456
343 4401
416 2688
3717 4395
5451 9375
3028 3507
4759 8433
1771 5947
1434 4362
2524 6878
3964 6939
2634 2703
114 3298
2472 7600
2683 6608
1564 5376
6576 6798
595 1385
2073 8919
1916 2450
4271 7547
5061 9701
3185 8058
2230 8201
99 2831
1539 8315
5548 9486
1996 5197
3065 4045
6344 8064
2435 6023
785 5034
3976 4303
2434 9768
1087 8820
5836 9489
2804 9402
81 9339
3600 8856
5870 9566
5560 8761
3372 8208
276 4698
2565 5917
4704 7177
3369 9514
2443 4474
163 8524
5717 9762
741 2346
979 9115
5163 7935
2271 6751
285 827
4721 5650
4200 9461
2445 4302
3849 6693
5690 6946
4411 5507
783 6559
5403 6881
3067 7826
3501 7478
2590 7827
5144 5145
250 3712
2546 6353
5196 5711
3031 5388
5042 9541
1932 5961
1391 2745
157 837
2644 5359
1845 4844
4252 5828
1782 7199
2559 7156
7202 8029
3769 7835
2795 9180
1522 3706
1662 8244
2570 8275
5913 9263
1445 2910
366 3697
5148 8182
1327 7187
1274 5025
780 7076
7563 8099
2281 4466
5207 9026
3054 3663
349 906
3226 6456
973 1806
3119 3343
901 9824
180 1471
2918 8317
6722 6724
1671 5324
9204 9288
1990 3314
7144 9660
1810 2077
5372 8380
2017 3462
3092 7512
417 9444
136 4299
4668 9023
4261 6070
6406 9386
1037 8265
7942 8388
232 4300
5335 8396
3717 3920
2671 3390
3855 8211
1891 2988
90 5336
2548 4484
1055 7592
2884 8697
839 1261
1728 3662
5946 7573
715 3234
1068 8345
3808 9263
6289 7067
5889 8051
628 8028
6921 9357
2844 3486
1085 4062
3160 5681
6234 8957
32 8246
5952 5968
3953 9446
274 319
1345 2537
170 8680
751 5350
2644 8170
2874 9028
1589 5813
2746 4421
7573 8980
1049 1761
2613 3683
514 7501
2441 5421
5156 8836
786 8046
1204 7079
4124 6827
3357 9660
4054 9635
2725 4486
3773 7047
3031 3043
3220 8348
6230 7196
3905 6820
2432 6107
4001 5686
1407 2245
991 4627
55 3491
1753 7390
4665 7372
222 4321
8210 8275
6048 7009
1167 6312
3138 8097
828 1329
2433 4747
2643 8993
323 8556
4661 5030
4288 5976
4691 8752
6173 8165
2724 7634
4966 7917
5610 5979
3264 8901
184 4103
3097 6878
4667 9036
3041 3976
4082 8928
548 7724
1126 4366
383 7068
7938 7943
4384 5686
1408 5669
4300 8352
1764 8915
5237 7704
423 3372
1027 2800
4643 7260
8995 9055
1671 9357
1389 3719
4854 7334
1126 4099
1870 9766
2823 3652
1754 3780
734 7628
809 1069
160 1870
6834 8047
1600 7370
7114 7115
4150 6392
5205 5206
7596 9375
1120 1327
7018 8187
1392 8123
1345 4835
4291 9774
2321 9830
2623 3542
2007 2125
3962 7623
6780 7717
3844 9383
4233 8552
5952 6424
715 3235
1052 4835
1578 4322
3920 7432
5202 6877
3227 8484
8746 9147
994 8763
968 9063
4344 9696
2441 7819
1773 8261
3254 8058
7610 8058
2224 8256
1635 6352
3119 7855
3636 8917
357 4127
3161 8478
5365 9484
5489 6996
3769 6176
3659 9753
9216 9518
1434 6891
2987 6327
7281 7545
7793 9476
603 9255
5679 8025
4791 7323
5392 8912
1813 9375
3470 4804
1902 7002
4206 4752
4114 7721
1476 6463
3829 6960
184 4438
128 1864
4336 5645
4279 9753
4752 5122
617 6146
361 2858
3360 4131
3932 5464
4329 6895
5125 8800
2326 9048
206 9235
1304 4457
2377 4225
1720 8310
2775 5111
2173 6463
8062 8063
1345 1934
6129 6349
1144 3479
679 2702
462 9703
7266 7453
4537 5430
232 6010
4397 5012
2913 2918
6897 7202
530 7772
5401 7864
6938 7149
5727 9689
771 6013
2712 2870
1128 8025
802 7480
314 7390
1167 5513
387 6243
1434 6613
993 5742
6909 8859
2609 6265
1014 3859
6337 6765
534 6040
4956 8614
3362 5894
2399 4327
6473 9162
8213 9678
4752 5792
1014 1644
1177 8736
1785 4199
6644 8919
2020 6030
5840 7990
4190 7699
7215 8365
4093 6669
1462 4332
3134 9405
6496 9767
610 7775
3206 8228
3152 6003
7563 7889
676 8824
3671 9297
361 7261
4088 7170
1616 8357
7188 8938
5580 9659
6030 9371
683 9502
6585 9276
2775 3699
708 7855
65 467
2153 5313
7832 9708
2098 7083
518 668
833 6497
6002 7529
5159 7231
2644 3591
99 4835
3731 7126
7169 7648
2666 4930
555 4610
32 3976
1578 6269
5209 5646
1006 6323
2247 5885
1207 4455
4651 7741
1295 4945
96 9568
1730 9378
4934 7623
4172 9688
7447 9822
2259 3301
320 1520
3298 7906
2600 6931
1471 2000
7076 8864
2245 2280
1748 7698
4426 9215
4511 7346
6960 8743
1622 9273
5933 8080
1782 3944
3445 7977
2850 4173
6994 8837
5996 7681
6535 8697
8960 9751
1970 5464
2540 4029
1466 5000
2058 4018
3615 5122
7990 8246
3849 3945
774 3796
5410 6565
1812 3369
462 5474
3890 4097
2136 8653
1841 7016
9229 9616
7869 9843
3869 6103
5324 7251
863 8065
8305 9323
6351 9736
495 1577
7622 9701
8314 9013
707 3332
5991 6202
3367 8980
5998 7126
7276 7785
445 5841
6316 7787
7451 8056
2733 7096
3035 6639
4788 7201
1204 1399
942 8191
4002 5327
6276 7723
5270 8060
3206 9712
5489 7599
6 5586
4097 9518
195 6059
732 9126
5125 7126
1589 3092
6980 7840
1603 2292
4002 6067
1264 3515
2405 4151
7453 9507
2847 2981
339 627
3860 5512
3916 7251
1291 5661
5655 8006
6924 8253
3683 7126
2009 4031
5492 6047
701 6291
5322 9674
2013 5394
485 8208
504 7712
1578 1599
2029 8114
2911 5032
1968 6614
895 4953
4300 4748
7164 7599
3839 9506
7281 7451
2797 9201
6632 7364
1284 1394
1864 2574
4431 7460
536 721
2098 8881
1196 5446
2584 8714
6451 8529
1478 3542
4816 6971
673 8545
2201 3765
2540 3372
5781 7284
495 6312
1118 3531
3492 3653
3106 8383
350 6063
2314 7198
1973 3339
5495 9012
3414 7096
3043 9092
90 8191
2515 6157
2521 7913
4225 6181
6018 7401
3490 5383
495 1167
3921 8901
6798 7144
1329 6985
209 5116
139 809
7853 8866
6066 7421
210 6667
1771 6071
499 4081
622 3656
3198 7634
5873 6368
6980 7353
3994 4180
1473 5130
1827 2910
2071 4337
6165 7613
2015 9023
6060 6097
2579 6263
462 9704
1391 4321
1190 7185
3054 3650
842 1794
2547 8268
3648 3662
4699 6053
2820 7738
4173 5862
2507 8753
5523 7800
3132 3717
1201 9826
2345 5524
4348 7483
3937 5541
429 7715
786 5539
802 2965
1706 3915
5066 8150
6926 7358
1340 3698
5333 7140
3185 9827
1094 1644
6370 8360
1126 6597
1953 9040
573 6036
2098 7596
858 8932
6950 7670
1167 9688
597 9486
5713 5935
2658 6974
1671 7449
1516 6968
6165 8846
2827 3971
181 4805
2000 3344
5762 6208
3967 6589
1799 9321
822 1427
547 9180
3988 8941
8383 9022
7869 9301
7188 7721
1250 7910
868 9047
793 6184
1037 6103
838 6758
3265 7535
6289 7326
5040 6179
1579 5365
1005 4713
1954 4664
492 3435
5981 6605
5584 7408
156 2302
8975 9282
4611 5035
89 1742
1227 2328
6064 8864
3131 6895
5632 6400
1874 6524
6078 7872
2443 2771
6276 9414
7183 8704
516 7428
1236 4668
1569 5256
2487 8878
1138 5598
913 6241
1506 3388
1478 8826
3253 6765
230 7125
4899 9415
380 9548
1687 9854
1148 2391
6258 7453
7196 7374
2580 3369
2320 8352
801 3302
5947 7787
2929 7553
3565 8029
981 2937
7196 8273
5125 7760
1452 5951
91 8836
3434 4066
3536 9706
3964 9769
641 3850
96 3085
6129 9190
5904 8374
1688 3202
3177 7988
4002 8021
3967 4698
8591 9714
5810 8244
1250 7869
172 1827
244 6670
9059 9375
1578 1813
4066 5661
1327 4801
4596 8900
1120 4205
1984 2314
6564 7643
4132 5539
2082 5828
6043 7518
9124 9795
2963 3693
7839 9726
545 6471
7199 7581
1038 8292
2945 6911
380 1160
1277 2763
5001 5313
302 1455
565 2123
4042 8557
2770 8558
1287 5573
5539 6018
629 1113
4698 6693
3920 9736
655 6340
2878 9237
699 2291
5 3301
7592 7998
3567 5938
724 6939
4180 8267
1162 3402
1126 4402
658 968
2568 8409
1321 4344
4884 5006
3572 4018
6295 9380
5957 6808
1642 3103
1506 3392
6939 8263
8980 9050
5309 6379
382 494
1229 5840
2759 5403
985 5728
1518 4306
7503 7587
1450 3442
4103 5556
4120 9300
7926 8379
2661 4756
1068 4451
139 3543
7238 7263
8266 9420
1315 7472
4851 8014
278 9672
6444 6998
3410 7184
2637 3058
5710 6853
7850 8201
3122 7589
238 958
1570 6504
209 6831
1412 6864
2116 7201
1391 5655
3098 8233
7164 7197
2779 7709
3883 5040
2175 7649
3026 6053
8238 8867
1031 3724
4891 8013
2263 3805
1897 7084
2644 4661
4164 6791
4966 9518
2386 4260
5678 8661
1437 4913
48 1045
6010 6147
6657 7199
3932 9390
147 1850
4240 7174
5227 5228
669 7206
133 4101
4002 8730
4452 8531
3043 3648
2615 2631
6463 7051
3750 7662
1780 7737
9229 9620
7468 8119
232 8763
1631 8480
3202 6129
7207 8265
3205 7395
5700 6895
5031 9141
5489 8109
724 7063
5020 5271
1279 1445
7144 7460
1784 5568
1934 9429
682 8970
774 2752
2363 9713
4031 4845
1160 9736
4310 8273
4698 7340
1294 4416
2025 3931
6873 6988
2470 9264
5168 9827
6408 6927
5581 6193
797 2533
864 1002
2880 5502
4473 6558
6294 7565
169 904
4252 5761
3556 8089
2146 3070
257 9822
2937 7201
1578 3903
5451 7596
981 1471
1592 6517
1677 5693
232 6650
4748 6650
2144 8585
1754 3338
6939 9541
3631 7150
1733 7076
2590 8208
2158 9834
4206 4610
5152 6191
917 8455
967 7229
5074 6018
285 9489
4263 6408
2524 3065
3578 5202
7605 8651
3346 8792
6272 9429
8745 9055
3171 7377
6367 6616
3902 6541
1586 8445
6182 7596
6912 8352
1433 9373
3849 9280
2179 2507
1633 2661
425 1736
5655 7574
5047 8123
3558 7076
2224 8214
1323 3232
3852 4124
1570 4100
3007 4168
7741 9172
1346 9562
6632 9795
7021 8999
5837 7456
1397 5365
3026 7198
2937 4038
5652 7357
4729 7595
8296 9490
4431 6798
3889 9738
1656 6018
623 8904
434 1500
622 7282
1083 9436
3313 5336
5560 5563
1375 3857
3467 7295
2263 3347
3472 8017
6509 7615
922 3978
3408 7940
5602 6997
777 2490
724 1571
4418 7599
7744 8267
1047 6364
7451 8053
4658 8531
3847 8296
709 6984
738 3644
1187 9292
2913 4691
302 6400
3411 7506
2320 6897
3195 7190
2164 6289
825 9176
6818 8074
1265 2528
2907 7841
164 6959
6003 9186
3768 5040
2201 8006
1278 2089
3227 5336
116 5940
491 9361
7025 8890
6030 7769
9553 9716
6938 9448
1761 8512
2331 3844
1618 8384
3759 5203
1578 6494
5223 8474
2085 9516
2531 5554
607 3262
3668 4605
803 947
4077 7696
3245 9499
7144 8774
3941 9401
4212 8528
8823 8980
423 2314
380 8515
4325 7725
4038 7452
17 2701
631 1471
2761 7938
6025 9206
5556 6024
116 3007
2550 4667
4176 7083
3080 8340
2389 3505
1350 9262
9026 9787
3065 7821
3372 6063
6974 9361
2945 4002
5548 7704
2363 4693
4811 9233
2544 5630
3097 5024
1906 5512
7233 9489
2990 7169
424 960
1090 3423
4841 8152
2101 7461
1461 6897
970 8843
1940 2859
2127 7101
2370 4604
285 3944
9373 9773
589 4448
3593 6630
1892 2784
222 7472
1277 3224
2758 4362
4585 8840
1349 8980
4170 6078
4091 5246
3501 8191
1685 7081
4394 9476
6939 7845
1168 8837
519 7738
8947 9361
3552 9061
4066 4068
530 4869
1642 2677
5279 7813
1040 8832
9232 9528
629 1578
6938 7877
2558 5288
3081 3227
5195 6737
2069 2386
4135 6497
4342 4743
4101 9761
4513 4681
1877 2708
3355 9457
6656 8531
2436 5163
6985 8565
2381 7692
3005 3631
1719 8172
6950 9059
6952 8580
1362 4165
3086 9537
2710 7343
6246 8957
2028 8085
5878 8213
749 2292
2775 8304
2528 3214
1036 3607
2410 3468
3595 8000
3534 8227
2665 2906
1139 2694
221 1178
245 8759
4027 5605
1995 3321
2902 9547
4029 6768
414 3321
965 5083
4752 8571
3539 5630
4797 6811
467 2850
6309 7825
1994 9198
518 4051
3127 6206
3439 4029
3060 4377
3644 4957
6807 8531
3976 8729
234 8271
5132 5219
4584 5030
4837 9021
1201 9751
3328 4469
649 7734
1948 5202
1799 4060
99 1685
7599 9406
648 8672
6192 8348
8160 9602
811 5513
1139 9668
6832 9585
3224 6107
8011 9383
1276 7567
3115 8511
1987 9576
1548 5720
7039 8543
8796 9828
3287 4574
129 6438
2746 3615
4013 7091
1294 6199
6721 6728
3337 6621
2681 7857
1319 3367
8701 9843
2035 2128
4685 9678
2457 9489
297 2370
5134 8236
4901 7164
3517 5742
5050 7439
2266 2844
463 3313
4206 9180
3471 5421
9289 9294
2130 8296
276 3132
5947 8413
139 8160
4164 5281
910 4001
819 7774
5683 9024
120 2745
3185 7301
876 8348
3483 7119
8242 9410
180 7637
1851 6289
4314 8774
3475 3485
80 904
511 3703
2077 5952
692 4473
2740 3792
5305 9168
4006 4965
3062 9084
166 1773
7526 9189
906 2937
2620 9126
1557 1852
3369 8752
2741 8695
268 4329
1494 8048
7786 9576
4067 7648
5193 5977
772 8845
4687 7776
3375 6635
7336 9490
7511 9324
381 5159
3293 3976
1295 8025
9597 9726
2856 3185
913 7439
1737 6496
3077 6456
2651 7837
942 5602
7197 8802
2631 7742
6328 7607
843 2996
4698 6393
2494 6173
3587 9726
6210 6468
9023 9055
1473 6591
483 3704
3517 5511
5046 5858
4887 7699
2098 4604
5498 7149
6250 8015
2292 7767
1024 3890
1158 2230
3750 3859
392 422
5328 5733
1060 4829
4714 4732
1391 3043
3256 8382
1160 1773
249 5085
582 8938
3132 3967
172 7243
2633 6506
5034 8628
2651 4991
5446 8353
170 5316
1728 9744
8881 9380
1284 8220
6349 8074
2383 4473
1365 7599
4775 4947
80 771
8397 9269
503 5153
6109 7647
4556 4910
3880 8882
932 7784
464 5456
4882 7582
6923 7527
8318 9753
8242 8902
4423 9712
647 881
887 4200
25 57
252 5561
5716 6583
455 9401
5176 9825
5869 6478
163 7727
7785 8938
4421 7855
3440 7630
6553 7704
1156 7089
1432 8666
535 5953
1473 1872
2540 7598
4766 9264
3646 6278
1380 6321
5986 9003
5122 7070
1994 8591
1491 9321
1350 3765
6988 7079
6053 8738
3670 9083
2913 8775
2151 6895
3044 7534
3652 7349
2161 4431
4191 6658
2249 7349
4701 5957
4091 7149
488 1120
1987 2746
1802 8564
315 485
1282 5646
484 7157
5001 7942
3681 8892
1578 6292
4783 9395
4242 8630
9335 9844
5492 6123
1164 4370
774 7456
2156 9317
2551 8699
882 3755
4173 4866
8202 9601
3202 8157
5384 8966
2967 8080
4802 7320
5212 5608
1477 6843
1161 6351
3054 9301
1780 6023
602 3760
7914 8212
597 7699
4729 9225
1471 7857
1782 7571
1828 4221
4673 6569
4193 8053
714 9773
991 1434
3844 9073
1621 6787
7116 8109
981 4061
6616 8418
5789 7599
7455 8890
5852 8114
3976 6546
7436 8519
2644 5858
1943 4406
3649 7127
6766 9189
4135 8587
92 877
2665 5580
6223 8699
1141 4697
2511 4351
2592 8790
5654 6936
1570 5953
2401 4353
8094 9059
7584 9059
288 8582
5102 7113
1056 1592
3850 4413
6572 7524
7604 7785
5694 9198
2706 6133
1414 5165
2918 6877
4084 5567
3847 5782
1450 6027
2101 4752
2429 6868
8873 9197
1579 7410
3923 6557
2570 8931
6574 7839
323 2683
2540 5548
1737 8273
3058 3065
1069 9602
1196 3164
1444 5047
6491 9305
7665 8866
45 7210
1885 7312
434 4497
608 713
4393 8698
3955 9337
3595 3993
2088 2965
2412 7515
4056 6668
3181 9619
6768 8938
4291 9544
5947 6456
5325 5703
3783 4956
4484 9437
1813 8201
4384 7202
7429 7857
5220 8279
350 4067
7106 9362
2877 4438
3492 4248
2876 8650
1257 6742
2098 8598
1315 2937
3227 8191
3301 9153
4332 7161
5740 8168
4545 4909
3718 7771
91 7202
2831 5125
1802 7838
3119 4379
8762 9317
30 6520
7049 7706
5137 8054
3049 4932
904 4302
3648 6868
1782 6053
7232 7998
5184 5880
4629 8448
466 7598
732 5028
1059 8148
4397 7261
4314 9660
3662 8201
3932 9803
2147 2923
6920 7233
4740 5813
236 9283
3266 6731
3054 3208
2025 8967
3338 6116
1167 2856
765 9866
2764 5040
791 6881
125 2453
3266 9118
338 4256
1431 3879
7599 8638
2356 8697
1295 6851
4564 6676
1418 7563
731 2775
4029 8651
2522 9055
2559 3659
6895 7178
1229 9634
3017 8668
882 1628
1327 3748
4892 8628
1655 5205
1224 6329
381 8876
2508 9031
4616 8226
5204 8982
4893 5617
1382 6951
232 5686
92 6784
1558 8130
5123 7251
3058 3659
32 6668
6773 7035
1203 1544
307 7578
3444 7865
785 2390
4815 7785
3965 5345
4497 7389
1343 2584
521 3750
1167 7462
4045 8212
4088 6854
1841 3644
2307 7117
930 9154
3885 9687
265 4546
4831 5650
2514 4417
3382 8514
1700 5098
3372 3641
3101 6813
1196 1546
111 3787
712 2281
3134 9544
2299 8696
5157 9849
2683 8275
4480 7099
1743 3905
4521 9165
4694 8889
5365 6194
245 7212
5685 9546
3886 7668
2242 7869
1855 3345
2155 4055
957 2561
3909 6646
2781 3487
5565 9620
5204 6544
5429 5998
2942 9530
5829 9190
3816 3817
6485 7815
5866 7306
9263 9265
4388 9590
565 4228
2098 8006
619 4009
6375 8127
265 5650
7424 8628
4504 8722
5084 6267
2746 8574
2840 6018
2280 2346
1796 7938
3787 5279
3842 4635
6408 8091
787 7813
384 4661
6781 9372
5338 5516
4362 7286
2955 3138
2993 6911
4053 6458
334 1002
4387 5040
4605 9110
1899 4154
2540 9486
6558 7202
4957 7466
3434 8011
2887 8242
1277 3966
1539 5722
2037 2181
3049 3663
275 9476
6399 6719
1170 3344
2297 7720
3540 5145
981 8515
169 8854
3129 4463
1160 2109
7276 7855
1391 5630
3086 9382
535 5814
8598 9670
2303 5246
785 7176
1736 4957
4996 6267
358 5996
1681 7200
7606 7671
38 3049
1767 6337
1196 3187
3763 8938
4388 4657
7785 8659
3531 9386
1069 4729
3347 3585
7224 7454
2746 8265
4815 9099
2834 9059
3254 4945
7870 7872
1599 2877
633 1146
3313 5964
5401 6736
4390 4581
2012 7983
2573 5686
5737 9059
2156 3339
2375 6985
3217 7984
1773 9165
6593 8545
1864 6958
1368 5341
1934 5964
1583 4873
3971 9026
9318 9409
3823 7860
5983 8505
221 4625
3279 3596
357 6854
1410 3645
4084 6238
3205 7063
875 2303
1445 3007
47 2822
2623 7529
7360 7569
748 9212
1055 1385
3357 7460
3536 9497
904 4180
7568 9693
5655 8424
625 7462
2684 6455
1544 5897
732 6898
3466 5992
289 2226
3057 9083
7407 9189
2735 3884
265 6939
3644 8452
1092 9587
711 8767
5668 8903
1344 8660
3539 8201
1876 8533
864 8603
2000 3590
958 1204
5976 8587
1457 9179
6340 7071
121 2452
2407 4770
3096 5015
840 2098
1934 9767
3463 4721
4423 9155
4527 6651
2980 3923
3831 9265
2476 6084
1029 5263
5444 9198
3236 6023
2435 6966
1826 3982
4430 7280
6650 7202
1301 3372
8111 8848
978 2597
2266 5482
4363 4677
98 2987
1039 7671
873 9751
7314 9083
5069 8474
7174 8554
3821 5392
434 1570
2541 7889
4008 9603
3996 8365
1436 7889
7333 9769
2661 8708
6129 7374
6574 7395
46 8767
1694 8248
4001 5156
5431 8238
3031 9083
4451 8762
2719 4032
6057 8454
1690 2098
5327 8576
1424 3631
1923 8926
2847 2932
1182 5936
357 4151
2233 9726
5671 6717
3717 3992
8414 9415
39 42
8078 8545
245 1047
5600 5644
3595 4254
5250 7198
4954 5760
5805 9600
5200 7795
5655 9092
3482 5490
2779 3306
3119 9490
5386 8628
3276 7972
6060 8462
1444 3081
9306 9373
7502 8801
536 5125
9056 9791
1029 7978
350 7389
3699 9522
1645 6047
3996 7119
2778 8931
2898 3409
500 3128
7613 8249
3876 6821
2276 9774
5190 7860
6668 9165
5307 6642
1471 5241
303 2297
2965 3805
1338 9701
3362 4245
4621 6670
6448 7671
2327 7081
4319 9834
5772 8893
1750 3119
3659 6405
2776 8488
1952 9012
1577 7925
4267 7106
3405 8058
4731 9619
3735 5080
1329 6472
3980 8315
1314 2840
1994 9598
5071 9831
6912 8836
7855 8887
9660 9721
2552 3995
2025 9361
1737 5780
6885 7395
1633 8456
948 6910
2758 5382
2779 2929
5664 8882
2813 9055
1227 9354
9638 9675
7801 8365
1899 7078
1377 9239
5705 5771
7719 8827
2430 5536
4810 7807
7276 7760
2034 3339
380 981
2552 8919
1506 7265
3501 6140
6493 6759
1547 7077
5636 5947
802 5807
1599 6086
1020 8490
2842 5521
1564 2594
163 714
1934 9165
320 1570
4263 9386
387 9663
254 8068
3191 6506
1900 4945
653 7638
8762 9225
2471 9547
6023 9407
4720 9780
3206 7426
2740 8026
4045 9817
5045 7760
5863 8762
981 8493
2509 9119
947 7450
534 3554
5222 5593
1987 4610
2293 5436
7100 7472
2884 3717
1957 2514
629 3227
5193 5556
1224 2884
96 9241
4338 8629
6225 8275
1870 3327
8756 9047
3471 7819
5823 9124
4966 8452
1742 9386
4416 4783
3205 3995
0 7049
3825 9773
2775 8123
3489 7783
4734 8262
2677 5920
5385 5655
6738 7820
617 6004
2455 9078
1284 4932
4898 7160
4103 6667
6444 9000
3475 3662
3527 8689
1013 2745
3709 5110
3803 8980
1975 8810
5654 8241
7818 8060
1098 9223
2147 3406
786 4861
2658 3621
159 8663
326 8965
6668 8526
3662 9093
227 5191
5798 9567
5252 8570
2990 7938
2290 7448
8980 9133
2495 8503
6323 7671
7634 7669
203 6644
882 4921
6472 9489
647 5554
7149 7845
190 1249
3086 6341
1487 2263
2295 6730
1728 7204
3652 9474
5843 8343
8870 9009
169 5683
3174 9753
685 9765
1502 5961
2451 7818
4888 7148
3590 6868
564 5095
4035 5447
6057 6534
1614 3038
2025 2489
4982 6738
2082 4252
1773 2098
5322 7038
1681 3477
1126 3902
295 296
868 3227
4226 7258
3774 8164
2995 3037
630 9805
765 5365
1256 6739
1073 1834
1256 5359
4620 7785
910 3565
1052 7126
2931 8873
9024 9168
2513 4888
199 5630
6206 8424
1118 2937
906 6896
5341 8640
579 3750
8556 9378
605 8641
771 8911
138 7070
4610 8938
945 7469
7417 7717
4860 8502
6965 8012
917 9575
3966 8267
6937 8654
1683 1686
3045 3650
602 2208
4013 5900
1614 7977
2919 6868
680 5827
7687 9024
5322 6939
1043 1994
6974 9725
1436 2839
1968 4246
7462 7499
4029 7605
5149 8498
452 6103
625 4159
7788 9750
2721 7534
1681 6593
7042 9366
2457 5361
1197 6965
2192 5156
285 5548
4206 4298
2533 9679
1092 8030
495 5809
2335 3808
972 4707
2949 4668
173 2633
350 682
5229 9331
3537 4084
3347 7760
3045 3049
1055 4013
5388 5659
1163 9495
4709 5469
2931 3301
2252 6129
4473 7202
1449 5010
5098 8734
855 5244
1610 6250
3080 8714
2181 7818
6227 8225
2900 7326
1666 6627
628 5546
2958 8448
4314 6798
5221 5279
3205 4388
7915 8310
2511 7822
1031 9706
2746 7055
1402 8077
6023 8877
1622 9271
442 827
5646 9446
5655 7073
2577 9198
3668 4045
9150 9284
930 7199
1248 2760
2752 6133
5693 7853
3849 8724
4533 8129
659 6813
8055 8056
1229 8255
6134 6144
1745 4025
350 535
3724 7412
1494 4542
5663 9113
7822 9027
3300 3559
4610 6234
2816 3131
264 1117
2311 3662
2408 9294
3061 5171
1753 2299
1460 4320
1849 6347
4748 6147
5020 8058
2174 9734
7858 8654
3690 4053
4094 7914
3228 4180
732 7270
4408 4765
7127 9381
3543 9225
5829 6818
4221 7717
1370 7747
3834 7903
230 9007
6059 7726
3976 5307
213 5512
1538 4184
2742 4111
4958 9257
3223 3381
753 4700
7100 9620
973 2230
3073 8812
1332 5686
153 5947
5613 5943
2795 3467
3060 7678
483 4456
314 8556
3448 7264
1566 2098
153 6316
5360 9301
1466 8531
4151 6484
3691 8606
3263 9171
4025 4342
6004 6866
3565 4001
1196 9538
4901 7844
3794 4619
1551 8353
2245 4957
130 2373
873 6173
3409 7813
4318 4809
5698 5699
3679 6018
12 979
3385 7076
2158 2723
3978 7251
213 2098
2099 7853
1914 9819
6030 7385
4273 8745
960 9827
3501 8154
673 981
1731 3064
519 6663
2292 5762
4038 4313
3827 5152
6338 9770
2487 5489
5178 5330
317 9827
2311 2492
7162 8963
1642 6127
940 4314
904 6887
862 9227
408 2481
4465 5182
5833 6338
1806 4627
9198 9677
928 7374
3750 7164
2796 9591
1800 8561
6927 6987
4714 8578
5131 6205
2975 4932
4773 5042
2573 8763
8080 8845
774 9168
4267 4776
981 7785
136 4733
1107 6549
518 904
543 3029
4619 6230
2658 8215
5517 6765
6199 6798
493 6284
4245 6637
1592 5472
104 5452
7162 7904
323 5514
3964 8585
1036 6556
5365 9033
4054 4060
380 4610
3844 4553
3661 3668
6861 7596
2203 2958
6378 6434
1693 3313
8651 9726
612 5676
882 5329
533 3289
2864 3720
2970 4815
112 4998
1773 8965
4744 6536
58 5249
6702 6974
2098 5681
436 3518
8201 9055
5252 7930
7547 9714
686 8239
2746 9209
508 3932
3029 4280
1075 4610
3384 5553
688 4186
2867 4330
682 9616
1212 7013
679 7470
4982 5351
7785 9390
7389 9575
787 6876
4998 9184
4840 8147
561 639
5834 8472
3289 6089
803 5500
4379 9209
2550 9031
875 2918
4655 9798
6298 7091
3531 5548
2681 8938
170 1566
1138 3108
2084 7183
2845 8395
7144 7412
5686 6296
540 8727
109 6402
2399 2756
947 5667
994 8836
7634 8411
3193 7690
3207 8127
7893 9182
864 8545
4653 5222
5057 8212
673 7198
2385 9442
1967 2787
217 3561
2399 5495
5259 6738
2353 9265
2292 8002
1038 8208
2913 8752
1485 7196
3765 9373
3710 8367
1973 2156
5137 7522
958 9774
2281 7915
616 2230
7775 9494
4342 5323
981 6712
413 2010
4783 9660
4621 7509
9026 9121
16 7160
254 6067
369 1580
1588 9237
2583 9495
2885 5772
210 924
3058 7312
1899 8448
312 1158
350 6622
4957 9628
785 1728
3606 8360
6261 7527
1395 8072
867 3679
3675 7036
263 5786
1038 5938
2797 8732
3221 6321
281 8384
3031 3065
732 2217
6344 6531
2049 9830
4001 4300
1188 8959
862 5091
771 8652
521 6882
5273 7872
3833 5839
2479 4275
7950 9799
3208 9301
3662 7312
1069 9225
547 635
953 3787
6185 7495
6464 8416
3058 7533
4728 9553
5741 5839
4661 6187
6053 8999
3376 4465
843 6387
1141 1515
618 5836
1330 5863
1784 5318
2375 9431
711 6121
2679 7879
3991 5538
3823 5190
390 7907
1126 8550
1358 6273
3205 8327
1650 2259
3644 7493
1172 6300
3898 8273
2682 8750
4825 4966
3642 4944
314 9505
1604 7453
3357 9497
3086 8490
312 8261
4868 5384
8205 8438
3514 7125
5850 9702
851 9402
8858 9427
1769 6272
3710 6035
3301 8873
6259 6526
3182 7788
499 5634
5195 5352
3652 3726
1687 1751
2735 3369
904 8635
1126 7872
4733 8081
1153 2628
8296 9489
254 6980
1160 4610
663 2098
383 8708
359 566
4783 6199
2089 8412
326 929
1471 2405
5839 7815
5419 5557
3849 9455
6744 7947
2 3650
1526 2283
6339 8423
2441 9109
3248 6006
2695 3782
2943 8503
8774 9660
3668 9318
5397 8744
1999 4103
9158 9370
3173 4605
1598 5725
2193 3822
1644 7042
8735 8975
7196 7271
3508 9217
4926 8981
315 8476
6085 6821
3006 5940
3045 9050
556 3294
4659 6807
4002 6911
2880 7538
981 1444
6054 8999
6 3067
1107 5887
801 8298
1884 9463
5086 9757
6638 6639
1180 4430
314 1952
4190 6657
4022 5756
150 4063
9285 9373
3272 5150
2391 9518
673 3022
1122 3595
52 4714
4035 9591
8058 9020
1491 4752
4045 6864
822 8223
4029 5325
610 3402
2826 4081
260 6574
2101 7201
1466 9140
2878 6753
5221 9096
836 8252
6712 7200
3383 6943
3049 4556
6066 9471
3964 9186
4493 7935
1514 7036
1874 6706
4877 8793
3256 4095
1798 7853
5202 5240
2351 3787
2637 2721
2501 5013
2136 7766
4862 8327
8561 9494
4460 6292
2035 9685
266 6288
641 4413
3299 7717
5492 9583
4256 7385
4663 5486
1298 9581
1461 6147
797 6402
1828 7541
1992 2180
1167 1782
3040 4451
1138 4862
6060 8654
413 9359
222 1280
8185 8292
3279 5485
3735 8464
8762 8842
4396 6640
2521 7814
790 5256
446 3771
4932 6446
4221 6780
2239 3328
370 7241
3805 8902
1159 7100
267 5800
4046 5347
111 2254
6572 8318
4084 9552
159 7078
3595 9616
1399 8240
7836 8726
1669 2256
695 5981
5880 8603
42 8658
1229 6451
4101 8966
3043 3948
3100 9055
2305 7094
1190 6193
2841 4288
3063 8531
81 870
3775 9266
4105 8720
3086 8197
4250 4863
2295 7927
3065 3067
933 6954
2863 7885
1910 7079
2862 5212
712 2887
556 9767
5693 8634
1141 3849
495 4376
4213 7342
4932 9638
423 1625
3975 7988
4802 9301
5935 8028
729 2349
622 4458
4126 7813
2370 4085
1112 5548
935 5694
6303 7380
1248 3422
2559 9361
1357 3202
4703 5477
994 5911
3585 6918
2496 3822
8975 8995
1375 6864
6617 9007
3659 3999
1294 9497
2003 5537
1166 6551
960 9753
4018 8720
4029 9441
1291 7730
2700 3636
2644 3218
57 1147
7 6067
1384 6364
2847 3434
4037 9798
1602 6244
3463 8918
1244 5003
928 3967
2118 9502
1196 7053
3185 8994
5948 7806
5492 8173
6782 8414
5115 8109
940 6798
468 2588
6345 6889
4328 6331
7196 8275
8314 8614
7994 8400
7472 9544
2499 3818
285 8296
3279 9501
6844 7555
4719 5515
1570 3551
3066 6502
6720 8108
5327 8953
7313 7588
5709 8764
6761 7177
1229 9235
5727 8529
5918 5934
3027 9003
97 9412
663 4313
2996 4011
2752 8806
6548 8000
3980 5957
4362 4788
1540 4568
1951 2644
8441 9278
8584 9494
6003 8244
6251 7188
4094 5009
7374 8065
4402 6667
1227 3517
2993 6278
848 2327
787 3467
2187 7074
40 5599
764 1513
1161 4610
1685 9834
1035 9073
8452 9361
6393 8628
1688 7675
8028 9291
1998 5627
1650 2006
63 5458
2610 6857
725 5862
6129 8480
320 5266
5780 7864
1754 3141
5647 8623
192 6129
3227 6235
4306 8869
1406 7774
7541 9615
189 6030
596 2149
278 595
1542 9865
3479 4752
3691 3827
3926 8119
5336 8484
361 428
4949 8722
3542 8826
2582 3650
6628 7276
3748 5554
3536 4783
6660 7079
1308 4254
2707 8735
7817 7981
8424 9674
4038 9337
2458 4668
771 5634
5611 6903
7984 9038
6454 7028
534 4180
631 1698
207 8626
314 9575
4750 6448
7733 9375
2674 5192
4002 6239
232 2192
706 2453
6018 7785
4862 8823
5718 8574
41 6456
980 5463
7506 8555
8629 8661
358 4088
4001 6147
1247 7869
891 3613
1811 8673
3043 4605
2000 5482
5756 9178
1879 9399
7633 9873
1542 5730
5062 7389
6147 8763
3691 4434
3136 8959
724 1805
5693 7547
349 8758
2751 9097
599 9668
4421 7969
6971 9472
961 8217
4625 8838
6866 9676
9518 9551
1437 3619
4315 7864
4601 7216
4205 7935
3898 8275
5482 7276
4395 8094
5021 8331
8009 9620
160 394
1139 6283
6563 8871
1405 2596
1615 9533
4974 7071
4033 4097
984 1671
576 1382
496 1578
738 3253
1456 4895
994 3205
3875 9342
1397 1506
7218 7224
2405 7333
4464 6975
1172 3841
2700 3890
249 2556
5132 6791
5073 6191
5847 8634
8414 8884
6535 8474
3854 9279
2793 4800
2979 7170
1423 1840
4357 6738
1934 3792
663 8165
3487 8298
5148 7443
5556 7199
6732 9069
4852 5947
4613 6133
253 1190
1209 4608
3859 7893
3650 9605
5341 6634
4556 4870
1539 3980
1590 6330
4368 9493
6693 9544
6143 8560
434 5062
5343 6875
1106 6696
773 4686
1776 9142
4972 5652
229 4976
2227 4871
1074 8367
6217 8433
6328 7662
6623 9327
3265 7070
2045 5993
6623 9606
2960 7791
1661 3986
5978 8531
3704 4260
1472 6418
4913 6483
3081 7522
5605 6538
3520 7261
2627 8123
1087 2936
1135 9445
622 2587
1254 4149
5661 6523
5368 5810
6103 8601
924 1827
316 4402
3256 7916
5122 6636
6208 8296
6121 8767
2098 7476
1118 1456
1513 7229
500 7526
739 7816
9310 9441
1425 3644
3696 4856
484 9760
4900 5788
556 7156
5695 9516
1201 5751
6187 7323
1510 8078
4870 9318
8780 9501
5784 8269
1813 6768
4641 5013
1294 9662
7599 7849
3318 6898
3171 9216
6910 9219
75 6490
4827 7496
5242 7207
4664 7959
6731 9118
3346 6064
1828 8347
40 9714
5640 8717
7336 8750
2371 5322
4771 6368
1754 8864
3132 8745
3242 7528
1976 8243
3391 9215
552 4511
3049 9050
2573 4001
3065 6873
1934 2471
3070 5259
210 9074
2745 5464
1979 9523
1201 9812
3339 8537
1754 6302
3801 4072
3956 4824
875 9155
2375 5113
5036 5688
4832 6786
4229 9617
3475 8796
425 4532
1841 9096
857 9321
6657 7401
139 1973
6032 9276
7593 9209
2523 6900
3902 7893
5482 6868
7141 7982
227 6316
2504 5013
2067 8289
6553 7198
6228 7846
2314 3539
1662 8656
5338 5365
5321 6575
6230 7593
483 8719
4685 9672
6510 7381
2156 8345
609 5034
2161 4416
77 2541
6358 8266
2530 7475
2677 5288
1704 5934
3933 5510
3902 6939
7642 9095
8378 9055
1259 4096
1294 7144
2130 6359
1323 9711
106 2077
4561 7246
3550 4221
2165 8264
6765 7466
473 7695
6697 6873
4203 9518
2412 3291
3515 7677
7229 8452
1074 2674
3542 8471
1126 9363
701 9438
4966 5754
2249 9168
4614 8191
4469 9529
391 851
5506 5556
2528 4938
445 8273
858 5612
1332 8029
4779 8684
6241 7439
3004 5145
3149 9556
496 804
5652 9097
2785 4966
7461 8191
3945 7432
1025 7040
671 1162
370 5096
4634 7149
3279 9439
487 2907
6544 6896
2556 8236
6693 9190
4091 9839
7785 9206
2249 3670
5654 6496
1120 3430
1752 5907
6030 9793
2460 6807
1424 4245
4782 9646
947 4107
163 8531
2983 3631
1610 9301
4352 5002
8051 8941
2969 5665
1786 8092
887 9155
2328 6321
1074 8080
1141 5012
724 1233
3501 4802
3301 4612
610 6486
3119 6506
2513 7000
2552 6229
887 1928
7412 9660
8325 8919
1345 7584
8966 9349
5428 5613
361 9764
765 5902
4844 9303
732 1283
7059 9577
616 2671
3831 9273
6261 7789
3718 6668
3615 9472
1782 8745
1358 6691
6768 9361
973 1311
771 6478
1410 3588
2841 6497
1573 2114
1317 7849
1470 8531
663 7956
2519 9313
5574 7655
14 6035
1742 6013
863 9181
4748 8029
3347 7276
5804 7108
265 6597
8371 9095
2410 7864
5901 9331
1443 3228
1392 1924
8628 9127
5 4759
1243 7047
3167 7449
1138 9541
4788 9059
432 5221
1507 8080
3815 5602
6051 7884
2577 5616
3558 8687
1470 4260
2757 7580
4229 6690
2481 5255
4036 5834
8118 9073
8401 8827
3945 5401
981 7038
537 9816
5635 7586
2741 6221
3043 9083
3536 7144
361 6251
3775 9530
2617 4640
3011 5548
5556 9131
1467 7712
6734 7305
2012 6868
739 2266
1196 2668
473 6035
1381 5900
91 4300
2937 7968
5042 8266
3114 7276
3707 9765
3724 9497
1332 2383
4319 4796
566 1421
565 835
2996 9173
1737 5187
5237 8301
9265 9273
6405 7424
2688 5006
2220 7057
3049 5385
31 2556
4362 9034
7724 7950
1951 5359
786 9797
3755 9151
1728 5052
1961 6313
7923 8692
7671 9822
1250 4045
1069 3339
646 9618
1144 2534
5703 7605
573 2780
2237 7115
1471 6631
7057 8622
3040 8749
650 8098
168 4752
2945 2993
5216 8362
2118 5644
610 9494
1717 2666
1506 3826
94 1928
3007 5956
4252 8306
7408 8953
1061 8767
6465 8657
1378 8940
4200 5650
687 1812
4729 8762
46 711
786 1471
2743 3541
935 7875
1144 9155
361 5386
1510 2209
6873 9159
5871 9065
2945 3646
942 8919
1091 7793
1416 8995
8561 9468
4251 5609
81 862
5307 7998
578 3139
5650 7919
5560 9191
1021 3464
2847 4088
2233 5237
9176 9530
8448 8663
2628 7715
1954 8212
1280 5120
4725 7039
727 7439
786 4966
4410 6823
91 6912
4746 9827
436 3955
2004 7379
498 5811
3849 6234
387 8431
5526 8445
5802 6850
1846 9726
5686 8763
4282 5153
3346 5178
1782 6033
2609 6291
5587 7297
1294 2161
2189 9026
417 8322
1910 8703
3080 3838
4229 6668
3222 7991
7436 8940
1424 2983
3953 8443
2439 3217
2513 9478
9241 9537
4086 9761
1146 6821
859 4938
1569 1783
2097 2593
1965 9671
3818 7024
1373 4966
4184 7799
6609 7907
3205 3902
370 6871
4434 5152
684 8009
3724 8774
4829 5101
2391 6589
2503 8310
357 7850
2969 8207
4619 5947
704 9336
3375 3982
536 7326
3753 7414
164 6230
686 5588
1058 9164
3650 9097
980 6456
5150 9570
1 5034
6324 8738
5316 7805
3536 4314
1016 1778
3022 4966
5052 8588
5493 7969
4630 7688
7785 9053
2903 6215
536 629
5611 8868
922 4892
1031 4314
2141 5397
2214 6960
2248 8647
1577 7610
6618 9544
2603 8304
2718 3495
7957 8873
4571 5053
8490 9568
1424 4634
1506 9326
2311 7857
464 5448
1987 4273
1884 2806
3628 6384
7076 9375
3132 3991
1325 9007
1421 2164
6017 7675
1413 4812
602 3810
4218 6754
1730 5946
4858 5553
235 4345
5506 6018
6595 9598
1460 5803
701 7234
8977 9251
724 9420
1698 7730
1718 5412
1820 9817
7942 8060
139 4729
6409 9429
3813 6502
6388 7882
3300 8279
7994 9596
2077 7233
1377 6417
1677 7853
682 7156
6724 9242
3729 4912
7126 8230
4066 7434
2104 6421
299 3029
3084 7903
189 6426
947 1177
3265 9152
5736 9701
4357 7984
7791 8275
2766 5631
2657 4645
411 7839
3297 7723
5279 5382
1737 7196
3327 7489
5709 7896
8480 8931
2993 5327
4604 8006
6296 8763
3701 7547
2494 8643
293 1987
2817 8517
6055 7073
7148 7160
263 5807
1723 1725
2382 3668
2912 3896
73 182
838 6229
1182 9153
1590 8936
5196 5905
5737 7199
2821 3670
1345 6251
413 3938
1473 5318
2591 5640
7025 7455
1770 3772
3920 5242
261 6588
3016 6042
2554 6137
2092 7005
3712 9625
68 3787
298 6421
4748 6296
4556 9291
3602 8845
6496 9510
4657 5040
5959 7517
1066 3306
700 7352
3771 9287
5880 9617
4300 6010
2137 3092
191 6003
5115 5489
2305 9270
326 2716
1052 7276
3205 4802
4200 6462
4377 5983
254 2230
10 9823
1592 9274
3816 6456
5192 6089
5510 8547
1597 6272
1078 2370
3662 5655
4580 6807
2756 4327
7586 9241
3065 3662
6310 6997
1337 6009
786 2665
4748 6912
3274 4878
1426 7076
5156 8029
2359 7634
4771 5873
6776 9399
4182 5479
485 4185
1412 7333
3930 6300
5563 9191
2505 6873
719 4928
2801 4094
1166 9606
3306 3834
1551 6596
5327 7408
1436 5613
1085 3346
1733 4818
2958 6244
7716 8691
3203 4045
1513 8285
797 6564
8749 8762
465 6129
5753 8601
8168 9302
6353 7779
3805 8574
3652 8735
579 3751
3508 9518
428 6788
2327 6067
4038 7019
1676 6001
7460 9662
5630 6574
2523 2795
8028 9530
2523 2894
2778 7340
861 2987
1049 3439
6066 7077
3015 8246
8313 9145
629 4273
6689 9186
2382 3062
876 9828
3859 7541
1235 4362
494 3105
7462 8068
3205 7893
975 2536
6291 7909
1513 6856
7251 8452
2281 2533
3800 6362
2073 8536
4284 6650
5862 9190
6160 9541
622 1462
1346 1825
579 4270
92 9467
4442 6131
2588 5524
7249 9265
992 5797
5655 6055
1379 1632
2286 3654
1002 2773
3944 4893
896 9689
8422 9434
83 6332
868 8025
2218 8571
2976 9841
1942 9145
4300 8763
1309 8641
191 8914
2830 9870
1068 2034
2670 9032
4619 7593
1013 7634
563 8274
21 8976
293 1391
4803 6521
6574 9559
3982 9830
3 3347
1926 3065
4930 5809
4109 4464
482 3293
4173 5137
323 5202
2239 7079
2778 8214
4934 8641
5043 5925
2344 7209
3377 3668
1710 9009
6503 7100
2689 8850
528 6872
1144 1389
3205 8850
25 1658
1713 7855
2035 4103
2382 8006
714 9373
2158 7408
1207 7474
1930 9377
4661 6450
3886 8846
5552 8647
885 7381
1754 3439
771 1419
1321 9333
1558 5833
6911 8021
5305 5640
3580 9555
8979 9750
3011 7126
3161 8580
3963 5349
2644 5403
302 8882
118 1455
4027 7009
994 8035
8 38
812 2540
1196 4627
7938 8681
832 6828
4004 8929
1674 6389
2350 5050
8623 9772
276 9073
629 2537
5809 6288
2747 8072
4793 9375
1880 5436
785 5307
4956 8627
4071 7446
1209 8610
2980 9589
2666 6467
3631 4634
6749 8510
5794 8236
232 994
738 1425
447 4002
2128 6338
1198 1934
9225 9602
5202 8959
2902 5998
4653 9559
2452 8094
1573 6642
318 7539
3866 4932
3337 9757
4274 6695
3715 4632
2383 5911
1982 9409
1613 4702
307 537
1478 3568
551 7216
577 4687
1866 2972
1610 7142
3668 4870
2693 8919
1418 8995
7855 8126
1542 7848
447 5327
4377 5856
2114 6381
2192 8352
6780 7541
357 358
2259 5659
4833 8630
3971 4395
312 8202
7125 8772
1737 8781
3664 8329
7144 9395
629 3932
4671 7115
776 6669
2657 4195
621 821
6360 9165
806 9583
2192 6010
1229 5761
5630 8076
4199 4202
2834 9546
1938 2165
3391 7192
2767 5328
1674 3751
3119 3205
2212 6165
6616 8108
1694 3982
8584 9103
1224 1382
2161 9721
3375 4479
1207 8296
6193 6201
2785 7674
7106 7183
4614 9058
1510 6339
3298 5920
536 6289
701 7290
567 9754
810 5925
1364 5960
273 7099
2130 6217
5384 6298
272 4229
7285 7333
5833 9769
3390 5859
1780 2435
3945 6872
994 6912
555 7198
422 8123
4661 8842
1994 9635
12 1396
1078 7198
679 5287
5325 8651
1840 6698
7253 8509
757 3699
6895 7493
1031 9497
4623 5800
3121 3427
4971 9746
2001 7971
682 8022
6858 7160
2605 7459
1951 3258
5860 8504
3564 8730
679 6627
2244 6228
3073 3792
1115 6149
1787 3365
9486 9489
2834 3967
60 5118
4793 7596
2785 9053
4752 8301
7388 7872
2963 4038
2517 3051
9187 9268
4103 4561
5895 7049
4593 4916
2384 3166
1784 5256
2785 5447
2230 8246
2412 3467
7853 9613
5451 9670
2936 8842
6357 9541
3994 8068
4709 5105
370 5046
1448 5236
7137 9031
3650 6679
3983 7226
713 2809
6280 7669
2990 3434
4174 5948
413 3313
6007 9492
1383 4812
465 6574
4267 6316
5024 6878
679 9767
580 5513
7374 8480
1930 8953
3049 5652
4225 7530
584 4755
8421 9197
2251 3065
4945 5284
2481 5112
981 9774
2754 7964
4135 4151
921 7035
2987 3614
8735 8995
1107 3454
771 3710
607 8214
1184 5212
3042 9083
2034 7595
716 3244
32 9180
4661 5858
417 1453
5911 8029
495 5894
1250 7951
9056 9265
3156 6737
5342 5365
2099 8634
3313 8011
2098 5187
536 4026
4067 5479
170 6670
4245 9301
3718 7597
930 5444
715 3020
7838 8095
1973 8160
1426 8983
690 3369
6316 7358
7990 8598
2537 6272
3151 6662
2573 4473
1453 5618
170 5928
2555 3705
1553 9639
464 5163
3253 4957
3437 4101
8919 9459
2535 5042
6339 9007
791 2759
5070 7396
199 5833
959 6471
828 3712
1110 2291
7430 7652
3864 6386
3938 8719
3141 3231
525 1818
8344 8988
8722 9260
3114 8119
5911 6558
4054 7596
3800 5548
4083 8653
3513 3676
3870 9370
3716 7485
3444 9023
3529 3936
3054 3059
1320 1827
765 3086
2933 5964
5152 7390
1466 5188
2745 6693
3862 6269
2746 7199
3043 6393
1229 3478
1087 6155
5703 8202
270 2077
498 1728
875 1974
1179 7726
1977 2044
970 4934
7199 7583
3082 8353
326 8545
1584 5768
3590 7534
1248 7928
2095 9019
998 2365
7827 9185
4325 4406
8537 9602
5460 7763
51 8883
3271 4123
5482 5655
628 4694
4361 8627
1453 2987
4752 6657
2355 9393
866 6364
4103 4752
2463 4369
1610 3290
2711 7636
2574 8789
3119 5754
4031 4417
851 3564
4697 5967
6813 9672
4965 6018
3223 6234
1466 3849
4755 5250
258 5797
7412 7460
1477 6064
1737 2658
4462 7521
3985 7712
5524 9600
7423 7956
3565 6296
6370 9481
313 1539
863 7472
5569 6791
1917 3853
707 3000
6939 9363
6853 9793
153 7106
5883 6690
7412 9721
2620 8752
3205 8370
786 9795
526 7713
6389 9518
548 7950
25 8639
2552 7233
3699 5115
3640 5703
9316 9543
35 54
7086 7708
4888 8868
1736 4060
138 9774
2389 8367
632 2103
6545 8585
1597 3585
5004 6732
2103 7599
530 9396
2664 8946
46 4948
2533 8296
853 8730
7201 8068
232 6558
1904 9823
7401 7579
7990 9711
57 106
825 6845
4887 9373
5421 5482
2494 7522
2338 9373
2830 3246
1159 8526
1577 7981
4282 8113
7596 8687
6627 8129
830 8879
1494 4887
312 5661
1974 4273
2614 3756
1687 7336
5512 9659
4063 9773
5784 8147
685 3707
5661 7064
7396 7674
4228 5759
8265 8456
573 4149
3357 7412
1317 9558
1484 4833
387 2345
2532 8975
5615 8452
522 2970
254 3228
565 5777
5221 8090
2161 6576
8642 9716
3822 8884
8296 9751
3834 8531
6748 6804
2077 5451
2098 8585
1649 3361
4837 8190
1825 8042
5325 8156
4005 4079
5487 7523
471 8081
447 8021
1445 2405
3132 5615
5695 7605
3313 3967
3295 3344
5507 5745
1643 9583
6212 6502
3962 4934
2967 5818
2178 4887
597 1670
1834 4576
169 9787
3906 7712
4610 8261
7855 9429
5125 9749
304 7903
1943 9629
3040 9317
2871 5602
2824 3279
5279 5338
2841 4473
7541 7717
3967 8931
4126 5084
1855 8594
715 3144
473 2559
464 3996
976 1817
1520 2315
3921 4092
1829 3512
828 6985
3543 8537
1285 7682
495 7386
8213 9183
5538 8011
4957 8467
430 1109
3609 5236
2836 8080
2931 5122
1930 4002
2482 4661
41 391
5535 6688
4002 4520
4342 4754
8568 9616
5369 9003
4431 9662
2996 4107
2296 7705
624 2565
3055 9050
4916 7039
4969 4970
9287 9293
910 1332
2181 2808
2922 3399
3661 4605
638 3483
5338 6670
9086 9835
2381 5996
5631 8896
3313 5869
4031 7348
5019 7865
6563 7395
4270 5350
5654 7063
5987 8748
2305 2332
536 1649
1388 7149
3531 6014
4473 5156
2194 7513
2018 3176
4101 6914
4576 6665
910 1461
2436 3693
4508 5153
4040 8243
3335 6340
4276 6053
8897 9419
5210 8050
7543 9188
2314 5630
6968 7125
350 3026
3662 8796
2573 6010
3081 8080
4419 7619
948 3138
1880 7864
2404 8313
3690 6458
1914 2180
4080 8514
1391 6491
380 1773
8980 9294
2632 5941
2585 8553
69 70
1582 4303
3459 6725
2467 8347
690 5142
732 2918
2771 8707
2325 3119
1414 2384
3735 7444
1461 5156
1542 4673
3054 7386
3816 7977
6010 6558
232 5911
4040 8016
1315 2658
3991 8931
1345 7126
1263 2902
3027 8663
2063 4927
485 2098
6939 8102
3816 4887
723 2744
4204 7107
1973 4451
378 1360
344 4019
1633 6267
5206 6181
3257 9596
5295 6245
4054 6843
109 5326
3345 8594
2305 9830
4066 7154
6496 8414
1725 8365
1927 7312
2182 6731
1166 7543
358 5187
4140 6134
1321 9336
4315 6867
5052 5585
5996 7196
6732 8382
5165 5820
3848 6976
1487 6234
2471 6974
2240 8883
1558 5966
515 8986
1223 2210
2957 8762
3310 5652
577 9828
2237 6230
1356 2236
7959 8212
3318 4395
981 4301
5693 6482
4434 6077
6053 6704
2286 6249
2016 6736
5701 8191
5388 5569
1110 4694
847 5375
1930 2945
5966 7785
4245 5467
8344 9611
3903 5503
6574 7196
581 3295
5040 9140
1201 2960
513 1594
163 3971
1955 8685
4824 6109
1354 1590
344 4329
574 9274
287 4080
685 3589
4416 7412
2249 3065
2540 5695
1854 6693
409 701
1041 4147
3352 7681
1589 6339
2487 4286
7740 8361
191 2669
737 5345
3031 3668
2092 6463
3318 3971
1293 3991
599 2408
470 4887
6478 7968
930 3759
1024 3636
9386 9458
2868 5801
3632 4808
3191 5723
788 8562
1437 3323
1859 8609
1156 7593
2576 7653
2575 6267
641 3654
2601 5289
3215 5481
1711 6393
3439 3789
3979 8034
7969 8591
3624 3970
2455 9829
6696 8809
8166 9076
3827 8598
170 7509
3132 6971
5492 5649
4303 8729
1309 4749
1187 5195
3859 8050
3062 5657
2482 4107
2403 6450
641 2498
3151 4392
5998 7229
3279 8570
19 5569
5738 9588
4225 7363
7713 8596
174 2234
5618 6749
1271 5259
7457 9203
6040 6201
4221 9615
1392 8025
3367 6289
5221 8191
1263 8325
3786 4105
3205 6366
52 8578
5326 9679
1286 8476
2361 4004
3931 4694
2867 3667
4663 5537
53 488
315 7671
5486 9069
910 2320
2927 7839
1196 2870
3822 9727
2873 3128
5262 6795
1167 4930
1895 5661
2559 3298
794 8526
58 3042
7417 9018
2413 3569
452 3095
4059 7143
4395 6350
4441 5776
5701 6542
357 9227
1356 3262
2846 3360
6644 8848
2251 3404
3407 9286
1240 1649
6018 7276
771 906
4177 9400
6485 8890
7984 8378
1733 6171
3774 3844
4893 8999
8545 8603
7237 8051
1193 2544
6079 8236
1753 5163
3081 3313
4171 5064
907 5934
3717 4610
285 5279
3141 6105
1410 8106
1159 7038
1939 6889
1828 6583
1483 9409
810 9780
423 1319
5808 8627
947 8148
2032 7907
384 5030
3905 9728
980 7408
1007 2148
4229 5883
2701 8704
7404 8549
1161 3718
4121 6775
6228 7464
3079 3962
496 1813
4830 7409
6146 7472
6320 9177
2205 9803
5384 6414
2165 3980
6113 8273
3380 6582
4515 5366
1987 3479
4602 6066
4711 9639
3667 7498
3116 3128
258 5727
1635 4383
2784 7114
7506 8655
1987 3300
1305 6776
91 5156
206 1323
6939 7391
3359 7903
1381 2969
3525 7149
1569 4447
3387 6669
7009 9751
1737 6818
2947 4172
4482 7562
2203 6244
9099 9850
7261 8182
2192 3565
4761 6092
2196 2690
13 7340
3550 3750
4336 5701
5564 6086
4384 6897
3976 7605
6310 9291
4388 6853
9565 9677
279 6502
3862 6622
2290 3411
6018 8296
5745 9292
786 6830
4182 6376
2487 3540
1700 7738
6053 8107
2617 3028
2035 6591
1574 4932
930 7499
2902 4395
3610 9016
2996 6528
7596 8606
7261 8529
9115 9452
8123 8939
1155 7644
1783 3730
313 4812
1568 2913
7595 8345
941 2486
624 5174
6852 6890
1192 8684
7616 9349
5820 5960
360 1170
1634 2512
7497 8745
230 6968
477 5724
2541 7563
1561 4781
1412 7977
285 5661
3659 8387
4710 5806
597 2606
3901 8138
1276 7756
877 1229
8524 8531
2665 3928
8109 9482
8445 9861
2693 2985
316 4711
6393 9626
2573 5156
2313 9530
2314 3822
132 9531
3092 4740
5981 9667
7428 8905
5584 9377
2383 8352
3640 8202
3175 7813
4957 7414
4964 8647
484 6129
4727 9716
4056 7472
870 7233
6465 9781
837 3279
5273 7808
5752 7447
1224 2377
5841 6129
8591 9448
714 782
626 5794
8266 9367
7522 8318
3134 4578
2750 5568
249 5087
724 5384
1388 6261
3662 3670
4257 8979
6246 7199
2425 3244
5859 7159
7595 8762
172 3007
1042 5798
7252 9088
1256 5240
7495 8563
1406 4279
4277 4298
2033 8890
135 1027
5381 6874
2922 5236
357 2907
3372 5918
7059 9734
2327 7140
536 6246
126 9616
1209 3823
2255 7078
1579 5279
3572 6511
3937 7541
212 2867
616 7473
4154 7078
984 4731
249 5090
6988 7039
6834 8476
8406 9105
4045 7333
285 6393
7284 9143
1319 2314
267 5845
6023 9843
910 8029
584 1327
3487 3754
5069 6936
3808 9833
490 6018
3134 5780
5169 8291
2471 7126
3398 7699
2161 6199
5702 8299
7444 8464
4627 9527
4001 4748
953 8013
3457 6895
2014 7522
2596 3037
2309 7991
8433 8564
1828 3750
1987 3585
6609 6685
4101 6605
7161 7250
2245 9541
2056 7126
2727 3063
4309 7143
6328 9829
5800 6850
7227 8845
2414 8343
5362 9241
2611 3722
624 4200
1120 6164
8977 9004
7569 8556
1187 6737
3816 8157
2230 7326
3049 3054
5154 5853
3634 4430
160 5742
2902 4421
3837 4735
483 6381
1922 7149
1705 2172
3367 9260
1825 8740
2912 4865
981 3717
2134 5813
5640 5722
9237 9868
4002 6278
1036 4206
2092 7006
82 9631
6821 7555
3285 8012
2016 7139
6780 7038
3748 6164
1947 8091
2750 5256
3922 8520
3717 5133
1809 6939
2635 9100
5637 8845
1681 8236
9775 9817
7078 8663
2633 6272
1161 1315
2015 7926
1410 7356
2262 8140
2164 6980
1184 6242
2362 5580
6710 8829
2890 3439
983 7395
366 8348
8324 9196
1498 5368
9241 9484
2260 3322
6563 8154
2609 7844
1204 7009
2751 9110
285 1291
7235 9817
3765 4273
1100 9600
653 8945
1385 9678
4117 6429
3276 3735
4103 5322
8762 9124
5935 7036
89 7185
2879 9147
5246 8775
4863 9617
7872 9566
6736 8172
2041 9753
4703 5404
2083 6205
5152 5448
771 9166
6842 7142
409 668
2866 9431
6595 9621
1435 2223
255 5521
2081 7439
7477 8801
5572 6577
260 1895
3944 9394
485 1500
4284 4748
906 4388
1753 2077
2170 8448
815 3132
5878 7644
2317 2834
6721 7354
3357 4416
4141 5042
2922 5442
312 7605
5217 7524
423 7537
6294 9243
2391 6949
4351 7135
5892 6284
3851 3982
1118 5236
1676 3971
6796 9431
765 2364
4225 5158
2499 2531
3066 9098
904 8128
3972 8235
8800 9749
4288 8277
4752 7785
5988 6939
7392 8050
3115 5900
43 2205
3053 8176
3448 9827
5541 8081
2071 4912
4288 9458
6563 8932
6121 8949
2305 5781
7156 9607
5859 8127
1052 2877
3390 8127
442 3564
6630 9827
237 9617
2707 8975
712 3230
4938 9816
4930 8600
616 4388
917 8225
8583 9843
2744 7459
2556 3539
3031 6873
3948 8973
357 4088
2374 8291
6632 8423
2301 7316
3906 6645
2797 9659
6595 8591
5703 8651
387 9458
7270 8877
3556 4975
1311 1806
5938 6843
1687 6319
724 5386
1343 2198
8315 9522
1875 7670
1209 8126
323 5137
3390 7411
2443 8707
9248 9274
5034 7424
3783 6027
1147 6360
699 5602
172 1519
1281 6170
8631 9156
890 7652
2697 5324
8461 9691
6246 9472
6067 6286
3124 7374
1864 4773
3310 7357
1381 2748
5944 6660
8158 8645
90 3081
1932 2542
943 1615
9575 9718
6821 8630
5082 7635
8387 8995
285 9131
2440 8112
6626 6921
2164 2785
7290 8344
3805 8265
3980 4333
5482 7199
172 5956
3987 8472
5212 7653
836 2067
2412 3399
637 8784
276 597
4473 5976
2967 4716
172 2861
3882 5167
816 2658
285 3585
1345 9764
5767 9714
7149 7893
6436 9860
5221 6097
2892 5482
8578 9378
4565 7261
5696 9264
1822 2443
2843 4071
5650 6416
3065 6448
4190 7401
8065 8261
2644 3258
66 8476
772 8769
2596 8342
4219 6578
5236 7594
5425 8037
1201 8697
4321 8236
6490 8191
8044 8225
9190 9405
1332 6650
4054 6146
334 3384
6622 9559
1814 3845
1138 2349
5279 9537
4397 6250
6432 7599
479 8919
3827 6191
1821 5518
6928 8654
2646 9136
5756 8840
3775 7357
2253 8861
3923 9589
423 8208
846 4041
6022 7673
51 6241
629 7126
1795 8611
1161 9190
8209 8347
4386 8348
3058 9747
2539 8268
5400 6497
3449 4998
5250 5900
4233 8446
1461 5911
5 3510
3595 3889
3334 9843
3131 3362
4159 7607
1406 3448
3042 3822
5380 6732
2362 8019
307 3758
2834 3868
1160 8261
3920 8094
2286 6968
2098 6861
1570 5871
254 4945
77 4642
1473 4814
298 5674
568 760
837 2554
810 3550
1079 4099
5212 6242
785 3976
1164 4199
1687 3077
1357 8720
6677 6873
3809 8740
2979 6819
5612 6574
5031 5036
2097 4924
8897 9262
468 5524
5686 5911
290 3441
846 4610
7226 9297
6496 7016
2683 6129
5025 9105
617 8619
32 7336
1569 6891
651 6463
6199 9497
5445 9716
8402 9202
5835 7900
3683 6624
1389 1896
3572 8720
732 3369
2603 2775
2722 8456
7300 7984
5382 7813
3902 6543
2220 2817
1455 6622
357 1406
3127 3920
4045 6751
5984 7233
1159 9620
5675 6595
858 9178
2540 4106
1004 3367
6963 7085
7197 8447
1243 9025
2395 3497
1649 6289
6099 7618
994 4384
4254 7381
3159 7865
4895 8452
9265 9297
6340 7711
3134 9774
1443 5556
2628 5161
1238 2878
940 9497
4887 6133
8032 8564
3540 6917
991 4447
1598 3118
5471 8601
326 2178
1167 2658
1593 3822
4892 6448
1779 5738
7100 8526
1471 2281
4682 6527
3171 4151
5900 7563
4966 8236
6720 8909
600 6572
1419 2825
7063 9367
4869 7452
2745 3057
3362 4802
2931 7639
8275 9380
0 1628
5489 7653
1167 2281
1994 9677
1944 9629
873 1204
4697 5807
2848 6035
206 4252
1146 6085
981 9693
9297 9571
5482 8452
7981 8383
8598 9235
3202 6008
3007 7210
2296 5769
3652 4531
3520 8229
3001 9822
3174 8318
5225 8709
1138 3902
1255 9159
1074 5192
3362 8873
9389 9769
3279 6503
2560 5365
4815 8452
1309 3079
1280 8011
1777 5640
6839 7662
375 4182
7149 9827
2566 8546
7569 7673
5221 8931
1332 2192
6536 9614
5388 6677
2856 9769
954 6790
5335 7643
2192 4300
6111 7071
6268 8846
40 7554
3041 8236
516 3844
7839 8840
1358 6202
4926 5969
5202 7847
686 7059
5040 5634
1728 9184
5679 5964
5221 7461
3185 3237
3370 3923
2612 3087
1294 7412
6765 8745
4795 5746
92 1377
1753 4846
3327 7063
7194 8803
741 7467
597 5548
2746 3436
5891 6625
1655 3990
4568 4569
4454 6137
3300 5220
3022 6234
509 7830
3270 9176
491 1167
3479 6208
7729 8018
2004 2604
1331 4031
6010 6897
8477 8908
636 3963
1728 5933
2152 9219
1871 7488
534 1513
3650 5113
5062 8601
348 3367
1164 4202
105 9553
6622 6832
6053 7109
164 1755
1368 2067
5046 9344
254 816
3460 9533
399 5925
5635 5939
4179 5549
2172 6164
3429 5654
3473 8798
1644 3859
6769 9594
682 6295
1381 7377
749 8002
1421 5522
1471 5512
4416 9395
772 6997
5730 7815
7541 8631
7678 8505
3372 7598
2675 6101
3279 7328
245 6364
4032 9554
675 8859
1819 2849
2218 4015
2644 5023
5078 5131
6657 7073
2092 2860
6704 8241
2816 7956
716 7973
5845 7199
568 7893
2729 7693
3444 6737
3368 7395
4225 6782
1110 2288
3259 7327
3486 5501
2216 4527
305 8780
6650 8836
2033 7455
5721 7955
3190 7405
7597 9736
695 917
545 6037
3636 5580
7198 7704
4067 8545
3448 5875
3483 9486
7149 7526
2546 6060
3011 8353
732 2850
3558 3567
3043 4892
375 4812
6472 8318
5722 8777
2590 7878
4802 7149
5848 6545
968 9295
297 943
1875 5374
3668 7424
1329 4500
413 547
4158 7022
6292 7126
350 7261
2915 4167
1798 8544
409 3966
786 7991
9096 9629
3965 6337
771 3531
5152 5163
109 6057
1508 9620
3724 9706
1066 7495
1578 1782
1066 2779
7385 9642
916 2247
8210 8273
4067 7073
4422 5044
2433 6963
679 2716
61 8284
3717 9739
7413 8090
3786 3787
1642 4125
2979 3272
4741 7977
2000 2181
1533 7043
4580 6884
648 3501
1366 1830
3813 9489
2 7533
7737 9175
1123 8186
5171 9827
3649 7931
6788 7236
2056 5998
3387 5986
1666 1887
3355 7495
5775 6724
937 5059
629 4815
375 8531
239 629
5100 9769
2286 8083
648 1535
5885 9777
2887 3891
4954 6838
938 7974
6225 7196
4137 6846
1863 9494
1321 6708
3411 4812
2831 4561
3022 4610
5365 5516
92 105
1428 9470
980 8576
778 9873
3439 8137
3292 5961
465 1160
382 4620
1986 4812
254 1742
3750 6780
7251 9407
5612 5807
5385 9112
8561 8950
682 8323
1029 6776
1812 9054
967 4796
2973 4252
5612 6918
6597 9541
4525 8358
5163 5456
1775 1825
991 6801
6279 8718
9409 9530
4206 7785
1700 8604
3921 8916
2812 3605
519 1700
790 2438
3254 5929
2745 8119
6951 7079
3399 7301
3558 7596
2593 8636
1191 7070
490 1101
2631 5600
3504 8654
2141 3005
1932 2381
4991 7822
4227 4851
1530 4537
6674 7381
4149 5233
91 6147
983 3625
6310 8714
9067 9382
3411 3595
5419 7044
1742 7573
6111 8346
253 3127
7110 8744
7141 9715
2160 2682
6214 8572
2281 4273
640 1890
1107 8638
4678 7812
3805 6234
528 4264
2640 2653
1179 6059
5104 6355
7795 9267
2606 4815
320 6373
1750 5166
2554 3098
930 9415
2559 5512
732 3342
3439 9310
2074 5714
174 8531
389 5824
5890 6345
5553 7596
3416 4601
3196 9079
4582 9200
1668 6051
2548 3058
6586 7489
4851 8108
6296 8029
2559 7030
3226 7652
5933 9485
3280 9694
4342 8427
2658 4716
3652 8906
2266 5556
8628 8958
5122 7251
8217 8491
2841 5400
733 5000
3565 6147
2120 3595
8457 9146
250 9705
5446 6208
5964 6208
1440 1626
160 2987
5856 8502
1256 8310
1126 6844
4273 8905
5756 5996
5610 6421
6544 8870
1381 9098
1068 3543
1284 2975
3914 7290
3964 7391
1531 1753
2297 5028
1728 4998
5543 6384
3627 3972
2211 6989
3572 9663
6193 9260
6129 9544
4426 6263
632 7849
624 3753
1094 9811
7711 8228
5471 7782
940 7412
3994 6316
2351 5548
3783 7572
741 2245
393 4389
3537 5172
4326 6204
2383 6650
210 2910
5231 7759
5036 7833
1002 3292
4975 6340
4500 6538
5663 9112
3988 7564
8058 8495
7358 8556
2447 4407
4411 8744
3490 7433
1212 6369
832 7750
1380 6579
3089 6868
3695 7649
2383 6010
6752 6867
5649 8173
5510 6523
1765 2366
2736 3496
2196 5033
413 2528
1896 5700
2303 8310
649 3425
5466 7893
2470 8372
1089 5661
2735 8752
9363 9718
950 6876
951 5466
1381 8781
5263 6776
5334 5646
7596 9235
9461 9589
6490 9352
6 3249
3822 8414
7081 7140
2199 3650
5581 9216
8276 9606
7657 7842
2401 6740
1331 8762
828 4500
1040 7059
2087 3730
304 5081
1681 5630
1126 4439
658 1219
3822 9276
1904 3797
4228 6517
3322 7988
2295 5378
9753 9827
1105 7485
5479 5903
3763 5042
1700 6726
2182 4609
1784 9701
6737 7865
3080 9023
3411 6083
2224 6615
7343 8175
2281 2566
399 4459
3041 6820
1138 6541
2847 4066
1179 9722
1066 6965
1161 1804
2804 7290
4451 8749
1153 7715
670 8919
4079 6832
1578 3558
1613 6163
996 9464
2016 2795
194 6194
1209 4280
3911 5206
6512 7550
863 1158
2779 2930
3683 7462
7150 7195
2913 5407
2974 7691
3362 8485
4761 5996
1663 4069
6540 7616
2818 9873
4395 8697
3931 5602
2122 6494
3615 7276
6010 6296
3775 8028
1494 5906
1623 6607
1329 3712
3996 7263
2660 4793
4779 8191
3217 6739
6971 8011
404 6975
1036 4436
2134 6518
7290 9856
2413 2763
50 1126
2741 3730
1436 2680
1792 5900
383 8649
2012 5224
32 4038
668 1444
2806 9463
4284 5686
6012 9523
7289 7855
2030 2837
1271 2458
3095 7563
6624 7126
1512 3042
732 8982
3070 7677
2077 4757
6980 8068
4590 5604
4337 7613
2292 6847
3437 8531
4413 8083
4150 4444
1754 3346
4614 4788
5384 7099
3205 6208
2334 2653
3234 8169
8318 9489
5018 5410
1382 7079
1198 9176
1320 5940
4336 6272
1437 4879
1329 8566
2814 9029
5642 5708
3662 5659
3483 5871
1329 3876
2932 8310
5958 6094
7149 9407
951 7882
1551 6057
5483 9823
3337 9327
7489 8556
286 388
3641 6060
7009 9538
6399 7186
4038 9734
1869 6988
809 8749
375 3652
2983 4634
6774 8142
4749 4934
4327 5495
2781 6011
447 7408
1539 1999
5418 6876
1681 3479
3585 3683
5548 7126
1399 8165
6033 6673
8413 8545
3369 4091
2199 8828
4010 7727
7007 7206
4585 9726
350 7198
1075 3991
1864 2666
3258 6155
3002 5921
2161 8774
3935 4976
7153 8148
6962 9155
2884 2937
1445 4151
4748 6010
887 8127
299 6122
4607 9361
6962 9780
918 3473
732 1689
2077 5116
7995 9424
2778 3991
3558 8362
1573 2116
4524 6192
7126 8938
3628 9581
1063 7950
910 4384
3073 7583
1930 5584
3631 4802
3722 7675
632 8086
1967 5344
4699 9822
4232 7113
2523 3467
3884 8578
1510 6938
690 732
9322 9342
6022 7569
382 5322
1502 1932
1063 7724
4240 8554
1406 9170
765 2560
2736 5560
7543 9718
3692 4263
3694 9667
3573 7149
2269 8628
3779 4389
2726 5255
1783 5256
776 3387
2015 3444
809 8160
780 3558
1965 3635
1414 2421
5618 7124
399 5577
1291 3967
2383 4748
3128 4542
8066 8529
2524 6677
1173 8955
797 4311
2391 9674
5890 6889
3450 7589
2492 4845
4403 8304
833 4473
4388 4410
3232 3861
191 338
8029 8836
2785 3786
3852 8529
1015 8630
7865 8405
4424 8910
3944 5548
5656 7747
3185 8384
1857 9614
3205 7149
6704 7109
7730 8451
1087 2482
464 1506
3550 6616
3573 6676
9511 9731
1262 8365
1948 3684
5482 7570
5841 8275
496 7126
4624 8520
666 9732
433 8456
105 1229
5190 9227
6070 9477
2383 8029
2025 6974
6192 7496
337 2227
5957 8315
7575 9100
74 1983
3429 6535
3668 4620
7076 7596
428 7236
4602 9241
5171 7349
766 9679
1461 6296
940 6576
1233 3705
9583 9599
5332 9057
2700 9518
5506 7785
3932 6272
1731 8744
5473 6753
566 6289
6112 6403
904 5707
491 2856
2517 8694
1990 8331
7209 7545
2655 8356
432 1331
1795 6859
629 3765
6644 8325
6356 8336
1484 8630
1932 4863
4103 5482
125 9393
3122 9409
31 8564
5799 6230
3360 9380
3844 3850
8191 8571
1658 7391
3699 7290
77 7889
2983 5467
1671 5221
3916 5123
3614 7161
8436 9588
37 461
1917 8894
7990 9477
4190 7276
994 6147
8529 8530
5754 8452
958 8870
5062 6414
1061 9224
645 6036
988 7203
8309 9624
6364 9302
3772 8735
2761 5403
7188 8452
6635 6748
1625 7563
3457 9403
293 4127
842 7523
4093 8663
4408 9431
3796 5837
3191 8006
831 2871
2019 3445
2528 4802
350 4477
893 1742
701 7545
1092 9722
3921 5664
4152 9672
6387 8106
8492 9350
163 5321
5859 6368
711 8949
5124 6988
3131 7956
3644 3965
5221 6340
160 7825
3397 4791
1556 5580
1681 6208
3608 5556
3483 9489
746 3754
7230 8738
885 1398
6607 7462
3286 5187
447 2993
8160 8762
4932 9675
6696 8919
1544 9871
3086 4242
4408 7543
1280 7692
3055 3648
3876 6538
497 5874
357 6393
108 3849
944 9243
2349 9229
5745 5863
4761 7990
6574 7271
7225 7655
1120 7448
2769 8865
1126 8051
1270 5541
2409 8225
1987 3002
5476 8035
765 2921
4018 6721
9052 9263
1224 1423
1942 2701
4932 6949
4025 6194
3369 9813
1288 7241
6148 7571
4823 7766
89 1024
8329 9830
3582 4687
2532 3761
1554 5264
1332 4001
632 1391
9022 9040
1225 7079
1593 6936
4960 6512
3504 6937
3783 4371
6128 6729
7045 8862
6960 8110
3227 7079
3789 8512
5640 6924
928 8931
5654 6704
4149 6570
3568 6933
3958 8605
2371 7106
1663 5061
1827 4167
8583 9343
2653 4782
2092 5842
205 2548
6851 8035
1542 3833
1120 3206
591 6841
7982 9715
518 4180
297 3338
7159 9514
4674 9000
3734 6339
285 851
1655 2233
1336 4112
77 2861
732 835
4377 4952
1774 9190
764 5762
8361 8677
3621 9854
2903 9091
232 910
6586 7142
7923 8762
5365 5902
3254 9635
2945 7514
5437 8601
3650 9050
3403 4570
2730 5881
1569 6335
2956 7428
6860 7912
6097 7605
1316 3785
5835 9262
631 1473
3721 7298
1973 7595
8122 9176
4329 8762
5529 7699
1456 8452
3483 8090
6577 7509
1068 9225
5745 8744
172 5940
6297 6647
1332 8836
1197 3355
4748 5911
4388 5641
4630 8879
1137 9179
5282 6251
241 8681
111 5238
2992 5942
981 6092
2929 3246
4869 7772
8653 9427
4603 6738
2774 7629
5840 8246
4480 7519
2541 6496
1933 3090
6403 6724
4189 6948
953 7112
315 9822
2200 5663
2281 4653
3217 6738
2161 3536
1681 6574
2377 6782
2943 6344
6350 8988
4402 9699
4079 7475
5094 9516
5025 9120
8030 9722
6385 7712
3309 7298
1899 2255
1338 3823
1633 9078
785 7156
2071 3729
3336 8435
2558 4694
5236 7733
1750 2533
680 6066
3483 5548
7814 8169
1568 5246
2571 6311
691 7249
2623 8471
