14369 14371
25322 25855
25442 25645
8182 25326
24959 25574
3875 15062
2510 24765
1285 28691
3193 7313
9413 11522
14619 14647
18071 18093
25435 25610
24339 24347
1835 8267
24612 26952
28085 28086
15797 24461
13313 26621
9295 15563
23334 24206
4942 24683
5819 23017
17359 25398
18718 27081
21 9231
9747 27204
26722 29404
37 22416
2637 26340
29078 29153
625 15519
7906 29421
8995 13171
10910 29196
25966 27802
14557 22550
1263 13708
16142 16144
24422 28072
18982 26124
19472 24283
25194 26426
13473 13475
20558 25237
798 800
21333 21947
28644 29491
1263 12644
23945 24387
16521 17207
6097 7685
16038 26816
8379 17617
834 27258
4030 16188
5914 23950
1635 12582
9224 25249
9464 24264
24842 24931
7537 8277
20520 25855
6082 27976
24667 28987
24920 26817
6731 15312
8163 8396
3858 24765
598 25689
5937 15193
11945 27041
1433 27523
3272 26722
4991 24418
14448 27081
25051 29258
4262 4263
1873 24871
280 10996
9475 16384
2439 21255
9030 25423
16027 16045
27591 28118
8517 24305
23153 23154
9807 15195
14512 21255
25084 28191
1649 8112
24898 28207
17917 25798
21315 21316
17300 24918
16163 16165
24630 24631
25614 26060
3672 27702
11758 14027
11093 11112
15944 18466
22889 24163
1285 3737
2588 5986
11276 11901
22910 22912
25509 28912
8379 24455
25740 26531
18718 29116
24830 24850
24931 25911
8169 16471
5480 28562
8998 28147
2118 26887
1121 7559
18515 22084
23878 26596
28747 29045
20848 27828
27610 27616
5091 29401
13060 29219
18814 18815
2315 24765
24757 27591
2219 27552
6631 15323
8260 24772
21344 24380
15262 15263
4450 25850
4113 10012
465 3287
7033 27992
970 28682
8039 15542
4802 25866
513 7012
1605 24312
24554 26800
24532 29492
5770 12706
17313 17314
8590 8595
1080 5157
8397 23973
26553 28548
25443 25504
14046 27441
22362 22363
19658 26671
13546 25850
26392 26765
14162 18344
15388 24013
9227 11217
443 2129
6392 12011
24941 25434
6026 10626
10626 24392
3174 12438
1401 2784
4432 6035
19372 19373
10546 10560
454 27230
9054 29280
8287 11485
9297 11592
920 28118
1478 26007
12985 12991
11790 24283
11244 11796
838 26863
288 23991
12998 18454
24312 25333
13083 24891
23997 25717
3265 28140
8379 25770
2118 28465
6601 26873
24705 28711
1667 16188
24453 24454
28885 29503
966 29702
4779 28405
7094 29391
24202 24701
11030 28146
24795 26071
26088 28435
12961 21833
4741 26893
19606 25254
25256 26909
9812 15563
9752 29677
24312 26124
12101 12104
13535 15943
22572 22575
25026 27060
3287 27585
1168 23991
1893 19546
13547 26657
29782 29820
2614 24986
616 26853
11560 27096
2418 2488
19459 25254
24389 26117
3020 21433
5101 29401
11573 27118
3572 24036
871 28743
6915 29713
14957 20047
25663 26722
9917 9921
11323 25642
243 4588
13172 19538
12828 25048
7840 27482
978 1274
24533 27375
280 26231
24909 29401
3426 15162
8797 10185
26483 28853
29698 29754
352 13083
12549 24239
5252 25932
3174 29045
4936 28394
777 25766
1381 28562
767 24223
4750 17714
10881 10894
7876 9231
18678 28118
24795 25466
667 12927
14484 26666
1940 10413
6524 10421
28847 29422
27036 29100
1088 24389
27455 27456
8964 24949
2680 2902
9573 25527
24700 29001
4293 24398
11947 27041
24035 24338
3040 26940
681 2657
4746 26148
26309 27810
1080 24207
963 24302
4926 19446
26345 26369
6251 6252
6052 8927
8274 11091
3351 4566
17059 25798
26325 28240
7198 21209
6731 8772
12075 20114
29313 29362
20671 27060
4895 25866
6601 13920
3556 13106
1387 28465
18267 18807
8287 27112
1213 19637
4293 25614
14926 14927
14883 23955
23878 26303
3572 19518
19372 19374
255 24221
10881 27036
14647 20257
6609 15323
24580 25259
28301 28828
559 27206
23955 28788
11230 12420
19479 24944
5157 15323
1699 29045
280 4233
9475 29442
730 11608
6080 26399
20682 26530
1263 29097
13101 28089
4643 13741
15420 26424
22005 29774
6707 24212
1023 29380
2500 7339
7733 7738
179 204
10020 15567
2851 29375
1006 6035
2463 5096
24743 28036
3419 15162
1048 1056
2234 14778
25489 29401
28074 29757
5876 25052
20871 20873
3303 6601
2999 24634
6425 24656
807 26551
28425 29609
10916 11659
18631 18632
25456 25991
11051 11099
24653 29419
2722 4057
3017 20842
20554 25237
19512 26882
19678 25254
19536 25254
6038 7198
4670 13194
7159 24752
660 1478
27347 29175
1155 24014
10026 26947
2519 24765
2680 5792
25085 26887
3705 6849
3102 26551
24953 26095
1433 27338
3572 24045
10453 19585
10974 10975
12835 12836
15696 15698
18252 18254
9207 25558
12817 14448
13850 13852
751 8229
28172 28885
9303 25452
8209 24247
9506 26166
2111 15420
24546 27237
26009 26010
27512 27536
171 191
12667 20191
26553 27237
1387 24518
13038 24926
1835 29275
27819 29448
1785 1814
21837 24976
17749 28491
15251 28907
4574 4753
19614 20119
13569 27403
7228 28318
24306 29068
15419 28195
19555 24015
3174 6444
14059 28403
8902 13552
7313 24728
4824 27131
19208 19209
4509 21923
9784 9793
3938 24949
1274 7920
26491 26492
4216 29496
331 7159
10095 24013
15931 17522
498 19304
9994 24089
14591 14809
24949 28133
2724 3157
366 28562
11198 25574
9899 25019
23366 23369
25827 27495
28318 28924
140 29591
24013 26594
6700 25834
7514 25256
5343 24338
7607 14340
12263 14329
1263 3699
2243 14512
26788 28891
3972 24663
12263 23847
4630 9208
13922 13923
8198 29316
28240 28562
17714 17719
9748 26086
2545 5257
24713 26698
6533 6744
4844 27157
13547 28018
11975 28150
25295 27829
10158 26086
20671 29662
1519 3562
25333 27784
19326 24634
22015 22037
815 26155
24701 26400
1519 8572
18982 24000
7223 25521
4138 28067
12263 25855
2452 7182
13471 13475
24447 26183
6266 27621
1876 17398
3175 26795
13747 20356
5636 14318
12817 25773
6557 26428
15972 15973
1953 24710
25394 28245
15246 19512
2759 2960
27422 27826
24016 24555
12337 16444
834 27151
14464 23926
24673 29755
25359 27801
23878 26493
26433 28562
29462 29475
11042 24715
24069 24765
24339 28863
4113 9263
10070 16389
19573 25254
9661 27893
25047 27429
11786 25458
671 14692
10745 17273
13906 13907
2943 5679
7223 24386
3163 29133
16585 29083
11840 25502
3629 24180
1456 26309
9899 25322
11707 24218
23973 26662
25430 26060
4965 25866
1724 5573
12262 21027
920 1456
1285 9227
24425 24437
24335 24385
4510 21903
546 25864
6442 22452
261 15389
27060 27331
7727 27764
24667 29503
8053 15324
5252 9198
27165 27228
25256 28516
15195 27441
16444 25050
9119 23955
10665 17333
9256 29008
22332 24996
2197 29170
16916 16919
5959 14917
6392 27045
2118 6344
22419 27072
14794 14835
28132 28133
17059 27942
4882 28411
24890 26853
21367 25386
11557 25634
25958 25993
1213 1214
2423 25505
28379 29161
4362 23922
8989 24949
3637 3638
6508 25073
3223 12473
24656 24721
625 26683
24536 28884
6050 7980
9893 15389
1296 12459
1649 18159
627 21304
6901 24210
16489 16495
25212 29046
7557 16444
19568 24712
9306 27149
11814 28079
17917 24556
11961 27036
27112 28828
24975 26364
1957 29755
24971 26020
10282 11435
5602 24349
22894 22895
24731 25498
8175 16483
12052 12053
10249 25373
7014 19381
24124 27188
547 12828
10251 26086
2700 10636
5697 15379
13546 24373
14950 27825
1379 28969
1562 27230
3972 6860
1992 26616
2419 24765
14471 15078
489 26166
692 9277
22406 27103
9227 29097
546 24411
966 6508
27421 27614
2500 7773
25561 27010
1121 26218
557 2095
2641 29532
20789 20830
24405 25031
1951 7313
26372 26887
2293 16954
1090 4093
4566 5242
19562 27791
24864 27902
6805 6813
27297 27910
11633 27198
410 29097
13655 27893
11504 14983
5055 27184
275 25735
14050 27080
4130 8163
21433 25440
3025 3040
26800 29280
20158 20682
16716 22968
26523 27261
7774 28729
25419 27702
2626 25106
1007 26952
5919 26330
10286 21243
1018 2118
4872 26707
447 5919
24312 25937
21433 25460
8379 27488
3572 24077
14769 25489
4123 13769
10626 15764
11486 13739
24613 27606
3174 28265
9276 27305
4976 25866
4123 17804
6285 26551
2324 24765
981 1248
2689 25194
8859 28863
1922 6312
2394 25235
9464 29316
10745 25344
22550 28051
8379 28847
23878 26318
16444 26329
255 10012
14647 16247
7223 10358
4013 29677
25866 27802
21209 29471
597 27230
6244 17322
5730 26178
15419 29116
8163 9227
8297 17140
26348 27221
24952 24954
9572 9895
15997 16032
24210 28734
24986 25844
2828 28937
369 1091
565 567
4110 29140
22747 22748
2304 25246
954 3174
14535 23268
1510 25050
4753 24092
4936 26460
28691 28702
4322 19458
11462 12338
4896 25932
514 14648
26817 29097
24266 28045
14728 17722
1649 4654
9936 25244
8149 16473
14473 22550
5770 6743
15686 24568
503 2999
26685 28095
18290 22770
14947 14951
3183 27596
1285 25479
2928 4753
3572 21233
4030 22767
1867 4271
24721 25943
2934 4753
9609 10892
5721 15453
7198 25415
18621 25246
13083 17229
28866 28867
8163 29263
9899 25667
1605 24909
6392 12033
12817 13150
2673 7223
410 3745
11899 11900
14524 26671
20535 25641
177 25764
9576 9581
22785 22786
22062 22088
1285 25676
21174 27963
26767 29155
24947 25490
1285 3984
25963 26733
582 26086
11435 27498
8379 27505
8379 26356
11435 29154
758 759
3858 4761
2426 24728
5093 25625
16847 28284
8379 27481
25653 25866
24877 25498
1962 24765
28425 29557
19643 24389
3930 25203
6258 26325
14788 15025
1860 28318
20698 20699
20157 20186
9899 25730
11708 29140
3945 6035
15503 16003
5099 29075
4963 25866
8572 10231
21155 21156
6991 6999
17059 26400
11099 13546
1542 25558
11192 27344
19126 25963
7581 15764
11279 25978
23878 26446
15858 16870
15782 15801
6196 27441
20420 20423
1006 20848
1635 25047
24957 25603
16199 28907
4915 12175
14714 14725
21440 21442
14616 14617
17193 17195
23887 29188
21980 27621
1922 26605
14066 28421
26728 28701
9041 24950
9339 26600
626 24809
7140 12496
7622 11575
25283 29338
4715 4717
24959 25639
8152 16509
28372 29614
2584 3651
1636 24554
19674 20529
24189 24612
1285 3175
29754 29771
8241 25234
3213 25932
3745 4813
24724 27754
2789 3811
13546 19326
7313 15978
21183 21345
23117 23118
11283 19479
16511 25252
4786 4787
5379 5380
12270 12271
15789 15818
15419 24679
2680 9187
20125 29075
4497 28608
849 3019
20573 24182
25721 25722
19567 24008
24594 28788
25018 25050
237 25194
465 6880
13491 13502
14122 24312
2334 24765
6006 19526
23847 24601
475 28562
1957 24541
6329 6547
1584 26030
24949 28147
27422 29390
11462 26788
28814 29333
2500 7746
25384 26173
806 28952
17174 24880
1218 25892
2729 25816
25623 28884
25666 28240
6731 15361
7097 28318
5711 24931
6985 25336
1951 16444
975 27685
24708 24727
5940 6601
12361 29280
18718 24880
5919 26777
26187 26410
25726 27495
3496 25019
17333 25661
24342 27258
4271 24701
15797 24069
14719 20826
1750 2423
3485 4949
4896 15151
13274 28829
8169 16527
23857 24284
3887 21328
2380 23085
806 24520
22893 22895
5354 5883
177 25804
6175 24013
23419 23420
9475 24042
18201 26621
9301 11196
24317 28885
13731 24202
25489 27137
27484 29306
10491 25460
11408 25888
19455 26271
1245 1272
12753 26325
1508 3287
157 19594
2299 24389
280 1387
561 11435
3174 15084
3454 27214
8146 11071
10881 12257
1211 24389
19689 25981
630 25185
21154 21155
25386 27239
14451 15479
6577 15323
4936 24667
15835 15838
2738 8241
21265 25288
2689 27644
1766 6672
10852 24886
964 25025
15842 15844
22524 22525
2129 24715
8401 16477
22399 22481
9304 25466
14512 28129
7169 8244
24693 24766
7888 27281
20114 24124
1115 25773
2165 24018
25634 27128
192 7198
2955 24206
2936 7214
660 28318
1319 11435
10612 24939
2217 24389
15763 15767
13546 24333
25509 27375
465 24399
26928 29140
3174 27724
331 18421
10479 25882
8034 9231
7727 26060
648 15355
25066 28982
25642 27010
6906 28456
731 24598
24975 25781
443 26569
10271 21756
24400 26125
1068 9622
1635 17080
24731 26392
5118 29401
10636 13436
10388 26434
17059 25344
24305 25369
18651 24134
6473 24546
25603 25697
15567 27051
24656 28240
19610 27618
21572 21573
255 7331
7282 7625
14111 28029
1676 26098
7525 24902
3953 4882
1325 16444
12154 21255
20789 20812
28815 28969
5826 14341
4416 4560
3543 12546
14158 17251
6074 24160
9899 25418
5491 25729
12496 18071
2937 27769
15323 26465
4679 12892
7324 19546
1559 1957
13546 24411
24421 24434
14458 14888
25203 26996
13318 28788
4224 24535
24014 24971
24239 27003
1285 6966
24894 27039
15419 19602
18026 26818
3918 15553
13823 25565
2588 5994
24324 24414
8349 15792
15431 27002
15379 24490
89 7082
24962 25718
5126 25428
27612 28318
27851 27862
7477 25208
24877 25489
17085 24888
3280 26722
9296 9743
25951 26126
27347 28587
24305 26132
24786 29738
12129 18829
10116 17581
24533 27398
1627 28774
3572 14994
23391 28393
24656 25834
4882 17129
11435 26194
13246 16406
12757 17682
17333 25536
29691 29754
12175 27591
26340 27339
14513 24234
12263 18581
3938 7353
26619 28318
4052 4054
3718 3996
4419 13702
7727 27915
3972 27702
822 13955
1274 2766
26020 29097
1285 27117
24947 25472
10347 25766
24909 25509
910 28118
1684 17151
4224 25054
3035 12751
560 27614
26954 26955
255 26603
9088 27011
6029 6052
11435 18718
3019 24457
2360 24765
24898 29217
4224 12082
26266 29724
28814 29321
25479 26060
9040 24949
22280 22283
17059 27927
7760 9501
2789 27638
24152 24898
2298 24765
42 4215
20062 20064
10636 29201
12577 25371
27498 28052
3020 6425
25978 28106
16452 25242
10939 18928
25653 27404
4362 11914
27060 27273
12815 26394
23847 25419
6812 26920
3019 24450
413 25763
7073 7082
3200 23388
24585 28637
19689 23334
10464 18121
3972 4113
6026 24299
2425 15323
3120 28820
503 1425
26218 28711
23878 26552
6545 22566
3782 27922
3174 14034
4848 22440
12828 28329
7488 24734
24152 28028
2632 23074
24889 27262
6864 7025
255 7428
1234 1445
19709 20047
2451 8416
12817 24258
616 2791
561 26336
4714 4717
3572 23932
24334 29390
3572 23958
24898 24920
25866 29474
937 5135
25462 25515
15883 24374
9043 28907
7491 25725
19579 27007
1194 24705
25966 25975
20657 20661
24384 24406
6647 13193
8379 13083
7014 11013
4759 25866
25559 27894
6712 15419
28016 29122
15420 29170
19462 25254
19668 25254
7514 26887
8933 9366
19520 19521
13027 28638
7580 11265
17804 24485
3174 24546
547 24679
2158 25614
14286 14287
3019 26838
16716 16743
1724 2118
1426 25058
11151 25528
1478 2874
27345 29219
3454 26694
29658 29665
9475 28318
465 27599
8475 8497
17300 17398
6030 28607
4588 28976
1006 2700
18264 18266
27305 27702
10532 24807
1296 12003
15851 28074
24797 24798
3094 3132
15764 24478
25701 25702
26282 27294
7727 11181
24696 26459
424 426
20548 29672
11330 24794
625 27980
7833 8409
23878 26250
255 28729
7472 25376
3174 25551
11737 11745
1285 26920
745 9563
13644 24454
25440 25844
660 25528
5288 13866
15786 23955
417 27441
1967 28051
14044 14066
23991 24382
8606 8628
4027 24125
14122 25770
1765 24170
10357 25610
5844 19594
26621 27253
9752 18124
12828 16444
6593 17676
3553 12927
23119 23121
304 24089
4882 24233
6929 12082
14050 28396
8379 26765
26330 27294
18443 25789
9193 9194
3776 3777
280 25098
20114 25505
20096 20098
4566 18672
19579 25653
24710 27265
11043 24228
19512 29066
17934 17935
1627 24149
806 28230
12804 26325
10380 27158
2647 26077
10282 15218
24986 29140
22691 26073
23005 23049
14819 26115
19472 26546
6075 10501
24805 27907
13953 25778
24278 28853
14278 14280
671 6259
22105 22106
19594 24882
7223 25697
310 2674
19688 24924
24719 25430
20657 20664
24534 24541
7514 25375
24986 28716
1285 4056
27661 28318
3094 28863
24886 27856
16542 25252
2423 24548
24306 24353
23367 29786
3892 21382
15195 17928
9256 25194
14511 27063
1876 24754
1616 24018
11457 11469
1454 28256
24233 24747
9586 23818
13083 24809
10407 14418
24203 25740
2784 26671
330 4757
20573 27497
4385 4447
92 93
520 28562
27495 28198
6692 26311
10530 25888
8936 9851
2010 15419
704 29306
10843 10844
944 1716
2619 5854
17677 25942
11663 27149
3572 19904
7637 29632
12635 28284
11594 11614
3335 4566
19775 21256
25433 25506
13235 24467
6601 14449
625 19676
7512 18510
17059 25062
14634 19368
1854 27260
995 16188
2801 27607
26587 29219
18276 25286
11504 27305
7169 8653
3945 24459
8181 29802
1951 15346
776 7243
9752 29194
23337 23339
17059 27917
2098 28440
1969 24765
5003 28045
7625 27094
5135 29342
331 1194
11992 29411
25692 26013
1303 27225
16740 27992
15989 15990
24152 25729
7324 29210
2709 13817
1635 25623
1263 4936
2423 3972
26020 26197
10806 16444
28372 29613
3317 15614
17917 28491
11432 28040
2604 2884
4113 26712
9718 9752
17203 17204
9220 25489
6465 15323
1484 24210
5127 25309
14047 14050
27950 27951
3818 13653
3414 10745
255 24215
13294 28969
9757 26712
220 224
1932 12496
3019 24336
11687 28968
29316 29486
7900 7903
1425 5793
17417 24376
626 27983
20417 20423
19479 28088
1942 13194
17207 24975
3572 23378
7169 29742
20543 25237
12777 12780
860 26887
7223 10605
22399 22401
1835 19546
7198 28884
6601 28878
10530 24601
18664 25246
11631 29100
12468 27270
3411 15162
24891 24914
9296 15563
17595 27543
11454 11456
13547 28288
14557 28029
1445 10869
24178 25114
25541 25986
10501 25342
27210 28878
24994 25489
29159 29218
6242 26551
24159 24270
25740 25844
9276 26385
8241 12783
6425 14883
20472 20474
4293 7378
21249 25288
4990 25235
14399 14401
24898 25528
19585 25505
26308 26601
24398 24469
17967 17968
11386 11945
24876 29097
3040 8192
24 25
18538 19381
24223 28951
1339 6080
5000 24701
756 3977
228 7163
2811 2814
17691 17692
762 1351
24812 29655
2542 14557
13987 24180
27060 27265
6601 25375
9536 16301
25779 25780
26434 27376
24562 25759
4761 27258
11553 27191
11236 14691
15464 29480
6098 27039
11021 24765
3174 28765
11294 16895
21812 21815
14368 14369
13252 27552
14458 27347
6293 6759
10223 10225
3803 3972
5441 5516
25633 27829
25383 25488
19674 24032
1175 25025
27128 27191
18538 25766
22906 22908
13667 25932
24582 25400
11477 26278
3174 28971
1724 24374
4293 27505
6883 24210
10194 10808
5110 9488
19562 20158
12309 17148
25942 26524
3546 28365
25607 26400
3028 3034
20069 23889
6985 25676
882 2806
24178 24582
5014 24871
1922 2031
24286 27060
9208 25194
8230 25386
11285 28082
19489 25254
24986 27345
2413 21255
6770 15323
19596 25631
4753 28477
980 24582
26426 26743
1285 28318
21552 21553
2845 25204
24685 29401
667 12828
15347 15348
2663 16116
7798 26705
4271 27305
24809 28747
7821 8753
25689 25866
7559 28066
9616 16703
4235 28884
5919 11469
23878 26429
10571 24319
8561 25816
24134 24792
19636 25254
8797 28552
24580 28198
15469 27773
731 753
478 28562
862 24454
8155 16541
9475 25036
26806 26812
329 468
11177 21565
13739 25938
2937 27843
17917 24323
634 1001
8894 24534
547 11043
1219 5919
2960 14046
1512 24986
15323 26016
8055 29097
1142 1707
5815 5816
4857 26578
1192 2118
8675 26197
6482 13315
280 20268
3339 24667
402 636
3025 3050
4113 24189
23097 24407
6233 7488
25789 28118
7223 10577
557 2097
11206 26273
7353 7625
11879 12128
3651 26225
8595 21468
19373 19375
16394 16396
24700 24714
2729 26952
8163 8400
7169 9252
235 4588
8156 28003
6156 6233
425 15361
5324 10852
19686 25254
9278 25249
25773 26551
24920 25464
7536 25008
9487 11924
29281 29284
6647 27702
443 23444
23878 24706
748 25454
16256 28122
10160 26086
5587 24501
25326 27054
3384 4360
26601 29161
8797 10121
983 26817
946 25424
3174 24379
177 21209
17059 26531
6504 6505
26659 27276
17059 27783
17500 17501
1018 26566
156 15764
17417 24324
4215 9506
5565 22145
1256 19512
20930 20934
1903 10573
4882 27422
998 24178
18844 25254
3561 24975
255 7314
3244 20114
8093 24042
25797 25799
7994 17059
923 1121
23139 27420
3439 21144
2742 10996
1095 25763
1080 27039
255 25943
13196 25235
17015 29627
12784 13083
15369 24592
25528 29024
6467 6493
25927 28828
486 1308
13049 28365
1168 25128
1514 25289
14592 14855
119 29583
5043 29401
14340 27158
3572 23216
9400 24018
11181 24381
26570 28594
14780 14841
20789 20841
3572 23844
2295 18544
25766 26765
7182 18534
24837 27072
542 29080
2234 18344
21145 21146
11113 28638
644 29219
20 16444
9006 9046
11588 11604
280 768
22767 28953
6860 24625
2155 28365
310 25920
425 7298
25654 27025
14884 25466
6731 8730
11584 24807
1098 28240
660 11113
11081 25717
26002 27905
255 29140
8379 27435
24760 29401
5731 18107
1445 14755
25615 26002
11021 25545
17740 24313
4128 24210
11958 25454
4882 28950
6724 13546
25118 27374
4882 10012
27864 27874
1933 6849
2268 29122
1 25321
6601 28240
24312 26773
10273 25440
15323 25300
3613 25326
27611 27717
25235 25550
4786 19484
17207 27575
24312 26103
8219 19546
10906 26696
9176 26330
5702 27992
16226 28310
23781 23782
13546 18672
6703 15323
14429 23902
2276 3206
5628 14736
6466 19479
14569 24312
24880 26191
3572 20069
6601 10044
25452 25524
3858 29380
9227 26948
4882 28898
5252 29377
24210 27497
18212 29749
1268 29221
1684 1795
4566 25494
1975 24975
1879 21255
4876 25963
10138 20212
1274 2023
8379 27231
12436 16444
16493 25252
2202 17454
19415 24357
8335 16663
2215 29122
18 9464
26433 26733
4985 6694
5503 20056
1238 24996
25295 25449
2617 24634
9586 10931
255 24750
4770 25866
2256 21255
11030 26621
12 27117
28847 29249
11198 11873
860 944
13182 13197
3543 3553
2925 2926
11605 12148
16236 28907
3803 18606
24124 25472
4030 6822
24018 24842
19359 20191
24122 24974
23414 23415
19661 25254
10421 26817
24180 24411
10026 26621
4224 26853
9899 25672
12309 16444
24958 26125
28485 28486
5108 9398
6215 27441
3835 26690
3582 24711
10788 24957
18404 29402
6430 7083
5976 21848
24792 26992
11504 28051
25740 27305
24042 29219
4864 4866
7307 28969
3572 23971
27240 27265
4395 24474
6731 8794
8005 29760
9125 9126
19104 24986
15797 24304
3328 4566
8470 28606
19523 25254
17917 26603
2208 9244
23963 25267
5177 27122
17398 24537
8217 19546
7799 11893
11665 16444
2308 25807
2709 25963
7622 24601
24916 25271
806 28675
3572 24192
5917 5956
24467 28878
1813 4030
25095 28688
24228 29155
6738 14340
611 25866
24898 28562
1370 13769
5792 17417
2236 29401
24312 26400
6301 15323
454 15419
2119 4441
425 22440
12609 12639
3572 19237
19663 25254
14554 20520
12263 24389
13640 13657
13992 24803
8390 9719
8894 16421
9869 23922
1933 24765
27483 27484
5957 23856
3876 8452
4833 13808
8660 25816
6678 6679
13252 24024
1986 24975
2643 24986
24537 24765
24306 24337
14252 14340
11879 12054
2700 24320
23847 27733
3572 23986
25548 28803
3036 12800
3525 9198
14835 14847
9300 11592
27122 27246
1520 1521
12883 24395
24329 24472
26319 27582
4123 19644
24357 25164
24716 25817
7442 8181
12609 28909
26587 28240
1551 6922
19596 25599
22200 26712
5928 23856
882 27616
17102 24931
2939 22592
923 24975
25587 27603
15850 16091
19657 22255
7694 7695
3572 24096
14511 14514
6044 6058
7456 27039
7223 25465
7434 25018
1684 3174
10282 28175
3174 7282
6326 6806
4399 25653
4933 6652
2942 4753
7727 27265
3369 4566
23216 24089
20235 25509
13359 24592
1650 18121
20257 23863
4844 25866
15323 23878
24206 24319
11579 28695
9980 9981
1245 25406
27060 28180
25827 26963
425 24467
3255 24152
745 26838
4955 28983
25309 27260
671 7371
663 29219
6941 28318
25494 25722
7672 29002
2560 25052
2730 29153
15084 20573
19643 27893
27685 28446
19104 24329
17595 25466
12609 18859
882 6863
4566 26974
14418 24149
24474 26882
1308 3364
24831 27345
625 27985
2885 24467
15109 24606
7755 24719
4393 27122
11701 11722
3848 26137
10193 26086
676 8332
15184 28746
388 24582
19968 19971
8093 24487
417 1573
766 12046
14859 14861
14658 22189
28774 28907
6731 8705
2293 28878
17378 27543
25378 27666
26786 27441
3139 8241
5491 26218
21378 25653
6642 25722
25118 25386
9220 24876
25322 26671
7514 25692
20578 25237
11090 11150
4224 5257
18465 25881
981 24158
23878 26279
1296 20781
1285 9299
25489 27029
2760 21980
1938 3972
12401 12402
10393 27767
9288 9475
14043 16768
24877 27801
21593 29293
280 7264
9176 10500
14978 29621
3572 19959
25267 27804
3188 24592
14661 21256
14252 26264
12634 22332
3572 19981
2293 17760
5483 5484
19518 24152
2843 10923
20322 27893
7212 28318
4563 25653
18466 24481
10117 17612
19626 26662
17398 27272
15119 20290
16930 16932
11818 11819
5919 28814
24909 25712
3403 8161
24376 29363
10512 19594
2884 10501
4753 24532
13957 14984
7169 9638
15106 29097
24061 25242
1500 27441
25324 25326
25449 25636
9286 10812
19657 20268
17367 26873
7537 29375
5702 22003
6841 15419
11051 26662
9744 19657
551 29210
1763 24170
19472 24000
22528 24036
2684 29177
1285 3756
10987 26071
24986 26319
4271 5288
7026 7027
4123 27856
2431 6687
4906 27273
14780 14811
28863 29567
4227 23120
2654 4429
5770 19881
15842 15845
2846 11640
3128 24210
2588 13756
3141 3938
3507 16038
27241 27350
12637 26013
1159 1225
14263 25546
16506 28284
247 25106
7727 26442
13352 16033
28379 28847
18212 28370
806 24557
3929 7700
2784 19512
1274 29002
2356 24765
5919 24546
10953 17367
24124 24961
5236 17406
11435 26356
25430 29139
550 4566
10996 25186
4253 24297
11813 11829
5597 24548
1285 8397
10149 10852
5342 10852
2771 24568
25019 25430
8093 24503
25118 27407
20954 26836
1845 29210
27047 27067
25512 25636
14583 14832
6342 25816
926 28118
24805 24877
27158 28460
24554 29075
24667 28907
1510 28647
15260 19512
16619 29083
2873 2960
1121 9419
25515 27388
10183 26330
8475 24357
24227 29140
4129 24067
24018 27607
3572 22211
27011 28130
12336 16444
9220 10282
9330 9356
24701 25030
1285 11610
24739 29175
6285 6352
5824 17417
18311 26986
2616 2657
10852 19610
6152 19476
4361 25634
4882 15730
5970 5971
2080 2093
14418 25563
8053 12938
13293 26621
74 15478
15742 24212
19374 19376
8145 25466
6399 6400
5740 23878
4086 24382
14961 24312
26340 27611
7339 10968
5192 15323
16183 24765
6581 26573
1168 26541
24279 26712
1835 3322
2859 23895
13354 15504
4394 18509
410 14340
8240 25055
2677 9424
166 5049
11614 25634
26287 27441
2419 3336
24312 26051
24805 24986
10915 11589
7535 7538
9348 9366
1955 24765
12767 28043
32 28907
27815 28172
2423 24941
26719 26755
11435 28816
6001 10636
8495 28606
6050 7198
14671 19870
2318 29401
3143 25271
19870 23943
6731 8799
1044 29046
2010 28907
24582 25079
4038 27894
24986 25008
26932 29219
14797 24206
1191 1195
255 24227
7711 7726
11363 25048
29097 29224
24765 25062
3572 22037
10924 24962
25289 25528
15731 24329
21195 21196
1285 21969
19049 24028
255 17174
19463 22189
19304 27825
7223 18300
23293 23294
8005 13038
24162 26134
21209 27482
23997 25256
15938 17491
17151 25479
10869 28570
21554 29763
10019 25718
10018 27869
14671 23851
11395 25466
19381 28562
24418 24421
3972 13095
6598 15323
19633 24014
10798 27561
12404 27023
9304 17041
21452 21458
2254 25866
247 26236
12383 16444
24931 29161
1 25212
1394 25932
24485 27944
26421 28459
10375 11585
557 5416
10123 24612
3858 10920
18311 27495
18718 28197
3518 25115
5740 27882
9475 26959
14583 14807
280 11042
14072 16778
5636 15051
1029 11610
1427 13246
19546 24439
6860 28308
1376 23421
25456 25740
1724 11707
6947 28567
985 28777
2709 13769
1932 26551
14252 22550
9165 25237
5919 10193
24559 29219
8114 9244
4506 25623
12419 18477
15895 29306
19637 26551
19706 25254
18672 19626
24991 28074
14485 22429
1766 12784
8743 8745
1149 26020
6906 28828
9639 9642
4352 11581
28425 29543
6968 27678
2064 26426
11217 11784
255 26536
18718 28294
5108 18982
12055 20114
2913 4270
11021 24959
11795 24235
9316 27934
25058 28647
16150 16151
11185 28417
20718 20721
28221 28661
21255 27582
236 25445
24152 27915
6707 26887
15927 15928
5316 5327
1072 24334
164 3287
8178 9231
13527 13528
14692 18672
1699 7856
7781 7784
12197 16275
18300 19450
28118 29342
19010 19011
24572 24573
5770 25430
3223 12494
10636 25479
12855 19630
5220 7872
8287 19546
3859 3911
16580 29083
21255 23857
1951 24210
20867 20871
3174 28712
28491 28951
25631 28098
6792 24274
6254 25343
15542 24592
2077 24898
24228 29219
3207 23462
3364 8163
2482 2483
25763 25889
24732 24765
16336 27972
22334 22336
2936 11883
8836 28095
15431 15742
18915 18918
1871 17827
19526 25526
18082 27366
1422 7434
1014 1015
2029 14448
24361 24478
2423 27036
18026 25827
5400 5451
5480 28240
6601 11883
13806 25451
7313 7464
25922 25923
8090 8409
16986 27403
3620 26060
11199 11271
1416 28969
9616 24170
10201 26086
18718 28159
6601 25963
25730 27310
23847 26958
4293 17388
1440 15419
5243 5697
2680 16077
1395 4216
5313 25919
24234 24235
26621 27012
23878 26295
1332 29233
25499 27260
11504 13769
4123 24074
28246 29745
2668 25817
1957 6690
7963 24306
17199 17200
8344 24319
11573 27037
1766 15431
10501 27556
23878 26229
242 9889
13634 26255
5309 10181
1766 29097
4025 24013
10117 12739
17207 28035
631 26142
331 1884
1893 28564
808 22890
26418 28799
4494 12545
8390 11462
26546 26671
14055 24392
745 26642
8543 8544
24741 28240
933 26569
5577 25479
6033 25263
19270 24876
3111 28863
1274 24546
24724 24765
18546 26326
12419 18707
24739 24749
14680 14819
320 25169
25481 25598
28195 29264
9899 25539
546 26332
24306 26340
27310 27428
3805 25479
22332 27008
26710 26774
20487 29616
487 15730
13354 16012
10490 26974
24891 27060
9043 23074
9259 25249
24210 24220
6906 29172
24677 25408
8093 24303
610 25430
4882 25527
8379 27418
1897 24765
15162 17917
257 15389
26551 26581
20583 20584
1922 6311
16190 28907
24337 24371
24887 25910
8379 24386
20789 20824
26219 26345
24986 27552
280 1351
2218 18522
24601 25576
9176 25964
14034 27495
3577 12960
24612 26237
14369 19948
18 9215
2748 26418
19499 25315
18184 18185
8845 28095
24703 26765
1684 26330
16094 25546
18026 26819
3035 26497
26266 28885
5949 13985
24986 26368
3409 15162
23153 26388
6377 6379
25023 25024
16976 17026
24676 27497
7751 7818
13784 20715
451 3611
5597 5702
7371 26722
25674 25695
19674 20580
13252 24271
28627 28632
3672 25509
24661 28814
3817 4061
15324 23955
13169 24102
23097 25149
5887 29155
18718 28248
9470 26611
1121 27894
15762 15780
3572 24091
2118 28318
12240 24125
991 24582
1445 15364
5320 5874
12883 29121
13172 24765
20114 24794
13354 16009
1724 4566
648 13038
26920 27622
3174 4566
1007 28570
6953 28318
17890 17891
13352 16017
24422 24986
4746 27778
6849 28851
26136 26137
20770 23970
25271 27259
13329 27767
24152 25359
7223 27479
13354 15506
8379 15775
27603 28011
24938 25579
1053 24389
1401 2118
5919 11463
17207 25430
4123 27702
3365 13975
1723 5353
13019 13023
557 5014
17917 27294
1285 24541
4882 29474
17595 28491
25674 27702
23992 29400
7705 12021
8056 29402
24754 28307
2841 9300
25000 26838
13773 26645
25252 27483
26774 29381
17568 17569
24223 26367
3537 24956
19476 28472
7313 29377
4275 24067
7223 27349
1433 28747
4833 13805
19471 25254
977 26381
945 13700
22712 27025
29756 29757
10817 10920
4893 16969
3429 17289
1326 22606
1029 27723
25756 27175
4496 24209
7488 28748
24305 25982
11435 17059
24563 24918
7514 21209
13962 14984
13691 13692
4327 25203
8277 25084
307 25515
25093 27959
11779 27036
6444 28644
1285 29328
1296 16740
4971 24568
14586 14588
1089 26148
4667 7046
19359 26006
4075 24901
6342 19703
10670 10673
21043 21045
19467 24000
1326 29078
26486 26551
26844 26889
23809 23810
1263 8486
625 28022
27327 29212
6731 8722
20671 25653
20535 27031
2118 4999
15563 27051
18311 29729
1951 10282
9750 24710
25844 28885
24906 27329
14398 19937
15109 24010
4753 6244
10964 26759
28075 28077
19688 20535
21255 25766
633 29219
7578 9989
6498 8181
26683 27983
2960 3645
648 11042
14788 14794
23628 23630
5060 25623
18212 24051
23878 24953
17497 17512
27633 27634
25798 26330
660 26755
1345 11435
3329 3340
1551 2081
23878 26199
2282 24765
1557 2113
4260 26722
1605 26071
18718 28163
1510 12949
14733 24606
18614 25246
5750 25031
28439 28548
12419 26197
546 6884
7169 7324
14446 25224
25256 25855
424 512
6003 24322
2596 2968
19637 24710
28905 29259
280 7251
20848 24306
11152 25528
1285 2118
24024 29652
4853 24601
3119 28863
3020 26662
26330 27747
15558 26465
7673 25059
3529 5770
5109 28045
7182 18566
10534 12082
2389 24765
4132 24210
21344 29363
3544 15355
1285 4017
3494 8574
4393 25614
16245 28907
113 2960
14182 24122
16074 16075
27315 28761
10426 27545
24920 25430
24898 28803
471 24704
27041 28084
25095 26117
6746 19476
2673 10020
28969 29340
21892 24996
9276 24197
24948 25646
1684 15062
25322 26408
15915 15960
9697 9698
23639 23643
6731 8700
26236 26703
9411 24376
6601 24413
2500 7756
636 26528
730 25603
24721 28233
10093 25817
1198 18333
14225 23878
425 26551
18672 26985
10231 26749
4817 25866
25489 26288
16330 16332
26765 27122
26671 27582
2689 27627
6244 17749
25087 28349
9266 24383
2948 5624
11792 25737
16049 25246
18026 26888
897 27441
15140 23955
6579 15323
24787 25262
4827 19594
4901 25866
24269 24765
23878 26449
738 6392
26374 28290
2873 15151
13522 13523
3174 4239
7056 27627
24986 27468
6731 26586
8797 26974
10075 26392
24082 27641
2957 4753
3606 25328
16567 29081
27649 27652
6392 12022
19381 27441
3839 26124
18719 25077
28180 28577
13083 24879
1951 14340
6244 26996
2846 24601
5053 29401
6331 6729
17960 24304
2257 24765
4753 24702
455 28562
2191 25246
15744 15745
11035 19326
23906 25602
20125 26166
472 18093
5642 23950
24601 27011
3544 12778
25300 26086
15563 24794
26060 27710
16261 28907
1636 2208
311 25509
6142 25213
6514 26420
6601 13931
237 27722
4993 21255
6731 17366
8537 24379
8138 16177
2784 28587
12197 16271
5885 20091
14050 14059
255 26498
14403 14405
15555 15556
8214 28285
14047 14052
43 27071
10319 25766
23955 28799
9470 13189
24986 25095
17661 26311
6731 24307
2773 15051
9464 11217
11981 21209
7198 11579
12927 12938
20947 26848
4881 20416
6435 6436
2843 3156
180 14448
14248 24014
16061 25244
1922 6302
17200 17202
3454 12582
4990 29403
724 19637
13840 13842
3543 12828
3174 25750
6928 24210
8379 24921
13193 24467
3947 3948
2680 24410
14647 29817
3555 12359
4542 28719
24986 28864
871 2806
1699 8379
24660 27248
25558 27598
7205 28318
3043 8631
12419 18400
14592 14835
11274 27107
9424 20606
18719 24953
9899 25640
17639 27248
2746 26106
24686 24889
24765 25391
28927 28929
9992 25649
342 3470
26710 28828
22587 22588
23094 29706
18509 28318
8851 24673
8188 9372
8093 24355
18012 18014
6647 25063
425 18333
4713 25354
10232 27782
4038 4041
7126 27835
23294 23295
7549 7551
20980 28610
23878 26639
1785 24315
24343 28952
4520 25653
2729 6342
14154 20202
16188 24312
26453 28180
8230 17650
24625 25258
1176 26043
21506 21508
8319 21367
849 26853
1016 25313
4153 27702
8241 26578
18640 24671
28597 29534
16750 28800
18443 29390
11435 25008
253 25258
28195 28907
14341 21653
11504 14494
12978 12981
9479 9752
6393 27882
26621 26896
7559 25472
2319 2321
12419 18685
10446 29401
6481 15323
17077 17079
25128 25844
15177 15179
9899 24877
7223 10355
14819 17059
12103 19535
21209 27702
4076 28155
15722 15723
8327 9202
24656 28733
10524 22332
2709 24732
15258 21827
28814 29116
12500 28407
6508 28878
12890 12892
25131 28863
5890 8442
6162 24612
20400 24198
26703 29075
17059 19540
15419 15775
13914 13918
25419 25430
6164 27441
5188 9899
28308 28325
5334 10852
25484 25563
27149 27191
849 24557
3572 23871
19415 28828
4605 4607
1874 15731
1553 28807
9486 29442
1557 29316
17919 17920
8354 8356
13346 25428
2366 24765
13024 13028
19626 25717
4293 15151
3099 25237
9421 24416
13981 17059
24353 24385
7740 25476
1039 1074
24340 24383
24807 25462
2319 17358
11485 26785
15755 15850
255 616
19637 26774
4504 13510
1510 29768
26699 28086
399 2151
255 26596
19479 24312
13975 27625
7840 24903
3098 26589
27483 29316
16478 16678
24809 26662
26139 26140
16993 24243
245 1750
89 24869
19126 29024
3128 24357
24597 24601
1456 27441
1445 20367
28182 28892
6601 19546
13546 14132
1717 13241
20340 20342
18632 18633
5054 27702
1968 24765
1332 7471
24337 24383
25203 27582
5919 26210
15342 15343
4214 28884
4532 25653
27726 28318
7276 19171
20573 27819
8797 10608
19348 19473
10939 18935
24722 25344
18401 18402
4293 25994
2118 5590
26853 29219
24598 24959
25376 27210
23991 24395
21885 21913
9136 18212
24223 26297
5406 5451
2680 24470
24337 25294
3496 28924
11051 18026
11157 27844
4385 4541
12175 25039
7428 28629
7994 8163
22550 24389
16729 29081
2829 4670
19829 25248
247 3719
2268 2475
19891 19892
535 1867
237 1007
1511 16617
825 25964
5108 16188
25695 28011
13533 13537
25213 26348
25683 27149
24222 24919
19512 26681
801 26400
631 26853
454 6372
1006 25822
1610 22367
15564 23002
671 27646
11053 11055
4361 24807
1766 2500
9366 13579
1795 1803
2502 6481
8555 24568
183 7223
2842 4358
14950 19293
5966 15307
23878 26364
3035 26420
26593 29000
23878 24389
7680 18718
24134 24786
7463 7466
11819 25763
24601 25235
24323 28061
280 15558
26349 26350
25486 27016
21951 21952
11039 26330
4746 7520
25616 28093
21390 26558
27270 29030
6707 27495
4685 4686
48 27047
5703 27375
7353 26401
25430 26437
263 660
24843 24867
1750 15251
1836 6503
3414 3672
12828 12960
10286 25370
6601 27049
10149 14162
20574 23970
12086 20114
21217 25288
838 25000
26603 28434
426 28562
11258 27134
3120 27702
745 25943
1318 24623
255 27230
1635 29115
477 14448
1922 27393
7727 17917
25460 26917
7714 15195
2258 18856
1007 7243
24066 24665
3174 25695
22550 25789
2843 25488
14434 24122
27398 27399
9743 14884
22007 29774
1360 1732
8118 29438
6313 6485
3463 4933
3019 24679
23115 23116
14241 25872
1699 7886
19304 25489
14448 24645
9176 13817
4484 25653
14396 27819
6329 24735
3119 3121
4982 20191
625 2839
17218 27582
896 6647
189 19546
944 1876
1118 14647
10701 25528
14457 20517
24000 25267
7755 24727
11563 27096
15539 15541
1636 29306
8719 14884
5386 24350
7223 10579
3938 5647
5276 5278
2313 26561
22681 22682
3174 12971
15764 24347
4654 12647
477 1478
9958 9962
8252 12503
6387 28594
756 26515
24152 25203
2875 26206
23186 23188
12441 16444
446 15218
2663 13546
11733 24601
22367 22368
2657 25946
11559 15567
2680 24060
1757 23456
2151 24180
25827 27347
1088 15323
255 26952
15978 24776
21596 21597
6305 25975
2113 16416
14510 20548
21022 21023
19676 25430
465 25904
3100 10175
2503 24765
11109 25528
24762 29401
8093 24498
4385 12875
12053 12054
4332 27422
14140 25386
14422 19694
19669 25254
6731 8680
10060 25645
14036 18293
9602 9603
4356 4359
177 25777
11351 25466
9562 26838
1386 27915
25735 27041
1285 7626
98 24835
14994 18026
7727 23897
3019 11217
5324 26020
465 3019
10594 18014
2208 12247
4491 25466
18344 26082
27061 27143
3947 8186
1876 4753
1178 26148
18465 24667
6098 9220
1524 1525
23847 27716
5608 13769
7360 27216
26134 26662
24660 29442
19466 25254
28814 29322
738 11596
18171 18172
5700 24330
24063 24312
8573 25739
3244 24290
2423 21209
17333 24577
28105 28109
7594 7595
19628 25254
7176 28318
27533 27574
25456 25496
11435 28878
3327 27103
26060 26595
521 11610
7223 28051
27060 27228
1445 3133
24308 26974
3120 13194
1285 25816
190 7198
24920 28274
7353 25901
1662 5586
9899 25600
11686 11895
19450 19577
15938 17496
7727 24996
11048 26330
5345 10852
12419 18678
3019 28329
10065 25528
5919 26324
6796 15323
19159 22550
18846 25254
17300 29306
14141 23905
3010 25208
168 14341
12666 20191
4882 29086
4311 24425
24210 26615
1194 26838
2759 25817
8737 24949
11134 11308
10234 28079
2233 7182
11046 24263
10612 25466
849 28828
9220 24899
4153 25489
18421 25479
21255 29732
10377 10378
19512 24385
872 1916
4195 25270
5242 11113
18306 18309
3303 28510
8675 24367
15797 24349
5581 6724
2001 26187
18718 28235
2610 19476
14819 25964
609 10240
1285 7014
13183 24680
5088 27702
6580 15389
6947 8406
3032 28863
3572 27486
13089 13101
11707 24224
2567 5994
28814 28833
5380 10852
24152 26496
13991 15563
4656 6098
7169 8597
20246 21683
8379 24889
24601 25466
4385 12958
1149 24389
25160 25201
24399 27237
331 425
10976 16444
7198 13315
23961 24548
24395 29124
4763 16860
5623 14195
9031 9088
1922 24389
6425 6601
10872 27498
1124 19637
3431 3442
25268 28865
13354 16002
20225 25269
1827 13106
27950 27952
28884 29045
6052 12824
3582 24873
14341 20257
20025 20047
8379 27464
25232 25288
17869 17870
9605 10872
7324 25118
13732 13733
24523 28046
3772 19637
26096 26662
6447 15323
25816 28968
7307 7313
28110 28132
11327 11387
5108 9327
807 27602
9743 27115
26310 26516
12422 16444
11117 25528
3174 26220
12833 12834
22854 22858
3463 25289
17605 26565
631 24239
2412 24765
2908 17428
1417 4943
914 26523
14702 20580
11680 20535
626 26965
13547 26525
19594 24409
4355 11330
19593 24472
3126 28863
14528 14529
255 7446
11181 26400
702 9252
18998 19000
10926 26308
19521 25254
10667 24947
140 14510
1285 4054
14034 25008
24886 26264
25062 26224
17558 17559
15831 16045
6826 27915
7920 7994
3255 13193
1761 24170
1404 15323
7236 7237
5642 14548
18369 18370
667 1519
11386 20535
557 26117
626 26428
7886 12533
1876 12154
28318 28828
24601 25726
4630 26912
14318 23097
4224 25061
3028 26325
8288 16518
9899 25536
13841 13850
15419 25442
18168 24467
15113 23943
1775 21455
23139 25440
26399 28172
3572 23422
8971 28145
2674 25653
15884 27288
12801 26565
24684 29782
15832 15834
4753 28452
6397 24735
3020 18466
10362 10366
24679 26309
2488 2701
26743 26887
24092 24864
14373 14375
20452 20454
417 28752
177 25816
24682 28950
14279 28632
18441 27694
25138 25509
3572 19689
17241 24625
17639 26216
3631 24180
2054 24389
26105 28608
9284 9285
546 12496
6392 12006
7243 22332
2293 29394
7037 7038
15563 25512
5254 5281
10770 18142
8379 26844
21295 21297
8626 9198
23458 26941
1584 2106
7223 10881
3055 9482
4224 7886
16025 16027
25946 25963
14647 24000
17151 19159
4905 28703
25386 29231
960 17251
11435 25148
25479 26774
5740 24986
21544 29403
933 22550
4123 18960
7169 8635
17059 23860
4971 29045
25488 25526
14215 18466
310 13981
3244 25653
26020 26889
9989 25544
21245 25288
2524 24269
12263 24134
14906 20567
221 683
25311 27691
928 17015
26030 27810
24592 28175
5053 24677
12450 25257
19685 25254
5971 29691
5721 6541
1989 9330
13546 15764
177 288
3035 26325
16214 28907
25342 27234
21255 28045
1523 25963
25509 29002
6035 8797
26621 27139
849 1636
1387 26569
9899 25450
26793 29435
4703 28177
10265 26086
9929 28152
24886 25479
255 26680
3561 5133
12874 12885
3572 24174
26086 27495
7537 26873
26144 28329
24210 26486
2212 24612
18673 25246
14100 24000
22360 22361
13354 21727
14050 14051
3572 27915
7577 27117
394 28562
4984 27009
26125 27451
9899 25509
2497 21255
11614 15563
10821 28029
10812 11910
4524 19637
2771 7198
490 24765
14366 20091
24960 28399
14520 19049
28688 29401
2119 11801
4824 29100
21261 25288
4588 26621
19479 24382
9696 25527
25115 25466
21295 21308
24454 24467
1664 24425
22691 22692
443 1285
1751 1767
17407 23381
12650 16177
11081 19237
1285 3939
13958 15563
46 11213
8379 27406
15879 24374
14418 25019
6601 24385
28860 29219
3945 10282
25332 29306
1951 15642
7506 29097
14022 19204
16127 16128
454 28051
14554 21936
24765 25781
6996 25755
1274 24008
13966 14872
17059 27819
806 27495
26974 29002
3174 4933
7153 27671
3719 3720
10117 17581
24395 29170
12142 12145
3327 25866
223 5919
17059 27409
3487 26373
4153 14513
3036 12799
8791 15301
7481 29401
12496 15730
1377 18147
6423 10784
25077 29175
11478 26325
5397 5429
25434 28090
10744 25246
14069 14106
1707 25538
23847 24853
6680 15323
22118 22119
1758 24170
1263 25052
15118 15323
25432 25710
4099 29401
25690 26330
7557 24585
9899 25612
451 452
4224 25043
18809 18812
25519 25521
16964 17317
8277 24522
7223 24909
1559 16416
24345 26965
4123 14225
2588 25479
2840 24886
10110 24612
10466 15661
546 26348
1649 18127
23878 26712
25386 28549
734 29753
3603 28472
20521 21422
1957 17971
14380 19948
715 923
20884 20885
8379 27318
11052 19481
2937 14487
8196 29306
17804 28439
1263 27497
25089 28342
18486 18487
1623 24018
1460 2182
882 27637
8225 26266
26240 28878
29300 29305
6425 24308
4224 27060
15218 29684
13274 24541
5108 9350
24180 24467
24202 26330
8379 27543
26077 28455
12949 24228
546 25901
11323 12136
19611 25254
24567 29375
2729 26978
255 4882
19304 28529
12361 12430
6377 17661
6812 26030
24624 24640
1376 8341
25008 25455
15764 17251
23847 27553
2709 10987
24409 24542
9199 15218
10195 10196
25717 26781
3891 3910
29551 29621
2118 25827
10337 27094
19270 19437
1170 8241
3596 28235
4628 9743
24546 26236
28318 29380
19585 25489
24074 28828
11313 11315
10852 12419
14313 14314
12496 17849
1489 26166
13110 13112
5506 26134
9908 15389
9244 27534
17804 26134
17059 27803
380 28978
6947 16723
3412 15162
3303 9560
12874 12892
18026 26802
533 28562
2467 24765
20520 28798
1941 24765
947 5014
13194 17185
9090 11963
1177 26114
26290 29027
4838 26086
2023 24389
14418 25628
3019 25561
18267 24376
5664 5671
1946 24729
944 3736
3036 12796
11021 25735
27339 27441
24577 25486
1589 7277
1953 27490
228 7005
15563 27012
5622 14195
2348 8093
3174 29015
14046 14132
11217 13633
10859 25254
9752 28140
19856 19857
24315 26392
1425 22550
2656 25889
5513 10501
2508 2509
7313 15531
383 410
10190 10302
4215 27021
11050 26892
2225 24042
1670 10407
5560 14046
2965 10881
612 12674
16256 28136
1724 24206
25905 28924
3019 25386
24069 25315
14174 14180
5826 14438
12598 12606
1606 24018
5923 29691
10976 26499
25524 28085
1285 3959
3104 28863
5740 24656
724 28054
12062 12076
5919 24674
2068 26426
10170 25440
19585 24939
7194 27621
21847 21849
342 24389
870 2532
5968 5970
6601 14680
7727 25211
23156 26388
19631 25293
19381 25322
6157 17678
6444 13027
1285 27312
546 27893
11800 27054
11504 13773
19590 25254
23878 26567
3174 25194
1080 24710
1892 25527
19594 24514
2763 26197
1706 5586
1434 10867
10636 24347
6197 14225
25376 25499
7266 9616
373 557
24285 29219
8274 28320
477 24180
13769 19472
11603 23921
3721 24283
4160 19937
20230 20231
5303 27678
14513 25438
23844 29139
25492 25866
14983 20520
96 24844
11181 26071
12263 25844
5023 29401
17151 24389
2421 2422
19304 26309
546 14449
26240 26369
1018 7246
10210 22741
11199 25649
7940 16177
7901 7904
11981 24641
25610 28491
18064 25091
692 28318
6482 28318
1557 8156
6546 15323
10025 11375
7083 28318
2341 26562
26133 27799
8419 8420
1890 1891
25565 27031
391 5887
8154 27403
5602 24383
13204 13269
6269 26225
16444 24611
2730 14154
2861 14512
14252 24804
19452 25254
9803 12909
4848 14352
8599 8600
8379 26434
24986 28577
7353 26302
22580 26049
22559 22561
4358 24601
4238 13280
3572 21500
27037 28085
2654 4407
23878 26622
3582 26540
14592 14821
715 26882
7282 7300
15265 19512
1876 6342
19304 22200
12456 12463
24898 25375
23857 29245
3275 27550
19526 27060
8241 16444
7712 21255
208 806
1285 3849
1951 11168
9899 25531
21542 29403
9187 15184
23847 29155
19512 25798
20998 21400
3719 27312
3135 28863
18718 28276
379 25943
7198 8093
3835 26569
3098 24612
7646 16849
2144 29139
25430 25451
9587 9592
4245 28884
4566 27403
7727 25148
18311 26781
7371 8241
1835 28206
26996 28073
5925 20521
4224 24247
410 27317
19437 19442
2170 24765
14788 14940
5839 19594
8888 28095
25958 28029
2571 24765
19618 25254
642 12894
3241 3242
4936 25666
1296 8872
6392 25608
13038 24334
20520 26125
19572 25254
25634 28946
6173 22114
14590 20529
8071 12938
9060 28128
11435 19503
27759 28201
16485 16628
1376 1433
24386 25888
2784 29175
5385 13788
17956 17957
24521 27075
3128 5480
13547 24721
13341 13342
26722 29259
11325 19479
20573 24141
17059 26817
17070 24334
9899 14569
13428 13431
23906 25634
625 28004
856 7339
18071 28140
24459 29702
11131 25528
17671 25942
8090 8391
5977 24010
21563 21564
17702 17703
1490 1492
27649 27693
28814 29288
9556 9557
4543 25653
4030 5277
5843 19594
26785 29121
19505 26330
10626 24679
1795 27293
14037 14038
26722 29274
1183 1445
18026 26886
4013 4896
5291 26551
17171 27985
19586 25717
15312 18223
23878 26547
24152 24690
1088 28221
10452 19585
7223 7518
24069 25316
3935 27051
18344 26662
4882 24656
27094 27680
3174 26298
14174 14176
24316 24323
24170 28771
25827 27441
3232 28140
3945 5538
11373 27771
4949 6035
14058 28395
17661 27810
8423 29404
9164 23629
13769 25256
25558 26238
11276 24602
24809 24942
12645 22332
21 28782
5381 5384
26223 26320
19030 19031
731 7223
3858 29158
21878 21883
17782 17793
219 5004
19562 25706
6044 24643
5998 5999
15420 24688
6244 13083
16051 18701
18333 28118
3069 11707
2436 24024
10305 10777
1423 25283
8902 9973
4446 15323
8379 24914
10241 26143
13836 25235
293 4588
15630 24213
24394 27937
6977 6979
25882 29116
25032 29306
25978 28109
24941 27124
24934 28814
2396 28045
24787 25270
1760 26329
13083 24700
11279 25539
1007 26427
26551 27384
15082 29575
1922 6303
1168 26470
21693 29074
25386 29154
771 25766
11181 24324
8219 11071
13251 13254
506 507
2074 26426
24909 27394
7570 11462
14263 25626
1896 3972
410 17661
2137 6550
5277 25527
1387 3341
16039 25398
27036 27085
23878 26502
1046 2225
28814 29339
4882 12496
18007 25290
4233 27595
7612 26410
9231 28777
13755 24877
19379 27761
3680 3682
13755 25556
5691 28318
1039 24357
19512 20520
6601 24404
390 28562
16513 16514
15323 27502
7169 8644
28318 28333
24013 26166
5004 25235
5155 24546
568 26437
26225 26551
25964 27754
6242 12747
7514 24996
13656 24557
21968 21972
20789 20829
24710 27502
6392 14418
17915 28601
1973 26125
2285 2551
25054 29097
2500 27302
5108 9328
3651 28814
23991 24208
433 24108
24353 24461
12614 22332
5919 11477
5231 24300
25122 25154
8138 29742
11575 25658
1450 26742
8838 8871
21352 21354
29369 29371
6106 24809
6731 8695
24612 29161
7577 23921
23847 27688
4224 27514
2617 27944
21255 28027
29307 29346
5398 5467
9181 9183
12655 26638
25036 26818
6444 7872
921 989
870 24776
1150 25763
1627 26166
25059 25082
24312 26071
2076 26473
2271 25766
16183 24159
1967 25653
16116 27460
15475 29170
546 26688
1080 8872
27277 29253
6232 6498
12427 16444
6947 24571
1285 29089
15840 15862
11504 14449
8189 24774
503 25419
10374 25634
5243 24335
3020 24383
8014 15431
24180 26715
14046 19159
16837 25919
16406 29161
2514 7182
14230 24306
255 982
2038 25084
3019 18004
1285 3981
11230 28799
2632 25614
17140 17289
20034 20038
17366 26990
24265 24721
4293 26280
4951 9618
255 15719
6392 25472
4882 25587
7716 23760
23139 24387
15228 20246
10282 27591
24582 25019
24386 25763
4882 24018
510 738
2844 12038
13083 17827
27339 28728
12808 26565
17917 25827
12828 28829
9301 10881
20078 20081
3262 26722
23063 25824
4394 18212
24440 24441
19479 28466
660 28240
24920 26531
16444 25581
6731 8699
12038 20114
25346 25347
5135 5136
16256 23996
25910 27304
24668 29363
25424 25473
3174 24210
1018 7242
13169 15147
26911 28799
1854 25300
5824 24474
15608 24998
3019 26749
9899 25436
6746 15619
14720 20477
25653 27845
10910 10942
465 3030
8349 15799
13846 24312
24721 27894
11707 15229
220 221
18026 25579
1115 19637
2724 27423
8275 25258
9601 27245
25603 27184
6392 12043
9109 25816
24949 27041
1376 27893
24601 25886
2042 18741
373 27010
7357 26283
20000 20001
19554 25254
588 25430
5475 5476
25378 28318
19026 26088
4095 29403
12496 21106
5919 15323
6623 9050
26853 28373
10183 26086
7651 16858
17804 20080
2680 17262
19126 19458
3754 25466
3637 24180
305 10745
799 20308
12752 12753
11168 27550
2840 24548
24735 25538
15419 24656
16811 29407
28702 29097
4974 25866
25595 25645
9899 25699
1957 24334
12082 24258
26095 27636
7727 25267
6257 24015
23878 24042
14924 15311
9419 25019
19549 25254
12058 23357
648 24324
331 28907
14340 26410
6601 19326
16207 28907
7313 23991
6003 24304
9276 24235
23878 26369
7928 29081
14707 14810
12894 12938
2851 7581
4601 4679
5620 14195
7473 7475
410 3739
25256 25963
18585 25246
3375 5028
14583 14784
4936 17059
2674 19610
1046 7637
2007 10093
4523 25653
7369 26465
79 27106
24953 27772
24127 27347
15346 28198
2077 25844
18253 18254
19436 25254
19676 29401
12053 20114
955 9854
3255 3293
454 28118
7727 25991
12315 16444
352 17398
5384 17850
1589 28855
7313 24900
1285 25910
15970 29820
4882 8277
14458 19359
3436 3450
18026 26823
24903 28969
27700 28318
3602 24695
5865 28373
311 25974
14471 15080
4514 4517
3175 27596
806 24925
849 2293
352 26346
12419 18774
18289 19400
25740 26838
776 26199
5190 15970
4352 11837
1016 1022
5920 5922
6208 27441
9096 24949
24909 25614
557 26227
175 1835
2955 10501
15407 17757
1817 24774
9063 25249
17804 26365
28095 28379
3972 29163
9899 25550
2420 24178
5516 10501
23175 23178
25231 25244
16521 29221
237 24612
11786 25631
4298 24425
4348 4354
8581 16847
8115 19657
14487 17059
8277 24539
4013 7066
24189 24710
14865 14873
3572 20311
7645 7646
6264 26551
11043 27112
9612 10853
2438 16046
914 7506
4030 17015
608 11462
3725 24283
3582 13194
24743 27597
413 26197
25185 28446
12750 12751
3020 28118
12903 12910
27324 27362
2129 15323
28098 28136
660 27596
15708 28686
5510 16215
4747 26086
11777 24601
12263 19488
8163 8399
18147 26236
2129 2725
2682 6601
9812 25527
10746 13252
28379 29323
24986 27315
1004 29380
25492 26765
3938 5243
2103 14512
13083 24219
7836 11217
27203 28990
14225 19512
860 5054
2234 25980
1893 25397
14840 25664
24701 28562
15096 17783
15379 24242
199 7198
1166 1285
11113 25430
24069 28562
8537 28885
1285 3897
9080 28131
671 27654
1093 29130
1739 20600
776 24389
1697 4991
8379 17207
7014 9043
6180 27441
15877 24374
9270 25249
7547 26455
936 3366
1519 24334
10608 10617
16537 29298
5099 27637
3060 28863
18093 26097
11412 11428
19728 19729
14341 19326
24909 27241
24794 25631
13869 13873
11712 11724
5877 14251
3439 21145
822 25539
27915 28969
7140 13403
13640 13641
10309 26931
417 1724
1159 1263
5322 5329
15420 26284
12082 26593
9305 11265
2864 18508
9276 20682
14569 25789
413 26106
1858 29210
11843 20114
15323 27260
557 25690
8718 8802
2293 26551
2701 25246
2660 24986
7514 25866
24919 28878
1951 9373
25538 26002
1910 24765
26457 28318
5355 20573
18672 28884
14811 14844
5085 24703
6922 25850
28021 28022
25423 25446
8163 24522
1840 28884
24898 25490
4123 24042
25466 29678
13975 27832
2689 24634
14592 14829
27582 28072
24018 24125
9486 24213
140 14516
13045 20737
373 27894
15420 25371
23953 27460
21397 21407
13731 25489
14661 15027
13962 15563
19480 19697
15379 28118
25270 29219
19751 25096
2113 15553
629 4185
681 1795
19476 24321
24941 27004
29524 29535
4843 24312
19188 19189
1159 22332
24312 28650
17291 29492
3163 19345
453 29112
10149 25479
860 27497
245 15323
10250 22829
25449 26621
1908 2330
23314 23316
15361 24307
1500 16638
26086 26408
3803 9752
3043 8601
6530 8379
4758 29187
13749 24305
25448 25737
3276 8571
18202 18203
3435 28680
17938 17940
89 7821
16998 16999
25530 28562
2999 3572
20311 25841
19979 26479
26214 29663
15808 28562
18859 28909
26086 29323
24312 25267
21209 24387
16097 16098
13843 25471
24799 25816
4752 4786
8833 8838
2280 25246
1636 3297
2247 24765
10138 10139
21549 21551
15251 15290
1242 1246
24898 26126
568 3163
24684 26551
5966 5969
642 24239
4786 28407
15151 24592
28924 29219
12838 29286
2545 27240
24304 26963
15453 25118
4271 28029
24383 25294
19329 19330
27603 28446
23991 24008
6589 6590
14458 19026
1351 1456
14154 25974
9899 25639
2658 24986
26693 28799
7519 26086
13846 24127
23878 26259
17350 17357
7592 7603
10093 17572
21818 21821
25505 26086
9287 11899
2118 6363
4362 4938
24920 27239
20563 25237
26996 27702
2462 21255
3572 19182
19441 25254
992 1285
158 24319
28847 29342
3972 24083
8209 9475
22332 28052
9288 29139
8034 8189
3734 9205
1664 24871
21848 23856
2999 19381
1920 29474
7066 11251
19676 29483
2225 3098
15419 26317
5028 6425
2632 26996
24308 24470
22578 26049
23878 26422
16247 29816
5024 29401
2652 29506
23878 26315
3010 27525
9116 28114
18361 18362
24842 28118
10278 25766
2831 24422
3572 24070
320 24527
11282 19479
10149 24206
3174 19643
24529 26873
26086 27871
13164 19370
7186 27656
10249 25380
704 28669
5681 17917
12193 16279
2176 25837
4991 26838
17733 17736
11259 25400
1296 11745
26902 27641
16902 16903
3972 24440
2423 27016
2272 24278
24909 25727
546 28379
4183 15323
7288 7294
9795 26992
7456 8379
8034 8260
7015 19716
4300 25889
5188 6571
9220 28993
24731 29183
18785 19512
27432 27434
20770 23477
1614 20600
4271 13975
17649 26622
18026 26662
4362 9040
25528 27802
16458 29402
12175 17140
6087 9413
806 29086
27464 27466
3803 14079
5919 26189
8937 9431
25653 28717
19687 25254
1296 12352
1334 15642
24759 24760
17398 27426
436 28562
1080 24679
1121 26806
3454 23991
25008 25322
1548 29116
11165 25528
19037 24000
23905 25872
2724 23922
13117 29768
27364 27365
6550 28935
169 25084
280 3181
25498 26551
2616 24986
23980 25961
11043 16444
19658 24898
751 25452
1445 3572
3572 22310
4677 15620
18949 24206
2197 3532
5384 10852
5565 25568
12547 25065
15007 21255
5202 27265
15316 15317
2505 24765
19638 25254
4753 29169
14743 24295
24206 24304
166 10368
9176 12263
8080 16384
2118 26504
12318 24888
5813 7371
2771 29492
3067 28863
15420 26561
3577 15355
6055 25528
23878 26465
14906 19646
5620 14196
13773 14840
24193 29819
762 24694
26321 26323
4106 19359
25204 25582
2272 21255
5740 15420
8181 9502
22332 26134
28316 28325
177 3572
465 7581
27122 27368
25256 28520
24715 29219
25008 26551
15804 15807
11583 15563
11323 11573
638 8181
21455 27923
8753 9378
6142 25256
24312 26130
21391 21393
24338 29069
15267 19477
14299 14300
4645 4650
24282 26931
5865 11504
24570 28610
3929 25073
11657 24959
26401 28172
24939 25546
9761 9774
27094 28043
24943 25531
4224 8168
17727 25300
5375 24013
548 3703
455 26551
3020 26593
22712 24210
24287 27305
15563 15567
3463 11256
6757 25932
1914 3972
4355 9300
6392 27189
25019 26155
16113 16114
968 6425
776 27441
8379 25008
9823 25416
1655 1829
8349 15782
20577 25237
140 20069
4929 25866
26302 27702
21293 21310
12419 26781
8083 25526
19388 19427
3543 11043
12784 13193
1688 10407
348 24210
4936 28393
3174 28923
3615 3782
13045 14516
7162 28318
17534 17536
6282 22332
1285 3836
5919 11470
25558 27882
1959 17208
9790 15195
8353 24601
12115 20114
9470 13188
247 7380
11320 11834
535 27625
26703 28325
4826 10881
10919 29005
24765 26988
1957 26634
25527 25623
13739 14035
4971 27882
2632 26086
23857 23991
28828 29367
9339 25528
1448 15323
26144 27835
16508 25252
9899 11113
13083 25587
18256 28118
984 24582
15515 15517
3454 7691
22550 27305
25101 28549
22015 22026
24320 24322
734 5919
8773 28197
24582 26476
12263 25770
24180 28972
7282 29567
280 23955
4355 11614
27944 28549
11217 29446
14512 28221
288 28465
4422 15323
2578 24765
25653 29170
24903 26887
1271 27225
10044 26974
4649 19637
1433 25430
6342 13677
352 1876
27060 27122
1006 24470
21209 24317
369 25763
6108 10501
24351 25844
6647 12175
863 864
5199 28029
5963 23856
19655 25254
8175 16538
11230 29458
12419 25062
16976 25653
7014 26071
14984 18608
7734 7763
807 18278
25344 25766
1284 27522
8554 24568
19114 19116
15323 25222
8287 28655
3010 8797
1922 25479
13761 25344
1274 29476
6244 11435
10501 28525
16256 28101
6947 16722
21910 21911
12082 24262
19064 19065
8753 25059
27350 27913
5837 5857
21209 28379
17694 29175
921 27028
417 26722
15419 26774
4 15008
12704 26420
8949 24207
14680 25434
19476 26086
26621 27562
8728 29075
7064 28318
3174 5093
671 27609
24299 25479
6985 16846
7223 27382
12181 27184
19381 24612
14819 27814
4260 20064
25904 26873
745 24389
14554 26515
26555 29140
7607 9616
1433 24441
13640 13659
3213 28747
24721 28290
2626 4371
24656 24986
17398 28063
4228 8296
546 27915
4429 25817
17182 17186
2840 22768
13720 25978
25526 27407
3234 19512
645 7994
24721 28167
903 28118
15029 26013
8691 8808
11435 28819
11060 20145
16038 25210
1401 27404
288 13274
10987 14840
9007 9061
25946 26232
310 10482
3044 8617
19708 25254
1506 24959
7353 7434
24543 26381
2773 13931
10745 11435
2544 24657
2730 5597
25489 26624
7673 8170
6009 14296
15831 16017
7223 25428
1401 26225
6936 12082
26662 28129
26863 27353
5673 5674
3020 25430
19635 25254
13769 15051
840 841
3572 19766
2303 4996
1007 27894
24094 24095
5896 27294
6869 7913
3972 25424
14713 20580
237 26245
7126 25565
24765 25377
4123 9441
24986 26815
15925 15956
9752 26963
8537 15519
21478 27644
3231 6731
24765 27403
12828 27003
7246 8445
28276 29401
21799 21800
24464 25009
18629 25246
724 8241
2423 24024
8797 10023
13685 26637
3782 26080
2293 13547
16309 29742
16818 29407
19695 25254
532 8277
5921 5924
14859 14860
23940 28592
24034 26889
7182 9812
24389 27724
486 29777
6694 14557
22332 25844
24682 25052
166 25610
4479 25653
7678 7683
9296 27128
11410 17033
14022 19586
5916 23856
1938 7408
9360 9361
2560 25874
9988 20103
28425 29596
2226 24765
16658 27607
465 1922
17059 19458
1426 25907
14557 14950
18641 18993
13840 13913
1028 29380
24470 24471
19496 25254
10477 25621
14458 26142
26764 26766
2960 7140
20158 20169
23161 26134
20512 27894
546 24772
10910 24612
1018 26218
521 10093
24358 24359
2261 24389
24467 24919
8333 8334
1626 3736
25256 27533
8894 16442
6006 19450
13448 24765
25827 26913
9955 15764
6594 27702
24795 27012
24124 24937
1502 22332
1285 14140
10286 23378
5133 25994
165 25235
1021 29380
10626 26963
2078 26086
1274 1376
14460 14485
11614 24959
14524 20520
642 7886
11925 11926
6205 6342
4882 26603
8319 25816
25824 27124
2422 24765
20520 22332
3858 27305
28379 28878
7753 7754
12230 20535
19705 25254
25489 27388
101 5353
8071 13688
16444 29219
12875 12907
24705 29160
255 28208
25042 28365
6288 13090
2010 8319
8805 27305
17229 24871
25524 28863
9894 15389
4966 6675
10912 21065
19640 25254
12263 24701
6480 22556
9901 15389
27396 27397
6053 8260
19602 27029
7066 24787
2768 7198
17048 26996
7948 11687
25008 27625
11279 28108
10249 27495
13739 22550
28814 29332
2323 2382
7223 25645
28365 29139
25096 26174
6034 8224
3930 13987
24949 27012
10596 25290
24712 25019
6684 6785
23858 25683
19656 25254
19500 25254
25548 27267
25629 25630
4958 4961
2937 25489
3244 16953
8188 8352
25359 27591
11864 18829
25974 26392
25204 28079
3984 6382
25487 27241
19381 26144
10391 13806
4215 27006
10466 15659
19603 25254
4 18807
4942 25932
745 5919
15997 16002
413 25946
12050 29490
15257 19512
7119 29075
10451 10452
1 10341
849 8181
715 6268
1562 28995
1795 14162
10852 25419
8093 10636
10093 27049
13656 25397
149 23856
19836 19839
5427 25394
14513 16256
24950 28076
15808 17163
6245 27702
1285 2052
24167 25128
27060 27288
15323 26920
25194 27533
2375 21255
18640 24312
4942 29045
7514 10093
13590 13599
8163 8176
2806 11610
2964 4753
3120 24592
10797 27041
7759 27207
2709 17804
24323 25208
537 11042
255 7489
6769 15323
10760 19688
4123 28118
1445 2937
3518 25116
25697 27107
3488 29306
18635 18636
23952 25729
23514 23515
9706 25271
5288 10587
14503 20904
9303 17333
3572 21467
28051 28799
6863 27649
19594 29260
28639 28643
23878 24069
25614 25963
734 1344
5835 24144
15938 17498
19479 27025
491 1111
25968 26088
304 20103
1297 1325
2464 24765
15029 26019
413 25892
6731 8716
8005 15355
24312 26064
9378 26959
25204 25629
3705 26743
18212 25138
17059 27533
5951 28095
2423 25148
18307 18310
5919 17917
27216 27345
25946 27829
11492 12618
28828 29386
23947 29316
3572 21243
19665 25254
4882 28893
27248 27534
4355 8319
18668 18670
15608 28899
3339 27702
24694 26060
14413 19666
4216 17403
17378 29401
625 5269
4566 28730
16742 21340
1624 24018
1185 13194
7288 17661
463 13215
3572 14513
3468 3469
7066 25215
9761 9764
11182 11299
24898 26330
23897 25267
24691 24693
4475 4585
1483 27724
3572 14500
10407 16924
20520 25203
4882 26993
6158 27441
4361 18201
14285 21107
19448 25254
3298 26722
7963 9752
7093 27401
2423 27141
17871 29276
19700 25254
987 24765
21455 29357
1938 2200
3529 28011
6512 21892
14897 14942
19518 25466
6860 8277
10643 26781
410 1467
13761 24801
20364 20373
379 28909
24882 27234
402 8894
24765 29196
3301 5762
7332 7333
28665 29045
26005 26132
255 24371
18718 25963
11435 24710
2762 19060
15506 16003
27531 27541
28200 29170
4341 27844
1509 24807
7886 12817
25424 25702
18457 18458
24918 29427
3144 4388
8716 9196
24562 25039
10501 24144
1636 7956
8379 27253
7638 13371
8379 24853
557 28997
9767 9768
787 26330
6145 6202
395 26020
28968 29080
5808 24305
715 28321
7223 26833
10892 19585
17163 17694
692 1111
2423 29568
23234 23238
486 29769
10881 24594
2948 24303
9759 9770
14984 14985
10831 14769
8061 29097
11462 28695
12349 12778
1448 15419
3943 21372
247 25457
4711 24792
2999 6601
1394 12496
23139 26621
27608 27734
24556 27060
14458 17804
8241 14994
28274 29380
23854 27507
4540 28969
26662 26944
2137 28935
11610 26546
19270 25855
17712 17714
18672 27493
6601 22440
8163 24569
14535 19859
25454 25884
10175 22723
17300 24883
23981 27422
6375 10525
25905 29219
662 21294
465 24411
5430 5566
5392 15764
8580 11929
193 29124
17095 25430
15567 27031
10458 28735
23524 23525
2266 7182
255 1795
11685 11827
2118 6317
1795 13720
24975 25994
8236 16444
24000 26578
4949 24180
4848 19304
24279 25369
8163 29507
18859 25479
8065 29097
28285 29652
16364 16365
21979 29765
9464 25073
22555 26943
10262 25766
21107 25643
4304 28034
3310 3346
3163 10187
16026 27992
25827 28732
24463 24486
1506 4844
21367 24732
7223 25824
13254 18334
7690 29306
12361 12427
21209 25910
9246 25249
168 19699
1285 4069
14788 14929
24877 27609
16828 29407
1478 26035
14052 14061
5288 27305
23878 26332
17871 24949
4353 4358
13975 26665
4654 24883
9441 22669
256 7934
1445 12558
2423 27105
4566 25097
14263 25534
5861 19594
10853 12285
20573 26662
2574 24765
11332 19479
24835 24838
16309 27288
18662 26060
13773 19499
21209 24467
24360 24497
24765 28899
11485 15184
1854 10113
1637 1638
1723 25623
11113 15775
4327 27533
10722 10959
4826 17030
24787 25279
2010 28329
26488 27535
13876 24000
12263 19565
1519 13049
17059 27941
1285 4092
2960 10636
24872 25362
1489 24612
4952 25866
23288 23291
22134 26319
1376 8277
19645 25254
514 12558
9306 14884
2301 18773
24853 24975
1467 1595
25506 27423
9470 13220
22332 26318
1289 26106
25684 27944
4753 15730
13652 13654
23878 24584
10392 17333
28119 28120
10530 11650
7886 9198
1510 29760
20103 25658
15504 15505
5916 5957
13546 25839
5910 26465
18026 24571
5953 29763
1999 10093
1263 26797
19450 24328
16416 24393
4753 25489
3290 26722
1029 26007
9486 13193
1854 10111
15218 15301
12873 12877
5919 7345
2118 14448
7258 7259
3174 27403
13946 26155
6746 28292
24949 28121
119 20548
27329 27488
26959 26961
27324 27381
2572 21255
23642 23643
23955 24592
26583 26584
6444 11462
25138 26270
23938 28952
3120 24765
7324 15151
19937 23811
8582 16847
6714 28711
5093 19479
20781 24657
27039 27214
5252 9378
3272 21255
8277 27060
10446 25395
6746 27168
2208 15453
5919 17378
4566 27490
7159 24532
18971 24210
20375 20376
10501 17406
8390 12850
2065 26743
3688 3966
18161 18163
5065 29401
5917 29691
1557 24903
5042 20035
9899 25466
14329 22440
1006 19304
13828 22440
29045 29134
355 1867
5986 6991
13992 26811
12082 24170
11485 24534
6512 24889
7727 26985
27036 27086
5322 14251
1245 1305
3930 24667
4123 26927
6896 24210
153 2689
631 28062
2091 15323
26203 26372
7637 26500
24701 27475
24792 25167
26528 27642
12175 12734
10137 22699
18718 27292
27294 27955
4161 4165
16188 28140
11091 12883
7626 24986
10189 21762
13547 27570
1622 26887
25781 28318
16487 28969
14193 14341
7014 9899
1940 26749
4465 25653
6277 26551
3793 24351
22332 26543
15862 24765
18649 18650
17546 17547
9372 28820
25059 29442
8612 8664
3357 25367
18168 25386
1614 24473
8844 15431
1387 19270
24000 27828
26564 26565
11691 11697
18061 25091
7886 11051
9614 23816
2113 29306
9987 9997
14049 14052
8230 17163
9287 25634
15097 15099
425 29161
26335 29219
24701 25509
2716 24601
17401 17402
28422 28435
3174 28245
18294 18297
21262 25288
11144 11145
140 29628
15563 19688
2436 24765
3079 25144
1684 14079
1854 26551
255 7364
26148 28562
16182 21504
1221 4882
776 26204
255 7375
5925 24122
23139 24577
6236 27441
8379 24900
24060 24306
28425 29564
1176 26225
15393 25942
432 5565
5770 6601
2632 24220
25766 27953
1274 8486
7994 22550
14034 27893
6792 20114
7712 19676
15323 16761
18322 26166
18336 18337
7047 7049
25386 27748
13355 16000
10350 24896
18938 25203
2474 3244
25824 29075
18059 25091
10532 27777
1285 4065
8252 28788
2151 25781
5636 13769
9220 26337
8585 8586
10200 24278
177 25800
4440 25653
21209 29488
7282 28300
17059 27110
21209 27370
10378 10572
3122 28863
273 671
1957 26260
89 24851
16164 16165
9562 24323
5917 5964
4106 29304
4202 25270
3214 13852
3486 9153
19637 28741
24389 26781
7378 7872
4984 7339
10881 25386
19711 27812
5104 29401
8594 8599
1676 12263
228 7164
29 29483
7182 18559
13302 26621
625 28013
14443 24122
1716 26060
11685 27011
24986 28452
2308 18694
3143 5235
15730 26995
24000 24985
22855 23886
23878 26401
16415 28605
25386 28477
2731 6849
19304 26662
7691 7721
1920 24765
8582 27025
20051 20052
324 326
3544 7886
29210 29526
4746 5188
6550 24152
25430 26271
10521 27927
4809 26437
3572 23108
9021 24949
8454 16444
19997 19999
425 1332
4827 10458
1425 14977
29219 29249
17046 28946
26117 28594
5912 17691
4896 14961
1901 28045
8178 29306
26125 27754
24986 25614
24312 27029
26097 26653
12263 26909
5702 27495
25278 25430
21580 21587
6842 15419
2804 5235
7206 7214
2773 27828
15949 17536
255 27307
10025 11570
16646 27959
255 26183
4984 27702
3759 15553
25300 28491
26341 27353
9176 19450
6048 27702
3106 15379
18300 28051
5919 6179
982 7261
7886 24264
26086 26370
1519 1636
22802 22804
702 7674
8351 15773
27992 28379
26309 26882
1948 24024
24317 24415
1834 21255
6209 27441
3572 19693
25247 25248
24885 27060
8844 9198
27543 27748
15785 15801
237 28562
24242 24349
6011 26800
26262 27932
5366 24703
27769 27809
2234 10852
2176 8379
8991 8993
3049 7169
17333 19596
737 27820
28788 28820
8810 8812
1080 2118
4106 9043
177 29201
1129 1132
29288 29305
597 26528
12793 12794
2955 26963
26662 28575
15312 24157
1795 27294
25525 25725
7139 18389
26251 26569
15480 15483
5166 29492
21800 21804
11181 21344
2632 29474
1119 1120
198 29601
19707 26780
13629 26345
29426 29433
25185 25194
7169 7313
8277 24551
1380 28854
8390 28907
11379 25466
280 24879
6341 6810
6276 28482
25095 26230
2197 24159
17333 24612
14699 24338
24871 24975
4166 24290
46 4215
1922 27019
21581 21595
4341 26528
9306 24613
10222 10225
25523 25735
17290 29492
1559 9215
24505 27339
10321 25740
10745 25908
4767 19452
24293 28240
6724 19593
9475 29210
3207 23480
16610 29083
25576 27926
4813 26476
5893 26927
7481 19676
25614 25975
13999 15563
280 26332
12828 29760
6232 24399
3572 21969
1370 10534
14702 15242
965 3287
23063 27184
1072 28799
19450 26662
13183 24663
2618 29228
17229 24902
13257 26621
8519 24568
10116 26579
3364 5702
26155 26408
19514 25254
6942 21026
2647 24986
10366 15999
9478 10987
11462 24635
25027 25624
9616 26746
1046 24389
19657 26681
8152 8174
1285 20520
7727 27496
15553 26528
5919 8241
14556 20520
14906 24312
10976 24042
6160 22100
740 24386
22397 27104
23878 28885
1477 15851
24690 25789
8991 8992
11656 11993
945 29712
19624 25254
24315 26838
23097 25144
24328 29401
8079 9299
2970 15943
8287 15431
7727 27211
24592 28159
17701 17704
745 816
11462 29124
3454 15686
730 25452
24986 27533
10189 21731
7833 29475
19676 28118
27423 27561
7769 25242
7636 29059
25062 25354
5160 7755
11504 15062
12346 24444
5108 9349
18026 25527
4991 24612
13857 25235
1506 20114
14604 19674
5917 27451
7288 24776
3623 26394
15264 21831
28814 29301
9414 24472
1018 1186
1285 3906
24568 26173
17398 28180
101 8883
631 6342
4624 4625
13045 21345
8241 28741
17917 24075
24546 25084
6342 13318
1369 27395
2817 10852
3193 24930
17289 17300
6317 26187
1467 27882
8710 21209
25452 25884
24253 24254
21019 27610
25256 25289
3193 28638
1387 25366
4418 25653
15862 28307
28144 28145
5707 24349
14341 14564
730 11607
9751 24176
11320 20114
3729 25866
2709 11035
12874 12909
13838 13846
1297 24389
10093 28160
7290 7466
8461 26153
13729 13730
967 24460
12725 17251
9220 25408
25295 25472
14557 26144
24743 28884
5320 5522
3287 9562
280 1478
255 28283
1510 3580
2795 24705
18125 18128
600 25430
1090 7610
7575 11586
15977 16973
24656 28760
19539 25254
14341 23961
3098 24210
25448 25513
1766 29140
6445 27702
24542 27237
537 28788
806 28891
819 23962
13842 13843
628 25169
24949 28128
16444 24382
860 26224
24752 27228
25386 27316
8241 28424
16186 28907
27591 29720
8992 28131
3364 27495
19476 25451
9212 13008
16206 28907
15910 24304
1190 1204
26272 27644
24920 27829
391 24389
1649 26481
2129 6624
608 28195
7062 28318
24504 25067
3794 3796
3287 28747
1649 18123
26013 26148
1262 1306
20550 25237
1723 28472
13966 26662
27495 28383
8556 13368
22332 27029
21255 27486
6412 6793
7223 7580
7728 18641
19683 25254
3019 25904
5231 6125
9227 15895
16039 28045
5977 20559
6550 6560
7185 28318
7514 26392
5565 17059
25766 25963
15567 23921
6142 8379
18168 26216
19817 19824
5055 25490
1766 1835
884 10501
11081 14147
2884 5391
24568 29210
24938 25523
2680 12883
16703 24373
27617 28318
13739 14154
770 2910
24943 28029
17059 27859
2948 11504
7169 25025
12582 24460
24721 28878
19026 25311
2954 10282
10117 12799
6601 29175
3200 20598
22309 22498
15667 15669
24526 27893
24555 26853
3244 26333
13846 19505
1105 22332
477 26781
10139 10188
25551 25560
8062 25785
24896 29306
11504 14407
6731 24357
23860 24202
14996 19159
17439 28562
4869 9987
25084 25138
3884 26859
14079 25939
6920 24210
3572 25267
14225 24078
799 11074
27132 27303
730 11591
4190 16386
20867 20869
19681 25254
10609 10610
2611 24319
24679 24799
11008 26330
15251 24584
5667 20246
14070 27080
1805 11722
1308 9231
25479 27702
14246 15371
704 8014
1327 11435
15563 26621
6357 27339
4882 28369
21586 29290
165 24601
19465 25254
671 3287
1296 7669
13311 26621
25428 25671
6227 27441
26662 28527
24742 25328
25505 28467
24253 29306
27966 28699
24726 26496
25128 28980
19304 26030
1542 3174
1450 8497
7956 11579
12082 24265
4621 27702
13975 24152
7150 24220
6342 13309
18323 18324
4966 24727
1176 26223
428 1649
3435 25375
639 29219
5682 27611
24170 28907
5160 19526
12905 13193
8150 16650
454 6731
6342 15943
1415 28969
24217 25392
1269 1275
23952 24701
13846 26061
3624 3626
20102 24696
8986 28135
24319 24347
25654 27149
10136 24319
22034 22035
11435 29202
5955 14443
7339 8163
17506 26575
14513 24732
1176 15419
671 26791
1296 11676
2689 27653
27646 28318
24899 24975
2937 21958
2621 24986
9339 18333
1469 15567
7282 28691
799 26400
28231 29724
14968 19674
8241 24886
734 24382
4059 13975
2652 27495
24566 26173
27170 27230
6922 25019
4999 24534
2508 24765
27441 29024
19739 19740
12150 12151
18598 25557
8003 28607
6130 10126
24474 27347
24807 27096
8797 9907
24127 26071
9980 25295
9997 24344
23258 23267
12419 28118
2773 14285
4943 25509
11581 24959
15341 15342
155 3485
3631 6239
5963 24122
8560 24568
1854 7623
25662 27054
5392 5838
13547 29116
8190 25055
7913 7914
26653 26882
17333 24712
25176 26466
14557 25333
23878 26202
5127 24601
15151 24460
21255 24657
944 1111
14622 27809
1007 26261
6059 17315
4848 25008
23421 27893
7159 24167
22902 22903
25008 25653
24312 24903
19620 23532
25816 28832
25717 26653
3572 20573
14361 14362
7378 19676
7559 25295
24152 26434
22332 24813
25107 26155
4913 25866
5919 28619
2151 9252
985 16846
13080 28132
5164 28704
9899 25501
5849 10501
1893 24334
6255 27646
2851 24349
8475 28924
12058 12075
3174 6588
2623 5689
24000 24981
19381 19568
8853 29139
20006 20008
6230 14193
10525 24264
2058 25246
1006 26340
18147 27265
4753 25638
23364 23369
26621 27010
27149 29100
167 26788
1285 26814
22401 24844
26426 26952
16247 27441
1263 26722
1983 24975
28198 29090
1211 27373
10594 10632
6757 25690
18730 26773
12960 13128
21455 25018
2526 24765
18026 26860
24799 27441
8957 27037
6724 29068
24337 24461
10149 24406
16212 28907
5608 17804
2423 24541
10134 26086
1456 24180
1875 15151
950 17140
925 28118
2948 7591
24395 24462
27201 27233
6392 12036
25386 27403
3019 15519
24929 27258
1080 15508
15042 15043
7676 9227
1922 2010
24312 26101
3196 6080
3141 6766
17804 27495
3174 25518
7198 7378
272 17575
25978 28097
4768 25866
4215 16444
22145 27272
27621 27638
807 24571
24023 24598
19752 25096
14225 24162
1274 8728
724 26179
7882 24643
22332 26952
8025 8163
4732 25866
21435 21437
28366 28562
5224 6694
25322 25614
10446 25394
14439 14647
6015 6016
15653 24656
8379 27567
3972 11113
14415 20998
1557 8109
7288 24765
17059 27815
25475 25505
12972 12983
3701 4018
17421 17435
11818 25763
1766 26998
1285 3869
11961 15563
7140 15697
26621 27016
8570 28752
6947 16715
8290 22877
15563 28277
12592 12594
3651 26406
14043 14080
4224 8034
3568 29155
24304 24349
22940 22943
1360 22332
28360 29410
11009 20283
14141 28519
1635 28066
410 23878
7011 28318
5986 7042
6757 26316
4566 18256
2624 15323
489 28562
26603 26671
3572 24027
24042 26180
5002 29401
5028 24521
7182 18560
16229 28907
14703 14736
24374 24490
288 15531
3572 20466
13739 24147
4858 25866
15419 28828
7727 27976
23847 27655
1285 3870
25866 27614
22738 22739
557 28491
20320 20321
8379 27548
16051 25246
6993 28318
21215 23974
25378 28650
3858 25963
25816 28329
14154 26102
6183 27441
1285 18741
2840 24206
19637 24676
556 24386
15361 26985
1151 15365
2151 24389
9303 25627
17617 27307
16654 16656
18206 18207
19215 19477
3572 14352
9470 13213
3033 3036
11027 26330
2913 4266
10645 24089
26694 29219
11080 18820
2118 6334
19914 19916
2902 24349
9899 25438
26434 27471
724 7345
5027 29401
8185 22877
24962 25726
11435 26706
14500 26129
24871 24894
16350 24773
6869 24144
924 9321
23796 23797
13251 18341
9043 25486
565 27638
3019 26298
14341 14501
19259 27288
5927 24974
13634 26013
13520 13523
5619 13534
19552 20297
23962 25978
2632 9899
12081 12098
5832 16948
660 26020
2118 6337
15028 23345
7559 28468
24386 25524
1605 10093
10549 25561
20713 20714
25448 25608
5231 18311
4852 13546
11259 27326
25066 28950
23878 24455
23146 26347
12897 12914
472 7030
2583 13739
4106 6197
24574 25259
15338 20660
18672 28240
2118 6335
5565 28978
8229 9236
20114 25416
10939 18939
2709 2795
12175 17059
13106 17055
5108 29046
2680 16079
19649 25254
17059 27935
618 27294
28095 29363
24337 25127
28884 28959
3897 26825
255 24541
25090 29097
745 28254
8777 29491
28308 28828
27638 28650
15420 24189
257 9262
3454 5721
1285 3703
26404 27584
7691 17473
21037 29613
2345 24765
19433 19434
23878 26482
2500 7800
11519 11521
19461 20191
12459 29429
11789 25631
14535 20770
18251 18254
21974 21975
5511 16215
12686 25542
9992 11643
26965 28885
11198 23922
480 28562
9295 11835
19657 24966
17344 24880
3287 5268
27050 27177
142 26247
884 27536
19476 27923
2970 7427
24721 26196
28270 28271
24712 28221
6990 7016
1716 26965
9086 9087
10701 16112
24312 25956
3644 27832
9296 23858
11630 27040
23878 26217
21645 29317
26346 29110
4394 26982
1566 1567
24871 27257
25561 25608
17060 27039
9009 25434
5480 6833
25889 28570
660 7527
19381 27760
6725 15323
12419 27894
9139 25816
19512 24118
4925 11027
24312 25999
1876 26020
26887 29058
2574 2575
17917 24592
3157 10881
166 25490
24162 26112
22723 29097
22788 22796
3255 27265
12356 17170
7169 24667
25677 25866
25455 25529
10892 28788
19479 23906
3083 3210
310 27305
19641 25254
19568 22550
21584 29305
4924 25866
273 15323
19699 29562
7106 28318
2479 2485
7834 8183
9119 26269
8390 19567
25386 25981
8276 24568
183 6508
3294 26722
10446 23857
2680 5385
8692 18212
11377 11416
21937 21953
8325 8573
21291 29079
3529 26838
1697 8822
22673 22674
2632 3686
14494 26662
1088 25653
546 1422
2680 15184
29551 29819
1656 17398
19438 25254
1589 27560
2042 28093
13602 29219
28051 28828
7353 22767
5627 14195
10675 10676
376 29143
655 24008
14038 25606
2141 24601
4630 15389
13062 13064
27275 27276
8153 16548
6297 15323
3847 3849
3529 25511
18026 27894
24312 25717
25729 25766
333 10261
2319 27880
12875 12930
25386 25498
6498 28191
8975 24949
1478 22332
18408 18409
26532 26533
16444 26750
13817 27305
14718 22878
19071 19082
237 27650
1835 8572
7659 8572
8616 17472
964 15431
3378 15731
26621 27011
12082 24244
4943 26701
24536 28774
625 26785
23857 25386
24703 24719
5876 16116
3582 24274
25148 25614
24017 27462
1445 15371
547 1325
6132 7093
9013 25658
24304 24339
18 27463
25234 28839
521 27732
26786 28952
1339 24456
26173 29375
28003 29219
10792 25528
9234 25249
24449 28747
20963 25757
25881 26621
18710 18711
28828 29382
6731 8789
9758 9759
12219 20846
13567 13568
16657 27640
4496 26838
4282 28245
6779 15323
12799 17579
25194 29401
8379 27305
10243 27744
12767 24458
3997 26820
1121 1211
25300 26400
17073 29155
24597 24948
24959 28102
24877 24975
12056 20114
631 4915
24304 24338
4857 5679
2113 3495
17059 18640
671 6865
2730 19513
28680 29255
9971 24332
6295 6300
24312 24816
28278 29022
21202 24174
3174 25198
3572 8093
6572 6606
978 26381
6392 12014
4282 24539
6766 27702
379 7563
2168 5366
6423 13662
9711 29124
3040 16465
5593 15323
8181 11071
2296 2351
20426 20428
24178 27791
24087 24088
24909 25770
6778 15323
7198 28695
10244 26086
280 15574
26045 26138
2674 26920
3233 24305
8096 29306
8773 24975
3019 10643
3287 28687
7559 24939
2840 14132
24210 26349
3805 5480
4683 15389
17333 27253
20552 20708
3319 4566
1199 1200
19626 26063
19724 19725
10915 24601
1506 25453
9743 25466
22704 22711
8260 25025
1053 19657
317 25509
1121 3847
10674 28307
2117 3631
4882 29390
6672 12341
14068 14100
20783 20784
18680 28045
19546 26712
1867 2076
1445 10698
10880 12568
13767 24305
300 4588
6267 6268
15626 15643
3019 8537
25019 26800
5427 29215
12133 13177
3814 3990
6498 7353
14100 25834
21837 24122
1589 6537
9436 9438
255 26245
12078 20114
25084 26434
24312 25979
17059 25607
25246 25941
4371 27094
27035 27135
4575 25653
25170 28863
7556 10415
19688 27012
25528 25558
923 1489
1741 29140
25531 27910
18546 26240
24582 28987
257 4391
2936 24409
7755 27585
9378 24667
3174 28058
2113 16384
4123 26936
12263 25822
7920 28631
14561 19381
10731 10732
13083 25148
15943 16444
9867 25638
29389 29391
2828 3572
14448 26481
3317 15621
11090 16111
14300 14301
1941 3972
23847 26418
18847 25254
17804 26319
27054 27108
10018 11555
5088 25466
11802 11931
1490 24210
27959 28718
425 7471
20498 20500
28647 29002
3020 26963
27611 27618
7682 24560
2656 25866
14757 29211
24274 29652
1835 18147
923 15808
5813 28465
3449 29134
9634 24716
24029 29786
13907 13908
19630 24898
477 2100
5450 5451
27060 27258
24794 25658
22332 24005
9899 25732
1795 27305
17059 27918
20181 20183
25834 27702
2814 4943
5616 14174
4691 24716
9508 24337
25106 29097
14070 24392
646 1001
19671 25254
26020 27767
27637 27676
27348 27373
10744 25498
10788 14252
13806 25943
25658 28100
5713 5718
2937 25395
8517 16226
18982 26148
20520 28805
1984 18974
9116 28092
26455 26456
3174 29060
1105 1445
6869 11687
12476 25288
23904 28022
4304 25509
10379 10398
2588 25717
19642 27347
10137 22697
3518 26774
18311 26653
10520 26130
13699 24931
7097 7224
22729 22730
2010 3019
25035 29390
846 7650
3174 5297
9000 28131
4566 26662
18645 25246
25963 27575
9899 16256
6601 13817
24753 27479
9198 23955
6651 15323
255 6926
2423 27127
23847 28118
17600 17601
4416 25653
14126 27644
1478 5333
10871 25928
9997 14884
22404 27104
5322 5354
13621 25354
8626 16309
399 6458
15862 24286
3574 16444
9215 29306
3822 25592
19293 25963
6134 29229
9552 11462
5808 27234
2753 25817
9584 26173
8595 21471
25062 27252
9591 9592
7300 25071
23878 25481
4933 25750
17417 18267
410 1375
10987 28029
11205 12813
914 6309
8379 26863
4207 25740
2680 9423
11610 26340
4123 26064
25386 29156
14466 22966
1285 4090
8797 10074
17328 17335
9536 9688
10745 26844
18306 18310
13546 14769
12021 29419
2299 24467
19359 24701
9035 24965
21683 21694
28562 29161
22963 22964
26117 27680
25944 25945
15897 15904
25905 28935
4900 25866
6142 10028
20524 25237
322 25509
6731 8696
11528 24472
24733 27819
24909 27479
3803 26873
29286 29288
13429 13432
25884 27196
4978 4979
3019 14512
3109 29210
9559 25717
10501 19512
25766 26523
12175 25026
12585 12587
2784 24367
2408 17408
15808 29140
4030 5317
2596 10852
10018 11811
10458 27983
8188 28820
7920 25384
25518 26931
5865 28318
12682 12687
3994 26795
14769 24202
24075 27872
4876 27226
21455 24546
1885 27517
9176 21794
3035 17654
960 3287
7901 7906
14940 14942
11330 11560
1860 6375
1176 25867
5723 15379
24920 25975
3157 27128
28089 28090
2842 25490
27261 27262
8349 8351
6601 24330
19171 20573
24986 28072
15553 29097
140 29583
828 26465
4759 7112
19381 25740
1465 4371
7021 28318
6647 8219
8163 25019
4883 26252
1854 6694
12799 17618
14278 28632
8248 8250
24809 27306
10467 26898
24754 25095
4777 27874
7035 25695
25066 25068
7519 16979
24180 25913
2538 24765
26490 26494
944 2832
15836 16877
23897 24765
5108 9395
14669 15051
11113 25084
8628 25638
2262 21255
23097 25146
937 25367
25386 27014
24217 25868
12739 12740
1835 8266
18790 18791
14906 20573
24941 28468
6244 25866
9729 9752
25346 27184
626 2118
25448 25523
12263 19370
2319 2702
14885 27803
8015 29097
5656 27441
22263 22264
24384 24401
3572 22734
10093 25684
17398 26434
9616 10636
255 4129
26330 29059
23921 28262
968 5247
25425 25593
19637 26155
1072 27009
8277 24540
806 6482
9987 14418
27265 27294
7619 15731
25394 26392
15058 15059
1650 4658
15620 17960
6906 28829
2739 29726
1285 29316
23510 23516
11435 24189
8349 15773
24975 27294
25624 28885
8127 28284
24701 26060
13395 13396
9577 9580
1872 24894
5397 5402
749 25435
13106 17061
8390 8486
635 24239
14880 15313
3470 26236
3303 27260
26483 28309
871 26166
4215 15620
4247 23125
255 15218
13161 25717
24422 25587
14855 22277
849 6006
7695 9288
26330 29024
6849 24663
1892 28095
13294 25905
9227 15542
2937 19159
486 7169
1876 25246
21791 21792
20528 25237
7557 13315
557 625
24312 25983
10213 10214
16196 28907
1611 24018
3914 3915
13071 24765
20682 24117
16521 25386
3284 15798
25837 27637
1460 17004
45 29601
8718 9425
3311 24710
4495 12961
24894 24901
671 27618
4216 24294
1469 4850
10953 15653
2960 27618
14557 27799
25185 26926
7570 7721
660 26434
6232 24180
10515 19559
23952 26426
9309 24962
11035 24114
4926 20131
14009 14014
24739 27168
2112 26351
1475 7765
15755 16090
3031 6915
3019 24224
20249 20250
608 27435
24959 25756
19258 19260
4809 26086
3019 25106
15604 15605
5385 17262
7578 10461
1584 26166
3933 19450
2337 25246
14424 19694
8005 17020
10082 23139
3793 24743
8071 25025
264 265
23776 23779
1957 29219
10467 17306
8241 26316
727 748
24474 27441
1791 29306
4362 11911
12496 24357
2936 24338
3945 26578
17615 26565
13656 29045
1018 20837
12545 25962
26220 28245
12340 24228
11659 27149
11028 26330
6666 25509
14551 24122
26572 27431
1046 7689
26926 27515
486 29772
13744 29536
22051 29773
26728 28704
24787 25277
6694 25975
17 29483
10721 12960
4123 24612
4410 25653
18035 18036
10984 10986
1265 1266
2034 24210
26520 27441
1046 24592
6947 16739
11107 25528
13354 15997
25489 26629
1707 10652
25256 25430
22332 26332
15872 24374
8174 8288
10501 25416
6707 7496
10212 26086
6425 28042
4643 13794
15563 25514
1723 7755
24547 25047
738 27011
13546 29691
4882 26144
5314 5315
19629 25254
14034 29503
14391 21621
5300 12842
13546 27828
10497 26817
3206 11466
18619 28045
8379 24317
1274 27482
1922 6309
4882 29124
25498 25975
20573 24459
6342 28724
2937 14643
19674 23870
2960 3174
3035 17579
24189 24909
20102 26154
7537 25913
24921 24922
25019 28040
4341 10421
2291 21255
2118 28638
24501 25127
7324 9231
21107 24000
15323 24389
27406 28095
25095 27433
16039 25653
4355 4356
20789 20828
3550 12355
2777 8331
3322 13274
24584 28769
13985 15563
13274 24556
5127 10530
13084 24927
13536 13537
19546 29289
5750 24505
25408 27491
8783 26980
4123 20573
14418 25448
3857 25096
5325 27787
9244 12175
24694 26332
298 29219
5919 26202
1766 28863
2960 9526
25461 29112
4756 25254
19456 25254
425 22332
7918 16767
10910 26551
8956 24949
2936 5789
14835 14910
14883 29170
7390 15686
4125 29140
6906 11004
5861 24353
22697 22699
513 2689
288 12582
11436 14691
21876 21877
1509 10588
24312 29239
8738 26979
26330 27137
255 23955
12799 17591
5931 23950
625 28878
961 3938
7716 23759
20537 25237
24986 25715
1909 16039
7223 19479
2748 16096
23878 26678
25164 26993
4205 4210
24910 24911
241 28566
8379 17771
1339 27882
3174 26409
1325 24180
194 806
12092 25224
24732 25116
9868 23629
27648 27651
730 11672
1090 1922
16776 16795
20253 20254
26077 27122
608 2129
10472 10473
10812 28085
12088 20114
255 7326
16213 28907
22890 22895
24877 27123
12010 21113
25509 27808
2265 28045
4882 16537
10812 11573
9256 28907
6111 10501
25386 25391
1040 1553
4123 26915
16520 25252
7741 7777
5845 25866
7198 25932
7223 25561
14225 14458
13318 21455
24210 26447
24299 24464
7647 8437
2072 26523
4999 6724
4322 26611
6724 20455
24986 25729
19270 22440
11051 24134
17060 25095
718 24667
25405 25406
4554 4556
5835 24462
24791 26662
17237 17238
27241 27481
4106 14171
15251 28764
8682 27241
5398 5444
26742 29219
4416 21899
2773 23850
3254 7774
19387 27867
10582 11385
12361 12402
1551 24450
2668 6392
24721 28562
25394 25850
14141 14248
27347 27892
10250 22740
20505 20506
27781 28967
2842 25634
638 11091
3019 3287
4559 16976
14583 14595
1903 3206
12080 23349
9486 24254
5216 11373
1635 27120
6603 7368
7223 10629
616 26351
5136 25904
12649 27622
25824 28088
1478 7144
1867 24389
247 28318
24705 26556
3024 8116
25489 25505
6597 15323
17151 24811
10363 25610
1285 27317
12696 27158
1335 2704
6745 15323
9992 10881
8696 8697
24901 25118
3844 21404
26420 26551
2500 7809
7223 10589
4129 25740
8176 9299
3803 26303
19159 25833
1636 6937
344 26698
6790 9286
716 24667
10059 25680
2225 13806
12949 29219
24189 24731
17197 17198
584 26351
23878 26667
2686 24986
21367 27404
1344 6757
9480 9752
27718 27719
799 28407
5108 9359
7169 8633
16247 19637
17059 27881
2618 26077
24986 27966
23878 26338
13099 28132
28017 28856
655 7886
7198 29537
14500 26765
21420 21424
3174 29005
5033 29401
4723 10931
1006 10534
1318 1339
13949 15563
9033 27011
13117 17064
24451 26179
13784 23905
7157 28318
6889 26824
557 24809
10099 12799
24949 28019
13851 13921
6498 17262
1039 25467
6352 26600
2293 24323
608 8241
5813 26195
21794 25489
24232 25614
1475 25499
1445 11824
9899 25300
11193 12480
89 24844
14840 26071
838 11707
591 25430
5578 25479
24690 24812
14296 14307
16444 24898
1350 2159
13636 13638
17162 17164
3882 27702
25084 27039
2836 26621
24789 24790
3972 27489
2841 11267
9562 11435
24909 27501
1018 6757
3839 10749
12212 14418
1635 25866
446 16444
7066 11207
893 28118
25866 27793
5588 15323
24690 25311
17473 25643
19559 26005
23177 23179
17871 24349
18718 28289
1635 24713
5958 23856
491 25892
25322 25428
24534 28891
3454 24656
6724 24882
7626 28245
3128 24280
25834 26901
3174 24996
19469 19470
1369 2073
776 1750
806 24519
10119 10120
14647 29762
6276 27702
27241 28562
2579 11259
22332 27460
25148 26071
135 26974
28713 28814
3572 26050
3611 16406
3287 27376
11966 26621
9649 15459
383 29086
9616 27441
27288 29257
28465 29161
45 74
1445 15367
425 3194
4129 24656
4216 17389
12808 24013
6326 6799
3559 20772
6724 25822
2113 8163
10369 27423
18653 25246
19870 23870
6947 15431
2777 25119
1429 28969
24577 25490
6687 27803
10534 15379
11793 25634
209 806
23878 26673
25674 27682
9823 25413
13688 15323
9735 12517
19476 27764
5702 25824
27288 28871
14545 20580
19585 25528
12800 12802
4617 24338
12959 13519
24170 26198
2533 29401
1772 4111
6173 6212
6757 26722
21536 29403
8093 24499
1542 6261
12496 15335
8277 24582
11879 11943
23921 25454
3953 24663
1671 4991
2444 28045
18194 25262
3972 29122
24880 26765
25344 25430
23531 28475
4932 26086
7727 27591
15808 29264
14777 27893
10093 18718
13315 24228
711 7920
12778 17087
15988 16008
18843 18845
1147 19637
11916 14691
17733 17735
19331 19336
24550 24556
8805 24753
20057 20059
255 7386
2696 2697
24189 26974
4233 29110
27492 29097
6399 26632
10149 14615
1902 29373
17398 24532
7727 27801
1242 1245
368 413
24549 26329
21183 29731
14384 14386
19659 25254
3945 22550
3945 8797
5371 14182
391 4129
20953 21947
19564 25254
11756 24601
13352 16002
6135 10501
7313 20671
11435 24701
23847 25674
825 21255
521 21378
18532 18533
9608 26017
23860 23963
871 22332
3035 12809
24312 26015
10919 11564
402 860
856 1433
11601 24959
19104 28847
9863 10447
8961 28085
27205 28777
557 3030
17080 27425
12361 16444
8797 10787
237 7625
1390 28969
8274 25050
7223 7735
3936 24210
23878 26411
24899 26863
20548 24029
3803 25974
8277 11462
6242 12755
23952 25490
19526 19546
10249 27893
1676 19472
8188 28230
2840 23334
7208 28318
6449 15323
937 25366
1951 26303
4293 24953
1339 3287
3994 25052
7119 26781
12927 24888
3128 10892
7182 24274
3651 29227
2234 24955
14009 14015
1951 1957
3732 3836
23878 26469
13987 27305
595 1121
4382 27969
25095 26486
603 24939
7140 24933
4391 24949
799 11075
7608 14340
17333 24944
7700 8113
14013 14015
237 2151
13110 13113
24894 25095
25490 25580
7952 11687
24939 29177
9220 26317
745 26470
3287 9952
4926 19542
17366 28847
486 19567
4659 10770
9094 27045
11435 24179
8379 24904
5730 27241
10501 24329
9993 28307
19414 27812
18607 25246
10149 13846
954 18212
10903 24938
10658 28307
4280 7223
7313 26155
378 26020
11805 28102
10743 10910
4936 28562
860 26930
16537 17472
24831 24986
24776 25106
15379 15764
13315 28332
2936 11610
20103 24959
28956 29197
16241 28907
27811 27812
1699 29124
4058 17223
23675 23676
13969 15563
24089 29628
25735 28145
10157 26086
7683 9231
704 17095
24338 29267
1627 27230
13709 25489
7954 8573
1 25728
6006 13274
13976 15563
18060 28140
25008 27506
6855 28318
168 29583
888 3857
24937 27051
12645 22250
10446 25385
19370 29024
25547 26706
2662 24986
24701 28630
3244 27702
6342 29219
19593 24304
19794 29081
23186 23187
2558 18864
23378 26985
18593 25246
1075 16444
10594 10633
879 6770
2326 21255
7385 7487
2842 11661
1456 26703
410 5416
12021 29457
23440 26793
6550 23878
8379 9486
10298 20228
3972 13275
24899 26404
376 671
10796 10797
2562 24178
6515 26253
12983 25050
590 25430
24275 26662
11462 27404
12799 12800
4271 25729
6694 27771
15335 24799
9983 27294
6392 11941
5160 13632
676 26042
5014 13083
745 22332
3403 26095
8204 8207
860 27966
24170 24180
9673 15218
1274 2765
8024 29097
5919 15251
6444 17229
18829 19688
256 16208
8894 16441
11046 12453
11726 24601
15419 24724
521 871
7580 27025
3174 10636
5957 25841
28112 28113
1557 7849
24418 24432
15674 15678
1584 1860
12559 22243
21892 28404
5383 21209
1168 10716
1263 10996
3972 4813
577 28774
1039 28681
8967 25735
24089 25735
24319 24414
6090 24152
12927 12960
5927 5928
8959 27041
25303 25452
26303 29503
19602 24750
24787 25285
25624 28828
526 12598
8241 12772
648 24389
24312 26036
2204 15323
255 7304
6806 6808
4960 27218
22332 25763
1876 2235
24376 26578
24705 26496
4293 27514
26131 27851
14090 24312
1503 24747
8802 8942
14401 14403
14898 15313
28453 28454
14256 14257
15579 18272
734 17661
557 1401
4344 28245
625 27977
11435 25614
701 985
10234 25094
255 7291
4767 19508
15497 29175
28318 29001
7140 28118
6342 13459
494 13987
12816 26394
23878 26863
23962 25105
10852 11106
19613 22440
23878 23955
5770 6179
1750 1836
24956 27131
15355 28829
23097 25122
22726 22729
24108 24312
3089 28863
17595 27233
27154 28799
9176 27745
19476 28118
8023 27423
11106 25849
2545 24623
24612 28562
806 24930
21209 29487
220 26042
28077 28143
546 2065
3202 27702
7223 10026
21183 24056
2112 24180
7505 18428
16716 18184
1987 24975
255 7296
255 11217
16069 16870
25749 28644
990 1159
2632 24702
25489 28947
401 29112
9536 27724
17059 27861
10446 24433
3364 7982
8773 26838
10501 24479
12747 17594
2629 27122
4013 28118
6112 24462
154 10626
10545 28307
10286 25740
25430 28885
7362 19593
24395 24463
24152 27955
22332 24701
3930 28066
24210 29509
14569 24011
8154 12635
24312 26131
24941 27123
881 4374
2415 10373
27893 28644
14341 25872
20147 20985
14840 26781
21720 21721
4730 11022
3839 24943
12828 13106
5792 28118
465 5919
4542 11154
3858 19479
13546 13931
26722 29685
255 7482
14435 14437
11585 25454
15086 15104
1619 24018
4113 24291
16537 25234
15091 15093
5284 5285
25664 28456
5843 5844
3537 11559
5273 7066
10117 17605
4123 26932
24178 29401
23778 23779
4830 25866
24914 27248
535 27386
13235 27210
24519 28872
1605 26348
7169 8666
6154 27441
15808 24335
12960 19567
432 28562
29575 29672
1584 26020
13016 29821
3858 17207
2263 18823
2049 28822
12107 20114
4821 4822
11021 25698
25408 26426
2680 25294
14458 21311
1905 7182
10026 19479
8379 26095
25008 25341
26952 27348
24590 25259
22332 29097
15911 15918
8241 24335
21494 21495
1625 29097
8053 11071
205 13027
12699 28240
24957 27031
2141 11391
11137 25528
3656 27780
10921 17344
23811 24105
13841 25457
4394 18223
14341 14488
2955 24931
310 13975
4362 27198
20526 25237
3120 25234
24146 25841
747 25608
25766 27786
671 27622
9562 28318
25489 25964
11708 24541
15075 19432
19271 25614
692 3799
2948 19593
6444 28041
7513 24243
18704 19184
7779 24567
16406 27094
1285 25727
2791 25866
5209 7316
7728 25466
25133 29201
8379 25621
22247 22248
177 25812
15051 18685
27306 27495
4030 26996
8534 8538
4059 27382
255 7465
4936 9899
10093 26506
402 24534
6747 27103
14769 19359
28681 29413
6707 7353
25489 27847
9276 11610
828 16876
4355 4368
26982 26983
20054 20082
8089 8091
7374 25246
24656 28715
3839 4746
15084 24548
19676 23878
25009 25827
944 26715
13161 20367
10636 18466
871 882
2634 28731
13883 13885
14788 14897
9475 12960
24000 26662
27125 27148
14352 19359
838 3019
4403 4500
8093 17059
17333 25610
11436 11476
5721 15419
29443 29459
27441 28465
1274 6839
25634 27157
4355 10917
10508 25103
21892 24889
14448 24711
4882 28230
24389 24592
5286 5287
3572 23870
6453 26943
14840 28446
13027 24439
11564 25658
3745 4019
2988 11502
9256 28969
21255 29397
12817 29155
10939 18795
8872 28885
24000 25430
0 1
16102 29402
7159 27294
4013 4699
11976 27096
9994 27050
27742 27743
2428 13246
1518 20161
5865 24154
2304 28045
1263 28011
8894 26701
21539 29403
9899 25597
8379 17185
24061 29219
465 6950
7622 10812
1940 6244
24894 25106
236 11389
18398 18438
13294 26270
9236 9339
1469 11417
16089 16090
19546 26216
2038 25717
25227 25228
460 13643
19381 27863
5008 29401
3781 26394
11140 11149
6276 18509
12597 22332
598 25008
3297 11043
1426 8274
24363 24383
13747 13755
285 21178
25386 29198
17512 17515
2129 5160
3156 25466
9227 25252
4540 8277
13274 24395
21255 24024
13080 13081
15323 26610
19512 28016
14162 26130
27638 27685
23878 27195
7456 7464
7169 29054
3349 4566
25834 26110
3287 5260
626 1940
11610 25203
6849 21255
8379 27285
13304 26621
9506 23947
13795 25438
625 3393
27481 28467
17606 27241
11435 27749
27210 28172
3572 20815
25889 27801
18184 25284
7324 7570
9613 10892
26838 27907
24898 24931
24752 25026
15764 21344
4971 7659
20244 20245
24178 26603
17614 26565
671 26561
24332 29175
1077 28607
26689 26691
207 1376
4342 19585
17301 17304
13541 13542
25095 25118
20040 20041
13739 14743
10302 22747
14252 27894
2308 2463
14794 14900
11182 20482
6705 15323
1285 27944
1455 25653
2937 28029
4355 11277
1 24250
10922 17344
14524 28548
908 28118
22187 22188
24721 26550
6962 6963
253 8538
24739 28366
9497 26926
23876 24000
20103 27077
23878 28285
9419 12175
10852 27441
25297 28847
19538 24312
12388 16391
2083 26232
7223 10587
18670 18671
17207 24986
724 26551
24986 25766
24180 26551
27821 27861
3647 3652
14695 19893
26252 26271
14521 14522
14449 25479
546 27702
17628 25386
28124 28145
177 4915
25462 28180
24098 27893
7934 25241
28777 29475
8071 17152
21985 29765
17457 17462
618 26386
14513 27167
25866 28199
16240 28907
11337 11737
8147 29306
8287 28325
255 7297
3019 25095
20034 20037
8348 8351
25509 27878
1835 1876
12607 22332
27284 29401
5137 25078
8379 24552
5389 24612
12828 25050
1445 10883
6232 29632
4106 6601
4215 24684
954 25021
13739 24233
24719 29380
18468 22102
3873 27894
7353 25844
8379 27256
2416 28045
7642 16819
2185 7313
14418 29376
21821 21822
15323 26252
7126 27261
1248 1262
2839 24305
6601 24389
6526 15323
1739 19626
9006 24949
1258 27522
16 15420
20961 20964
2999 24149
5277 8241
1053 24688
3300 26722
7517 24877
8728 25186
8777 29725
28118 28884
21632 22562
17151 25851
25441 29404
8093 19593
660 24995
22933 24089
9999 25514
24986 25052
24214 28899
15106 24903
1551 3745
1735 4991
454 7637
1221 23878
6185 22083
25844 28884
2843 7223
1183 8241
13771 24305
6601 11504
24678 25527
24634 25203
20147 24002
28425 29550
10981 27298
3572 24140
3857 29046
5649 12346
84 9506
21255 29448
19619 24312
27560 28167
16764 28395
16256 28124
26054 27942
24701 26985
25634 27096
10976 28767
24525 24568
486 16965
6402 24735
24894 27294
6134 6142
24441 24519
7353 29027
9562 18678
7022 28318
18026 26796
24959 27051
3572 24116
9589 10954
23878 23991
1005 26086
11272 15563
24624 24633
1885 1927
1376 11579
24011 28544
17971 18147
6599 7368
11196 24959
20562 25237
8073 29097
26325 26429
1957 27724
23792 23793
20306 20307
15389 29170
5702 26528
2343 25246
14500 20202
1636 17140
24757 25730
3572 21643
11827 25452
25386 26426
19736 19742
5242 25887
1158 15161
26132 28703
562 25430
425 2887
10105 24612
14088 14106
5073 5074
625 28009
428 8163
4604 4605
3448 21137
22333 22811
22010 22011
6601 26681
7918 14073
1072 27221
477 1584
255 23861
15065 15070
1487 1492
9732 25527
15764 24414
11064 11066
4160 14689
5921 25224
9252 9497
331 24411
13354 15503
12059 20114
23878 26425
17528 27283
13204 21255
25449 25610
2500 7822
2118 8872
16612 29083
255 28878
9309 24597
14984 20762
6944 28318
26270 29097
3637 12821
2654 26030
6510 15323
9640 9643
10869 18651
23857 29401
27339 29097
19202 19203
24959 27196
503 13817
2784 19472
26765 26952
24746 24883
24322 26151
7068 28318
24727 27955
4605 12874
833 27151
19861 19864
10594 18012
10667 25512
24871 25118
4093 25946
25456 25462
24769 28735
16104 27411
16281 28284
14399 19666
4882 28845
11132 25528
9256 29219
738 750
5354 5881
806 14883
1736 4991
26054 26055
27724 29221
10877 19248
10093 27205
19562 25940
8176 25073
3287 28799
7353 26240
26887 28472
7654 26486
671 27648
24710 28028
5354 5616
24949 27045
8379 27503
4958 25866
17716 25386
7691 21344
272 2129
19674 22878
671 25695
2577 24308
9302 24924
5909 8030
16293 16294
4925 19449
1876 6142
10165 26086
24885 24905
20147 22332
18429 18431
549 550
9929 28139
3803 5108
11753 24601
6418 15563
3020 11610
13027 24563
14141 28570
11181 25430
29423 29510
11462 28631
1835 24929
745 29160
23902 24548
627 21305
15563 25477
27414 28629
7927 16999
8379 27504
1716 6707
7700 25055
10915 27149
7716 23761
11003 19445
2118 28776
25008 25095
7840 11217
2043 11707
18466 24338
2119 10996
6392 19688
681 3223
4358 27036
13755 25386
1434 8241
17422 17423
1424 26030
1121 5876
8099 8431
19600 24601
7925 24243
645 29155
17059 27891
21255 24069
10951 13739
1731 4991
6791 28711
28828 29097
4971 27523
5501 5504
882 6707
280 1860
7514 13193
495 27591
18333 24612
9586 10910
4917 25866
6921 7014
5845 25827
9534 17251
21868 21871
22387 27841
8419 16368
942 29534
4167 19026
572 25430
8379 27429
24939 25486
27724 28814
10018 25448
13524 25252
11805 18829
2217 25063
15618 15621
26332 26659
21209 29454
2645 3572
10133 10343
919 11124
9791 9822
24332 24657
1919 3972
12134 25325
28969 29057
21801 26804
1922 19270
3572 24047
13204 24763
521 26166
25300 25646
21624 21626
10386 26541
4358 10007
6525 15323
27258 27349
625 27968
10585 25642
6134 26044
11405 25888
26653 27168
10662 10663
1088 1100
24787 28562
11075 25864
9276 25489
18672 26578
11156 25528
7043 16846
18979 18980
15475 27339
11071 24228
7727 26095
12582 15323
6197 14996
410 2151
23878 26563
25761 25771
20789 20819
21183 22811
24663 28564
14400 19666
4761 19381
5397 5470
4352 10000
8379 15531
1485 28661
14505 15113
1833 24677
18400 22550
745 9562
4327 27702
13009 27011
2293 3591
12195 25824
15463 28270
26434 27039
9372 24632
5721 29140
21153 21155
8572 15943
24612 25468
19026 19381
1315 23857
2313 10697
19445 19521
8710 29534
1424 26117
17251 24376
28060 28617
29277 29352
8379 27369
11435 24532
5825 14141
9424 20608
17059 27543
26551 27856
2588 26662
894 15162
24675 29173
8837 25816
532 8379
6394 9390
24180 29097
7223 25656
11492 22250
648 29002
8188 24214
11067 26330
15943 16965
3657 14872
6440 24612
10972 10973
12445 19512
2026 14448
4612 24212
19620 23944
417 7963
9607 10892
4271 19381
25297 28095
21878 21959
24220 26383
24787 25246
9271 25249
14680 14996
14680 27796
1835 7755
10137 27158
11051 27745
5711 18300
2787 9326
12861 23955
16205 28907
7637 23878
849 24252
26920 28011
465 5480
896 1325
4144 16658
12652 27622
3019 28752
24535 24556
19620 26125
12263 14396
19581 19598
7559 26975
17658 17659
21106 25093
6731 8708
24089 25742
7690 25169
20770 23971
25544 25642
13795 24675
24418 24426
10145 26086
24210 27265
9081 28128
12276 12278
29284 29288
4461 25653
15118 23991
14512 24584
24786 27441
16228 28907
625 18565
3938 28899
327 25509
2588 29374
24809 28472
3287 25047
11435 19676
12214 14418
3796 13705
25440 25498
16185 28907
7963 28682
12960 25042
25084 27258
8242 26873
3572 13731
4 29786
19204 26112
10665 24961
3539 3541
11816 28125
24667 27894
2632 19562
1835 26873
9899 23531
3174 28202
10019 25621
24389 27894
1415 6922
2201 29401
28196 28287
24612 28544
11148 11150
7371 26486
9043 25890
6733 15323
153 2588
1121 3795
4678 12937
1007 26325
3019 17639
16034 16041
3739 26273
12517 16887
24975 27414
7456 24397
17639 24519
1519 12983
6212 22113
631 28305
1510 16444
923 24612
2500 28795
29562 29731
8034 24557
15537 22584
9996 25621
7755 19526
14601 23019
6346 13315
11492 12646
2842 27091
3244 24422
12582 26974
860 1439
24357 28907
177 25819
23329 23330
26166 26889
8966 24089
2231 24719
2079 26465
546 6342
8866 28446
894 17015
9286 9296
280 9552
6392 12016
4971 7456
3308 4566
2718 10852
10118 24612
24612 26036
17015 17262
6959 25684
10812 25884
7093 8969
5338 5340
16049 18560
25466 26638
1197 19637
25912 26781
288 27622
5133 18718
10880 24005
27236 29742
25488 27115
2197 24178
18026 26881
8215 24674
5683 21980
26758 28095
5292 15254
626 8241
25066 27739
17804 26125
7435 19676
1551 3739
22103 22105
1860 19248
20770 24020
9723 9752
2065 14314
15036 15041
7559 13259
24792 25910
17333 24961
860 5740
21015 21017
25455 25991
24219 29306
18509 29175
23258 23266
6508 21344
12890 12891
12015 12021
1344 28562
5054 26252
13920 15051
3938 7639
20931 25386
1080 29210
2165 3745
6074 6076
7140 26703
3174 17572
15323 26317
26853 27915
36 7066
255 4680
7678 22877
8152 8186
4813 27273
24968 26050
3276 29796
3333 15657
5480 7627
19458 25984
4981 25866
22708 22709
848 24152
6299 15323
6860 24024
8506 28606
18718 26283
14427 14432
21389 24749
24857 24858
6160 22089
1602 25866
17283 29492
9454 24811
25234 26260
477 28729
4350 4559
7300 24563
24141 26662
25982 27481
19204 24312
27025 27184
24898 28473
24708 24754
25763 26381
16256 24312
22440 25514
24949 28717
1982 15323
26205 26360
7074 28318
352 1351
21699 29074
22712 25564
25804 26052
14341 14475
16351 29094
11958 27189
20925 20926
24732 25112
16260 28907
4943 28647
18093 24679
10394 19630
24159 26593
1621 28299
6397 6468
21234 25288
9231 16384
636 1884
25594 28577
6094 10501
15563 24806
10953 16444
11351 13681
13258 26621
23847 27706
4355 29100
14883 23857
660 10696
7313 20080
9424 20611
11193 11299
2615 4075
5397 5476
24956 25606
1127 25834
10378 11266
25430 29162
174 1835
11001 26064
11168 27104
1456 28745
7024 24931
7066 15324
15426 15428
14054 14082
3255 24224
391 27497
2680 24374
559 24975
4778 19381
25073 29306
6148 6173
871 27637
8009 8016
4304 4971
14680 26603
20677 20720
21837 21859
12785 12786
331 26510
10456 10459
2114 2115
25614 26392
9319 24402
6672 26785
12368 13016
18718 27258
1589 26311
15326 15333
1426 11046
9297 27149
22332 25430
7514 10745
3157 8985
1467 10066
28535 28536
3527 3528
5178 24210
1445 15375
806 29526
14434 14442
18400 27441
1983 26187
21596 21598
2680 15731
12167 12168
5565 24889
2948 5792
10285 26086
8133 8134
315 360
9088 25634
1758 3958
636 1989
26276 26551
25099 26593
25423 25475
6035 6724
24152 24871
2839 27543
2324 24271
5014 28422
3120 11435
29761 29804
5188 27802
513 26958
8797 10534
16038 21344
439 26020
1363 28969
21389 24748
1018 28240
13056 13072
6149 6163
7864 7866
6261 24876
16708 18885
13546 24383
3434 3459
7728 10619
28379 28724
5810 14141
9244 9378
1528 28003
2762 14318
24986 26765
1029 27657
12263 13876
546 18672
6627 28631
19567 24323
2463 4512
13055 13056
280 1442
10643 28644
17059 27441
19610 24634
9536 16304
12419 14569
10680 24322
18012 18609
17044 17045
12496 18038
1296 12371
13027 28884
6972 28318
12405 16444
12304 12306
2615 27216
14223 14226
546 28828
425 3593
4382 10263
10299 26086
1478 26811
7013 19476
7848 28863
3572 21671
5584 25100
24323 28885
2890 26406
24757 28950
1707 4883
14418 27010
2492 21255
17661 25035
12417 16444
10090 21255
15922 17474
1114 22238
16954 26460
25452 28091
15419 28781
5919 28255
24732 25114
28644 29357
6957 7021
1785 24894
24949 28097
7093 13016
3972 25576
24381 26060
26786 27009
18718 26345
7834 8091
15679 15681
1263 25946
22441 26134
5865 26028
8520 8535
23857 28369
636 1656
546 26760
19922 29003
9297 24924
11293 11294
8170 8172
25978 28114
23878 26335
12767 24394
1046 11707
1993 29175
3781 3896
300 12993
390 1224
1274 9288
2833 6766
1509 17439
22951 22954
24440 27030
2466 7182
25866 29024
6601 19049
4540 12861
4896 19644
11386 27079
25455 26086
10446 25370
7711 9501
1296 11599
6372 28415
24584 26621
19853 19854
24986 27584
2189 24754
1854 24167
3945 5535
16178 16179
16256 28128
3529 17240
5461 5462
14130 14131
1247 2784
5692 24612
8038 24092
3857 25906
24656 28718
17406 28847
12778 29768
20931 26351
23947 29306
3174 29032
12330 28737
3811 25526
288 2500
24338 24490
3174 28940
13569 28979
1111 24389
1922 27025
2189 11256
8379 28170
19415 27515
25375 25766
26184 27584
15612 15613
10004 17333
4442 4679
2948 18466
8329 25118
3540 28191
14162 26064
6757 24323
19437 28570
24597 26985
4588 4753
1007 28417
1433 27289
14808 24548
7300 12526
19657 27285
2241 6297
13546 27992
25203 29219
25203 29060
22712 25295
1274 29527
11610 17059
11274 11574
23878 26519
10987 24338
19137 23466
2784 14636
19644 24005
423 512
4211 28884
11011 19430
27771 27791
2827 29186
10017 15563
18311 25138
19008 19009
9334 13542
26130 26603
10945 23952
24312 26017
24389 24886
13290 26621
608 24180
11462 13547
13987 27878
18311 29175
6694 27791
1154 19637
6731 9187
10961 27533
10987 14011
10446 26125
417 15797
23878 26372
15563 24433
10149 11504
11014 26330
26774 27703
18 3495
13524 27910
5108 9386
1636 8176
7311 7314
5558 14046
12440 24228
26044 26863
3537 24601
17411 24274
12100 26632
1509 25610
10881 19479
257 25454
1425 14557
15531 27966
15503 15850
10184 26086
24959 27136
4416 21905
9143 18212
5702 27702
24566 28118
20573 25692
5920 14388
14159 17251
28373 29219
399 26470
9131 11435
5252 28828
8163 13656
1835 8259
5640 5917
9220 25213
19525 28318
17701 28438
11063 17059
26003 26004
9899 25465
7559 25711
6482 16444
19315 24312
8672 8944
882 26781
3755 26811
19709 20014
25744 28644
2773 14906
105 26974
3142 28329
4385 12935
24293 27929
24282 25653
25452 25499
24931 29086
24939 25457
9060 27011
8023 27050
26887 27983
13833 25235
12578 15201
4843 28095
6952 28011
5235 29175
1656 29217
26247 26442
7138 28318
7779 24928
22163 22164
14341 20737
257 24149
24312 28213
7347 7354
10079 27037
16466 16563
3361 3628
24206 26340
21209 24541
17151 24149
25883 27882
19602 24715
3435 24149
7173 28318
21802 21803
14155 14647
17542 17543
2118 4123
660 1074
119 14656
11217 28799
5292 26873
9495 9496
2936 5768
7344 7356
8068 27894
182 2851
10137 22706
631 6672
7411 18484
7765 15431
16737 25746
935 2843
11051 24601
8486 28863
11435 29196
6425 24399
391 26020
20069 20737
9385 9386
2907 25866
154 29068
10286 24276
9687 25271
4943 7434
25074 27312
5022 25062
14263 25438
1732 28863
926 28847
24386 24909
2762 19699
13083 24701
995 5177
402 5480
10578 25563
25697 27198
1108 27195
3857 25270
24986 26034
11113 24809
24615 29210
7353 29682
26047 28616
27820 28029
9276 24725
4291 24425
20103 25610
28828 29373
25019 26473
9424 20634
5628 5883
3031 9943
2929 24532
635 7300
2165 3929
19041 19042
1168 15420
19699 24000
24842 28379
13842 13844
24898 25689
860 1452
10282 23878
2632 14079
13118 13119
3174 3529
24721 28287
12711 15359
27230 28562
2700 13720
24382 28010
596 4340
1426 8071
24152 27304
21546 29403
3287 24916
1007 25722
12799 17604
7159 28245
2516 18231
550 3387
8272 8280
13194 28276
6731 17417
3805 27609
465 7075
12226 12227
11394 25466
3945 24347
12268 12269
2423 23906
2372 29401
391 28729
25904 29030
4317 9176
24312 26094
20718 20719
15218 17015
14111 19483
6694 26348
832 25633
21209 28207
24224 27398
9508 25294
2611 13546
25452 25458
21255 27422
26047 29076
529 28799
15563 25697
24612 25597
26060 26330
12082 12175
3138 28863
11012 26531
8713 9468
1919 7182
16200 17971
11401 11439
18718 24467
11887 11888
3597 14352
11526 12132
1946 2563
352 27375
15531 24884
14883 28884
4896 25430
14068 24275
13414 28284
9419 9464
5839 24385
356 1697
19785 19937
7537 7659
4437 28743
14872 26134
25300 26817
1461 23884
13194 27353
25386 29207
9990 10254
23906 25448
25827 29175
27664 28318
381 25943
9899 25553
11707 15642
6669 15419
5919 27491
24443 24563
577 2010
9686 9687
1134 5084
24692 26060
8223 17315
21585 29290
25730 26844
1795 21794
24551 29210
3142 29000
17060 17174
11619 24937
25653 25916
9286 11274
19658 25858
26071 26134
13927 13928
27174 29628
27030 29210
21656 29706
1046 6446
15911 17488
24891 26853
6248 27441
331 7963
20512 25981
5240 27543
11598 24959
636 28907
3210 8684
24907 28256
14513 19562
23908 25256
11657 27036
4936 24312
3572 24184
3814 25287
1868 29210
16988 16989
454 7140
4896 13459
14065 28421
11030 24959
14347 14348
1285 26703
7093 8181
3945 24371
5326 10253
6264 26958
21554 29681
29551 29778
1806 28788
26130 27756
24274 28027
10475 27184
28061 28203
24726 24920
14672 23943
561 28719
2636 2638
25615 25844
3174 29028
566 25430
25406 25882
14069 16785
10326 25269
1285 6922
10501 18625
27051 27085
25614 29016
521 2668
2730 26125
16461 16466
383 8241
4510 21899
26710 26741
14994 27495
1285 27320
19455 26920
20114 27054
4828 25866
28399 28422
25300 25311
3287 29375
1842 14647
15355 25027
24957 25305
25038 28784
8152 16538
12154 24219
24705 27252
4950 10658
19171 25564
1724 5907
10915 23922
13516 21802
8791 25249
2787 25084
20848 24329
14245 14246
1285 4021
1127 12645
4757 11462
4129 27305
486 29808
10469 28577
24312 25855
860 3244
3763 15151
25985 28562
7066 11245
19533 24304
24679 26060
15594 15595
25621 27209
17059 27817
1347 11435
23715 23716
21425 21426
24178 24179
16009 16042
6258 15392
14003 15563
20114 23139
872 1899
11430 25466
19479 27077
2937 22944
1909 21255
8386 28799
22839 22840
1893 18672
2500 7742
26433 27272
4393 26838
24189 25008
22332 28935
15475 24298
5721 24226
3839 10761
11350 13508
571 4852
18700 18701
1516 26002
13946 25866
9744 9745
15176 15177
18256 24328
829 29210
10880 24396
2079 29170
24726 27223
17428 25614
15764 16116
11838 25661
25483 25563
27086 27117
7054 18124
21378 27665
804 26400
9899 25694
24931 28918
2067 18538
26451 27720
11630 27012
5398 5472
10446 25729
521 2588
13709 17059
13351 13353
21566 29763
1867 22387
27347 27441
7193 27627
1493 27724
5814 5815
17804 22440
24528 25095
11168 11230
3700 9339
6423 13640
25295 25608
17694 28878
17207 27833
12419 16976
17917 26629
28414 29380
3781 4746
15188 23862
14477 20759
9043 24312
11043 12538
14862 14864
2796 24180
26920 27627
24453 24456
24715 28129
9464 24253
10116 26565
13851 13913
8379 27354
19142 19143
4304 28987
425 7273
5658 25846
4882 25941
24701 28577
24592 25000
7282 24170
27980 27990
7223 10354
18498 24134
2500 7793
17398 26901
26980 29732
15355 28365
11657 11950
1148 19637
1687 4991
8249 17473
5597 26071
625 27998
25887 28107
7727 25509
532 24891
10381 10382
25203 25587
615 26873
25892 25953
9564 25773
27591 27764
17095 25118
17804 20848
1169 1184
25235 28968
2118 29264
27699 28318
6392 8958
5818 14396
9286 27086
15461 15463
11868 26621
23857 28151
1039 23097
7086 25664
830 24409
24939 25528
7527 26543
16193 28907
2171 29474
19437 26662
8429 8430
14162 19562
22358 22360
22572 22576
22698 22704
10005 10881
14723 29562
8379 27494
7839 8171
13846 27940
13533 21722
3043 8602
556 23858
22515 22516
10249 10286
19450 25789
10093 27495
24548 25855
2234 24952
25739 28644
3020 24398
4862 5075
24283 27186
24145 27039
14162 26029
472 6950
24667 28828
8287 25118
3283 11510
13975 27543
11422 24939
17229 25008
12767 28042
3650 26112
21255 24739
26060 29275
10282 27230
14863 14865
22011 22012
18183 18187
2815 25065
11622 24959
6429 22332
25963 26131
810 26198
1022 10881
19594 24380
24210 24914
8261 29492
15943 25296
12589 22332
730 25650
3297 24252
9519 9522
8249 24557
26765 27702
21728 21730
8188 24565
6392 12009
410 27506
18091 18092
8255 24909
2960 25010
25322 26064
14500 28931
4224 8189
10852 29211
25866 29710
28220 28239
26662 28529
9040 27198
14132 26603
6731 8759
3867 25295
26621 27656
7066 11223
24319 28140
16536 25252
7365 28623
22820 22821
12411 12412
18360 18372
3539 25513
2740 24319
17378 25932
1120 1122
19381 26134
5930 21837
6423 26060
19870 22156
5702 25624
14454 24000
15563 25310
11579 28644
27625 29401
7667 7668
8805 29401
2118 6321
7014 27029
16238 28907
15753 19602
19937 23872
27495 28358
8241 21455
8777 28016
23952 25430
1206 14524
5226 27756
1285 4053
9041 24949
2151 25019
503 13955
12938 13060
13274 28814
9620 17188
25822 25963
1442 28318
339 26311
8383 23383
5819 12624
7834 25055
6958 25684
25551 26882
4698 6731
7434 13315
454 28920
1544 3019
21613 21614
6098 25386
1561 26786
1221 2689
19633 19637
24018 28799
8379 27271
13806 14500
4103 7345
29534 29536
23863 26460
2067 24243
2689 26926
3793 17428
10286 25096
24703 27265
26177 28318
15531 26703
24340 24350
11561 11831
7839 28829
23857 26330
7799 24924
15185 26647
6165 22071
6019 7198
4882 28809
11788 27096
24000 24977
11485 29140
2235 26060
6869 12395
1635 25730
24312 25455
776 24223
6262 6435
25087 25088
711 734
1006 24319
17207 27207
8175 8200
26386 26540
20575 25237
11874 24807
4827 28972
5354 5874
11621 15563
11565 11923
730 2843
26771 28907
15192 15193
25267 25360
17251 20455
10603 17344
28129 28907
25008 28577
1666 4991
10321 10415
15389 16976
10146 25766
25008 25751
3858 19381
2722 15459
4050 26528
25717 28140
8390 9536
4271 26002
4598 28477
26117 27495
20931 27535
24953 27702
20 24239
256 14140
860 1457
1547 26863
1622 25528
24835 24836
3556 29760
26838 26985
1433 28685
486 29767
24705 26447
14088 28395
1297 17095
2208 7073
24732 27893
25426 28149
4819 11113
6193 27441
7182 18532
14769 25844
6599 7499
5385 15764
19881 27893
7872 24940
4729 12691
9566 11822
487 24873
532 25051
413 19637
521 18300
4704 27441
14512 25729
838 26404
27910 28491
19512 26722
24793 25717
6171 26060
729 25204
26086 29059
4679 12934
24258 29097
25461 28562
14418 25462
20770 24000
19137 19646
26706 26733
21020 27819
24376 24416
977 13027
4971 8379
4531 12875
4153 24312
10745 29002
26273 26859
7371 24446
17009 17011
24089 24602
16244 28907
17661 26261
1989 29306
19931 19932
20548 20556
2682 24679
8676 9164
13195 29074
14140 26767
5800 24304
1285 4012
8163 8181
1296 11387
5966 15008
17818 17819
19694 19785
2077 26002
3763 27441
2936 5778
10339 25766
10149 17151
5004 16444
1315 3651
15218 16487
8572 28046
27238 29097
3244 25386
6757 24986
4971 28747
4649 22332
538 29113
4751 25866
3857 25904
24222 24467
8777 9198
13546 14703
11504 14851
10626 24474
26166 27441
4136 24210
8379 27593
3020 24354
5605 22332
1274 24568
11097 12814
8379 26853
24691 24692
8090 16457
379 7564
25460 25844
24210 26284
5730 25946
25866 26348
22332 24312
1285 26842
7884 29407
8093 24392
10192 25528
14318 21300
16256 24950
20202 23927
1215 19637
8475 28691
25827 27721
1285 10996
1876 14512
15730 28379
21894 21903
18427 18429
1344 26470
10498 19461
557 15419
10444 27680
11435 24705
1520 13277
24931 25528
4949 21344
6129 10126
5602 24337
23097 25214
1104 19637
24023 25561
6392 24924
20548 29568
8379 26044
14512 24703
19666 23924
1957 3494
21783 22310
17630 26287
11030 27801
16256 27041
625 29380
15040 28802
2960 9524
18672 20520
255 15597
25528 26345
23776 23780
25434 28124
8036 29097
22333 24056
24949 25625
12728 27983
10869 14141
16334 20718
6757 25057
3822 25981
9297 25718
15062 17059
3156 25472
8572 12883
7055 28318
14458 19215
1145 19637
4804 4855
27810 28307
25095 27966
8572 13644
16413 20968
13931 14141
7559 25506
1922 7371
27265 27307
5356 10852
9470 13208
11164 25528
914 8241
4574 28265
14510 24010
9378 24008
3857 29390
9992 23858
2948 24339
1605 11435
369 28422
24448 24544
25234 26993
2283 16049
24710 26556
24744 24755
19810 29081
836 2129
1074 28724
3030 15719
2196 26634
13839 25235
24535 24538
19479 27239
5896 10499
300 25249
15162 27598
24474 28118
13161 14500
12311 12441
17626 26287
2682 9616
1285 26473
25824 26621
2234 13731
14524 25855
23857 27893
15076 23848
642 23947
563 25430
10467 18162
13806 19479
20659 20662
26253 26551
9813 9821
6258 10117
10680 24402
13060 28814
255 13755
19533 24463
24473 26063
3435 26418
8648 21474
1112 22332
20997 21610
237 27678
5870 14736
10202 26086
21606 29286
1770 24170
18985 18986
6731 26197
26815 26920
10788 24941
280 26358
17644 17645
1873 28307
28380 29140
25834 28690
24312 24697
25509 25910
6922 26797
15267 21804
1211 24180
12622 22268
1445 26543
19159 19658
8676 9177
12015 18718
8967 9060
22909 22910
10738 26559
8021 18425
12332 16444
24656 24727
26906 27987
19791 29081
5242 23960
1487 1493
25910 29109
4762 4779
10720 10722
3299 26722
561 872
7004 27644
15938 24304
5917 14521
1481 27724
24304 24340
14897 14899
7434 16444
8887 28095
24794 25697
5919 28621
25392 29401
5919 15697
27241 27354
11761 24601
257 2087
10182 26086
21209 29489
10286 25364
28950 28982
23847 27629
768 13806
10900 17333
28828 28863
5815 15204
1788 16444
25684 27365
1111 28562
21367 24909
8406 24247
280 2743
16483 16505
24328 28581
2231 26544
16116 25479
9422 27202
8093 24492
856 4540
237 19270
6601 24338
425 17207
14283 28907
3857 9752
11573 11657
472 1285
6134 25621
23997 24144
785 24750
2339 25290
1433 25118
10501 28680
417 7150
20455 24299
26703 26873
13979 15563
6642 24287
391 28465
25231 25237
4540 27081
546 26766
4635 4896
4824 11662
24794 25514
25430 25479
13033 13040
5773 11687
24534 24568
26722 27347
21455 28935
625 27960
20190 20193
6444 24871
13893 13895
7140 15184
7620 7621
24656 27591
28321 28800
24736 27265
3375 19676
3174 15431
255 7476
3177 24592
8379 27251
6825 15419
1394 26117
9891 18458
6006 13038
17251 24380
25333 27609
7680 24180
10812 11772
557 1433
14132 26125
11046 24239
19381 25690
16237 16250
870 26651
25717 25927
14884 20125
3614 4843
465 26218
6191 27441
12139 28678
4747 28435
13194 18564
4792 4796
25844 29243
2796 28746
25675 28429
1019 29380
2700 26340
4645 28700
4915 25932
18960 18982
24986 26060
7198 8188
2423 27161
24957 24959
10889 10920
8969 16085
1893 7198
5797 6724
3040 8193
5954 5955
22608 22609
4872 24134
16445 18718
19037 22669
9073 27036
18718 28165
443 715
2646 28737
26712 27265
6601 7548
4890 25118
6776 25537
2113 9486
10100 24612
24473 28529
10512 10523
11113 25031
13747 21859
8288 16528
1914 13194
13399 13400
2990 28680
23921 25634
1840 29492
23174 23181
24809 27591
10383 10385
12403 16444
9075 28138
1168 26887
26709 28118
54 78
247 944
7636 11555
17917 27272
7831 28784
3754 28687
280 6318
29300 29380
21564 21569
14186 14192
26785 27973
3365 28562
556 25466
4368 28102
12828 12949
24000 24107
25704 26426
12751 12808
1445 24013
660 26030
1732 4843
2281 20114
15366 15380
7648 28847
25974 27702
247 465
2254 2490
15633 15634
19237 22550
10116 12810
5919 26546
18922 18923
14418 25658
13251 13255
24954 24955
18718 25000
9918 9922
1456 24459
6817 6818
2010 24903
3087 23325
9372 15140
1957 25068
5398 5443
6601 26863
25008 27596
6142 25373
12300 12302
24307 24931
27810 28054
7940 10643
23860 24283
636 1559
26698 29112
2085 25479
4970 25866
14715 15116
3803 29814
3069 24280
9076 24949
5865 22440
20997 24898
5618 17791
2165 16101
16188 25008
13546 23531
2817 2828
4390 26982
5692 25430
6538 6781
26712 28978
5080 29401
5370 10852
12241 26621
9419 24557
13856 26662
21433 23860
25844 26399
24724 26838
9256 29002
6231 7521
11071 29124
4293 27966
1456 28318
6772 24752
25460 27803
255 15361
17229 27505
22550 24799
16234 28907
27591 29140
11630 24124
17059 25440
8091 16458
6731 24300
25375 26086
660 1263
7665 24780
412 1007
23531 26030
19546 25373
3337 26551
10917 11575
1451 25373
24548 29601
11962 20114
10012 17107
4355 10881
17059 28456
24909 29473
12971 26030
13684 26324
22877 24042
5464 28374
2899 28869
4382 8835
2884 24304
8194 16486
13964 15563
11624 27157
17786 17794
21209 24667
206 806
12603 22332
381 3244
2502 10789
2423 27082
9576 9580
4316 27702
14778 22091
24312 26247
3379 4566
1551 8753
10093 25311
26002 27857
18483 18484
1011 26706
2943 27422
25386 29158
11154 12846
17838 26996
4709 25530
557 24218
11081 18267
4588 19512
4882 29149
12263 26506
25084 26381
4529 25653
8138 9034
11000 26330
22004 22015
3431 28608
538 6385
26844 28743
21918 21919
6601 19381
6796 24210
25766 29253
17156 17157
16177 27591
7159 26180
17151 19613
1039 25068
5119 29401
1364 28820
5943 5944
24000 24978
16965 28631
2714 25239
1951 6098
27463 29316
20055 20074
26236 27591
26420 26565
2118 24550
27339 27366
18467 24485
2943 25827
14710 20580
11865 11867
5740 24674
365 21255
3763 26749
13274 29210
2225 7313
26706 28562
15964 24304
9304 25295
28915 28930
14341 22911
13294 24092
18026 26799
10501 14535
11991 11993
16537 25071
3734 3979
17140 29316
15177 15178
20997 24701
3174 28910
19426 27828
4393 25430
25194 26095
15029 25300
491 1263
15563 26770
24015 25095
25572 27607
11435 25939
24775 28552
4216 8368
11627 11628
4642 28704
10499 27294
11648 25697
5542 5543
11029 20267
649 4349
5998 6000
3718 3872
6424 24013
10546 23139
8593 8594
24329 29063
10132 26086
2709 14872
4083 27715
12419 22440
9187 9752
12263 19507
168 29575
8025 9244
25194 27616
20136 23052
24479 28439
7182 18549
5870 5872
19437 29401
872 2795
2406 7182
20682 25928
19803 29081
1795 2140
26341 27289
9289 15563
10689 25558
6342 27702
22752 22753
24575 28863
17059 26603
8321 8573
5254 5270
2916 18241
27335 28799
28365 28943
27495 29249
1716 14512
6601 18136
17151 25872
25095 27736
25295 25697
8232 8235
16444 18829
25244 29069
6508 24399
306 24701
24725 26265
10976 26249
6152 27702
1029 27663
546 24656
20573 25892
443 19248
3287 7515
1777 24170
4772 25866
1795 19359
27050 27184
25610 28468
8805 25729
25084 27530
4421 7872
24675 24731
532 26873
18443 26662
26309 26653
5329 14197
12419 26873
20103 27031
2423 27097
10099 24013
806 28667
8241 28093
4719 25866
24278 25770
21882 21883
24271 24754
7885 29407
3518 29211
948 24601
18093 29753
19585 26902
19620 28793
2938 4753
24612 26272
7214 9899
24939 25456
10915 11845
8379 27264
1397 28969
14147 24134
21041 24000
14788 15023
4068 26392
9475 13315
10852 25852
388 25019
11435 26996
5658 24984
8739 8802
6392 26690
19487 23901
2988 11506
255 838
288 331
3857 28379
25386 29179
412 1912
19414 27848
879 8241
17854 17855
27122 27265
25775 25803
22639 22640
2178 29474
14500 26099
2701 24290
1011 29380
1040 26963
28203 28204
4355 27050
719 25441
5133 26521
25634 26621
8992 28128
3611 10337
9799 15195
7514 25167
23830 23831
26166 27591
2423 27192
2999 25111
4936 25974
9536 28758
2960 25817
5332 27347
7559 25488
7965 25235
7721 12660
10852 11030
15160 15163
660 1562
26749 27248
8579 26793
13665 25889
280 7584
16444 26694
6929 18026
3181 24592
24562 28019
21749 28045
26662 28536
896 29134
3385 4566
24776 27736
19594 29175
23866 23943
7223 25211
3857 4896
3019 27702
1766 9373
11003 11052
21760 24046
10149 19404
3669 3673
22797 22799
521 27656
5108 9376
1716 9187
29397 29716
2765 25084
1922 5740
9390 26844
11573 12166
14906 14983
2250 6731
24312 26120
24264 27481
463 13673
19926 20047
24959 27050
331 24358
22740 22880
304 24806
8583 27270
21621 22811
10677 28307
27277 27377
21041 25203
17059 26146
4456 25653
10881 10892
2577 4949
25425 28150
20660 23652
4753 26671
3495 25749
288 2680
1542 24389
149 24974
24135 24568
5107 29037
25430 26743
24042 24601
1280 1455
945 2108
24878 25095
2682 27710
25430 27248
24891 29220
25475 25532
17398 24905
28312 29306
9518 15486
23108 29763
13252 25398
5819 23016
1387 25892
329 28260
8277 24667
20568 25237
255 24323
546 7434
27124 27184
2119 3958
9899 23922
320 7831
15240 23955
140 29763
924 24853
8520 17257
6601 24408
25466 25593
1296 12030
208 11462
5865 24679
25203 26773
10206 22765
23258 23261
24399 28028
1328 24284
7238 7239
19237 25561
1723 25816
6190 6220
14109 27080
19304 21311
13014 13015
2862 11181
1574 25268
24447 28459
1835 8279
2707 4108
13720 13955
15954 15964
26759 27964
8985 28135
13867 25235
23918 28853
4949 27495
133 10287
11081 23847
2646 25358
11668 11673
26662 28468
20535 27050
7412 18486
18026 20997
12566 12567
21582 29290
20136 23994
2960 9532
1747 24170
14832 14845
9887 15389
5711 24711
14835 14838
10680 17251
2752 26197
11197 11609
5242 24000
25246 28214
17060 17070
24920 25729
20977 28610
19505 27873
25084 26749
6516 17027
24986 25084
1506 11559
1457 24180
2502 12820
13106 29794
28663 29045
5057 29401
5919 29016
3287 27523
3174 24679
2811 16537
15060 15061
1766 28724
25614 26433
2990 29097
14691 26164
24323 25000
4282 4393
19529 23097
3435 28571
1401 28465
257 9922
692 15553
11035 20191
10322 25766
10366 25610
3239 3240
9995 25466
4327 18718
18809 18810
9198 25369
4919 25866
24069 25295
2572 25246
5702 13546
16013 16016
15279 28847
22712 25433
15073 27819
5953 29691
4638 29219
2073 26523
443 1007
25324 25325
7198 29518
11691 11701
247 28969
88 4215
13546 14122
465 1100
4896 9139
9741 27039
2500 21209
1795 24975
3031 9939
563 25866
17788 17823
22434 22435
26155 26781
16490 25252
17326 17336
13237 13238
4548 27702
1320 27880
3365 4271
24273 27582
24592 28208
12416 29821
1684 13966
4991 24701
25057 28788
26434 27233
25498 26061
15739 15740
4630 24898
22120 22121
7727 26698
19506 24312
2747 25653
17518 17519
2563 25653
4746 6399
10249 21255
14996 24312
1218 25773
22767 25905
7914 7915
23139 24948
14173 22342
10377 27449
26603 28436
15433 15436
7266 27339
631 4224
4704 25634
14512 27195
477 1922
1244 1970
11504 14840
1422 8486
12082 24241
425 7391
15949 17540
20191 23074
10542 23139
24167 26541
625 27375
5307 24272
3287 24226
2299 14500
11561 11562
20902 28605
255 27959
15808 24219
13186 18382
10381 10383
17163 28043
27054 27136
15017 15025
18606 26671
3239 8817
26789 27495
3336 15658
25095 27434
4753 24235
24253 25138
5803 17804
427 28562
9616 15379
255 2799
28972 28973
17059 27906
18718 29134
140 21554
20648 20652
5597 10996
18027 27724
556 729
6156 6236
12518 16882
29601 29672
24918 28814
12408 17087
13071 25096
22780 22782
10965 12082
1881 25246
7866 7867
808 25766
6746 6839
14647 26111
23063 25204
8241 27642
1333 24884
2184 26483
17370 17371
21768 21772
4753 25729
11038 18287
4566 22767
14398 20477
745 29170
14260 14725
9899 28491
1512 3958
16179 28907
2683 24986
2288 18563
10690 10693
7051 16846
700 24018
25229 25230
2465 28820
24582 27702
7353 25230
28783 28785
13931 24548
1854 4985
24228 28365
5597 28062
9592 10892
11323 11671
6412 6593
13032 13033
23753 23754
19555 20682
15287 15289
3223 28788
19637 28548
22563 22564
4547 25653
19951 28278
12949 24334
25256 25333
10961 29119
18913 18921
1018 1231
21429 21430
23922 28262
27801 29130
6735 25235
6197 13739
24959 27869
1552 2016
23921 24806
6649 14340
2936 24335
25460 25974
3741 3753
7223 28855
11009 20281
28828 29134
2802 26348
4971 17388
476 25148
7014 10996
10964 28129
4954 25963
979 28872
25430 29251
25528 26007
25621 27625
12838 12840
13083 24542
228 1029
1835 5153
6123 24416
12673 20495
1274 9244
5111 24657
2208 24219
2165 16099
5770 6757
3174 28140
2577 23097
255 7439
3909 24176
21971 29772
26332 29161
24775 26683
19601 25454
1848 21187
24312 24809
9513 10512
5450 5453
7514 28691
24949 27011
21837 23950
22387 28978
10205 25269
4293 25462
5962 25538
864 25685
21848 24000
14022 25789
7745 25084
10117 15392
7920 7982
11271 20535
2756 4545
21134 21135
24601 25651
24357 27893
26086 26434
3632 24180
11230 29426
12531 12534
10698 25558
21165 27989
17059 26028
1211 24210
25432 25539
3793 24152
13318 17080
25119 26324
12082 24242
9378 11981
6601 24298
10065 24701
8612 8663
24612 25538
25059 29454
2902 24319
24597 26662
25515 25546
228 1344
17917 29401
10645 25466
2872 14512
28814 29292
7860 11462
2295 25398
5884 20091
1467 6375
3945 7214
1739 12175
25428 25532
8537 17428
16444 26785
1989 28969
9424 20631
180 13049
1922 25106
24774 25071
8843 28095
4 14988
6540 26348
10093 18124
25106 28753
3042 3049
6854 27646
2632 24157
11462 24224
10768 25093
14819 19586
5717 10626
18639 25246
15697 26551
457 26889
4896 28979
6098 13083
25211 29407
24986 26404
25608 27115
24763 28724
10342 10446
17921 17922
521 27604
13846 14154
5199 24210
3034 3036
2117 27441
373 24909
7619 26553
4131 8260
310 29113
17971 28631
19637 25822
3633 24180
5831 5834
24612 26765
9099 24949
1325 28681
8991 24949
994 3972
546 26247
7378 28376
2468 10007
4448 25653
24340 24351
2423 25631
12263 25256
237 21255
13552 13567
28968 29082
1835 16416
10218 26086
24188 24864
11217 29453
1194 2140
24312 25740
9005 9018
3930 17428
9831 15195
383 2689
8774 9432
18223 26781
2637 2906
15151 15431
24805 27305
20103 27050
21190 25288
23988 23989
24939 25722
14564 24000
823 824
3898 18212
2058 7182
21397 21398
25963 27784
14835 14920
19326 26071
19993 24539
25489 26838
3019 24809
4106 28062
19415 27577
8537 25816
14340 28240
4741 25866
3877 6922
18126 18128
15943 24069
1884 24917
21259 25288
1541 25623
443 6319
1371 28969
25267 26130
21455 26703
1840 10643
911 28118
1795 27625
5597 22332
625 27986
24536 28907
24743 27702
3829 5682
995 24389
19604 27411
13546 24108
10288 26086
17580 17615
27230 27810
4882 25509
24134 24795
19626 26916
21378 25817
24931 29006
26097 26098
8248 25024
22559 22560
9612 23824
2615 10090
331 4446
3303 24679
27983 28972
18253 18255
8992 9000
5231 28118
20451 20452
1650 26898
255 7475
28742 28768
4551 26060
6642 25946
1376 4933
7408 27345
24939 25493
25419 25531
18026 26827
10834 25462
14044 28421
853 4566
17059 27795
24677 28118
4882 26742
5242 26546
26179 28057
20108 20112
10164 26086
1903 18586
1750 26218
3929 25579
660 14535
28644 28799
3559 15563
13931 22790
23072 23073
3246 13829
204 206
24898 24986
1896 10422
9663 25860
11707 24220
23313 25123
25892 25946
7324 24563
1078 10837
11751 11752
1190 25763
2937 4876
647 29219
4876 26054
26603 28429
7230 15563
15064 15065
1121 26798
1029 6973
12817 24334
12196 24807
12874 12900
551 4340
7982 8034
15097 15100
24577 25488
10499 19505
3945 25005
1820 28788
25759 26002
16385 16386
24042 26216
2023 28828
6423 13657
751 28128
6446 26060
26974 27965
15959 17493
21829 21830
12263 29024
4883 13632
11553 11624
11825 25763
17598 17599
1445 7533
22877 28907
11679 20535
23954 27460
2937 25855
9310 28814
15255 19512
425 23955
12539 13294
13866 29306
4848 14162
18082 18093
28799 28853
9899 25910
671 3469
13946 25101
14089 28403
280 2010
23922 27045
10626 24069
6098 26873
7006 18026
3069 3078
25427 25428
18509 28118
19594 28439
10817 24666
7918 26922
2709 25839
2165 28784
16340 27893
1922 6313
1163 1165
9624 25717
24332 29397
8330 25816
3019 28683
2960 5680
25834 27641
8143 8169
4216 17402
12598 22332
237 24382
27213 27518
5997 6000
19807 29081
14352 21565
23955 24180
9088 24949
4137 29140
8713 9465
24805 27315
7014 19237
24018 28828
734 28016
1434 25019
7131 18840
5501 5564
5572 25479
4985 26086
22440 26009
7687 29097
660 17059
9914 13070
14524 28549
16015 28198
7353 29666
13294 24712
13095 21671
7727 25095
29786 29795
569 25430
10508 26155
10636 15797
24042 24290
1456 5571
5353 8241
13739 14225
8100 9227
159 19326
3822 25019
1211 2048
6671 27893
19589 24312
1157 1158
5906 27536
4844 26621
27096 28133
24018 26932
24941 25578
1193 29491
10137 20212
5919 7562
25666 28419
14583 14591
8805 17059
29406 29701
9693 15746
3174 5099
1595 16406
26125 26147
662 21297
22194 22195
21255 24334
1690 4991
1007 10439
608 24042
23847 27944
26556 27810
12371 14691
21700 29074
7014 25934
4153 28562
5350 5628
6169 27441
18722 18723
914 6458
26394 28318
26491 26493
8797 10012
7680 15730
247 2043
2642 24986
14524 14535
4123 25311
3602 24742
16638 26551
18082 26945
4145 4216
24544 24563
22448 22450
26426 29363
6864 7165
21311 28503
19259 25297
24363 25294
596 26451
2914 23104
24991 25021
19101 19102
4333 26392
7693 9288
4030 25904
11435 21389
25374 25690
27629 27686
27031 27107
19015 24312
15218 29175
2960 25342
23987 23988
17080 29139
1119 1190
24955 26071
19538 25953
18084 25091
10852 14576
13451 13453
15575 26733
7442 25049
1893 2293
26086 28250
7161 29391
7638 13374
3174 9430
17059 27838
8221 29429
25203 28562
5658 21870
23947 24854
25408 25910
255 1958
14836 14838
10812 11832
11035 24134
255 26791
24307 24317
13265 13273
24592 26305
9292 25649
25610 27607
351 18333
304 28262
1951 28828
1519 3554
2880 2882
25322 25528
6886 26020
12080 20114
6731 24212
16256 24795
2840 10852
2356 7182
23860 27305
1290 26166
4792 4793
596 29130
255 9373
13990 15563
17059 27903
7728 25659
24996 28180
11707 11905
7282 23857
3537 27091
28794 29030
24949 25694
2960 15206
13925 25457
24102 26699
9081 27011
3261 15301
8601 21449
20114 27131
516 28562
15073 26134
15797 24330
13747 14722
3953 27702
7188 28318
24931 26266
6962 28318
25376 27239
24959 28131
3163 26765
6242 24013
10881 14994
2937 27821
2689 21980
665 29219
636 3634
1022 10445
7677 25059
24484 24931
8984 28124
19568 28853
9295 10908
3970 29454
1401 27339
25766 26426
26529 29210
9986 20114
1007 27122
17501 17508
3454 28095
25548 26216
10093 28516
3174 5525
3099 28863
1308 17289
3367 3368
22505 22507
24371 27339
331 1456
1756 24170
537 10050
14405 21194
2423 6877
1717 19479
625 1892
1168 3019
872 2388
18116 18118
3255 7313
18771 18773
14512 25866
1325 4293
4942 27403
8163 8414
14056 28395
17151 24139
1951 19676
20235 26050
10852 25479
8990 8992
3627 10831
14700 19937
933 1884
9314 22312
2560 27441
24986 28731
4566 29726
2960 24374
26280 27405
846 9497
26340 26578
8277 28230
24920 27394
6840 27702
7251 26672
2408 18539
7353 29656
1667 24389
2235 2406
3858 28417
21340 26820
24312 26049
24909 26434
14512 24189
6232 27039
18465 25882
16429 28605
1053 27647
546 631
10268 17001
17059 27866
19138 19139
257 9925
7255 29492
1296 12380
11081 12263
25269 26126
3858 26392
12949 29306
24601 24613
10662 19479
4999 7774
8788 27423
14778 19026
12000 26692
24248 27248
13083 24880
4971 6142
2500 7775
4106 26551
8358 18277
9648 24753
24998 27207
3287 15379
4799 25652
28916 28969
6601 15419
3542 28365
10080 26392
19567 24592
537 557
10004 25685
2724 24089
25462 25844
1635 3857
18996 18997
24312 26053
4987 21255
1004 1009
25509 26953
3542 8219
5955 14917
18093 27598
24612 27882
7223 10613
3885 13697
13315 18026
20103 25662
2999 26125
3839 7498
20671 25386
6707 25019
11331 19479
22200 25990
5955 23856
385 28562
28617 28618
1835 24625
1684 23847
24505 26873
10987 26546
11462 25106
668 29219
3355 4566
18311 24949
4403 4501
1158 1445
1684 21367
20737 24102
7300 12523
21612 21614
24547 29210
776 26308
26261 26394
16834 29407
26134 28029
331 25479
863 3608
26662 28029
6837 15419
1337 1707
22332 29374
15775 25391
10149 14487
5525 25509
28405 28406
24323 24446
24312 25311
10006 25514
12263 19461
3889 8737
6342 13425
19596 27136
13083 27039
552 9584
3174 25674
5967 5968
7699 29097
6498 7324
2960 9528
15335 17960
1080 6291
546 24134
762 28380
1509 9073
10436 27894
8192 8193
256 25215
3144 16986
603 26400
17095 17506
23097 24170
2304 18751
8572 25466
7848 8894
7631 24834
1506 14035
2680 16070
7004 28318
18549 18794
26090 27917
25610 27177
24809 29175
17565 17574
10143 10144
4942 29140
24949 28092
1092 19637
15419 24342
556 24949
22200 27305
10911 17333
11113 27591
25834 27204
4353 25608
6724 24242
8674 25067
24656 29219
4224 9419
11435 28379
21999 22050
10872 17377
9176 24051
2118 28380
472 26781
1854 5480
18821 18822
25113 27872
849 26749
2469 21255
17059 24975
253 24568
25692 26595
24557 25036
1307 24158
4920 4921
2690 24178
19060 19348
20645 20647
2165 29097
8691 9280
6724 24463
8797 9944
4433 9131
5397 5473
373 24709
24701 29124
3354 27994
16328 16332
8805 25369
7983 7984
2500 7825
4421 8517
2802 24334
27614 28170
2990 9616
17322 26086
25773 25892
20089 28406
6964 6991
26013 27802
565 25866
17095 24871
245 25982
25490 28491
26948 29306
21344 24464
4982 14885
288 4216
487 6142
7628 24834
4153 11487
11589 27131
24399 26800
10249 25246
2709 19304
14608 19026
7182 10939
7198 15531
6261 6282
19479 27177
5567 25928
2283 25246
5865 25489
2937 14610
1007 2118
9486 21209
3724 27591
10881 26975
352 24537
13298 26621
11348 27893
19657 27874
6372 25717
1053 26807
14873 20748
1726 4991
25073 25084
28686 29210
27031 29100
8181 12778
448 27230
1607 22371
24612 26346
8344 24470
2423 25578
10111 24612
257 29175
1018 27530
9307 11624
17354 17356
3336 4566
24677 24680
6860 13315
779 26400
12017 14418
11824 24013
5888 20180
7971 11687
5919 11473
14591 20529
1684 13817
26528 27703
5590 15419
1433 8341
6731 15389
7602 29161
5635 14197
5721 24180
8517 25866
15923 20892
1750 6154
2502 14512
24716 24831
12400 17161
26060 26528
571 11435
12263 19442
3923 8241
4718 26330
24842 28877
5942 29754
15486 15868
1943 3582
1551 28737
3223 12508
7765 15829
2241 2306
24691 24763
5955 24121
7464 19676
24686 27243
17002 24243
3582 28045
5921 13169
13769 14154
27122 27525
17209 24685
6392 24807
4886 4898
8110 29486
4588 7728
14089 27080
19577 22550
24853 26988
10271 21755
1665 4991
1972 25888
26086 26426
26166 27734
2423 19676
13274 24248
6647 26106
6725 26943
6244 17672
17483 17485
1852 24894
19657 28567
13546 14363
3972 24998
473 28995
24274 28562
9330 24018
13966 17151
24519 29210
25059 29306
26742 28724
5940 24463
8023 24959
14246 15350
1835 24008
57 4215
25425 28149
4 29805
17917 27238
5857 6130
2180 2181
4753 27241
14046 24383
29659 29663
15531 24210
13547 29669
7456 29386
29135 29240
5351 10852
2705 28844
16965 28788
177 1376
937 23938
1387 28399
26077 26451
10137 22703
25614 28018
26609 26610
15931 17507
16500 25252
1339 1699
25118 27302
18718 23531
2118 2151
1897 1898
572 22332
19660 20180
17333 24124
24209 25866
15764 25372
626 15531
6745 27339
4560 21896
25322 25946
11613 11933
288 26483
9763 9765
17428 24152
8219 10827
4610 25653
24152 27203
19533 24411
29175 29260
6822 7353
15344 15345
20653 20655
14102 24392
29728 29735
13769 14022
7198 29375
6136 10501
26245 29528
3020 8659
4123 27828
22643 25987
5028 9704
4030 5108
17367 24896
7353 26232
9793 28325
11987 12153
18071 24799
626 6606
27482 29097
836 6753
2960 25009
24060 24475
3207 23474
1750 24357
917 29652
10987 19653
7886 25049
425 3172
26020 26060
383 21255
11030 19171
15133 19775
5014 6244
15112 21588
24676 28240
21209 29472
10554 13975
616 12496
12312 16444
4224 24334
7434 29124
14883 24008
2960 6425
13755 24726
11195 27031
762 26561
6148 6204
546 6724
25994 26838
5576 27702
11843 24807
28379 29402
3174 6254
16248 28907
1308 11043
26240 26392
17594 17596
4364 4366
2423 27031
3364 28736
10974 27298
15531 28884
11002 20123
24931 26238
2863 24422
14961 26020
26541 27294
17193 17197
12323 28907
153 3930
7779 29504
11962 27011
660 28548
4943 29045
28610 29320
2960 9504
12957 12967
9198 24711
5841 5842
2843 9995
11033 26330
4707 27608
3671 26020
19479 28102
2549 26598
797 24178
2680 5809
17917 27224
14751 25987
2663 24411
3634 11792
8153 16549
6142 9899
25386 26392
23901 25887
12831 24721
29046 29219
1649 18141
8797 10414
8937 9432
24542 25367
24592 28942
12750 26497
2960 26092
24180 27493
24438 27757
14512 19381
1007 24389
7353 27422
22414 22416
5306 28264
23973 28516
4323 13547
24877 26020
11312 24941
25271 29170
6210 27441
4999 24536
471 28562
3287 4224
28631 28884
2039 5135
9580 25638
1030 1727
177 4315
8241 28877
11386 27189
7257 28907
18 28311
7014 25834
1649 18142
2502 6484
10137 22711
23531 27305
15161 15172
27702 28018
19204 28560
1046 24213
5955 5956
12424 29367
5056 29401
3704 3706
17639 24737
1656 4293
1835 11708
3495 27482
3891 26517
11106 17151
20450 20452
26392 26475
1100 26952
4302 24425
4230 28884
25827 27305
9119 15731
2500 24541
24235 29534
27316 27319
17629 26287
1605 25460
2423 10965
4606 12906
3763 26974
12263 19616
7383 29758
10473 27220
18254 18255
17761 17762
4882 28843
14583 14815
767 26421
7282 26348
10545 17333
14070 28395
4837 8277
728 23921
1723 5702
20359 20361
17367 28562
1951 2802
18120 18146
5847 19594
13546 25846
2906 21805
24057 25766
22809 22832
9868 9869
22332 24400
24732 25096
3602 24752
29075 29387
15567 23922
17804 25062
12175 24582
11365 11366
1509 9305
6392 10881
19811 29081
2523 25246
24568 29781
9899 25685
159 22550
7371 29170
4006 6707
547 25106
26765 29208
25019 25530
14182 23865
25528 25642
21040 21042
1636 26767
24692 28799
546 26753
25430 27810
24300 28847
4059 24898
2176 2689
3704 8241
1715 4991
5919 25000
6463 6511
12650 12817
10852 14341
3157 12150
22788 22793
628 29401
25167 26197
8931 15625
5852 26681
776 6595
6258 17592
1253 27522
24207 27051
2700 17251
24809 24953
10578 19479
8251 24662
4882 24389
13259 24453
5702 29280
13194 24754
12419 17151
25742 28644
14569 28544
8349 15760
8965 11323
17804 26032
8520 8543
6601 24416
27305 27889
7169 28736
24792 29626
18 29434
20997 27992
9604 18136
24743 25008
15051 27460
1893 16038
1542 25943
2680 27441
25048 29155
1892 9711
2729 25827
10520 13668
6700 20520
24189 24734
2692 24178
18027 25019
4352 24124
608 24534
4358 11555
2936 24411
8401 16643
21947 23520
23933 26020
10064 25106
17510 17511
1646 16444
22767 26989
985 27028
18641 25445
23997 24176
5865 14840
10603 27128
11641 24959
17230 17231
4096 25653
4848 17804
2500 24594
4882 26985
2321 2702
21532 21543
1172 19637
4341 26451
3346 25366
15519 29170
12784 29427
23847 27623
13901 24816
17871 28752
2010 15719
6482 28299
15106 28828
748 27041
3518 28491
9124 9125
237 26109
24592 27210
17006 27942
5859 24060
17333 25458
1893 13315
24319 27468
13850 13932
2762 19458
19171 27016
27063 29786
21586 21607
4233 27944
4915 24239
25446 25534
13914 13917
1876 2253
3543 8181
21243 26225
376 29127
4851 25866
280 3636
279 15218
6601 10149
25653 28292
25386 29126
465 4999
19718 25259
24207 27616
5332 14090
10124 24612
25295 26621
6326 6804
5397 5417
25653 27979
26603 26662
25824 27894
14252 19479
1614 17804
7182 21749
6792 7182
10908 19479
985 4009
15730 28298
18718 24986
8082 25649
17540 17541
1707 24612
28039 29002
12817 17065
7334 7335
18469 18470
803 18538
12994 13005
16790 16791
29175 29258
26873 27441
4547 15195
5313 25374
10016 20114
1835 11568
25824 29219
6444 24729
5809 20455
24473 29232
16642 16643
24258 29219
546 1433
3174 28904
29277 29307
27497 28422
2645 2663
11909 11910
17917 25844
24612 25614
13333 25244
1221 27702
24139 26495
24953 26561
18684 18686
1822 3120
15764 25827
7920 12828
20931 24975
14090 24206
557 26218
10018 11563
6942 21025
860 19637
3174 25460
2217 8626
24724 27596
164 26786
1720 1721
17406 29702
486 12073
18718 28257
267 26621
1007 8773
7514 26060
8153 16510
629 1860
24180 28729
24306 24471
631 28472
4847 25866
7131 25398
6724 14264
8277 14883
4293 24872
6766 24399
13171 28117
4938 27045
6350 28332
4738 28140
24877 28562
2118 26561
2884 15797
25528 28719
17950 17951
17059 24951
1263 28570
11485 27966
8419 8468
10136 11181
9263 9310
6731 8801
12867 25978
24706 25924
10566 25691
25194 26081
3020 3930
2010 26703
5919 26580
6979 18278
11195 11573
253 8532
1090 25889
4216 23844
1080 26496
19978 28615
12777 12779
4644 26728
17461 26853
14433 14434
24950 25564
18466 24330
3972 24754
12175 16416
4361 27086
24103 24105
19381 25419
87 11240
7430 18468
4416 4510
25729 27810
25386 29203
24770 28472
24463 24484
4730 11019
17343 17362
24612 25375
174 24627
10159 26086
12960 24918
25019 26758
5099 24812
11198 11199
11097 11098
5402 16215
7727 27221
3401 6550
5852 6112
11384 25466
7514 25528
8439 27322
1445 11492
25564 27077
17366 18223
2165 26476
4382 16333
6757 6912
20942 23520
28798 29390
3244 29275
24528 25614
29070 29072
9236 24842
17827 19602
288 24612
24986 28912
6660 27530
2001 26311
27611 27627
19658 24387
12734 13644
1007 19479
8287 9288
24319 24338
3225 4943
280 26602
2319 28861
15978 24754
2795 19381
21303 21305
1830 5758
3193 24641
454 29097
24330 27339
1245 1258
1908 2351
14084 24392
4228 8572
13806 20985
671 6867
738 11578
13134 28139
21455 28326
26557 27747
25712 25713
17059 28107
19444 20121
20114 26779
29178 29219
27118 27131
24986 26240
4232 26621
24332 29716
7362 24060
1542 25942
25964 27872
20103 27423
2806 25817
4813 28828
24015 27122
27221 29075
18741 25653
7723 20323
28913 28915
24694 27882
25655 26086
512 10702
4327 25982
12560 22332
4104 13300
10794 10898
18388 18390
13246 26453
6160 22093
19066 19067
3679 26253
671 27709
8573 24061
7169 9506
9249 25249
1394 24258
15563 25634
10812 11330
27241 28995
1908 18769
4896 28095
5987 27627
25256 26906
700 1618
5403 5497
13774 24305
27596 28240
9992 25697
616 29702
25771 25803
237 4419
24957 25434
10451 25528
9041 11779
18388 18393
8241 27710
25689 26603
6947 28907
11798 27198
5228 25766
4361 20114
13027 26381
26148 27646
11579 15431
19666 23994
12263 20573
5359 15531
10964 26906
1510 3556
14225 26645
921 8301
24024 24730
7223 18588
2840 24634
21322 26918
27273 27496
24673 25148
24337 24501
6392 9084
26247 27702
7500 16818
486 24389
11397 12488
13846 27756
21209 29467
2113 9339
13546 27441
23361 23362
3019 25905
20080 26935
7353 29636
4734 23323
5826 15084
12082 12960
3654 26060
8063 29097
11198 27191
22332 24384
10324 19734
25148 25386
25943 27810
24279 27243
20011 25804
750 3613
13773 25148
5866 5867
7577 9296
64 27129
5785 27702
14285 24157
18026 26879
25538 27326
24518 26020
14156 17251
25837 27674
13975 17207
11181 24634
2689 25378
18646 25246
257 29265
24554 24925
10589 10794
12828 29427
9322 29755
11462 24555
7223 23906
11740 28102
2851 7721
2784 26071
22866 24000
25419 26996
16537 18829
15324 29492
8520 24568
26531 28274
28700 28707
724 985
153 3485
7308 28172
3303 24300
26204 26469
6601 24327
24314 28733
26506 26974
2893 28869
26683 27746
4753 13194
20114 25312
8959 28158
6562 11596
10290 10302
15988 16042
28198 29201
18718 28227
28096 28256
1989 9299
425 7279
26685 29567
24986 25300
19594 25822
24656 27893
1222 1445
6425 24303
26641 27522
12334 16444
19775 23849
10463 27810
6792 23906
25169 29219
20180 21183
5890 25528
237 27441
1854 4746
521 26926
14287 28643
15293 21052
1467 1584
10198 26086
148 150
26163 28269
20334 20580
25019 26086
2701 28045
14043 14086
1723 19676
21038 29613
11107 11108
6508 28863
24952 25489
19479 25528
15759 15783
7223 25717
24069 24711
272 28465
7637 28767
4942 12635
860 7774
24986 25440
4832 24042
21223 25288
11264 25409
7014 24548
2623 11610
10428 10430
1339 17229
24809 26086
20684 20686
25608 27118
2500 28873
24886 27184
6244 17661
7065 7111
11113 24679
1835 26381
3829 9252
2118 6362
6284 28095
24189 24708
23097 28907
24716 25256
7169 8665
7160 29391
1433 4890
4832 27050
6392 28085
11091 16444
1605 13817
856 25084
24882 29255
479 28422
13841 25550
6933 24210
15674 15677
250 7300
2423 4540
6007 19476
17059 25892
6227 24886
4293 27543
18915 18919
24736 24894
14329 23865
7690 8129
1892 8753
10287 24768
604 25430
13987 26191
19528 24286
5398 5495
521 27725
12326 16444
1795 10499
19259 24853
9419 27882
383 25378
28097 28145
776 13547
26701 29140
12266 23836
13349 13352
16389 16391
13152 25428
25322 25489
15531 26245
9834 15195
13546 23856
20175 20177
7159 24741
14048 27080
5491 26394
2876 13652
3782 24601
13436 28680
1935 24391
24601 25544
715 24389
4224 25118
2873 24490
12883 12938
27495 28363
15762 15795
20426 20427
25903 29219
7676 9288
1766 28774
4393 10396
1739 28129
9498 26170
9752 24371
546 10175
10771 25093
20156 20157
17059 25651
754 24386
17262 17417
7872 8082
14961 18289
3575 16444
9650 16848
21283 21284
19499 24134
10271 21761
24939 25430
27983 28907
19777 23212
6329 6723
870 24894
9470 13175
895 29357
4293 28029
23097 25196
8441 25816
19499 27305
18421 24411
5347 14598
1422 3718
1168 26324
2965 11137
28969 29046
7174 7182
522 28562
3754 25907
608 978
2862 19676
7535 28274
8096 15553
1599 26671
19479 25610
3639 24305
28814 29278
6937 24567
13103 13104
7479 26295
601 24024
1434 13711
11182 20480
20102 24239
22537 22538
6163 27441
25729 25834
26256 27882
13784 14341
247 24612
139 10287
1684 28213
5398 5450
4216 27154
9097 13529
1893 28325
3255 6098
19479 27050
816 24210
12353 12354
2841 25634
5392 13776
6792 20671
1445 7529
8008 18439
21628 21630
247 454
1260 27522
5565 25509
5077 29401
4747 4748
12408 16444
1795 26838
11435 28767
24227 26551
425 2118
3297 29306
5127 25466
9929 28105
12565 13706
14448 27983
15218 23991
14410 14411
6098 29310
25213 28562
13633 24923
26392 26400
14608 19658
7350 28907
4168 24786
25717 26603
27506 29224
10535 25514
985 27944
8023 23922
27646 27722
21069 29207
20 3553
10239 26086
2536 28045
7714 9470
1207 22332
5432 5445
4876 17059
7854 24642
26199 26596
6392 11999
8093 24302
7583 26465
5125 6536
1349 4075
11077 11079
26020 29075
20573 24886
3030 15361
11062 20141
9276 25866
10149 26071
11435 26838
1432 17379
9198 24135
23847 27618
28198 29103
4779 20088
697 21037
17207 26271
25466 25505
15051 23865
11504 13709
17484 29258
4396 25653
5009 29401
18906 18907
18 24254
2960 27621
1584 1922
429 28562
1231 24222
25323 25866
3035 10116
26077 28577
24743 27397
28747 28884
3214 18257
5912 17695
4102 29175
21148 21152
25006 25430
14182 14396
3521 9198
24117 29710
19406 19408
2248 2314
1129 10153
178 29743
6713 27468
24701 24853
20102 26156
17694 28376
3174 28991
12263 19605
8338 8340
1635 28814
2624 24741
26114 26136
8475 24210
29260 29357
4943 25064
3617 4360
8862 28095
608 28129
228 25291
2588 24342
17263 28616
26064 26890
1018 19126
593 25430
24206 26134
19893 19937
2151 26920
3020 20235
1296 11806
806 4933
20268 20279
12650 16537
19657 26134
13355 15850
25978 28093
13546 21041
7879 8099
2955 5624
13150 29811
3613 27036
282 25270
3435 18300
24253 26873
9647 24909
4943 8274
11583 24959
2937 13709
948 17344
17311 17495
8573 28635
4882 22767
25186 29161
13436 24646
535 13975
11621 11640
2415 10898
4669 4671
6508 27585
13546 24978
2339 3210
9046 24950
24592 28174
13131 13499
12419 27366
25373 29512
24601 25115
9829 9874
3365 25515
15840 15851
428 24568
15975 24338
396 28562
288 7159
10560 17344
13876 22768
795 18147
13176 18318
12156 26621
28325 29030
7519 25538
24263 24896
2729 12496
4880 10172
8684 25288
443 19270
410 26815
24337 27992
26671 28274
7899 7900
25452 25773
24191 29034
5650 18121
25084 27374
7727 26382
3303 26662
1064 29046
24024 27893
7556 13656
4645 4647
8981 13072
15154 19613
15233 21183
4167 19049
24726 27791
237 28380
7066 24837
11139 25528
18672 27710
3019 28927
3907 3981
17333 19601
10862 26660
1530 19529
5242 13769
14154 14557
13687 24243
2500 7739
17461 25023
5845 17059
26996 27305
1149 26277
4882 5252
11435 28853
5887 26247
1296 26593
3858 26330
776 1231
11244 11817
24170 26849
3705 24024
1951 27252
920 6647
1344 6681
2526 21255
18026 19415
8797 10425
24389 29219
2873 20455
24210 25106
7043 17104
25256 26681
7324 24641
7300 28198
3180 24592
15786 27305
15389 29320
1769 1840
1989 9452
7706 8135
24950 28091
2689 26758
9112 13110
3155 26348
26311 26570
25310 25312
16743 22968
402 28788
7514 29175
25256 28389
7684 24626
3972 28892
17982 24883
6479 6632
8933 10881
23484 23485
18443 22550
3174 23952
553 26207
22363 22364
923 29097
12212 12213
18648 25246
2657 11111
1176 7159
21238 25302
625 25084
21258 23866
2208 27265
13306 26621
25789 28717
1909 28950
24212 27210
6687 25498
15195 25653
1478 27710
4882 28897
18577 25246
8537 17917
10659 25422
14667 22156
3529 25717
17827 27122
15917 17478
5051 28045
25702 28131
11348 24206
28118 28412
4355 11287
16721 29081
6717 25442
4943 7198
7066 11253
2500 7791
4994 10573
503 15044
2841 11685
4293 4890
4915 22440
626 24210
4598 19432
4984 15531
20646 20653
20789 20809
10916 11845
3365 27878
3364 8094
4753 24724
1176 26251
10149 12632
7103 27893
671 24953
21936 23873
7726 7764
659 7300
6860 25057
12241 12243
16253 29816
15983 15984
16922 24972
20652 20653
24884 26503
4224 16416
6470 24694
3175 28455
11573 28158
22763 22766
15184 15642
17030 17031
1940 9647
12198 14418
12309 17150
6048 7140
21615 21617
16204 28907
15970 25430
1290 1291
12263 14122
6672 12405
1394 25375
3223 8252
5465 5466
3972 4832
9256 29075
4776 27767
1649 18160
1899 3972
7613 15542
153 24319
8189 8197
17390 17402
6098 24731
2730 14557
26044 27802
9571 11356
417 9187
27174 29691
8391 8392
443 28878
26330 28407
3223 12502
10745 27533
12810 17663
17917 24885
23334 23532
7969 11687
18333 25112
19970 29691
12608 15359
3782 16406
5919 15420
5658 24982
425 3196
1181 19637
13875 13878
734 26551
1006 24327
18718 28669
27118 27198
28814 29277
704 1297
6926 24210
5956 14182
24152 26873
4615 23873
24667 26693
2423 19937
425 3177
13081 28101
28308 28316
17661 29507
29277 29282
7287 10282
7886 24918
13321 13322
745 1542
4350 16986
115 26974
6068 26130
1159 19637
13613 13614
10091 10116
7353 27039
1922 24729
565 12837
3529 26765
1376 24357
25466 27115
827 26306
1649 5157
9424 20619
3858 25655
14102 28395
20671 26920
27611 27649
4335 29062
6527 6528
20069 20559
985 995
22129 22132
14396 25872
548 1263
11586 24937
14442 21870
1932 4496
7023 26781
24144 28140
9296 9994
6337 6653
2811 3224
9782 9783
2926 4753
7140 24565
23137 23140
24612 25844
755 24939
27974 29134
25844 26671
373 2044
12062 12109
14512 24719
1111 25558
9134 18212
29070 29071
8146 28814
625 26142
28379 28995
3857 26722
4075 25614
8152 29306
13352 16016
17212 17213
4389 6731
14241 14654
27030 28814
26715 27441
9762 16451
177 25739
547 1046
14519 27204
10449 19585
1121 3766
1559 9464
24069 25330
1241 27702
24152 29165
28112 28153
2079 27441
734 944
19637 24721
10965 14438
11981 12015
17674 17675
2533 25489
503 14872
19432 25850
933 985
3019 26945
3763 27702
4696 29448
16886 28071
14586 14589
25454 27920
5108 9344
8894 26808
24763 28970
5975 21848
10784 24877
26245 29413
8090 8091
16555 16558
28814 28831
193 17065
24549 26853
10955 14352
6150 27441
7061 7226
28379 29219
24082 25300
1724 24389
14171 19026
10175 24371
9898 29076
11386 11941
608 26952
10891 25101
2760 26911
15420 24900
13546 25858
12021 12459
6223 27441
1750 1760
10479 10490
5865 18245
14237 24306
3174 6325
19546 25084
4386 18615
24920 27337
3909 23955
11287 18829
3239 8764
5730 26546
3019 16116
14579 14582
11975 28085
631 27234
11181 13546
23860 24726
5570 27441
1046 9486
1750 3259
5132 28516
16444 25885
11504 14769
25434 25892
4447 25653
1795 28029
8990 8991
16847 28644
3859 3912
1121 9339
1401 6309
15531 26997
5737 5744
3835 3984
28425 29602
26434 27329
15007 25978
6254 25345
10812 11584
8277 29045
4422 23857
377 28562
4360 24931
4639 4640
17492 17515
16681 28284
15620 19626
2010 8241
8582 25718
25753 29280
26788 27081
5379 5381
9570 25978
4358 7622
4016 4078
14079 25528
28736 29280
4605 15195
7637 23973
5397 5464
3919 25080
3672 5565
2795 24711
65 3909
9187 24448
7993 28758
24542 24881
4011 24554
9549 29357
6724 14449
10665 25454
12592 22332
1247 1464
2960 18657
14340 26218
27046 27066
20600 26662
166 10370
339 26952
15486 24322
16256 28100
26769 26846
26974 27746
26253 27609
24152 27250
6849 25398
288 6327
878 25479
1306 1526
22067 22070
2084 2085
1445 24406
24986 25468
8503 28606
3193 3255
23466 24000
2016 24389
8572 15686
17398 28491
24389 29175
745 6699
19926 23849
609 17428
24805 26603
14046 14215
3157 25697
11435 25118
12343 17115
26020 28422
13709 28029
479 24485
425 4323
454 18718
2208 26198
26722 28095
24656 28763
21311 22440
24568 28863
10672 28307
8219 9236
10852 23965
28056 28180
806 8053
26432 28240
1530 14961
3540 25256
11485 19993
923 1387
546 18027
11435 29127
4936 28424
443 1344
9297 10013
288 28046
15166 15168
29284 29345
14673 14675
2323 25246
14672 14674
3128 29139
21599 26134
13723 28704
8445 8448
5917 25841
4971 7886
402 28770
3137 24647
4936 22200
25963 27158
25677 26086
22767 25138
2709 19450
10362 16879
8181 12960
13755 26013
6947 7828
25706 26844
22421 24837
24189 24234
17095 24467
5842 23997
159 2423
4473 27703
7223 25651
944 26781
6550 25213
18212 24367
9227 29462
425 24042
11575 24959
11435 29209
26523 27060
13763 28803
17333 28562
709 25019
20100 20101
3019 18718
631 9252
616 14883
22332 26086
16997 24243
8521 8522
23097 25153
697 29613
4209 4946
25816 28118
14647 14744
9562 15195
11352 24017
6027 7198
19415 24342
19972 19974
11657 20114
4943 25748
2423 5865
21209 24653
26496 26556
9517 25294
19644 28140
26551 28188
6711 27366
3231 3232
25334 25692
12333 16444
4882 28869
768 1884
6860 24334
762 2118
6508 18223
944 5905
26173 29210
870 2539
6731 8754
10761 25538
26496 27614
4113 13246
26253 26271
26848 28605
3482 28950
1395 25824
6947 16430
7727 26931
4588 28284
29625 29702
14241 14474
26475 29097
19585 24903
299 310
3963 8115
24939 25666
3156 19596
24000 24968
26366 26367
495 15943
5664 5668
2330 24711
1325 26997
14712 14716
2795 13739
19546 24395
16197 28907
3297 26722
27081 27966
24357 26838
6746 28717
28814 29309
629 25185
9506 12756
14994 28863
23870 23983
24074 26546
191 14448
392 13649
8029 29097
16062 16063
1814 22332
10016 18829
422 28562
1732 15251
27737 28731
17140 25032
9300 23139
9156 9159
1433 13027
3288 19550
280 5601
7198 25754
25430 28672
26311 26496
4903 4904
27265 27955
1184 1263
13305 24196
6460 6832
8982 27011
7324 17300
16976 18004
16237 28907
17095 26444
4949 17251
12704 17611
7662 24654
5919 24382
3945 5530
3185 10282
12266 23838
9299 28661
8660 26785
7066 27006
25706 27245
318 26891
4706 28177
21510 21516
3435 25078
2204 24742
24592 26985
15804 15811
16189 25288
19270 24117
1513 24532
17059 25980
6746 27702
5679 24320
8537 16954
28935 29219
10277 26086
2348 25623
11081 28578
26576 26577
11652 27149
24656 28754
24317 28571
14373 14443
15527 22506
4882 25220
14263 24804
3537 9297
11021 24577
7514 25082
21255 29037
16992 24243
26715 26729
805 26086
14318 21904
1662 1706
4224 24557
19859 25256
12154 12175
20573 27305
21489 22506
28312 29008
3019 4106
6731 17928
631 13370
11304 25486
24742 27122
2999 23981
4261 4654
2190 2191
4233 24274
24571 26836
17732 17736
749 11972
1605 4861
11275 27149
28877 28987
21287 21290
24141 24656
26019 28365
1381 4966
29336 29361
1911 13194
14582 22156
16776 16799
11327 11828
7604 7605
4753 24710
17406 25643
4331 26262
21876 25262
22849 22852
14068 27305
25041 25386
28717 28899
2860 23869
25782 25812
6731 8780
3829 5491
6601 15775
2654 25256
6177 27679
944 28777
756 6700
16503 16504
27604 28650
13676 28570
8475 25816
17199 17201
8163 25037
732 25650
15453 24914
25486 25892
1140 1151
21812 21817
871 18938
244 28240
6498 29355
7066 11247
23405 23406
2198 24754
4876 24202
2680 16076
12263 13161
25614 29717
11043 24239
1006 24463
24906 27401
10271 21748
11195 27191
8093 24511
1093 19479
24121 27460
24732 25100
19104 26134
11602 12147
28197 28253
26486 26595
24903 27273
4282 27122
12582 23991
25482 25485
1633 25419
15389 24787
8334 8337
5597 11063
28639 29045
24089 24146
2130 13547
24582 27893
16444 24389
5730 23952
15764 24410
838 1951
14225 19525
1375 23854
24134 24474
15563 27131
15497 24667
9198 28969
2219 10939
3858 4393
21158 21159
26701 28799
7909 28198
27482 27534
1723 27982
3880 26287
2387 28198
3858 24666
14778 28062
3858 29127
19688 27054
3539 11785
23171 23173
14702 15239
5066 29401
37 11246
1369 28884
24585 27992
1508 7288
28972 29140
3443 27638
860 25479
9054 28863
17070 27441
27828 27837
21073 22598
24389 26236
732 9107
24920 27243
20006 20007
209 24547
18718 26179
27591 28884
10390 10391
6378 6387
23139 26950
3287 7313
24382 25543
11230 29508
2833 15658
14132 17151
18589 25246
424 28562
25674 28118
23513 23516
17301 17303
5928 24121
2889 26406
10033 28163
2729 25904
834 26743
20804 27460
2673 24986
9077 28085
15386 15390
17333 25608
2309 16039
6997 28650
7223 27294
5034 14796
2546 27268
14647 14754
9287 26621
8616 11217
5721 12761
4984 29492
9727 9752
806 6425
16464 16562
18960 18971
19525 26125
27653 28650
616 2293
848 25943
15214 24994
9001 28085
2784 29276
28140 29363
3019 25297
2979 27603
3652 3653
23334 23895
24150 25117
28650 29729
20103 23063
18026 26885
1006 26071
2007 26992
24948 24961
1339 24145
26621 28131
24898 25394
24152 25256
7223 10616
26788 29002
1032 28385
3158 25525
7592 7614
14225 17804
1732 24371
2668 4423
660 19248
5398 5409
5323 10852
247 410
583 24742
2948 19455
13874 13875
10003 11021
116 141
1808 28788
27305 28453
13981 27398
6544 26652
28274 28422
4403 4554
4684 7203
18311 22550
10190 10229
18107 22294
5108 9362
24225 24226
113 10295
10253 10301
631 28301
14159 22328
486 29784
11665 11666
2155 2815
21802 21817
1072 5099
11113 28129
25963 27804
7921 24392
626 24467
27248 28784
5067 29401
2317 27404
10473 27543
14648 24401
11018 26330
9475 28320
11605 19535
13318 28884
18914 24939
6601 25489
1433 4882
1478 28570
860 1168
9198 25748
23320 25163
1732 2680
24715 24750
24152 28491
23139 26090
24285 24986
1795 19562
29257 29677
15966 17510
22922 23576
6461 15419
24399 24710
25528 25807
25489 25740
25634 27131
8956 9115
14647 25489
3857 5220
24809 25633
13993 13994
14035 24490
6048 12582
26060 28274
1840 11462
12921 14225
3141 29342
24592 24996
6985 18026
24950 25452
26392 27467
608 23991
24757 25509
5887 26744
18620 25246
13024 13030
14576 25479
26342 26343
10137 12695
1636 12960
25817 26593
24210 29140
1445 15368
9372 24573
4679 12935
15420 24013
24601 28307
25432 28105
25430 25766
26785 27981
16444 29806
23551 23552
26662 28568
9819 15195
10560 10561
9139 15195
1685 24425
22341 22342
24903 28784
26109 26465
8093 24358
25300 25766
9334 9386
546 12263
25443 25569
15620 18615
547 8053
2456 10507
24122 29691
10002 23216
27495 28362
7514 24582
19639 27347
3019 26585
11901 15563
189 17406
1192 25393
24719 26512
25073 29485
557 26551
8186 8200
11786 25635
1190 1263
4876 26733
15454 15458
22112 27893
11504 13806
1370 26920
19680 23868
7169 8645
631 27606
11462 27591
3443 3857
10175 25160
24931 28180
373 27441
12619 22332
272 557
846 11230
26153 28969
6638 21414
3096 28863
19838 20573
388 15464
3945 24349
6746 25855
7223 25504
2724 26621
25827 28878
21187 21188
16632 16719
9899 24795
15419 28918
25678 25681
14199 24374
25730 27826
9212 13007
25448 27423
2184 16660
21255 25910
5997 6001
4883 27710
16754 16769
26155 26551
25946 26595
6548 6630
1724 15542
16038 25479
273 2632
13193 13644
9060 27036
1018 7243
8143 16468
26633 26873
29281 29282
288 26481
26661 27894
14615 27775
827 9562
86 4215
1090 26240
21820 21822
21727 26671
7514 23847
27117 27191
425 7447
3019 29175
12496 18179
24397 27376
27036 28307
5683 26340
9165 9424
14384 19948
9996 25434
12806 24334
6302 24694
1185 27486
1053 3244
9899 25426
7378 29375
10532 28307
13294 28365
29046 29390
5515 16215
10017 23139
26470 28562
5318 20573
11573 11815
12828 28365
14068 26546
1263 1456
828 24338
741 24386
2118 24534
884 29260
11504 24634
301 24013
8349 15774
15781 15794
4645 13724
24909 25610
20548 26134
25986 26276
2113 2114
24643 29427
19660 20660
2688 2690
3613 3845
15398 15400
17140 25037
745 25763
4362 11628
17804 24074
6246 9575
25770 27250
5862 19594
4715 4900
24871 26434
8369 28799
25019 26978
6625 24705
18719 26259
21058 21059
24667 28970
2795 26645
9244 11462
228 7034
5858 6093
5871 5873
23847 27668
21623 21624
882 25378
14634 19365
5108 24746
13739 25717
8981 13056
7857 11462
3463 28692
2423 27152
23423 23426
25963 28885
3364 8197
23964 25832
7727 25322
5517 10501
7324 11462
2680 9414
3975 25080
27495 28378
2118 6341
7353 29665
20662 20664
6161 27441
25300 27265
6197 17151
17917 27244
12347 27628
6731 8768
24710 25633
14031 14038
317 24873
2762 6601
4352 27091
8093 12582
7514 26662
12175 13644
2362 29401
15563 20103
17506 23908
905 27495
1339 24454
6550 25367
4422 27702
3972 18049
5694 24349
8797 10215
11051 23865
13739 20147
26863 27122
9372 12582
19393 25704
2299 4753
4936 23847
26817 27756
1402 28969
2960 23587
1105 10877
2760 25019
10007 11780
3564 16444
8381 28799
18026 28736
11113 25118
27312 27628
671 27693
7918 14080
20335 20336
660 1732
6906 18026
2762 15018
19546 29306
26413 28562
7559 28417
25504 25669
14748 26111
1519 12960
24805 25118
26418 28446
15954 24304
513 12419
19304 20520
9305 24601
24701 26551
25539 25978
28661 29306
24612 24909
320 29075
5876 25827
3930 28562
3945 8093
3082 3090
2635 27122
5858 27976
18212 25271
24323 24701
18623 25246
4943 28820
15503 15988
14460 22429
3938 15195
3781 7088
299 13987
16821 29407
9286 27117
25623 28969
5027 28450
5657 26496
2003 2004
15218 29257
7353 29660
1018 27441
177 25779
20114 25649
4765 28095
7611 27062
860 19546
165 25280
23607 23609
5834 19594
3120 24673
6134 19546
613 26765
2567 5993
12136 12137
25488 27273
280 3064
3019 28977
6425 24361
27894 28669
22823 22824
11435 24986
1433 6508
12960 28788
25148 25203
24379 25419
7994 12650
3972 20781
28510 28555
4105 24712
25834 28753
16194 28907
1542 6273
20535 25482
385 26020
13981 27832
10282 29008
12558 12639
13624 13625
2936 25960
5711 25664
546 24634
11779 28085
7774 24986
10729 23921
4944 18368
3911 10996
26064 26531
2789 27642
547 12949
7182 18524
557 1707
25466 25526
18017 18019
19472 26662
23858 27131
25905 29075
11003 26330
596 25943
9992 25449
18465 25019
6724 14396
896 4942
2588 5919
3 25623
24736 25118
13773 17804
2986 24616
24721 26153
13758 24305
6098 6444
6601 27495
13739 25957
24701 24986
557 4129
10877 22332
2604 28937
860 27724
11277 25634
25203 27837
10534 14211
13729 13733
14298 14300
10458 24777
5565 28231
8927 25816
1893 6789
6425 7390
3020 13546
10421 25498
758 761
24152 25932
1876 20114
3129 29083
26426 29116
5252 24568
1394 5220
15852 15859
11621 24959
8736 27893
14141 19071
29119 29363
425 3588
17533 17534
6652 24986
17540 17566
16444 23844
410 1489
6757 17661
25030 25386
26722 27441
14340 25889
19720 19723
26777 27441
17344 23973
24871 27896
1006 24304
8773 24656
1909 18536
10373 25466
25699 25702
13305 26621
25608 28307
2098 26765
6906 24382
26172 29030
849 7872
7313 27222
3303 28534
6143 27441
14418 27118
21311 27029
5865 19499
9252 28828
10142 26086
13246 25614
494 28562
14894 14896
9014 25816
11593 24601
8981 13054
12888 12921
6189 25827
3945 24404
6622 24210
2340 21255
24069 25347
3098 9176
16953 24291
635 11071
14457 20759
14287 28642
27610 29075
29437 29505
425 28286
6560 26952
4657 4658
3223 27403
21438 21439
4075 28072
26020 26030
13987 26345
15765 15766
704 14448
19159 25528
5099 28140
1211 28240
24206 26125
1526 24180
11386 26621
10535 19479
3435 4327
25827 26578
3839 14564
5108 9343
21055 21056
1308 7093
22767 28752
25488 25563
2795 24000
767 26512
4707 27643
1766 6851
1263 26345
22550 26125
10306 26086
247 7183
18138 18139
5711 27636
5703 24533
496 28562
24601 27040
3386 24542
24016 25855
24886 25430
4709 18300
25981 26392
5020 25246
5318 20520
5288 25494
868 10416
25831 28140
28828 29387
5490 5492
24701 26996
6342 20997
5667 14329
12077 20114
23531 26408
945 17688
373 25827
27144 27328
486 896
1689 4991
2730 22550
19650 19651
25514 25524
24329 24335
2931 4753
14381 14386
20005 25775
519 28562
20549 25237
12061 20114
8070 29097
8374 28799
9073 25884
7676 29462
16444 29367
7353 18718
28425 29553
25047 28029
25234 27060
1785 4753
19236 19238
1099 8352
27610 27717
2730 14564
25167 27205
20488 24193
1613 22371
12263 25194
18982 26662
26399 27210
14994 22332
11580 25658
6985 26806
14244 23933
2168 2230
2906 4153
9650 10423
6931 26490
24189 24205
13274 24554
11583 27036
24314 24385
2739 6731
2036 27214
557 26345
1803 22332
28222 29008
12062 12083
247 280
1538 3019
4030 24328
869 2203
26963 26974
22740 22879
1893 29219
11560 11592
4677 18093
24656 28748
20694 20695
3782 28029
4075 7313
22430 22489
27611 27639
26394 27265
1274 27039
7777 23771
7350 28380
482 23981
6878 24210
17428 17595
120 26974
8258 25258
10567 10625
25832 27841
25643 27039
3287 27966
1401 5912
2299 2790
13939 24939
9823 27893
9584 27112
5303 26166
4936 26781
14512 14840
12861 15797
1270 27522
18268 18269
25982 26071
25608 25631
5919 26325
391 27746
26551 29170
19594 24483
7559 25725
21142 28608
3259 24210
2151 26844
7534 16144
8008 18437
2087 28644
5721 11707
6112 10501
4224 4971
18729 18856
1467 28907
1242 27890
7198 9119
24636 24842
2990 18466
25010 28118
10812 27011
24315 27353
29175 29755
25740 27894
15064 15067
24956 27054
24023 25773
25974 25981
27422 28828
726 7282
10920 24126
22440 28528
27133 27328
11624 24959
24210 27894
8308 29074
3857 27702
22315 22318
22113 22114
1046 2010
17378 25018
7159 26486
1007 6317
288 24715
12376 16444
1750 29193
357 26166
9050 24949
3603 24931
6515 25717
25430 29363
12015 24592
2840 19426
2906 11610
26976 27979
985 18450
4271 27808
17838 27478
7821 8274
24024 28889
5919 8872
22982 22984
17333 25449
18093 24367
280 8277
24898 27755
2129 3120
28677 29210
5597 17804
20147 24210
6185 22082
16546 25252
1706 4991
12565 21361
1176 29170
5322 5347
19551 20682
8475 28329
12067 12068
28724 28907
25203 28140
7577 7799
3244 24820
25268 29722
6694 27756
557 24210
23199 23200
19652 24790
21561 21562
6601 14569
1614 9413
19248 24542
730 4359
27256 27563
1465 25528
4099 29212
19567 24721
939 26775
5412 5419
2557 13194
4510 4511
25717 25905
24700 27039
8587 21448
1358 28820
10271 21733
8025 27248
410 4019
840 22332
19688 25603
9810 25527
25489 27919
26086 26262
19676 24582
2725 15565
9286 27131
24411 24505
24701 25419
1558 24626
24205 24697
28950 29401
11730 24601
3611 4360
15845 15848
9215 25019
10498 19559
27543 29363
2806 27651
6681 27710
4293 28162
27305 28469
3435 26671
14133 18394
2500 28736
16243 28907
13902 24816
2709 6601
3796 13706
860 21936
25449 27253
27275 27324
6757 20520
6658 6659
3843 29097
10626 24339
13355 15999
9070 28132
4905 18718
7585 28020
8169 16524
4882 24931
11181 25256
943 16259
24467 29097
1046 16416
25344 25898
15379 18622
10333 25766
2668 2922
1445 15357
9467 9468
28814 29281
8152 8200
749 24152
27650 27651
10852 14225
443 24180
2823 16537
15086 15103
7727 24159
8347 8348
4813 27060
15697 23955
10268 16983
13220 26621
24754 29652
1636 24809
13981 13987
14399 20998
16743 22971
25420 25619
1990 8055
24271 24762
2760 28645
177 25805
14171 28062
6707 26974
1716 24389
8586 8621
21367 25430
18212 24799
3207 23471
11021 25634
8486 29306
3020 16703
6073 24160
27543 29120
3655 27780
24296 27491
25662 27118
6262 7558
15986 24338
3034 17654
20535 27012
1141 21041
22767 29316
894 29175
16444 19567
23153 23155
14340 26166
24401 25838
6227 19171
20103 24960
23857 25963
2087 18026
1356 28820
26578 26603
4905 28203
14088 16766
1732 5919
5678 14996
1467 1860
10241 27310
3393 28659
4882 28836
12475 12500
838 24592
11930 21491
17384 17393
24715 24719
882 2588
24807 25646
4882 11435
1245 17004
16419 28605
13828 14797
26672 29170
14500 26155
4540 25570
9899 25574
24178 25614
5142 29407
6342 13280
4271 25322
28814 29283
20590 20591
28195 29210
10250 22820
22548 26943
10881 29753
6031 28607
1046 15431
15949 17538
25354 26450
13806 29173
6060 7537
14524 24612
25827 28993
9220 25419
1867 29110
2423 24124
5919 26405
15730 27893
1876 6681
9899 25480
19699 27460
13 486
410 3899
15959 17497
7848 23097
26722 26882
11071 28365
19637 28416
9244 27248
4606 9803
25750 29342
1168 25763
25371 28175
5108 9369
745 25196
6006 12905
18718 28259
4813 27702
16256 28155
25203 28516
13169 25224
14341 29731
1667 24998
11036 26330
730 25490
15096 15347
5629 25460
13194 25904
5242 24463
11596 25658
26017 29127
9420 24469
4882 28883
131 26974
8586 8608
12874 12921
2689 5680
555 28833
19399 19401
10987 19381
24228 26955
5683 27611
15183 25961
1625 24018
19415 25717
8241 27801
19037 26681
28340 28350
2840 18848
3518 27582
557 616
19882 23870
4612 25844
2700 10852
26232 26394
557 18093
15820 15858
12960 13038
1061 25237
914 17661
2795 29188
1893 2789
22767 25028
6642 24834
10308 27790
9650 24117
8230 17473
189 13005
14418 17333
14141 24406
625 28005
8308 25816
1684 25963
9296 27184
14002 15109
14650 20942
8175 8198
25373 26910
14340 27606
23139 24947
9829 10263
6352 25773
27976 29421
18493 18494
17262 28118
25528 28083
15919 17479
454 7994
27852 27853
7223 24939
1296 7898
17048 28048
1766 4971
18166 18169
9562 24931
27016 27123
24710 26434
2431 7182
472 15464
9992 10016
299 405
5406 5425
9536 12478
2423 26434
6185 27441
28644 28820
5919 7425
14847 14918
12062 12071
25448 27198
8419 16366
2851 3454
25904 28828
11051 19579
24237 24238
609 25408
26060 26304
4020 25186
15327 15328
2990 27710
347 13648
3364 28644
8971 27011
11113 15608
2583 20191
7353 26653
8731 9426
10950 27895
21635 21638
17229 27584
9372 24636
24612 24745
19586 24141
2801 26348
10018 19479
735 11823
704 8219
7313 24180
25816 28950
465 29065
16187 28907
25832 27845
18529 24790
13318 29097
3598 14352
24292 26646
13590 13592
25910 29119
14636 18509
9988 24795
25419 26197
14991 15000
11435 28063
7728 10592
21597 29278
17179 25200
25692 25946
1526 3156
21209 23955
18121 26898
6906 28884
28106 28109
1684 11106
2555 24657
9003 9052
25256 27231
3175 28562
20931 24740
17151 27495
12788 25363
3651 26983
24422 28379
1001 28361
3608 16309
27596 29097
3309 3345
2744 16227
14418 27041
13194 24677
5398 5452
1242 27792
16013 16025
22920 22921
25077 29387
14906 21322
2081 25850
24146 25224
1989 29097
21016 21017
26216 28942
25614 26155
25386 26330
17804 24656
8111 29306
2611 13436
1734 4991
3036 6242
8797 10660
8593 21465
848 7540
2530 28045
2035 29097
2755 27682
3745 25019
24909 25334
17333 25844
17700 19979
28129 28140
5922 5943
19540 27294
2001 21892
15361 27495
23858 25462
1142 6407
1880 25246
19626 24656
4491 25653
3108 28863
24864 25030
1134 27253
18581 24134
5648 18121
26645 27029
734 27882
17196 26486
1482 24210
16177 28284
22309 22504
486 7920
25397 26236
12224 20849
26340 27674
27627 28650
17595 27293
19381 25528
24909 29001
9042 28122
21209 29465
2936 25138
21075 29078
597 25430
27702 28899
1486 27724
180 3496
9220 25547
10429 10430
4093 27260
28391 28392
24134 24797
16103 29402
14458 18960
11386 23858
415 25558
19856 19878
24411 25172
383 28426
3870 26948
19159 26873
14749 19402
1018 1217
5480 25913
6601 27746
20520 21904
9238 13137
26392 27282
636 704
15730 28820
12397 24927
25509 25816
11052 19439
26774 26887
7872 24557
25267 28140
1646 24636
10007 10667
1827 24228
5571 6681
22420 27017
24592 27636
9034 27403
4936 24996
4625 29684
6530 24189
730 27091
27723 27725
745 26459
342 7007
26233 26254
4472 25653
17268 17269
4923 29127
4693 26551
9379 13572
24359 24374
2361 28045
10246 26086
5919 11474
17015 29641
3507 18465
812 5813
19366 19368
18256 26662
872 24024
486 24562
5108 9371
6519 24612
14508 24548
10923 24601
15514 15516
13161 26056
2840 13436
2266 18528
11386 11657
10287 27995
4839 29177
4355 24124
12767 14883
4936 28422
806 29210
16247 25238
2955 21344
849 11168
25911 25916
25781 27551
6606 26887
1022 9613
13773 26057
25442 26290
132 29551
4540 28814
26086 26179
3321 3358
933 4813
2700 11524
7198 25785
642 1636
21672 24009
417 7159
14340 24582
5220 25816
944 24582
8630 21463
24545 28376
5721 12759
7690 28784
10881 12276
5332 24790
2960 17251
2948 20455
18271 25670
3782 25689
3938 12419
9464 29097
3876 24544
608 12015
15778 15790
153 10093
20147 24158
23952 25466
914 26703
2622 25451
11281 27060
2969 4753
2596 26340
852 27558
24131 24548
3802 9441
1515 24898
9378 28724
21209 29494
23841 28193
24877 29401
10907 24601
3360 24382
10916 24613
17735 17736
748 9994
24732 25111
6091 19546
1018 28307
15189 15191
4446 27702
330 25256
24937 27191
10852 20573
26030 27603
14647 14771
24189 24712
3019 6342
8218 10063
9587 9593
100 132
25661 27920
8852 28095
2108 22332
14505 23870
28847 29274
776 7289
2730 19026
24089 27189
3947 8200
5231 17366
20114 25662
2634 25451
22740 22886
1869 29210
17300 27229
9092 15218
26751 29402
19594 24402
15531 26873
6581 22585
546 27636
513 5994
24449 24592
25386 29216
5105 29401
24447 28176
25824 27184
4824 11645
28765 29140
15503 16005
2767 24521
24612 26125
8797 10033
26779 29124
2960 10534
17092 28829
13546 25827
8905 25816
2208 26649
4581 4582
425 7312
809 2589
8067 29097
25499 27258
2137 3400
12082 24264
12031 17051
557 776
2937 12668
13575 13576
215 25728
4933 5076
10743 14458
1766 24389
7570 12949
24546 28240
14961 24134
2615 27291
24293 24713
13260 18397
6508 27039
870 28887
20395 20396
24251 28788
17417 29625
13197 18318
5553 14046
1007 26351
732 9096
24273 28853
4936 7223
9854 24135
4271 24722
25464 27350
1519 11071
4971 25031
13603 13604
3608 9459
7169 28313
2087 9752
11614 27117
2208 24879
23097 25205
14458 19015
3330 26706
26421 26985
860 28465
2065 11462
8274 28863
2953 29401
6995 18389
24298 24347
365 24657
2773 24185
7691 25643
13775 19382
9812 25246
16210 28907
25509 28735
7728 25445
24351 25740
24189 25844
17229 27414
11195 25683
1648 9452
4867 9321
728 28116
5262 24210
5600 24474
23847 28446
6116 10501
2840 27460
3435 29272
2456 26155
1499 9220
1433 27081
2680 27234
12767 17705
12263 19533
13509 21802
12873 12886
6508 25031
2680 5602
5919 11484
8777 20102
18322 25817
3499 7169
657 8474
25932 29219
1559 15542
21602 29293
1769 1929
373 18741
859 11114
9269 25249
2842 11673
2637 14079
6034 7198
2417 24062
620 12140
10852 26020
7589 9616
7537 29121
18026 26848
19505 24601
5557 14046
24389 27856
27969 27990
738 28103
3582 24739
1274 24258
2936 5772
4123 29363
20246 24112
6375 28803
5826 13747
23097 25126
7169 9793
25386 29193
2919 27294
4860 5730
29281 29305
9751 29738
25430 26117
25835 28422
625 12175
14045 16763
14647 14745
4728 4729
26713 28198
8710 29528
5321 5322
7300 25048
26060 28401
12118 20114
9286 20114
5964 24122
9198 12635
9048 25249
24907 25118
3214 18258
9757 29110
671 27640
1456 15301
954 26528
5919 11447
27068 28124
648 12960
7223 25500
10307 25766
12695 22715
24931 27495
5876 6884
11357 27218
19546 19567
2325 2407
4348 4365
25118 27966
16406 23964
11652 12146
14490 23822
5706 14253
7610 14340
1297 8047
425 7320
26662 28548
13406 13407
14210 14212
443 28892
4765 26974
17366 21255
6812 7313
1519 14140
8717 9161
24152 24710
5480 24505
149 29551
23847 27612
1281 27522
24244 24245
24000 24971
9101 25423
15318 15321
15073 27828
29219 29389
13752 24305
2065 3019
25119 26392
25289 25607
19359 26662
1500 13546
5865 19538
19381 27285
9748 9749
21705 23822
8319 11330
1947 21255
9215 24563
20600 28529
5288 7728
923 8057
6236 6243
7673 7849
4949 7214
11663 13831
9575 20998
2168 2795
6754 27502
8773 25816
5054 7526
24006 24007
22712 24957
1090 24941
10377 10432
11230 29472
1007 25943
21209 29451
25019 27548
1627 5565
816 28907
5300 27631
7727 25751
15062 27671
4757 9746
5354 5760
190 8572
6601 19593
12197 24807
402 1922
8163 8407
23226 23229
23905 24548
8407 29083
28814 29349
14043 16769
16040 17216
24474 28412
537 24389
7491 25520
1100 3019
2118 6306
23857 27276
868 27349
27724 29306
21857 21858
280 6347
25434 25483
11610 24996
1803 2278
9332 13549
8797 24069
11043 25049
2151 3244
972 18093
3783 3785
17761 17763
1557 24563
2001 24834
24383 25827
25118 27208
9072 24949
2937 23800
6550 6812
15797 24305
13773 14022
10852 23933
1199 1263
7638 8556
4075 24729
17738 28878
3342 15151
26392 27377
3938 8738
15306 21566
12817 13688
16219 16225
25256 25766
19674 20638
6035 15764
6055 7516
5721 17971
7963 25479
5227 27756
25910 27748
456 25213
7577 25295
19676 29210
1532 28825
24898 27746
24711 28828
10881 27498
2722 25100
13966 22550
1551 6947
5127 10356
25386 27758
14690 14693
6672 29030
21209 22877
5642 27460
24440 29375
2688 4670
19439 20119
8806 8807
1369 29289
19512 24176
2951 4753
11790 27920
10852 14363
24695 27265
17240 24743
5915 24122
2500 7730
13271 18362
25376 25683
5277 5919
25726 27078
1478 26166
15926 24304
3120 6142
12224 20864
12497 28907
730 732
3317 15615
1981 15419
14122 20520
9604 10881
3255 24189
792 25269
27077 27136
11838 14418
1751 26946
20114 27840
1590 5199
14387 14388
728 20114
4832 28899
2701 24178
15962 17488
15326 15331
10852 11348
9757 24880
24568 28655
20552 20709
25452 25456
15183 19359
22745 24111
14895 24094
953 26552
19528 20520
626 25087
19348 25994
26039 28361
6996 16739
2023 27894
5982 14917
25528 26523
2873 15894
1750 26504
9625 24601
23430 23431
7247 7248
8224 26266
2873 24322
13352 15506
4614 14840
3461 3462
17639 24710
6139 6140
21344 29072
1063 25093
14418 27050
960 24308
1957 15251
4457 4458
17801 17802
2936 24319
24864 28284
10289 26086
16239 28284
19415 25789
8675 29727
26451 26551
12040 26020
6392 29144
1265 27522
25717 25798
3223 12483
27622 27627
10501 24463
8143 29306
23322 23326
12898 12903
1635 8894
373 4129
10464 16646
7727 26627
1099 16965
985 3797
13573 13574
4271 13987
7727 28072
7337 18513
3963 27412
767 24323
25084 25119
3972 15106
5770 24721
557 1884
547 26749
10801 18546
7814 8341
3969 9227
6055 26817
189 25050
25048 29124
4496 17060
13319 26621
6342 8189
557 1046
704 29161
19381 27858
19627 26621
5819 23004
21455 29219
25430 27894
4355 6420
15634 25542
35 28924
6070 6071
18668 25246
2701 7131
25486 28091
4753 25727
23429 23432
2709 12263
9263 29219
9487 11925
17760 28068
13838 24000
7581 16703
26495 27234
4842 25740
12122 20114
4113 24159
914 27844
7223 15567
16917 16921
12263 17804
2870 2871
13649 13650
24152 24582
28274 28473
5267 5268
816 26749
5397 5407
19930 19932
14564 27796
11436 12225
738 27117
14374 14652
10626 28284
7066 11252
14341 29562
599 26838
10865 15719
21988 25266
18094 18095
3544 28365
161 7555
7169 8658
2745 26166
15056 15057
9470 13224
557 28594
15319 15321
10175 15420
25363 25364
10549 23139
7727 25624
9339 9347
24743 27395
24458 29002
2622 24805
27508 27636
22811 24055
25887 28570
25423 25425
21582 21586
3036 26420
1401 24876
26186 27638
15503 15505
15160 15168
7878 11462
4576 25653
4031 27702
13769 25963
3120 24715
22991 22994
6437 26060
608 26381
2027 14448
2500 12582
982 27425
23139 27508
7353 28878
19437 20573
6674 15510
6256 26148
17439 17595
4355 14418
25386 29215
14095 24392
23952 26460
26915 26985
16181 28907
730 9998
2840 23873
15312 18615
15431 15531
3696 3697
7920 24566
24941 27078
1018 1846
28655 29483
27060 27151
9220 24542
3537 27050
8537 15563
4215 24838
6150 6231
13193 13274
3206 18743
2680 2751
10467 27959
14341 20748
2076 2235
21059 21060
27801 28995
10379 10397
9052 25625
13846 27938
1274 7681
6304 6309
25106 28674
5044 6694
10093 26071
724 29170
11168 11226
7599 29161
642 1510
738 29155
8984 24950
2419 29111
12055 12056
4340 26551
18099 18100
15009 29805
9899 25599
335 25341
23078 23079
849 12828
995 2042
26561 27609
26384 26863
2589 7313
501 502
14647 14750
1274 27463
24127 28503
4048 26551
6554 25185
6605 27530
3055 25749
10881 29143
18971 24735
7727 27258
2894 28869
11051 24000
14022 14851
454 28510
28814 29358
2617 4493
2657 24877
14442 24122
10939 18561
10618 25572
1026 19342
20188 20193
9220 18333
2960 24000
19793 29081
10568 10625
19171 19182
6055 26110
2560 13546
807 25722
2408 28045
6395 6406
14411 20136
10294 22786
2005 10093
24416 24417
3193 3454
1627 27553
11194 25683
24982 24985
13693 13694
3386 4566
24533 29212
7300 25748
25717 26142
6731 8734
24713 29119
704 27894
5328 10852
24721 28516
1651 29212
4353 27198
9611 10931
25824 28309
2732 24024
25614 27060
14045 14047
28062 29097
29003 29818
5441 6724
4123 27460
20080 25927
7886 7982
330 28807
25808 25809
5088 26077
11888 11937
454 23991
26020 26433
24721 28234
14046 21344
10362 16880
2724 28269
24178 28853
4215 24748
7728 7735
19654 20488
15563 27165
24715 27764
6244 17140
20191 20682
24170 24562
14691 26160
10576 25592
28306 28323
3055 17337
247 5813
19467 22539
24474 28752
24210 26264
27785 27900
7774 26857
724 26587
4093 12715
18344 26064
25946 26952
13352 16020
7577 9290
11454 11455
24743 24975
10794 25295
596 24546
3287 7353
8894 16433
1498 9220
1410 28969
25434 25647
7182 17358
29626 29627
5480 24180
15133 15202
3035 26344
18107 22303
25386 29234
11081 13846
1426 13016
465 23097
3435 25905
25514 25561
10472 10474
247 12456
17804 19337
5112 28045
9577 25638
14662 14666
4075 11435
931 27233
3261 4013
18223 29262
14692 28240
14592 14813
11662 27054
13100 28141
14143 14144
24623 27893
24134 24328
8529 8530
20910 28605
20316 20317
6117 10501
2042 26117
22550 25479
660 3932
8537 25208
26621 27165
16211 28907
1432 10853
18147 27591
7374 18472
2937 11109
9185 9188
4679 12947
11401 25466
3410 15162
1500 24518
15563 15571
11435 25119
12604 26148
24743 28026
17627 26287
12724 22515
22445 27064
7637 25164
6098 25481
616 1456
23176 23182
7014 12419
2118 6323
1835 14883
24382 27596
27041 28128
4882 28819
4649 24350
26982 28246
16256 28106
1422 8078
15730 28644
18311 29625
2255 11080
20985 24210
2700 24308
24959 25603
11071 25885
79 11241
6508 17871
3972 24089
4 18529
4220 28884
11544 25096
24450 24879
24949 29677
23565 24971
19637 24012
7534 11089
7848 24411
9899 14884
16218 28907
4224 14140
10672 10674
24319 25827
3839 27942
6724 26963
13808 20142
2917 24106
17129 27060
2948 28680
21255 24726
161 3287
5353 18026
7845 11462
8277 24520
11462 24923
2001 26444
23183 24102
18388 18392
11879 12052
425 15420
24832 24833
1017 24075
16537 21106
22940 22941
19415 28899
23883 24000
14403 14422
14068 17804
24304 24464
14465 26134
425 1344
1012 29380
7538 26077
5605 24886
14734 29628
22418 24837
24305 24337
24096 24097
4075 24705
17606 27417
2620 12659
24389 26952
11061 26330
3306 3371
8163 8392
4014 9339
18718 28268
25461 27543
20433 29691
9299 9330
16658 27715
1284 17174
25610 27423
26440 26474
20069 29786
3738 21343
19001 19002
17251 24460
25 27887
5670 25203
10009 10011
1445 23933
1636 15453
27550 28622
25684 29186
7903 24653
17406 17694
27463 29306
1984 29401
14403 20998
860 28570
21487 21488
3364 7198
18107 22300
353 25213
3839 13739
6731 8755
10016 24807
23143 23145
24264 24918
191 25065
15356 22234
67 22430
19248 26958
26541 28245
2841 11266
20050 20052
15992 17231
486 9119
6115 17251
25194 26457
19602 26206
18838 27615
20280 20283
3223 26779
25746 28567
5540 5770
7223 25466
27029 28650
14622 26051
16495 25252
9562 14883
6958 6959
25692 25729
24067 26232
470 28240
11710 13889
1341 2219
7577 9307
9290 11394
1241 24809
24409 25366
24387 27405
24612 25740
6392 9088
6601 24384
7002 24612
14524 29401
17070 17080
13840 13843
24210 28963
26166 27618
11579 29124
2401 2721
1649 18158
19690 19691
3144 15620
3782 23860
2118 6356
24254 25073
13592 13599
7700 9464
1724 3019
9305 11273
21057 21059
9470 26621
7650 12661
7518 10268
8082 25634
12778 24239
22805 22808
15755 15859
11064 20194
3910 24283
3929 6996
1510 12861
20559 24010
2118 6286
169 1433
24656 25430
17030 17032
25717 28516
24389 26569
5786 7066
2784 19550
3301 25725
5397 5411
20520 27778
6326 6355
16232 28907
546 3030
25653 26037
24592 28694
22550 24790
10437 27719
10881 23063
24167 27346
12263 19524
470 28995
4882 8674
5899 25943
19758 24000
2500 28198
3701 25883
6498 26882
24210 27366
1112 19637
4718 4900
5427 25722
14080 14108
9098 24949
660 28739
3822 26227
27199 27269
22332 26035
8014 29306
18447 18449
288 7371
14449 24814
807 985
25057 29280
2293 29116
23175 23181
15922 15964
18718 28214
19568 24283
23922 25610
26528 26774
11918 12135
10534 24409
671 28380
19932 19933
5099 28799
6116 14100
17060 17080
25525 26621
2482 2484
1799 25038
3287 26553
8241 24809
9945 16941
3610 23858
8572 13027
17095 24896
1053 29097
14647 14762
860 27778
237 25837
1422 25073
24024 29163
14647 25955
15162 29738
3782 27050
4668 27167
25185 26197
829 4949
19400 19401
20101 20104
6508 23873
25448 25697
4121 29140
2729 3287
24949 28135
10249 24713
9041 11860
14571 19381
25052 26095
25256 25834
1989 9310
25642 27050
15419 24725
15862 28045
11691 11699
25322 26400
5887 24775
26096 26098
2680 10501
5885 14341
8007 29097
24789 26071
6434 10113
12478 12510
26765 27467
12097 20114
5314 25521
8020 26734
2840 25940
17804 19577
2140 24975
12613 26035
6389 29170
25567 29258
8248 17311
4113 25430
11111 25528
23320 23321
26288 26590
19563 27892
982 29170
2118 18785
1724 14512
7434 16953
24975 28967
25742 26621
2936 5769
8587 8608
7512 15431
14547 22485
5398 5447
4252 25548
24656 28720
1328 11435
9929 28108
5578 28733
1485 1487
26080 28878
9308 10642
7431 26491
7727 27934
1584 14512
7641 24866
14691 27893
4896 28899
16749 25287
988 4017
2680 9139
24894 27289
13270 26621
3287 27239
10656 28307
3654 26125
4420 25653
24405 28151
755 25610
24180 28380
7963 25138
4153 14808
4813 27909
20451 20453
948 28364
2680 2884
14680 25096
951 6425
24610 27992
1007 24877
2937 14613
10090 25781
20978 22973
11504 14703
868 1433
19049 24346
1750 5919
11306 11319
24229 25213
5329 24206
12577 25514
3734 3999
7061 27621
14884 16256
5928 23950
24656 25057
5399 5425
25455 26603
2668 19610
24864 27132
25486 25525
24996 25313
19747 26662
667 1766
14647 14767
26671 28389
5581 24060
2680 24359
16519 25252
933 15417
3273 26722
20231 20232
4293 17289
2873 15891
23139 24613
11600 13903
15783 15785
3303 24526
288 2129
9176 26064
10930 25939
14788 15012
15301 28016
14604 20529
4123 26996
1794 15379
616 914
6601 24886
1686 17822
21255 24271
2225 23991
26218 26265
26974 28118
25062 26903
21043 21047
6242 26497
7505 29097
8260 25022
936 27490
1922 24694
25861 27491
1401 26974
7577 20535
2423 27009
18642 25246
2680 2948
1616 1628
13267 13268
24283 27185
104 26974
6601 25430
24069 29210
14600 23019
21924 21925
10026 28102
25394 28274
25816 29567
7624 26889
11453 11828
11288 11322
6425 7378
25498 25528
21378 28292
2955 2990
3671 29306
10082 24577
9810 28329
2243 26232
19237 19605
12843 26101
1376 11485
8894 16446
24937 25697
4354 4358
6042 11462
28871 28969
4 26621
27498 29143
3019 27570
149 11051
660 26496
14069 16788
25008 26060
23955 29170
5597 13546
29170 29212
15620 29265
636 29097
5524 29066
625 3857
10874 15377
513 27221
25084 27249
7643 7644
846 2118
100 29611
2870 14512
4153 23964
738 23996
8053 12883
3244 26551
19571 20573
6864 7132
16661 16662
4882 12448
2851 3287
20033 20037
2118 15431
10896 25246
25008 27560
3582 6746
882 27716
20192 20193
1640 15062
14883 28885
24716 24898
10282 25430
8277 24441
9899 25595
19476 26697
21672 21694
1478 25489
2550 10179
4385 4504
280 5574
21706 25242
26392 26551
24189 25509
25300 27912
8672 8786
11940 24807
807 944
8298 8299
8797 10734
28739 28768
19443 19480
5252 7929
1284 2835
11694 24601
25559 29363
1337 26910
8100 9231
6165 22073
15730 25277
6244 17727
9719 29306
7675 27463
731 738
5326 25974
15515 19182
17675 25942
24382 28689
24069 25319
12175 25029
23964 26621
477 24809
2806 27609
1433 26173
7033 28198
5865 9043
27206 27322
1500 5683
16991 24243
29251 29252
14448 27992
13637 26253
2234 24954
4123 28285
1222 19637
636 1263
15762 15788
6672 14140
14605 14606
4857 24333
8969 24732
681 4194
28814 29319
22864 22910
11330 11563
628 25019
9594 10892
538 27810
8585 8601
638 4943
3485 6601
329 29219
6849 13194
4933 27552
7577 9293
18000 25290
19688 24959
1940 26966
8348 8353
20257 27029
8155 8186
26586 27495
18292 18293
24440 24663
7929 16226
1456 28412
17229 26873
2196 13194
8797 24000
701 3947
25964 27294
15251 24180
24274 25887
5603 27819
454 1100
3384 6625
24408 27234
486 24069
734 3745
25756 29616
1988 24975
24347 24410
4896 17015
3346 3386
1339 10249
24906 27488
24387 24920
28556 28557
24909 27407
1892 24621
14146 17251
6585 24724
13975 27841
5028 7745
24654 24780
1168 24879
2960 9187
10939 18787
1635 5565
4808 4838
6006 14140
3743 26020
26906 26929
6746 27495
22292 23741
12423 29367
27372 29258
27499 27501
12082 13436
24152 26996
557 1211
6672 29086
8900 15301
24996 25624
11625 14024
19586 28062
25194 29155
849 13274
22752 22754
2423 25884
6650 7341
348 557
3733 6091
24422 25487
10091 12808
7637 29116
1325 8053
12082 24260
9277 21378
4949 15797
24180 25106
9231 25037
11078 16829
27870 28828
626 24656
25140 25142
1506 10000
27702 29258
17580 26565
10881 11375
1530 25430
9144 18212
19479 24961
26793 26794
8093 19676
5398 5471
1888 26988
25844 26330
10995 26330
10093 25844
19304 27819
25943 27361
28591 28592
22332 24809
402 896
1274 28891
7608 28422
11702 27107
26173 29002
8119 29438
849 4915
25855 26671
1750 2313
19512 26746
26882 29007
10996 26775
8777 15943
24324 25827
944 26920
3307 24213
32 6848
1099 24563
4620 6864
14647 14756
23938 27893
9987 25466
7152 25558
24453 24467
11044 25651
6392 12044
19472 19657
247 7140
14749 24206
532 4659
6061 7847
1968 2285
14341 14476
25095 27268
2118 6331
15790 15794
15775 24210
24202 27841
2841 11624
1989 9227
3055 4134
12175 15355
8014 24999
9536 26724
8980 27011
11788 28133
26703 28478
5712 15379
8241 24145
860 24315
5031 29401
6265 10093
11435 29289
1318 12734
15420 25479
18718 28290
616 17378
24792 28969
7727 24679
11435 27205
15355 29427
24375 27788
4261 9119
23866 23868
7514 25740
9403 25138
9297 10812
608 1766
20997 25082
24656 28687
9084 11997
719 11736
1723 26743
11901 27041
20164 22858
116 26696
16235 28702
24885 26873
11317 19479
24753 27748
11113 25538
2485 24274
11596 24937
26913 29407
12263 13828
9151 29265
6849 24763
6425 7691
11759 24601
7789 28758
8230 8432
5188 14680
26353 28969
15608 28801
2010 19567
14418 25662
21278 29754
9658 10394
4158 29201
911 9220
25386 27404
4414 26503
1723 4382
7263 28878
23856 29691
4971 24809
9444 9445
20088 28406
3333 15652
14455 14456
8140 29306
21255 24284
3287 5271
4753 16247
6915 9570
3822 25333
11487 14154
5397 5447
4882 28810
5565 28488
16381 29614
6869 9378
3740 4035
2632 13204
10137 22732
2151 4470
1893 24407
11564 27117
25164 29210
14252 25883
13667 25363
959 23873
4030 5703
631 13315
5539 9616
24205 24207
24152 25464
2118 26187
6731 8792
28959 28970
6964 6965
5602 25294
13699 26765
22722 22724
24701 28307
25322 26262
10910 29250
15369 19567
19537 28512
8285 29507
2657 25322
15805 15806
12320 12362
19637 25774
20367 24789
13024 13026
26117 28426
27611 27651
11822 25763
19381 28427
26090 29221
21034 21036
17269 28616
25523 25656
24721 26211
1325 7659
4882 21255
2423 24209
13352 16032
1344 19248
15708 15808
1401 1876
1984 24975
2648 2651
24351 27748
5330 10852
1944 21255
564 24389
23310 25123
22917 22918
26369 28212
7169 8241
3953 6849
3364 28284
10013 25490
4058 17227
24253 24549
495 23955
4271 14680
10897 18675
10501 19594
10468 24726
19851 19852
272 4183
465 6106
18026 26833
228 6961
1274 29525
27564 27565
8071 25021
6006 12175
10536 28307
20136 23930
557 1387
21078 22610
5693 26578
7223 25617
6482 17804
1744 1745
3193 25084
22983 22988
7066 27571
15620 19259
2965 29143
24018 25081
24701 26088
7223 10618
24411 27702
6731 8727
28713 28724
1795 19458
19693 23886
26318 29221
15420 28778
7886 8572
179 28376
8144 11841
25333 27757
3233 4644
17151 25853
5721 27176
19171 25256
15670 25749
28118 29007
13630 26345
13183 13194
17871 26882
24263 25106
19555 19562
14557 29024
24754 27353
28073 28491
15392 24013
8917 29403
923 16266
1662 24432
1785 2286
24042 24879
19365 19366
19969 19971
616 29170
11435 21255
4220 23093
8675 18509
11781 24965
5702 28863
7839 12994
2187 5740
20837 24612
2999 13769
12419 14743
12650 28016
25430 25981
20401 20403
9562 25278
1603 1615
1308 29768
9154 9155
2746 26418
4925 19481
25490 27386
24601 26071
25084 29164
6859 17154
26464 28240
24975 27802
14511 20069
1018 25943
25773 26541
1005 24202
11043 14140
8447 19126
14680 28144
1168 26383
2815 24662
13436 24647
24809 25816
11106 27783
4644 9976
1614 26284
546 11504
2874 6175
299 466
4215 7123
8018 29402
3287 5240
5243 22110
17917 26453
5994 5996
9036 28097
4918 28405
6498 27376
4342 24876
25256 28439
15849 16065
11504 26155
7324 8277
27710 28741
24601 25425
8689 9180
7371 25164
22965 22967
25349 27036
7313 21255
9035 28128
5559 14046
26060 26526
9899 25654
280 26465
11504 14535
10190 22759
11553 28102
17333 23922
2423 27065
4949 7581
10881 29250
9222 25249
7313 25118
27744 27836
12740 12799
14065 14075
616 5648
18443 25717
20114 27184
8016 8067
14680 28529
12252 27118
20224 25963
5919 11454
660 2313
8022 29097
1103 28519
23847 25937
11070 26330
25621 26889
2046 25729
11691 11704
1445 24108
1684 13981
17116 17117
12599 29483
1211 24877
1478 5376
11030 27184
2729 24300
14565 15150
5607 20556
1540 27550
25208 27669
21367 27158
28127 28307
19593 24306
24709 26356
25548 25690
5249 16684
9562 25095
19594 27039
4995 18013
24899 25095
7066 24522
25781 28240
16805 16807
25872 28496
12263 28577
1663 4991
1736 4292
24083 24726
24730 26434
180 25932
4753 13946
526 527
1840 29781
24678 27591
25409 25487
25448 25561
149 24000
2709 25267
21206 25288
14647 14770
27283 29689
25419 27804
2749 26418
9256 28365
2922 23959
10812 24601
22805 22819
11717 24601
27957 27958
12380 14691
8981 24949
4327 28240
24853 29260
4882 28837
5919 12582
7727 27090
944 997
9989 10018
6947 8894
25488 25666
15871 24374
24743 25614
26864 28605
25167 26060
27810 28170
15913 17518
1191 26570
2902 20755
21391 21392
22953 22954
2943 24634
6418 23858
15513 19182
21954 21955
1650 4659
6296 6758
547 27327
19248 26890
26096 29260
2187 26659
14883 29219
646 647
26483 28631
25827 28814
7277 7486
3365 12725
7619 27288
2729 29139
1006 20520
5606 24185
2735 13204
3030 19567
11019 11022
6457 7488
6452 27361
16055 21255
6098 24278
26002 26523
3019 24656
14666 14672
25165 28863
23122 23125
8829 28095
19567 23955
14043 14053
6792 25100
29357 29738
7362 10626
19652 20367
25185 27713
27151 27207
14449 18520
5608 13920
679 27410
8557 27077
6847 15419
280 477
8516 25038
9001 11573
2129 8497
15225 20246
10876 26020
431 13981
24293 25990
24189 25300
16518 16549
24304 24308
24858 24859
13828 14246
11805 13240
14546 25963
27346 27396
26255 26528
16459 16460
14046 19594
26467 26468
29199 29492
486 29097
5719 15379
1203 14141
9516 24338
6731 19415
24601 25546
26483 26550
20091 29562
7023 7149
3911 3912
24180 28484
5231 9752
14448 28769
1903 2407
10263 27988
1090 6288
9965 15764
12132 20498
1121 3907
25479 26071
8902 13570
18579 25246
15106 29210
22075 22076
27644 27693
8586 8591
1274 2423
546 24152
4216 17405
23858 24207
19445 19520
26712 27309
7622 11557
7727 26671
3938 24367
5480 7223
23176 23185
4936 14140
1194 24975
3979 3999
26303 28764
24712 26155
8093 20573
15970 29782
15285 23811
7119 24612
22017 29788
25614 28118
13069 13070
24334 27221
16384 29486
1334 2010
1226 26148
12862 12863
18854 28482
25563 25735
25775 25777
3719 3866
828 10501
8241 29075
1698 10407
6906 25467
11226 11436
14471 29731
15380 22231
4914 26330
17917 24152
21257 25288
2330 18527
9899 25562
27633 27662
1627 26703
3711 24283
25169 28300
11948 27036
22591 22593
3017 20847
24962 25490
11147 25528
4304 28439
11714 24601
13193 24922
22550 24149
24989 26050
630 24612
12381 12828
191 28046
25824 27050
6313 6592
1965 27122
6757 29219
18421 26095
2822 16537
10087 25370
16406 25624
23531 25322
6601 24365
24571 29097
89 4984
27060 27514
24162 26125
25344 27702
9152 18212
5940 29289
1605 26325
745 26196
4224 29210
22678 22679
24152 24877
6393 6394
3840 24243
25386 29138
2815 8300
7956 11462
10463 13695
25425 25438
27248 27536
28237 28238
102 11499
28814 29046
23947 26853
6392 28130
183 7198
785 12582
9231 12082
13163 13353
2632 27412
25542 28072
3019 11707
4356 24959
13547 29693
4892 16963
8189 12553
9743 24948
784 10976
7727 25256
2 905
15486 23955
20320 20324
7223 9996
297 4588
5919 11480
11320 24960
96 4215
25194 29122
8053 25049
16556 28284
776 785
9877 15389
7169 25019
24226 28285
17709 20049
22952 22954
3193 7324
746 23921
1946 3972
22145 23964
5458 5563
8093 27339
25386 29167
25115 27115
2954 9620
807 3732
8020 14316
1090 24877
25208 27525
4819 24679
14202 24390
24180 26730
12304 12305
1858 1893
20103 25683
11168 29170
7491 7728
38 7114
12836 29268
8875 28095
4713 25597
1442 24180
1318 26873
13739 17804
1991 26863
2500 7823
25185 26450
22688 22689
22332 26020
13354 15992
11557 24959
2960 5392
5234 24472
2415 28091
1046 7313
10881 24126
23993 24166
16665 16683
10045 10046
6200 6201
4679 12948
11188 27344
4818 26330
2906 4892
352 13193
26261 26311
571 25386
26982 28847
6757 28734
153 671
5948 29763
19593 25371
14647 25997
9506 27270
19594 24314
1989 13083
21284 21286
1274 12154
16976 18615
18913 18927
24794 27077
5573 24210
2107 6707
2724 11805
8565 24568
11750 24601
5247 13027
25008 26603
5955 24122
7567 7568
24725 28711
625 27987
5257 5296
4723 10892
12420 19479
1920 21255
24411 24634
15247 15248
6392 27423
5702 7058
14669 19644
20535 25654
12448 24783
18512 18513
24189 25408
9176 19643
5629 10849
645 12310
20535 23921
618 26223
11462 24903
14740 22681
5793 15357
24599 27992
25256 26765
19304 28456
25834 25844
156 24304
4670 5565
1926 3972
309 10241
6244 17793
7727 27614
10668 13320
4605 12912
1462 24083
465 6833
7223 17207
27627 27645
11975 25694
24189 25322
4936 13987
26007 27828
3163 19356
19626 25798
9026 13002
4824 11937
25614 27305
19387 19392
4129 7313
2640 27158
1318 13083
2470 18875
12263 28213
5531 5550
26236 29492
7353 24703
2960 24322
14349 14350
5944 29698
19159 26071
24721 28168
6010 28995
4762 26330
448 5919
6947 24557
25256 28609
6707 24592
8358 12362
5014 27265
1433 24702
17398 27583
2517 21255
24872 26392
4385 12959
5927 5930
7404 25376
5108 9355
11749 24601
16272 16274
6489 24526
2322 2323
28821 28950
13037 13132
24898 25614
292 4588
288 5650
2355 4100
2129 6614
15355 24239
8287 15808
8805 24253
521 27646
4626 9737
3910 26232
5049 24597
15820 15852
16224 29706
14983 24086
10852 14961
26662 28569
11998 12032
4263 24700
19093 19104
4637 18004
7765 17262
10622 18021
25528 26020
418 3782
1273 27225
9815 15195
11936 24807
24005 24013
1263 3947
26325 28070
28701 28709
25449 25514
2394 24062
10970 10973
7223 10606
23697 23698
22332 25893
5071 29401
477 1732
20997 24864
486 16847
822 16085
10529 27932
22002 29083
24931 26476
26585 29210
10881 29198
5919 25164
24809 25118
17147 17150
7169 8638
12745 24917
12249 23921
11892 11893
14341 14481
17251 27214
1339 8243
3030 13688
6530 24809
25834 26925
15195 24149
24711 29396
1750 25106
230 231
546 26153
2567 24612
10012 15873
3634 11791
5381 10852
4293 28325
1717 4991
2423 27171
1521 26392
25528 27158
10701 12598
19546 25036
373 24546
27305 28457
10366 15852
25539 28097
6677 26652
4542 25653
2151 25185
830 3311
19237 24795
6055 26345
7514 24909
20057 20060
5546 14046
23272 23278
1589 7475
609 24273
9252 29097
13946 25102
5909 7635
25565 26988
2265 2435
26192 29170
15764 24337
7319 7320
8572 24562
24949 28089
2131 27879
629 26216
19477 21727
5876 25676
7312 26851
28674 28707
985 3701
24060 25879
26433 27543
1699 28884
1664 4991
280 26678
13806 26662
625 1723
1750 25062
1426 14140
15553 25106
571 28570
25763 26013
15080 29575
6601 24307
3552 7886
26999 29063
4150 14443
25451 28240
4248 4250
18212 24916
13975 27748
28308 29075
589 28173
25095 25106
7569 28128
443 1263
20781 21209
19658 25386
8319 25634
15379 24338
1006 14680
23531 25680
14884 24795
2992 4030
24931 27915
882 7031
1627 7221
28313 28314
961 2680
25386 29206
17631 26287
933 26561
6375 27241
3244 3651
20997 25932
11328 19479
6498 28677
9708 25271
830 6550
6936 24018
6577 24724
625 7886
19676 27893
7727 27070
7727 11435
10729 20766
25817 29001
23183 24972
7255 24754
2960 25827
24024 26496
1636 7886
1519 17140
7656 26465
8844 29155
13547 29694
14390 20091
4482 21876
1394 25039
28564 28799
13750 24305
14622 14641
274 8586
3043 8586
7879 8071
22 19567
9562 15808
25386 29237
21853 21855
14569 28062
2937 14637
11351 11415
17213 17215
10083 10133
23532 24000
7514 10249
6839 22877
5949 14388
10788 27184
11707 15577
8349 15787
14341 14495
24864 29355
11030 19600
2815 26913
24601 25456
3839 14449
402 28774
6869 29306
9616 24390
20573 25008
565 25981
13083 24910
19512 24306
870 7182
11504 21455
14489 14491
15389 29722
8992 28115
25234 25311
2641 25322
12172 25428
4361 10018
1296 11715
8709 29727
25523 28307
10987 17804
27894 29219
4857 24349
15420 26775
6947 26814
7376 18168
15858 16869
28062 28373
27085 27198
23857 24805
608 7311
25434 25543
24446 26541
21278 25224
27677 27700
6875 24210
24657 29037
11435 19568
10282 24323
25078 26853
310 25922
21367 24159
6645 15419
25827 25932
5701 8346
29075 29210
18223 29175
2208 27894
12810 26565
12069 27079
23334 23869
734 3964
13525 15563
10249 25363
2628 9424
1296 12050
5062 29401
5400 5564
24601 28864
26913 28594
12828 28782
26561 28465
24024 24812
2698 2699
11751 25235
12582 27992
5919 26916
18672 24382
1951 24853
8348 8358
5045 29401
15561 26465
1989 3671
5919 7601
5634 26134
15419 28729
25204 28091
24920 25844
11069 26330
26844 27882
2255 2303
15896 15898
14341 14445
810 24042
13359 29310
11807 28102
20535 25610
14055 28395
24170 26245
417 1732
17012 25237
1766 7140
912 3651
24547 29528
4943 29219
5888 20091
18662 26020
19444 20131
14669 17804
1684 20782
25160 25183
11435 25766
5108 29744
25932 28828
12694 12695
2217 29219
2960 9512
14034 27292
10125 24612
1465 24909
12784 12938
13966 19499
17804 27893
19594 28095
19998 19999
27070 27080
5919 11446
605 25430
1519 12861
3030 19676
1072 28206
18355 27893
16740 28644
22877 27403
11613 11932
7268 7269
6601 11348
14640 27898
23857 25008
26060 26071
8580 9487
272 15417
19882 23871
6006 12960
5844 24144
13063 13064
233 4588
20171 20172
6403 27702
8230 24702
2261 9475
23633 23634
26441 27915
25386 29173
11635 11636
2147 29139
9486 27314
20496 20498
25486 25642
6095 17406
745 24809
2502 6619
14140 26117
17827 28711
13275 18640
3275 24455
6724 14262
27495 28863
1330 28045
23905 24401
26553 28270
29376 29378
2586 12734
7288 29002
7727 27966
9247 25249
11103 25652
7537 15731
2423 11558
27060 27147
20573 26319
1005 9752
4307 24425
9427 13338
2955 24304
27107 27198
13172 24024
1990 8054
25584 25585
4612 24467
27260 27337
21557 21561
10501 27402
10099 26344
2141 25888
2001 26232
24542 25386
5730 6391
7015 13973
27258 27702
9747 14519
22382 22391
25430 28045
21243 27895
2054 24209
2828 20422
1401 6304
14794 14820
24219 24918
19026 25978
26224 29181
2633 25781
22809 22834
2609 4515
10025 10881
4209 4729
26621 28307
871 27622
1667 28107
13699 26155
1555 5099
10501 23477
20532 25237
28223 28225
25817 28638
25734 25736
247 495
17849 25392
2141 10829
14458 19204
2209 7182
4475 25653
4113 24018
26432 26581
2423 7014
2542 24178
4938 11630
15519 28329
6425 12154
8777 28329
20025 20036
9992 27253
15063 15064
2065 5721
1671 1672
13769 25489
3163 5312
28379 29037
860 23955
18880 18882
5715 15379
937 24542
1636 27534
24961 28467
24305 28920
20236 20237
7625 27151
20411 20422
2129 15531
4915 28736
20887 20889
4893 16968
738 27184
2997 25283
11883 21344
10326 25766
19479 25505
10503 26394
10137 22700
9372 24643
6401 6405
4123 26903
24872 24911
10853 18042
19509 20105
3867 7559
872 1952
26728 27246
1723 3454
958 15389
2560 5569
7014 13161
6423 11138
3822 27670
300 12985
25148 26392
8230 28491
10282 13359
14363 27460
4984 7514
486 28019
5896 10500
17174 27522
24323 24452
15828 15831
15195 29697
3443 12263
1018 25106
1509 6790
7689 29442
18658 25246
5894 28285
18082 28140
22740 22887
3972 24537
8093 24323
837 24882
5209 29170
14165 17251
555 17639
20881 22255
25472 25610
1573 29170
7288 18718
20162 20164
2709 27460
26117 29097
13546 19682
1018 27810
26270 28752
6508 29175
12997 14225
885 24949
5491 6560
17344 19479
24376 25509
745 26183
1296 1636
352 24024
8537 18718
7572 26895
14377 29562
22266 23849
11603 27031
14583 14706
14724 14726
25342 26551
1909 26863
24264 27060
24197 24740
8219 12082
13769 14454
2141 5127
3120 3128
874 24695
17344 25432
24289 29045
25913 28685
4075 24210
3069 24329
15247 20567
11561 27096
13028 13040
3375 16537
369 26191
95 4215
25614 28096
923 1351
12092 13169
6342 11485
6508 6601
2502 10406
19948 24193
12263 19630
3683 9578
882 1029
26621 28466
16665 16666
6725 7382
14780 14825
9789 22127
5942 20433
24975 25386
24612 26622
4362 11561
7198 28607
10000 11320
26728 28597
22789 22792
638 28647
26020 26340
17015 29623
7353 29689
19596 25824
25754 28644
13091 28132
24909 27563
1667 27702
5108 9334
22343 22346
25100 26392
25528 26148
5108 9389
7456 24702
9814 12875
1139 1149
10532 23063
7700 8169
1941 4422
1949 1952
546 5876
19737 20804
10084 10085
2960 24371
19512 29067
1510 29806
19159 24389
24518 25366
1957 2129
21884 21886
7728 13795
26125 27898
5919 28925
6650 29170
521 28411
21209 28644
7559 25579
6498 7263
11559 11563
2936 2955
6606 26259
10710 28450
5910 25342
21209 29046
12685 12687
4971 17639
18938 26546
2913 4264
7245 9899
7885 7889
24134 24793
21250 25288
11799 26621
21209 24658
1542 26251
24592 28878
598 5133
24755 28245
15899 15902
4991 27748
1519 3580
25616 28098
3255 27572
626 27622
12346 28284
1110 19637
25969 26838
776 18672
16188 25717
26838 27754
14340 29155
17917 27893
11042 25234
2960 24380
1263 18026
7559 11021
27596 29001
6471 24694
17406 29255
24042 24568
7578 9293
22250 22257
24125 29100
17439 27225
23223 23224
14341 20213
327 26698
1676 4123
14285 14307
19637 24634
15419 21344
7353 17917
9004 25434
19579 25019
846 27607
944 3913
14465 25717
5612 14195
10295 25096
23761 23781
12082 24261
1867 19637
18082 29655
6425 16038
1296 12713
2784 10093
15106 24667
4197 4199
11373 13761
5730 25807
4971 25509
25761 25804
1893 28320
10370 25888
2423 27118
13769 26050
26421 29170
6498 29274
20169 26557
19159 26523
5938 29575
18267 28847
16027 28992
2695 24178
14312 29402
443 10282
22327 22328
10621 10624
20103 28088
24886 26662
3364 7855
3020 24480
27983 28765
1053 25203
1445 14739
11154 12843
25827 26197
27829 28033
27289 27315
8672 8694
237 807
1707 1750
877 2936
21977 21979
849 25905
15797 17871
27643 27670
1433 27923
10137 10138
7464 27819
10501 24468
37 24837
22873 22874
638 28829
17344 28491
6938 28412
24134 24790
410 15106
6145 22079
2221 7182
8005 12817
2840 14318
12040 26436
17657 26001
15419 26578
4649 5385
25428 25504
25528 27123
1554 6746
1917 2549
7921 28395
10754 25538
15731 27550
26818 28736
860 2886
17163 24248
1006 28107
24005 27828
4746 25062
9094 27011
24601 27780
451 29412
11177 12765
1697 24119
26986 29737
2633 10201
1758 27506
18615 19415
19074 19075
15288 15289
1159 5919
11731 24601
25730 26081
16226 29491
8861 28095
3213 27702
7131 26945
2118 6707
19546 29280
17273 25246
340 27878
8884 28095
641 29219
2588 2689
11011 19390
3156 27561
9464 28784
8144 8145
9240 25249
21209 29419
5385 10680
10666 24961
2787 7324
3781 26859
719 9812
23848 29786
5028 23991
23164 23165
14324 14327
4999 28778
20781 26496
28240 29161
8023 29097
1074 29155
14241 14318
13086 28132
4259 29700
26178 26486
11009 20282
523 4859
812 28221
6342 13688
25883 27894
1190 19637
25597 26551
724 1489
1296 11861
18454 28051
27480 29210
6444 28884
14352 27855
8082 8274
1713 4991
3303 28555
1656 27894
17076 29155
20580 20826
3980 26701
25445 25644
10062 24701
9877 29738
18679 25246
3935 25642
14341 19666
331 671
4947 28408
7783 28607
24903 25055
8025 24254
944 4709
23991 24415
24949 25475
15356 22237
25337 25339
11838 20114
10355 19479
5133 24871
21322 29634
10093 29175
2680 15797
4937 24057
7929 16456
17917 26240
6134 26486
15922 17477
14647 14764
24274 25246
24656 26077
21564 21568
11021 24949
24210 26932
24612 25946
24938 25580
20997 25083
2155 3546
27598 27697
8417 8419
417 26270
3019 12015
546 28680
9215 9486
16217 28284
8241 28734
12062 20114
425 954
14068 24335
9758 9765
2423 25295
25394 28256
24463 28548
24592 27207
1967 28743
26258 26410
24809 25375
177 1296
21209 27406
380 27533
9032 20114
4750 4762
18223 19104
14840 18245
8869 28095
4813 19171
4902 4903
7066 11218
288 5648
189 7839
6545 22571
15389 24678
1248 27225
11624 25490
14487 26071
25766 27770
3839 26125
26117 26232
4576 25817
5108 26781
15051 22189
1006 5099
24898 28072
25300 25327
15495 15496
24382 28118
3555 28365
18640 24668
11168 24687
25159 25194
13546 25836
19654 22811
21671 26546
4293 27405
7822 9470
24612 24975
29081 29715
1318 8025
15775 25138
25138 26882
9596 9612
273 1344
25614 26778
21628 21633
12882 12911
15497 23955
11071 25049
1123 10877
6055 27239
10770 18138
846 9252
2709 29175
849 2500
9363 13579
4276 24438
17727 25440
26442 26749
3276 20535
6619 6730
179 13027
990 3928
24335 27339
1888 2253
280 24051
2106 29111
10055 10056
4950 28467
1341 18689
24467 27724
425 3186
280 26655
1884 28465
7727 25030
15218 24792
12082 25527
5702 13966
13408 13412
8241 24536
24353 29255
157 3485
17398 25509
17276 17281
17804 25789
177 11504
20103 25655
3947 7831
19472 26671
12745 24903
6392 11276
10019 10476
7929 16177
21170 21173
13759 24305
18272 18275
21714 25242
13947 14984
4547 12875
18187 20972
4224 28924
9198 16309
25653 28969
5855 6081
27625 28207
5813 25868
14569 21344
5813 19602
7024 9638
25311 26698
17556 17557
11610 20520
1192 27609
2293 28924
14961 29175
9596 10853
237 26236
3128 11435
1121 6996
625 27965
20281 20282
5898 25663
24546 25913
14884 27031
10451 27719
2851 7214
2011 15730
20960 20964
9301 27036
6015 7991
24145 24656
17788 17798
19393 27122
24243 28757
14521 20759
4594 15195
7755 11462
7150 7371
896 1519
477 27764
11409 25466
17147 17148
25216 28863
807 28465
26929 28020
6947 16745
13018 13021
10249 10446
25031 29175
648 12828
1742 1773
9198 28884
2729 19476
9032 11342
6331 6565
1131 1208
5941 21848
14512 22440
26426 26611
24300 25717
5014 5208
977 26638
21209 29448
703 4123
13761 24803
648 25509
4684 18093
29658 29659
15151 15731
12817 24239
1072 29219
5334 5421
24383 25009
7707 7710
3542 12983
100 13045
17849 25369
4685 16188
933 2098
1878 3972
2836 14418
26743 26952
2337 7182
1024 1030
5919 7313
4971 7691
24801 25590
846 25019
1553 6746
634 646
4951 10864
16335 26481
26717 28884
2059 24278
26800 26833
24501 25479
13315 29075
5055 25448
237 27674
620 24017
24939 26330
9304 10368
6306 15419
7580 25551
24473 28062
25490 27040
465 24505
6179 28240
195 7198
3275 25623
5702 9054
14284 14287
4355 25469
3325 25366
15636 25366
12233 12235
9276 24271
8189 29219
257 25653
7881 11462
24898 26671
2434 25402
25735 27077
24601 28131
3454 28686
12263 14950
10149 14647
17993 24898
5809 15797
20985 25528
3019 28622
1551 15531
19658 26125
21295 21310
3163 3822
8241 16038
25390 27912
7651 16854
6572 18719
3557 11462
23531 24411
745 1007
23858 25565
24705 24900
13735 13749
2000 2003
11011 19427
5690 26340
14880 14915
1274 13193
22353 22354
3619 26569
2293 24467
26247 26974
11580 24959
12263 14669
5836 10501
4559 25653
6244 17639
288 1922
557 2100
2960 24324
27050 27260
3325 25367
10881 27054
25751 25974
916 3020
604 28265
1383 28969
12198 24807
745 25000
5565 27386
10881 12183
26124 26148
1169 19637
9004 24950
3766 6922
24805 28083
10552 24698
17473 27966
4896 26587
2559 21255
1274 29210
472 7028
544 545
25975 26125
6922 25052
11685 25452
944 7637
14840 23873
24072 25963
8390 13274
4943 27327
19406 19407
15160 15175
26187 26256
10249 25729
2423 27096
2407 25246
15697 16965
1074 19637
6241 28240
9419 13083
616 1046
20367 27451
288 555
13755 24996
6849 7131
4942 28284
7223 25359
7255 27585
2175 29474
15747 15749
2632 28029
27191 27801
11435 27265
7849 27463
2209 26469
13431 13432
10518 19559
19479 23858
2372 2373
25453 27011
24538 29306
7514 24853
14137 14138
29128 29143
11504 18026
425 7269
25440 27794
2709 3667
12685 28096
2423 19479
19270 24721
11651 11652
18789 18790
25978 28145
5386 24314
557 27348
2960 9503
8872 26657
7257 7512
25762 25778
10956 10957
5699 22323
24286 27207
11282 11321
2533 5117
18177 18178
26122 29210
13747 25856
4650 26312
10812 11683
25717 26309
24801 25817
25910 29175
14122 14608
17151 25871
1923 3972
7324 28638
2935 4753
27803 27943
571 10783
24189 24715
8958 28130
9665 27191
17871 18223
24263 29306
557 5262
20053 20075
5701 25091
7924 26902
12582 23955
4893 16960
6731 29741
4882 28811
3839 18982
18120 18130
578 7182
23311 25123
2023 3704
6482 25927
20682 24065
7886 12439
10149 15186
4487 24024
11587 27128
6731 8782
14553 26515
27199 27213
18644 25246
11462 24624
873 24894
16047 21255
24920 25289
20086 20087
272 1080
23991 24721
557 6707
1159 28570
410 571
25386 26240
5127 25295
25515 26130
22829 22830
3504 29097
237 636
15882 24374
25486 25610
8419 16367
19529 24411
11080 18527
14512 27339
9536 12472
6096 10501
3261 26722
546 24708
1676 15040
3945 17960
2423 27180
10852 14182
5919 24351
681 25558
13761 22550
755 10019
9700 25271
26015 26125
14649 20942
1649 4655
7223 27561
8998 9052
14705 15238
4279 24436
4506 28284
3672 3857
4943 7886
3255 19676
26662 26919
5128 5129
1893 15419
19657 23897
2053 28853
14333 14334
26788 28046
257 24176
28068 28236
24877 26271
11504 13866
24357 26791
15831 16013
10005 25574
625 27981
25989 27527
8108 9339
4649 6601
24690 26426
14065 28395
14883 17917
3364 8082
7169 8619
21561 21569
2937 27761
4644 24305
16468 16524
12700 26420
27651 27693
14524 26426
15093 25872
3945 25211
11166 25342
1121 26801
3902 29155
13019 13022
7920 28300
21933 21934
9408 15106
18803 18808
20573 26486
2165 4813
5963 29691
557 28465
977 12654
4746 28285
351 25674
14897 14934
2423 28230
5097 24909
5721 15953
1460 2183
5729 15379
18718 19381
17917 28069
20167 20168
280 2098
25536 29159
6308 26504
2129 24879
9899 25467
20579 25237
3739 27306
24283 28088
1915 2426
272 26394
3539 25737
11175 25528
616 24917
18026 26800
21499 21502
2948 25807
13238 25681
25203 27144
23534 23535
14418 27253
280 1438
2420 25246
5730 11256
19416 19417
14794 14795
4936 24418
5682 27644
860 24411
4085 6284
23981 27680
13513 13558
24542 27490
24656 26887
7353 29618
413 9339
6007 7585
20848 24486
257 9268
1339 17871
14513 25489
13817 24943
4629 4896
11618 24937
5949 25224
24685 26722
26148 29169
16028 16045
156 2873
10739 24953
6593 17673
5644 5645
28892 29306
1361 28820
616 8093
738 11935
3529 24931
2996 3945
648 1636
7288 28329
3518 28878
2634 25974
24898 26088
3123 28863
9424 20613
19676 28788
10993 29119
25386 27265
7874 28952
849 3577
1005 1020
24089 25454
21868 21869
13629 13630
10555 10558
20844 25288
5170 27265
24178 27496
8774 9427
5721 28095
10637 25488
16614 29083
3485 10626
2739 8675
2393 2395
3613 25651
11078 28574
6316 6325
19452 19511
13027 28376
1168 28727
1168 26512
6646 25946
7324 28677
1584 24389
1344 28240
4362 25634
7676 25054
122 26974
4 11966
20400 20422
25021 26528
15076 29628
985 27882
24949 25434
26015 27821
25556 26124
14636 24332
17333 18598
2960 7189
25943 26117
6418 24674
7625 25008
24790 28584
26759 28129
15453 26381
21209 28691
10812 11952
1922 24696
5565 24880
8777 9034
17344 28102
4129 26515
8904 15301
6942 16937
2113 8110
5427 25751
19605 20367
4971 17473
13284 27591
13898 28502
10446 25387
8089 26940
26069 26662
4461 27180
21892 27893
13381 28305
11796 14691
6601 19657
3857 27893
6672 27270
9475 24544
1296 11872
9899 25423
7673 7831
372 25249
10501 18421
26551 28380
9321 26453
1758 27317
9470 13222
10753 28285
3651 25164
15963 24304
5898 26722
9373 15542
1723 5460
14647 14766
10852 18421
24015 26349
14489 21705
7353 29692
15730 17472
28379 28988
10955 26011
7223 10607
11277 11587
24705 24725
4362 29100
6601 26523
26705 27984
27589 27590
6423 10776
10812 27037
642 13005
17095 24592
21267 25288
17465 17783
9811 15195
24152 26743
3841 15670
27275 27381
8077 24228
17917 26401
1684 28498
2773 12263
23205 23891
4638 24357
710 25019
10892 29169
11046 28724
28301 28316
10065 24612
736 737
18730 27604
23929 24657
9869 23629
2141 9987
28633 28634
24842 26015
660 25456
22351 22356
11455 11456
18598 25844
13974 20763
24299 24481
7223 10563
1376 28695
373 27882
8676 9169
18960 19559
15764 21969
2773 5242
4833 13809
6906 7043
7585 26247
1296 2500
22352 22354
10394 12855
24960 26433
2632 4753
425 7345
2724 20114
25095 27955
5978 5979
23973 27893
9899 14524
6601 24318
3035 12808
24703 24725
3876 25019
26682 29280
6056 19479
27403 29045
20752 20753
3019 28095
5919 17661
9045 28091
288 2423
7814 9688
6173 22113
1053 23973
3839 14961
8594 21448
12767 24544
13095 27819
1351 29220
9244 9464
8163 8486
2780 25071
648 8465
20340 20347
14468 14480
25333 26330
2760 27646
26060 26125
3608 28871
24214 26551
12419 18982
1297 1334
6348 7254
9227 29063
231 293
25211 27036
11976 15563
25910 27691
874 28245
14883 15218
1340 28956
17398 29212
24701 26572
7329 26887
28185 28269
26528 27230
2415 25610
9994 24959
412 10892
21805 27796
15420 25118
3159 3160
1944 3582
6707 25943
9301 26950
3601 19393
2689 23531
1102 14524
5093 27495
1376 24547
1946 24754
23857 27386
15531 24335
15764 25848
1560 3113
860 26329
12997 24789
2588 25827
11630 25512
7833 24918
18481 22775
18640 27893
3397 4566
9408 28969
1312 8302
19854 19856
7014 25434
17533 17535
3537 11330
23123 23124
352 27894
21508 21509
18256 22440
27239 27575
2069 26426
2118 9373
1168 26225
21293 21297
4355 11272
3631 21442
15629 15630
6672 9506
20573 28576
19753 25096
425 15808
4358 27128
6130 6131
24069 24552
13700 22241
25982 26781
2936 5796
26317 28778
4663 26356
13287 26621
10636 24371
13353 16069
13667 28284
14984 20764
14341 23870
7774 25384
27642 27661
1903 25489
6757 6875
257 9929
4882 28841
11970 24961
11802 11933
3867 11408
8997 25816
15096 17781
21345 21554
24711 28321
14182 14447
25717 28051
23531 25466
29795 29819
24668 26698
2759 27682
3019 21344
14583 14704
14840 18410
20417 20420
8025 24264
19512 24469
25841 25846
3972 16953
2990 28465
580 581
6687 18697
11615 24959
266 12523
625 19476
28215 28892
13773 26029
26339 26341
8080 27482
25845 25846
3214 13851
18341 18343
21374 21375
8071 25037
9475 28311
25528 28588
13766 24305
5770 28741
18082 28847
2736 16039
661 7169
6244 17705
14468 15296
3754 28995
11284 25514
4694 4695
237 1297
796 26400
806 17398
417 9475
14614 19369
671 1098
1664 26996
26690 26844
7673 28784
14800 14832
3839 29181
29008 29116
1650 24547
8241 28326
14852 14853
8773 25394
23963 26345
24798 28140
12572 12643
20542 25237
1951 7774
17398 24890
14983 19859
2680 3010
5927 5976
17827 24715
3128 29134
9899 25666
9922 9925
24898 26408
3988 27746
11063 13546
5524 24298
1555 24566
15450 25928
8241 27915
3288 3291
4 14998
5320 14703
6020 7854
14906 27819
6889 26708
25384 26174
25675 28245
25990 27310
21730 21734
1274 15140
27403 28284
14069 14088
4153 21433
1211 10503
9255 25249
6446 15553
6226 26284
5943 5972
13028 13130
4405 4430
7169 27586
25907 28969
1750 28681
17786 17792
23531 26216
7371 25479
5665 14654
8979 25816
29083 29338
2364 25246
13811 13815
19654 22463
8557 11643
6792 7559
8797 10458
9034 18718
9553 9554
10794 27561
18466 24176
3902 26621
10355 25466
27227 28307
25246 28956
9295 25634
24323 27893
7147 15007
11241 24837
2632 21565
20403 20406
5914 14548
20055 20075
27575 27917
4807 11019
1478 26036
272 433
11504 15095
3556 12778
17344 25448
19781 19782
738 27131
454 25943
6141 21422
18523 26033
6342 12263
3803 26722
21318 21320
4001 26517
1043 25123
21541 29403
24612 26304
5737 5743
25512 25697
26873 27493
8689 8812
625 2065
1376 8710
14122 20191
25844 27826
2960 23847
4395 18223
465 25717
7150 12582
10657 23921
8805 25740
26284 26440
9078 9080
8380 10680
26914 26985
107 26974
884 957
13870 13873
24233 26742
1775 24566
1394 7774
2370 24178
6498 7691
557 24546
19546 28140
2722 11544
2948 14220
5661 14182
20573 24181
25008 28477
14068 25855
1274 13060
23143 26217
10987 27234
24526 26792
24000 24548
15076 24102
7206 7234
2588 25850
19756 25096
26032 27899
14710 14970
9082 24949
5959 23856
5865 18432
19 19567
5856 20525
10149 14182
14225 29390
8607 21481
4162 4163
12994 28647
7114 23312
5995 28472
28878 29026
3010 24486
25095 27976
9617 10910
12986 12987
27165 27795
17661 24656
7839 23097
8431 17140
1274 25106
9993 10532
3745 4040
27265 28952
8128 29306
13546 25849
25376 28878
1750 25850
13337 21209
12263 19568
34 60
10784 29168
23183 23891
1111 1121
9926 9928
5398 5505
13259 18564
871 23531
836 26394
8992 9066
18024 18028
935 7223
625 27962
13033 13500
14370 23950
3019 6707
9300 9308
24376 25031
671 26346
616 17095
27626 28791
1876 28048
19479 25454
25437 29380
7182 28956
748 9073
21209 29478
7033 12927
24546 28874
11032 20384
11768 11869
303 25515
25543 28307
22077 22078
5432 5444
25234 25740
14022 14068
15626 15647
6484 6646
24411 27085
10881 12298
1445 2623
26432 26580
4566 25789
237 27241
7066 24439
24939 24996
486 16253
2293 27422
434 1263
1242 26483
24422 28853
10942 26659
4566 24118
8034 9475
13292 27920
4687 4688
24189 24722
3255 25614
1989 26844
4123 11099
373 26166
2648 12675
6232 24394
16945 16946
3120 24296
2065 28659
13259 24887
2936 5767
10938 25742
1194 1785
6906 24282
7353 29696
11196 25683
29063 29375
1469 11021
21768 21770
26927 28285
27542 27544
4313 4314
4857 5792
3553 8844
7223 25636
9236 9486
6508 17140
12419 18557
3485 16116
785 10282
2839 13204
9093 24949
7994 24247
11504 14500
20367 25211
14830 20804
17273 17280
26306 26551
24930 27310
11961 24807
8287 29435
3244 7408
4566 6508
3848 4746
9024 25816
3019 28913
2588 25653
2840 5607
24152 27894
14365 14372
9801 9804
28941 28974
24462 24473
7330 29289
3244 27383
2661 27905
12175 25064
14418 25295
11814 11815
1031 4991
24809 26882
19585 28213
2423 17398
17095 29475
24202 25311
2421 2702
4857 6035
12556 12557
1530 28140
9119 24335
9141 18212
6731 8765
22038 29766
965 2851
10501 26873
7223 10582
19827 19870
14429 23995
10362 16878
1835 13633
2633 3822
11707 13547
7214 29492
1071 29046
5601 18466
9766 9767
11042 15742
4128 29140
1889 27489
11583 20114
417 2682
5144 26887
14840 29632
17439 25019
5597 25816
6601 11256
21781 21786
17428 20512
12404 24203
27224 27354
24608 27992
26197 27683
1296 12073
7886 27327
5113 5115
2234 12263
17154 27622
2828 24398
10175 25822
5857 6131
1951 19415
8585 21448
18026 26725
18026 26875
10012 29175
7014 23860
26401 28942
738 2468
27040 27198
14182 20521
20789 20790
14884 23922
841 27764
17276 29492
6707 15531
7322 7325
6687 14885
25749 28863
24701 25614
24278 29122
4595 25653
636 8219
5398 5425
1344 1467
1526 5740
9065 27041
13546 13838
648 655
27241 27307
660 7159
247 288
26030 28650
1090 20573
2066 26426
2423 27191
5642 14531
6757 18672
14583 14827
1893 28884
1684 14928
7262 7432
491 18333
10446 25489
7906 24653
10356 25309
228 513
3889 28106
28828 29391
503 10083
24589 27992
26662 28565
7198 8260
34 52
9899 25630
608 7140
16390 16391
17472 24785
15563 25466
5455 5456
89 28644
3443 5395
11179 27915
4216 13246
1261 1288
2586 24305
13931 25479
12517 24239
29664 29681
15820 15859
161 806
2061 28491
3120 25781
22365 22367
3223 12487
17251 24298
11565 11586
20548 20559
1426 24247
