943 10938
8391 27522
14146 17265
20103 27185
25548 26769
2502 7710
16351 25266
1477 27599
7078 25001
515 28555
273 3133
13320 25019
20787 20795
10422 10906
4884 27485
24862 25960
18990 18991
7726 25024
17070 25719
10311 15371
1597 1788
24934 25529
18219 24063
661 12944
11203 24360
18679 28033
13549 19442
15082 20998
29664 29687
6137 17070
22060 22061
6503 29274
5056 29405
6051 12831
8243 12788
1597 3173
15999 24327
3570 14218
24942 25592
18547 18548
26769 29095
5840 27692
3017 11060
9359 9362
27289 27325
14456 25706
9439 20629
4031 15005
22891 22892
1672 19640
1788 2798
16436 20920
6602 25605
10566 24309
238 661
3293 14644
617 24169
4098 15402
17088 29159
8992 12871
13682 25919
11079 20142
25448 25729
24690 24706
1461 6756
11587 11849
24510 27886
9184 28185
24141 28127
26764 28307
6602 24304
16204 28909
22049 22051
5916 29687
8084 19468
9281 11460
2659 3625
23608 23609
13024 13028
246 26536
16841 24851
15332 26599
25069 26876
3017 29056
7354 29699
24883 25740
14552 20534
24905 28060
27596 27661
491 19376
7556 10012
19662 23907
1393 17248
2658 28468
8535 24552
8243 27793
4587 15206
21341 27692
19670 20579
6235 11133
10564 17345
5022 25123
17154 17265
10769 26416
770 7251
959 11606
3173 29052
711 9829
3516 29212
5864 5865
290 454
24711 25756
4839 11688
24709 26243
7574 26938
8013 11110
24883 25190
2682 16097
6248 19536
24437 29419
14425 25473
10794 18162
10012 27243
4358 25437
11600 12170
11460 24979
25499 27234
24118 25934
14572 19376
24739 28033
4764 25240
27294 28479
25478 25658
2268 24750
6002 28008
2426 27178
25729 26007
3173 28933
24514 24879
15238 15242
19624 25240
3263 29653
26605 28118
246 6753
3173 6062
14807 23013
28811 29050
738 26392
23907 23908
17420 25232
25090 26951
16605 29086
3858 26315
10584 13256
11806 28120
246 28942
2426 27168
24392 28105
801 8294
19566 19567
25892 26758
15007 26076
12224 29087
8546 27841
18715 26535
16568 16569
24772 25263
23482 23483
10533 20846
5803 8164
24713 24879
14145 14255
6398 24567
15773 16088
24903 26997
7992 26648
3375 4573
19189 23995
14082 24301
1363 8337
24728 27916
6180 6439
6632 15332
7132 27252
11979 27025
11110 25010
25446 25534
4876 25853
9312 10014
831 24141
2637 15535
11740 24586
4501 25645
14365 14366
6689 19442
5005 24008
3567 12824
24684 27070
6841 29492
4883 25240
4899 28838
22706 27243
12833 12834
25496 26940
2568 25824
6696 25286
9322 20544
1276 26669
6602 26798
25546 26112
24862 26536
6726 7795
24566 27392
9602 9608
17815 25253
4596 28884
24487 26451
9303 11910
2117 5578
4490 21872
24919 28970
2942 27788
19590 29073
3614 19300
3580 18307
24323 29095
5408 5450
17821 17822
21914 21915
3857 24013
17100 28825
26184 27429
27485 29190
16033 16063
22002 29769
6710 24370
26116 28568
6837 26451
5062 24581
21205 28824
11348 24115
246 3754
18543 26408
14600 14810
25123 28235
24716 26339
24728 27692
14024 14025
330 25772
19033 26667
779 25756
5914 27692
10152 26076
9228 25537
25246 29541
11318 11320
563 26416
11638 24944
322 856
8391 24448
5255 5256
26762 27692
9092 15578
25190 27316
27692 28763
24979 29033
15195 15557
24979 28292
8391 27355
4 11987
24380 27069
2060 28483
9856 27365
22287 22337
27429 28735
231 509
939 25968
7038 28185
24144 26123
246 9736
26962 27485
3857 25907
1329 26865
3173 28205
6398 12032
9011 9045
4939 19433
11600 14425
3857 25894
25354 26540
1276 24334
352 1052
1002 25930
664 27612
24862 25933
1477 27884
2112 29488
4693 18230
12713 17621
24286 29049
3972 25002
138 29627
8992 24935
174 24772
17815 25635
266 5914
3098 28863
4639 4914
2164 24651
273 4425
17165 17815
24611 27527
6733 8315
11133 16201
14292 27812
24697 29200
99 14348
24377 25090
856 26451
10218 26076
28763 29220
5490 6760
1790 4235
5712 15391
3858 25854
2208 28028
9123 24934
17102 27582
10686 14895
14347 24302
9829 28185
26076 29190
5697 19465
1223 29077
20210 20211
3720 24272
5724 28909
1287 8595
3364 4573
25870 28909
15953 24293
16706 16707
3029 4984
4425 7651
15310 26871
24894 25933
550 28046
24971 27746
29359 29369
24851 25091
14522 24709
10317 26076
27294 28460
3554 16458
3540 28355
1543 24251
3803 26627
8802 10635
2935 5785
4899 28865
25566 27759
4824 25853
25480 27029
1400 29095
10573 28456
21250 27730
23874 26626
25654 28422
7340 28675
246 1955
6410 26915
546 655
180 8658
10856 25707
24989 25418
203 801
17418 25014
9276 25235
13123 13124
15726 28684
3570 24018
4361 26605
174 16854
18575 25232
5288 5914
526 17379
16467 16469
3601 27108
14658 14776
3637 6316
1701 26305
8965 9107
2655 2667
4089 25926
12363 16458
18037 26831
246 7404
4765 11487
381 24377
246 17356
2211 25232
9050 11600
8165 8419
25235 25402
13067 13070
25960 26113
7913 24380
9456 12272
17070 27908
8176 8200
23408 23412
3935 25634
8391 25346
28481 28482
99 14667
1553 27386
3192 28630
10533 27324
14038 25373
13390 13392
184 8065
26752 29142
7154 24197
4959 15365
24178 24220
24709 28116
21205 29489
28301 28824
20114 24263
8391 27543
4573 19189
19632 25240
8348 9206
6699 15332
26605 27124
5173 24733
364 25002
4977 25853
10100 12252
10373 10478
21230 25274
14600 14791
7726 28116
3102 10199
18318 22545
4521 25645
3234 26184
15519 16019
6045 7201
15876 15878
5327 26536
5406 5417
24019 26403
6726 24327
5706 29126
8284 25802
246 7389
6908 24271
19673 25240
13197 26380
19060 19061
10835 11582
27028 27393
561 24971
1650 8309
4693 7080
3155 10930
25646 27014
4505 9485
11106 11107
14228 22195
1672 19376
3570 23912
1183 24363
4406 4496
1830 28813
4453 4467
4233 24446
910 24726
24461 28732
1265 7672
2935 19676
11227 12818
10171 24394
11531 13838
7144 14050
24618 28017
5819 24009
1828 7847
616 21205
2079 26301
14050 14145
3285 22761
11511 24552
7001 26821
6449 28029
17000 24231
2953 27327
24063 25332
25373 29235
3603 25315
9311 24944
460 6649
3570 24151
4220 15117
5394 9335
623 26908
24312 28241
9044 17716
6075 10533
496 28555
3570 20647
14480 29738
4334 26531
21548 21556
9532 17265
25762 27863
19 27472
8033 25028
7485 28744
10311 13364
4950 27545
1169 19640
3285 7454
21113 21114
21589 21597
738 1995
802 1341
7925 7935
8391 17782
13174 14989
29049 29220
7697 8400
453 18782
7756 25625
4109 4938
11029 27860
23874 26460
146 27820
7163 24035
2220 25385
23874 26529
1077 4402
14509 22436
15040 19640
13200 18325
7230 13528
6577 8243
2967 4761
9328 26976
378 28555
14823 14843
25499 25897
26215 28261
17345 23057
3285 5295
623 29280
14237 27440
18970 18972
14779 24991
4670 26886
13968 19442
928 20520
8045 29406
3120 7426
752 24374
6726 7363
10729 24008
11190 15951
21937 29080
24742 27582
7726 25948
301 27294
21282 21283
4079 25634
15172 15176
238 9392
12432 18866
9084 12184
13549 25826
15095 24301
7004 27617
5041 29405
25587 27692
266 2117
8391 14455
27028 27238
4899 10111
1413 19465
11187 25518
19466 28050
1870 29211
2936 14620
24301 26876
5851 19536
2733 19503
246 26421
14051 24380
1628 24644
7283 27392
18302 18304
1231 3516
8569 8570
4369 11930
10874 24871
19110 19112
11136 25518
27645 28307
26072 26648
2849 2850
9597 19899
322 26495
3821 27692
7247 8457
273 26341
20009 25775
26178 28555
11459 25455
4791 25853
5035 25418
13767 22545
634 23942
24956 24957
12897 12898
249 15402
3483 24496
1429 28318
5550 17927
12765 12817
11218 24944
20114 25626
24879 24884
2426 19696
25772 26828
19377 25080
2272 24750
24441 27369
616 23900
12944 12966
3580 12775
18427 27224
1390 6417
10456 27537
3947 25605
10111 24750
4496 25645
18715 28224
24323 29389
28 29204
28811 28830
19592 26086
5871 5872
14446 14658
20768 26667
4675 4676
24786 25286
4983 27752
12325 12327
26526 28235
62 4219
856 24720
25470 25637
19646 21932
1927 16630
26806 28734
25420 25518
14103 28430
3483 24396
941 11417
2033 24198
25373 29169
9702 15229
25516 25541
616 5271
4899 28826
3535 11582
5702 24447
25496 27101
24326 24350
11065 14336
14082 25925
13166 13968
26756 27214
19662 24114
10733 10734
2682 5394
22 16458
10387 28296
18166 18167
21550 21562
21375 27301
9439 20603
11511 15626
4967 7215
1984 26835
4129 23715
878 26899
23874 26228
19447 25794
416 25518
26218 29304
1287 11285
616 6128
2682 24319
9597 19900
1926 3974
16985 25706
15584 27103
5199 27255
592 25418
19376 19621
8704 8705
1875 15737
3046 12140
22534 24001
364 14347
9293 17232
11813 25373
9502 9505
27299 27568
26254 29173
881 17418
24410 28505
24195 27448
7623 27108
2298 24750
198 199
8095 25814
20208 22809
11089 29306
12672 27762
24301 25930
1013 26653
9310 24942
5331 24194
1949 24819
739 25599
10120 24596
25977 26491
15537 15539
6862 8294
1750 23874
1364 29095
523 23947
14691 21308
23874 26562
1904 3974
14199 17795
19494 28561
15402 29265
1658 5006
852 29211
473 24195
6733 7736
2928 22603
3017 24960
11945 11947
4913 25853
3173 6198
1077 7337
2390 25975
14372 21617
1614 1850
910 26048
24750 25488
11238 11802
21073 22593
15073 27211
17409 17882
23091 25205
152 2875
12077 12089
13989 25853
25518 27200
324 13977
8022 8025
16976 20192
939 20997
3017 24211
24916 25242
1276 2150
19996 25767
2265 24267
4958 13419
15365 29818
10916 20114
8781 27392
7144 24861
3017 7354
27255 28832
2994 26710
4495 25772
823 1042
950 23399
19516 24899
25190 26973
7809 8013
561 26136
7972 29408
2936 14654
2841 28921
715 24374
22569 22570
1433 6210
940 24008
3848 7523
24792 29099
7726 27736
14359 18978
17649 26271
22367 22368
19133 25320
2037 2777
161 25232
11531 14567
1077 15771
3302 10968
25842 27248
4257 22761
4362 18208
14166 19493
724 25642
14644 26491
3173 29060
17733 19440
1580 28853
5252 25842
8496 24903
24576 28160
5774 26098
6733 8799
150 29072
3658 3659
13046 13137
4570 4571
28672 28701
24340 27229
6949 28307
5225 25448
17055 17056
2294 28227
24644 29306
20680 23068
24651 27871
180 801
22525 22526
4378 25831
1219 6053
24413 24422
9682 15229
8908 15310
24596 26154
8391 27442
19866 19867
27692 28568
9654 18037
16363 22344
3782 3796
932 3309
1350 7314
24576 26197
2504 6335
1921 23091
24915 25811
24640 24690
24924 25645
19432 25999
25684 27693
2957 22629
2936 22129
3857 29394
5076 29405
416 28262
2426 25551
3173 25093
25626 25650
716 26167
3612 24586
1494 9228
25474 26931
24678 29164
13693 29220
6794 24019
5140 25242
24522 27261
25679 27863
6398 19468
360 25362
5000 24513
1042 15693
5698 26323
4021 9423
246 1258
1665 17815
7208 7235
9769 15638
25516 25711
25814 25919
200 12505
7185 18538
5845 24342
24728 28023
5000 11487
14348 23946
246 24717
25679 27872
16240 28909
14522 16130
13647 13649
6791 15332
8868 28082
14189 14197
23134 25625
17243 17838
391 28784
14378 14379
28440 28962
17485 25014
11284 27606
1710 1712
9551 16309
6099 24338
20191 27018
3123 28602
2054 24267
5117 29405
3570 19365
12991 12994
5192 24678
3173 24860
3580 24263
14438 19621
21430 28555
830 27248
7162 12600
457 25387
6716 6781
24447 28182
11218 26945
8681 9178
791 11110
9485 13227
6503 28685
10311 24221
24377 27887
13207 29475
26048 26552
25418 27392
24971 29384
26134 26828
1801 28784
2782 25068
25380 26141
14649 24301
23091 25186
3328 28555
16209 28909
24606 26785
4950 28391
12710 26402
326 24991
1168 26536
3570 14906
4422 25645
27485 28349
273 15585
9833 15206
7071 28665
23883 27485
3173 20931
617 15332
1421 26576
562 25418
24194 28678
939 24888
7588 24395
25194 26403
246 5807
27383 27753
842 11251
24709 24750
12722 26296
3173 26171
12242 20544
6101 27108
2819 10874
5358 5361
342 19244
25117 25118
16855 24792
8455 19122
25729 27824
8966 14691
9294 29384
2235 9914
1893 24647
10246 26076
11364 29230
2813 3225
22327 25518
25023 25025
1940 17804
4842 10311
4761 9293
24979 25930
348 25537
25253 25967
841 24141
2684 24957
5113 25000
29156 29191
4031 6733
12615 22327
17070 23972
6405 6420
535 26678
6749 26710
7042 7043
15578 25496
8496 25802
4827 26007
2675 20389
5253 22103
20658 21183
9632 28105
8391 24698
18471 25872
13767 27763
25446 25654
2235 19022
14374 25829
1951 6733
1390 2871
1762 24750
4666 24868
20779 24642
14838 14944
19611 19640
24938 25664
14831 19300
25331 27692
1546 27593
19627 25706
770 26293
3029 5914
628 26528
231 1553
9586 11382
6821 15435
1077 24727
23874 26580
27294 27692
6387 17672
24596 27780
14522 27255
1002 6644
6041 6042
816 19343
13397 28293
24695 28995
390 27566
3136 23323
25436 27243
11849 28145
26336 27513
14056 24380
16848 29411
5175 27255
8021 29095
19528 27820
28355 29756
12923 12924
14806 14807
1268 27201
27221 29411
10540 26143
25842 27294
177 29126
501 7103
16458 24125
12966 23950
21112 21113
182 29211
24723 27255
7202 28307
13848 19547
8182 29220
24944 25715
20787 20810
26999 28068
19232 19234
24505 28675
24772 25252
1017 12266
4877 25794
19658 20658
2426 27053
26999 27169
14831 29028
8165 25038
10273 26076
21742 21743
25418 26408
8645 8660
5490 7163
3120 24576
26844 26865
26080 27909
17070 27805
1363 25733
15994 24260
24576 26529
15172 15177
2935 24397
1672 15062
3285 24640
4366 9311
5387 5388
24542 24971
623 6862
7727 27251
2948 24360
11592 11911
3783 27384
2521 7185
2348 2349
12433 24671
9893 15402
1788 19462
6612 6758
16229 16364
4889 24586
20329 20330
6100 24909
2729 24280
19030 19031
5136 13246
25420 29414
10266 26076
24301 25964
5406 20323
14055 14056
11317 11320
6581 24709
28555 28994
8154 8188
20713 24002
13848 25948
26595 28698
5707 26835
231 28116
25847 25853
15513 27277
12182 12183
15117 29034
27863 29050
10835 27026
2245 24169
3974 29118
14115 28383
650 29220
4 18804
10276 25350
4392 12943
7708 20323
9321 27135
24301 24410
546 4133
1308 12096
7134 26769
5670 5674
22734 22796
25518 27524
12072 12073
1363 6726
16980 16981
576 25418
23950 28127
2339 24750
24907 27049
27203 27455
2063 29182
676 26029
1433 14621
1642 2629
17672 24198
12890 13054
12659 25033
6360 6480
20006 20008
24290 29009
24797 25891
25514 27183
19441 19470
1597 1672
3173 24728
4751 25853
14606 24288
11050 12678
1248 27513
5724 26501
26539 27513
9293 27283
11173 11198
24523 26777
1543 14026
13982 15578
263 802
7726 27802
17390 28166
3591 16458
27599 28955
25191 25504
25853 28050
25930 28555
18318 29722
1848 5168
7103 28307
3018 24292
17070 23947
24009 24389
24217 24223
19785 20998
4524 21873
28032 28034
9184 13820
28075 28296
238 2064
14740 21733
828 25625
8314 8584
29052 29418
1707 5898
19468 27039
2936 21954
27485 28367
3203 3910
760 23986
11048 26315
248 24138
23874 27327
4365 11584
23592 23594
9307 23854
24934 25191
19377 29653
9567 16206
27627 28438
453 28551
845 1414
2282 26052
845 29306
3017 18307
6092 24750
2310 19155
14185 14445
3067 28863
9114 26999
2730 29405
17409 26844
5121 26975
4016 4709
536 24377
6248 17749
536 19536
14400 15489
9013 25964
3173 28908
7775 23768
6706 12066
25436 25676
12088 20114
28368 29333
26154 26155
14467 24130
10036 25480
14681 22151
24526 27549
1814 3120
1034 3485
10038 11829
23995 24618
7071 24428
17720 20049
1893 16550
10419 25764
3173 27145
3017 29258
4023 27014
1287 26576
4116 26699
14403 18483
2926 4761
9956 19692
25802 29417
24922 25650
4312 28021
19694 25240
10900 26007
5803 24165
21104 21109
12423 21205
24706 25821
8283 23986
1883 28369
13975 27124
23995 24399
4461 25645
14623 19358
21833 21844
18911 18917
17882 28127
6230 28514
649 24982
16088 16880
24935 28128
23967 24312
546 28729
26251 28201
25424 25475
601 2551
1310 21250
3211 16635
17485 17705
1233 26535
1203 27337
6602 26076
5737 9330
2842 27820
245 8552
1288 17379
1184 27636
29679 29687
9246 24013
26976 27252
13952 15578
28184 28243
13249 24641
18329 26154
17418 29180
25630 26163
17672 26166
402 14534
4950 28406
4899 8391
2659 3626
6001 6348
6733 24838
25342 26999
1325 11460
27391 28803
623 28292
3143 26710
4213 4738
17345 25623
4388 28004
4934 28393
24294 26121
616 14455
5741 5745
2111 15332
10360 25756
4368 27025
2317 2318
14424 19692
7348 19676
26408 27921
27365 28463
27162 27185
486 28555
894 29744
7433 28970
11133 24640
864 10448
9878 10316
664 27630
16266 28909
5832 27028
19022 25286
26226 26488
3110 24525
25418 26422
24323 28105
26047 29191
4348 26317
20899 28596
18715 28159
13693 13809
5027 5914
23174 23180
17188 28555
10507 27172
19676 29492
24517 26737
14522 26279
15058 15059
549 25837
19383 25240
5926 24113
1294 1295
24068 25448
7777 26161
25802 29290
443 25468
2682 24320
2702 24287
916 7635
2787 12432
2227 23986
13512 21808
5803 17336
25645 27483
9151 15162
13742 25925
2550 24750
4629 26877
24697 25002
14051 14055
8010 26769
15332 26037
24894 25704
6733 8793
8593 10039
16779 16780
3118 25118
7173 27738
17359 24647
535 20102
2962 4761
10316 28545
5814 25859
6910 24198
453 19490
22327 24363
15047 15054
25948 28417
10874 19602
4334 26648
14940 15027
20067 28606
1421 5490
2454 26855
23950 29126
616 27976
24971 27815
26042 27294
10380 24881
19255 29239
2989 22327
2461 24750
14313 28636
18855 29173
22705 22707
10914 10974
12128 20114
27294 28483
24200 28885
179 453
29790 29811
25199 25581
12584 12598
18639 24141
10848 10849
8200 8295
1628 24876
3361 12096
18543 25948
7325 27576
10278 22817
12272 15638
20544 27020
1938 27726
10039 10651
24698 27049
19686 25240
5914 24279
894 7201
2623 5327
2814 12315
25256 27582
7830 24254
25765 27429
417 25548
6745 15332
2803 28039
13358 16086
4372 4373
4945 27883
3331 15675
15206 24108
27692 28811
14455 24535
2561 3173
7828 16472
28368 28784
19987 28648
14479 20562
4596 6733
3799 27887
12423 27989
350 26699
4205 4353
24083 24301
2209 29173
7880 12457
6851 26535
8785 9165
18037 26840
16038 16052
28916 29021
7553 13660
7781 28598
4125 14545
24745 26798
21898 21905
2294 27410
24680 27255
19984 19987
13359 15847
7574 27114
15051 23995
3173 29051
7828 16473
685 24596
4711 4715
6177 27429
23874 26467
615 15332
15332 24712
10013 27769
6280 13249
25264 25275
25348 26133
23853 26320
25368 25374
15524 27280
26984 27543
18267 18270
6534 12272
9663 9664
23419 23420
13787 24301
4899 15748
23874 24435
6936 24198
2632 4334
4426 8781
14522 24883
14619 14623
1287 12134
19568 26113
1383 15960
17033 29079
1879 3974
19667 25240
5555 14050
7071 11242
14370 19376
8033 24334
6760 25930
628 26160
24784 28082
7354 29618
10159 22692
19635 26651
13033 28684
26377 26536
1276 6953
26271 27429
10874 24618
25897 27819
19508 23995
11007 20573
3682 13787
24259 24260
14056 14068
1295 27215
8981 26999
25373 25418
3461 26828
10333 10345
24644 24898
14680 17815
14050 14207
9084 11797
9760 27101
25510 25511
1955 27887
4359 11608
18956 24800
8391 27248
1276 24555
1565 25254
1172 4755
9712 9719
16385 28273
313 6143
3543 3554
18622 25232
6733 8771
898 28307
26289 29095
17323 26364
18905 18906
11461 12392
28063 28075
4365 25626
4083 7173
10311 15782
18727 18749
28368 29009
1259 1261
10533 29260
5753 9492
6923 24198
10415 27512
12383 12392
2307 24750
11635 26233
2426 24284
2016 15748
27513 27909
25635 28307
1276 4037
17925 28592
18028 18030
9772 9773
17070 27765
12272 14185
3553 13111
11592 27103
9485 28542
11222 11299
738 11837
20680 27018
738 2352
25754 27110
2009 2022
25238 25402
15393 15394
28824 29050
1309 28956
322 26471
8265 17288
2960 6003
878 7622
27192 27201
2426 11511
7076 29760
14237 21943
1170 26136
432 2150
6698 11202
24894 25309
24596 25538
7675 8410
13197 24971
19255 24868
9809 25821
2682 17429
608 2053
2935 5778
9355 13548
3173 4495
2560 18860
19671 25240
26826 26873
4557 25645
2117 2150
12506 22761
6602 11460
273 1533
3104 25854
18472 24469
17070 27789
24750 25930
11133 28116
3935 9309
3715 4069
13637 24899
14522 28116
7511 24532
23982 23995
6602 11203
25411 25853
5915 14453
24301 26042
4133 24169
1969 25875
16270 28273
4914 19410
10741 10904
21128 21130
7564 7565
370 3930
1001 24313
8871 28082
27535 27738
24266 27238
18826 28909
10488 25495
364 24695
3173 4842
2876 27429
10836 10838
22195 25499
25811 27887
7915 25027
4539 12908
3156 27553
26553 28585
25061 25891
7862 11487
18420 29406
4573 25353
2131 9567
24167 24750
13320 28323
6449 28036
14692 23938
26017 26528
1879 29405
10794 18139
25645 25837
1455 10087
24265 26885
9228 18340
24790 25275
1049 26163
8980 25471
3156 4974
1475 1481
9577 18677
27692 27886
3285 7314
17345 19595
9914 24780
8391 24640
15332 15436
5953 25828
2886 26383
5859 26648
4572 7173
11222 27043
404 25548
2541 24750
7361 24877
25153 28368
34 24827
8221 13000
16985 18515
5703 5723
3018 24395
26324 27343
14185 14441
15262 15671
1470 28661
25002 26764
626 29220
5415 5480
26586 28555
1276 3985
453 6202
5079 29405
10199 16057
4653 10428
10183 26076
19694 20468
27234 28166
9302 27025
4359 24944
3974 24647
747 7224
801 13637
27049 28850
25842 27313
2843 11649
321 25242
1619 5570
25991 26121
6733 25814
8243 27958
5707 26962
17716 28884
2188 24739
21778 23968
4582 4761
18037 28863
19521 25240
26865 27692
7224 10682
11406 25455
6513 7331
7686 29466
14529 27192
10475 10476
10478 25390
4967 9632
561 26408
8054 27228
18607 21250
25068 26408
19033 25253
664 26973
8013 12868
595 26880
6142 21353
5917 29687
1506 25275
15167 19614
24701 24816
11347 28145
1023 7192
4596 14348
12791 12835
8391 27504
13294 26605
885 25033
7835 29447
174 25809
246 26549
2373 21250
1433 10723
19427 24177
24013 26920
1642 18162
27327 28726
8981 9107
8050 28909
3241 28127
5331 5869
5490 26871
5144 25062
7304 7305
21976 27634
15837 23950
25043 29488
12320 20011
6548 26245
453 16057
16130 18037
12272 19589
9281 29095
24791 27135
1949 27958
6263 19178
10688 24923
17927 25418
842 27270
16786 16809
24881 26171
25281 25420
600 27423
11460 15005
3570 24052
5850 19601
1376 15436
11004 27287
27228 27248
26417 28483
1955 26244
13760 25693
25341 26105
1921 17982
6425 15578
2426 7795
142 24293
17357 17374
5551 24311
25035 28156
7434 27429
25418 25927
3610 10944
282 24530
26908 27670
25853 29323
10201 26076
20102 28368
3246 17221
16496 16499
24862 28411
16428 28773
19578 25240
7538 25518
11531 14725
17147 17148
10483 19580
15332 26243
25802 26737
22871 27238
20096 20101
1619 28039
14798 26123
26917 28008
473 29799
711 7961
17070 21308
12800 12803
2702 2886
885 24377
12357 15914
24281 27283
4389 29492
13977 24894
3173 24198
14658 24301
7726 28438
3783 25679
8391 27575
7302 16458
7914 28383
15782 25835
27248 29492
8983 28101
8466 26994
12365 16458
282 24198
26417 27251
8156 27981
17070 26383
2058 2572
24693 24750
3157 25715
24894 26437
25626 27039
3540 11057
14372 14387
1182 25475
26237 27429
2569 21250
24593 27981
21811 27574
28813 28869
14388 14390
11318 27180
4899 28839
3570 24110
20102 26094
246 23954
3625 27895
10636 28540
1181 19640
4839 11955
12436 16458
11531 15073
552 25418
8992 28111
24141 24883
23874 26284
2848 27862
27030 28073
10415 10416
2473 2476
8746 9205
7962 24359
28301 29087
364 10220
4426 7865
21928 21929
2762 4533
11149 11150
14348 14481
23627 23628
14095 28410
23874 26412
15613 15614
19388 19530
25190 28230
7211 28307
11408 11448
617 4842
27376 27459
3637 24441
535 2632
27372 27438
1144 1153
14348 19662
17927 26315
246 19559
6367 27692
14348 20520
7726 28138
6685 15332
741 28103
399 27887
14677 14687
6621 6776
3974 25959
14050 14403
24242 29304
21205 28878
2682 10669
12144 20114
254 4596
1533 28942
5774 17927
2154 13693
2853 4967
23178 23189
24205 25348
17070 27872
26215 26328
15078 15081
246 28765
25762 26213
9688 12205
321 4334
14072 14702
12775 28568
10495 13700
6733 26968
24455 26844
12358 28307
9490 25040
25621 25623
24971 27429
26206 26332
24738 27255
535 24794
17418 24317
22436 26059
1421 26737
6449 28031
3736 21345
19600 25853
13954 15578
25948 28561
24285 24750
13053 13055
25090 28885
24935 25609
25959 26685
24586 25459
7996 28598
24576 26643
4943 25853
14522 24169
616 19676
24051 25547
1087 24861
20656 20662
5743 6423
4108 12432
13549 15118
12181 12216
19676 29405
6178 27669
15214 15215
24427 25102
3173 4573
21579 29281
5360 8243
2787 14644
9011 27025
1652 1661
11727 11828
26480 27070
27692 27736
24750 25286
24651 29220
21231 24063
4625 17418
12432 18340
7726 27069
24576 24750
13549 25706
4124 16370
17070 27921
25286 25418
273 15591
15428 24008
7511 25874
23854 27104
28033 29653
535 24631
231 440
1276 6841
26531 26909
3974 28850
1110 1433
3947 12272
9524 24293
940 1175
416 7394
7880 12824
2936 14196
14348 21822
23843 26323
2754 26038
10686 20544
8391 25910
22327 26053
14551 19680
3039 8194
4869 25533
25803 28630
11835 12198
7771 15332
1654 5757
4989 24547
10659 15749
18810 18811
25682 28071
12292 27100
27234 28172
13168 13355
26756 27251
14534 25764
2677 24971
15006 15435
3039 26928
3018 3857
24124 24781
19539 25240
2576 28884
2245 6760
603 25418
15317 19528
19752 25080
4950 28412
27592 28307
21776 21779
27255 29384
27974 28368
5196 25853
23874 26465
2403 18719
7529 28004
23874 26616
15231 22728
12432 27336
24323 29405
11330 25271
201 28555
852 1848
4836 25853
26310 26411
649 845
11203 24364
6001 29220
27692 28430
27680 28307
7634 24312
2655 19244
4238 23091
15435 15436
4104 29180
3570 5655
14467 26123
25068 29420
2235 15153
11487 12775
14664 14670
75 4219
437 27220
1466 14545
24334 26953
12767 12769
20025 20036
19993 26774
5805 14348
16478 16479
26737 27255
23288 23289
20554 29627
562 24750
17071 17092
3618 24916
24780 28076
16236 28909
20014 23866
23134 23854
26531 28525
15042 15044
18432 18436
24856 26828
25499 27485
22567 22571
19636 25240
5027 28285
24334 26946
25062 29034
4 15010
20931 24725
4436 25803
273 26951
25448 26694
8356 15778
11852 25628
19465 24916
9479 24242
6261 24010
10728 10729
9896 15402
11460 29139
25475 25879
12880 12888
3173 25739
24711 26878
11731 24206
13259 18333
8182 25030
969 27601
747 24374
1630 25406
10171 25865
21893 21894
3334 3396
14691 23956
7708 23748
9014 24934
11531 24586
738 28242
11467 25948
25943 26648
26048 27220
14851 28438
19343 24685
2502 7739
3065 28863
2989 29095
9812 15206
9082 24934
3017 24576
4879 5086
3173 28083
19213 19214
6106 10533
5765 28747
4716 27598
4628 9588
4220 24283
8513 28597
11460 28895
10914 24117
1910 18692
22124 28406
23902 25518
4987 25853
9752 12524
14348 23352
662 29220
6696 25853
2960 27634
28942 29173
5044 18022
29277 29303
20069 29783
1077 6295
17276 24378
2672 24971
25518 27535
1330 28956
11610 24944
4031 27588
27429 28736
24979 28293
17736 24659
6264 26536
17838 27108
14425 28111
1276 3843
24865 26984
26062 26113
15436 29095
2936 27836
11731 24201
1499 11089
26442 28307
6709 15332
5121 9357
3079 26605
5706 25072
15435 27958
6602 24382
7144 13408
1422 26271
25418 28166
26658 27568
600 7264
8199 24242
5579 7485
740 28073
13307 26605
4759 4887
24750 27812
20895 27032
5113 28747
11978 11984
24691 24737
20759 20783
4655 10428
24301 26109
9275 29095
19502 29394
3570 22641
19516 25068
1276 4046
20034 20039
4392 12972
20885 20886
4216 28884
856 27251
20106 20115
26167 27876
537 16390
23910 23911
11049 19617
1077 2546
9698 25517
5342 10874
5648 21855
25582 27188
23761 23763
1276 3836
700 1153
3173 25331
315 9509
15859 24323
1616 24013
24779 28067
19468 25436
27056 28115
14162 17265
17070 25320
13760 25756
27706 28648
28811 29296
12399 16458
3570 15118
8221 25026
15241 22728
1042 28620
8202 29306
282 26876
403 1254
15435 27886
18033 18036
10459 10462
25455 29384
14348 14669
12272 29028
26769 28039
3619 24690
7650 29411
22817 22818
22394 22478
26667 27830
11238 11251
19661 25240
15601 15607
27488 29304
21255 25274
9809 26925
246 28355
5421 5483
19570 25240
3302 17409
246 11056
10511 10544
11351 12198
655 1466
44 7071
5570 28250
5938 20433
14879 14880
3570 19677
9232 29079
13305 26605
1441 1741
5805 15080
14516 28536
369 18855
3872 29095
9939 9943
25495 28103
465 26233
945 4229
15332 26475
11677 12160
26774 28034
3754 17838
18934 24771
4867 27692
8082 28300
10038 24944
14170 17265
2235 14207
11765 24586
17540 17562
7224 10656
6471 25436
19244 24301
478 28263
14594 20534
18316 18317
27692 28138
14377 23945
1315 24169
25499 28483
26417 27341
15166 19614
27472 27473
17070 25406
273 24208
7144 12506
2731 29405
7070 28307
6733 8791
18576 24124
6348 7283
25455 27039
4016 5242
5490 5914
9769 24374
238 246
16164 16165
14567 26048
890 913
1280 10659
12791 23942
19606 25240
24317 25706
20103 25654
28840 29050
3017 24207
1642 18133
1205 19640
22699 22704
3322 4573
6327 6328
24700 26473
20680 25787
11600 11683
28004 28438
10019 14425
616 6348
7239 26293
1433 10903
19357 19360
17547 17550
14658 25974
858 3285
2960 5301
282 2866
2504 10438
10461 10462
24321 29653
1433 15380
17672 18716
11617 24944
22545 27886
2799 15332
77 24842
6143 24991
17440 26032
9262 25038
19670 20499
4119 29142
705 7220
11100 24301
9163 9164
5578 15332
21308 27018
24728 28019
10777 12550
19518 20520
17356 25373
15276 21799
27030 28072
5620 5710
25478 25681
1835 11133
11300 24944
4279 24685
6832 15435
1828 8271
5242 27028
8746 8748
5774 25516
25772 27363
25853 26984
1308 7850
453 26204
10157 26076
322 7371
15117 29571
4522 4525
2176 26178
1276 4058
22534 27820
25229 28362
611 27104
15333 21205
16263 28909
10015 10410
2319 22327
10562 11295
3544 7880
26173 27429
19530 25079
4443 4563
24640 26648
9707 9710
28383 28384
2294 13550
535 5602
6793 24198
10169 10172
25872 28299
27952 28715
1639 15332
19343 28793
1769 7433
914 28105
14348 20573
19613 25240
9577 26167
7200 27608
1808 24377
14658 26099
24659 26536
7417 11133
19470 25240
6513 29632
14393 15394
9151 15206
16269 26605
588 15332
18595 25232
711 5019
1619 28307
11068 26315
2294 29503
1542 15117
2960 17265
3570 20528
27731 28639
10555 16102
22728 24102
8408 8409
3570 24094
3120 24169
10904 27993
246 7406
151 15815
535 5185
5168 25123
273 15583
12890 16550
10204 26076
4953 25442
1489 25102
1287 12438
135 137
17154 17429
26339 27604
14292 14303
19611 25915
19595 25551
11101 24379
8283 13648
23967 26648
2236 29095
1413 25384
273 1444
24865 28036
26141 28970
18318 27485
5442 5444
2989 24326
1584 1589
980 25064
29180 29427
5849 6082
1254 26710
27962 27977
25275 25597
5672 5679
473 9392
5602 6001
1073 29050
4460 4472
7923 29084
4566 16985
7456 7595
16963 24208
21319 23846
24301 24888
24918 29211
5655 25253
25002 26154
8530 8553
24696 28343
2117 6337
14523 16269
19469 20131
4031 5707
14658 27818
273 26175
24670 27231
5914 6682
14522 24794
246 24640
4279 24707
7726 25885
15196 26633
2162 4220
3302 24401
15062 24532
18715 25521
3173 29065
10204 10264
10835 12001
6250 9591
19640 24322
246 15749
2661 28688
25373 29129
6036 6043
20356 23549
20534 23013
13915 13918
25650 28087
4967 18472
19496 25240
6602 25802
2754 7185
600 14455
1130 1876
24706 26275
25078 28908
10659 19442
9769 24355
26291 26536
12835 24235
20088 20089
17070 24857
4989 9423
8356 28528
7132 12253
12190 24254
9160 29265
22327 27110
26211 27283
3930 17650
5635 25356
19442 24750
24343 28555
24327 24396
1619 27667
25853 26828
6449 17243
26154 27593
14703 27364
11591 27025
1287 7201
24276 28427
18037 27886
4596 27108
1209 19640
3173 25078
2198 24377
5925 5955
482 10107
26078 26756
8391 24312
24455 26951
520 1329
27429 28265
20879 22250
15949 15954
14692 20637
3487 24428
8057 29095
18219 29489
13324 24159
7572 24792
17276 29724
246 24324
7847 24617
3570 23911
3570 21733
25831 28473
27194 29019
24272 28076
9485 13182
24370 29173
9293 24223
13983 17092
3750 11017
24013 28950
5421 5487
3016 24346
10037 17345
19529 24301
3281 11537
2841 28555
1042 12753
26389 26390
17334 25373
11118 28560
7670 25043
1811 28641
20342 20343
2987 4031
3173 29037
11513 29027
8216 23158
24888 25729
27598 27672
26526 27396
25626 25641
26871 27392
16795 16798
24728 27384
245 8550
1085 14522
4660 13983
794 4738
310 25613
26165 28307
925 27549
22829 22833
52 7110
15963 17543
15158 23178
1034 14455
1496 26605
21450 21456
12324 12335
1288 25220
10426 12861
27429 29276
716 26570
14050 26766
21419 23871
18715 26756
13391 13393
21100 21104
2588 26239
1001 22545
25144 25188
89 24826
616 28002
16235 23874
25002 29220
25719 27294
1955 6733
5833 19592
28159 28267
2731 7135
12806 12811
10100 24924
1414 4959
4663 24868
10561 27232
6788 15332
6887 24198
24690 26205
24216 29126
7758 7810
17927 27195
23986 25831
377 1183
15435 28679
25450 25505
24903 27238
546 28687
14779 24301
14845 14861
25347 26809
24706 28152
1973 1975
1759 25079
24312 25814
29121 29159
24211 28951
3077 24269
3431 26155
23874 26606
1627 25198
8882 28082
8879 23874
14395 24189
4668 24868
28105 28116
246 2078
7435 7436
3274 26302
4279 5774
18967 26898
12775 24446
7880 24252
263 832
24693 27255
24063 25310
17484 24646
6878 16854
3544 28355
5361 5634
24294 25217
3570 24070
23995 24532
24191 27096
2546 24876
8003 13044
8221 24252
5957 25587
501 7031
7261 7481
7820 23769
4899 25256
3570 5790
24555 25569
15391 28630
24922 25099
15637 27692
12808 26402
4940 19694
15748 17484
1390 14347
11601 16458
14467 23923
17883 17884
24301 25090
535 1759
24790 25679
1276 26298
19685 25440
6013 25528
17451 22327
7915 24548
8110 9356
26675 26677
1921 11732
1177 26658
3570 22327
26605 27162
2117 11275
246 7423
162 2140
13217 13238
11123 25518
856 26329
23856 28479
7524 15374
17338 17343
7530 22327
4101 29213
2150 7314
22761 27993
23917 27042
27624 27652
24516 27407
3173 29010
593 7290
24744 29122
16269 28070
20103 25446
246 7497
8981 28132
24230 26865
9642 19670
231 12432
378 29220
21237 24265
1564 24201
12665 12667
14015 24106
664 27611
1552 26222
14714 14736
7726 28028
4759 4888
3967 14259
5323 7284
3570 24037
7880 12190
6860 27667
2502 7738
3570 24135
24894 27794
3570 24080
27749 29226
4105 13197
856 26431
3215 13922
7981 7996
99 29671
17165 19494
1185 25729
24301 25098
17036 17040
3371 5039
2405 29405
12835 29126
1276 3981
2283 21250
24169 25754
26865 27224
19640 25933
3616 26048
24875 26844
703 845
2632 9653
14886 14887
24434 24904
1276 24678
14262 14263
10478 25374
19465 25406
12569 12570
28414 29606
1276 6760
5000 27204
4911 24308
28895 28896
25098 27873
26240 26242
25286 26897
7398 7407
28368 29141
627 11110
11487 15458
10904 23134
3610 11885
801 1510
14972 29180
14590 14678
655 1172
1098 29180
742 11993
1090 4347
4893 14567
13725 19502
13263 16363
3797 25569
24596 28404
2126 15826
1287 12567
15815 24362
174 25757
5859 27692
770 6753
2960 19590
2896 26017
2622 24971
8595 9654
24838 26439
13732 28588
950 23191
25468 26569
26076 27844
1276 25052
26123 28678
24883 25919
14917 20290
14779 27831
11029 26515
21254 23862
27294 28456
7534 25036
23874 26308
25416 25482
12334 12443
6552 26855
24190 25756
6696 27692
711 25455
7740 24760
606 1315
2646 26076
19468 27243
5400 24297
27007 28765
13923 25539
21041 24067
4116 11460
1540 19602
10161 25756
7911 24380
3570 26951
2117 6350
26685 29110
19629 28795
1316 22595
3450 26467
22761 26865
18715 24141
15796 15808
6733 25257
342 25171
9050 11880
19592 29290
25605 28166
3502 29095
16659 27952
14895 17345
8405 25802
7433 28678
4125 5734
24703 28296
21871 21924
20103 23057
25112 29405
14185 24389
13034 13046
3974 24886
24178 24262
4302 20268
2207 27172
161 15578
9914 25520
3173 28255
24772 25255
20110 20111
17345 26878
6926 29224
17345 25423
16410 16411
18786 18787
268 24561
23387 28381
17418 25345
12272 19603
18866 25706
21587 29278
25354 29232
11531 14621
18037 26815
10185 26076
6979 25956
3399 10111
3979 21932
2936 24048
6502 15332
22245 22253
14603 15085
25650 25707
4875 4967
1466 14522
11276 20476
2197 26588
2780 28380
16084 16879
7771 28726
23923 25915
1276 4074
23759 23760
255 25656
3344 25354
2265 25232
26235 26545
25210 26686
6144 27429
19675 25240
17379 29220
391 28765
15151 26777
15578 23134
2543 14567
13760 19155
6733 8702
4899 28879
20462 20463
741 25599
10018 25436
738 7399
10914 26003
14467 19343
299 20114
21789 26047
5765 16963
9610 16397
2936 13549
25977 26710
27786 29475
3570 21342
26076 29028
18318 18515
3173 28918
1876 6851
25948 29028
25281 25495
16428 25123
1628 17303
24977 26648
24356 25691
14994 25209
2294 3194
1339 4356
18994 18996
24165 29069
4439 25645
21881 21882
25698 25699
13027 13046
25392 25439
9490 21041
25264 26897
7865 7872
18053 29216
27772 27922
7510 16986
25038 28780
10346 25756
24200 26323
2865 4444
3947 5544
24301 25993
1955 24198
5602 29159
800 26383
24397 25468
25505 26685
25518 27838
14228 25479
10031 25650
4 1104
16854 21205
27283 27918
24669 29475
16244 28909
5833 24373
6570 26250
19502 28798
6513 25102
9708 11487
9045 11797
8033 24759
5309 5310
1828 24613
2868 14522
20054 20079
617 6576
23874 26486
360 19640
6503 28630
4401 29260
2047 7224
2426 27015
25480 25557
9224 13088
11460 14523
10111 25897
856 29095
5922 27449
1741 6609
13820 14159
3017 29719
5602 16854
7230 28307
8140 28638
3445 10012
26731 28082
1022 29384
3604 27364
10354 25756
11078 26315
1951 3316
5022 27692
18210 18211
4359 4369
2563 5185
535 27626
24713 29405
28619 29049
14425 25442
18357 29291
1825 2128
10111 27049
24304 24750
437 5550
24169 24569
2733 25468
15310 29180
7024 28307
616 3857
246 29384
2787 25190
2884 25244
23950 26737
14966 23961
15173 24772
21640 29316
845 7880
3054 8637
2160 4116
14541 24113
7224 25511
3304 3317
1619 24124
12190 24216
8676 29728
24971 25013
7224 25680
7348 26356
26638 26640
1801 28641
3971 9065
18545 28033
1835 10676
19702 20036
27588 28105
14144 28825
21205 28814
5014 24971
18297 22765
5859 28050
10181 22800
26180 29173
2520 16458
13513 13519
9173 9573
2419 10014
27958 28680
27063 28675
5914 26437
11635 24301
10337 25756
14378 21617
1721 28307
7556 11036
8391 26973
1174 27820
19592 20846
2989 26323
24340 25831
13666 27802
3173 29011
14370 24060
22027 25222
6001 13011
24596 25831
15869 16108
711 7941
24883 28529
19754 23995
1276 4075
1276 3940
13033 28874
18882 18883
3017 26438
7865 8232
1213 26182
6602 18135
3215 13853
416 3017
3719 24195
16059 17228
801 26776
4150 27705
5807 26480
5121 9409
11518 22246
3633 15332
4712 4714
15576 26451
1276 4312
2117 25814
7283 28201
7574 17345
1077 24700
24883 24960
2842 14348
3570 24048
2470 11622
25155 29078
27294 28487
20114 27114
1895 15064
14849 14891
17243 28235
3431 27628
26823 26908
13452 26143
509 27695
13462 13464
7019 25921
13129 13131
2426 25281
1425 3120
9308 25641
11635 17070
22545 28039
2711 26586
24200 26251
10915 27736
4362 21009
1276 3966
5520 24466
15513 28844
371 20114
25729 26416
246 24373
959 24540
24640 25933
1949 28774
2502 7722
12138 20114
273 1955
24704 25373
16180 19718
1001 24295
273 1427
9914 15040
24652 28640
7224 27101
3938 17882
1287 12671
4219 28220
5405 20323
24674 24797
24874 25478
1436 1437
25548 27220
10906 25915
6434 15414
3008 11635
3930 24190
14908 14941
3410 28555
23618 23619
11089 28641
26686 27112
11190 12423
11100 24124
24508 24519
2502 7776
2770 26777
12882 12928
25217 25221
738 24269
4407 25645
8391 24506
7099 27390
14709 14710
222 231
9003 28107
25360 25756
9336 9624
8162 8221
4967 15391
19616 19698
378 25719
3017 28925
24190 28417
27170 28075
22761 25034
18715 28172
4914 27582
21900 25058
24169 29142
7843 27527
8080 27238
25538 26076
246 3974
2029 28909
4108 24178
27070 27948
28710 28721
4638 26900
24138 26639
6235 29379
3838 25528
4914 11133
11460 29205
14762 19397
7670 25155
8629 28016
17070 27930
7035 28039
6733 29724
664 6869
11238 27118
2085 18103
3224 25371
1576 28863
2948 2953
4573 28505
2615 26247
6716 15332
2233 24750
12272 27820
25254 29717
1648 27081
743 24947
19627 27192
3173 17418
15301 19959
150 24329
6880 24198
2732 4899
16777 27069
16196 28909
25748 28638
1828 8266
7677 24169
11487 12791
453 1097
3516 3527
10958 13197
24193 24301
1714 24293
3974 11460
24542 27204
1713 10095
1477 5807
7019 26648
25068 28884
878 27687
13088 24901
13067 13069
20116 20118
2294 3591
19592 29394
2902 28870
9479 29440
2674 24971
3173 25900
1329 3374
2117 6365
390 13989
18715 24220
2760 25645
24955 27820
18615 27336
5069 21250
19448 19449
8584 28624
8963 28068
11036 19599
8859 24163
19465 21341
3570 22404
526 26987
3974 25418
5404 17265
2560 24263
12435 16458
24131 26658
2502 7760
2683 24971
6733 25417
16962 19590
1497 17451
9303 9314
8678 25050
5907 26278
13197 29109
25443 25496
13299 18354
7173 8620
3209 8926
9914 25642
634 6908
25360 27709
24383 26865
2682 3018
16714 24338
4422 21893
28236 29748
4755 27429
5197 6538
7433 25256
522 1868
6048 24626
25615 29571
24991 25635
4421 25645
8334 9210
97 4219
19442 27429
6309 24971
13445 13446
5091 13188
11460 24694
24894 26658
10532 27283
965 27155
655 18716
28950 28971
1684 1685
4125 25842
18670 24726
300 28555
696 1368
273 432
4366 27078
3173 29340
1433 15367
263 15332
2057 24750
5136 25707
5575 5579
1444 6150
4449 4688
7144 15391
27215 27513
20403 20408
29280 29380
25891 26301
23095 29701
19465 25123
24657 25373
21789 26135
15435 24680
2129 13550
12257 24910
8243 29220
1741 18103
10795 10796
616 1892
9504 9506
2005 28359
7524 28210
4893 27294
25548 25684
7454 24393
7874 13111
15332 28105
231 399
5253 15391
5040 29405
12272 18535
8391 27193
7135 24258
6348 29180
3224 4831
13809 25959
24924 25602
10001 25625
25373 29175
23134 24081
20523 25223
23597 23598
24757 28884
246 19601
13977 18639
867 18934
28289 28884
3632 24272
24133 28518
149 664
15040 24596
867 24690
19376 25499
4359 28087
17356 23874
2668 24971
5765 6733
3183 11563
761 1334
13549 24377
24856 25718
9564 29357
2389 2914
11318 24942
10597 25634
25363 26489
3570 23884
15850 16042
6561 6562
1145 25754
246 7296
1672 28050
18778 18785
25499 27261
90 29580
10110 26327
606 24447
3947 5540
24877 28376
2329 18668
1551 28863
6710 25548
4759 4964
4125 26887
5790 14103
15578 27083
1549 6841
7572 9302
535 13549
13820 24221
1235 27513
10593 24945
15941 17489
2931 5024
23874 24211
20125 26154
1788 27749
11066 19469
25891 27588
19793 29084
27535 27571
18427 24452
6794 7224
443 25518
282 1714
15519 15851
12659 27692
8595 25802
12635 22327
2842 20513
13088 29220
27598 27636
7865 8210
19022 19376
17154 25007
13644 26256
22061 22066
24434 24435
1988 25848
27409 28555
25406 25548
15988 24327
2128 6334
12432 14456
24195 27309
28623 29049
1769 7173
20949 20950
15019 21562
19365 23995
1749 15332
17661 27279
4573 27480
24578 25519
23947 25842
19774 19937
5743 24640
19948 25829
4136 24198
5513 20056
12066 29479
9439 20568
29294 29329
19601 26359
3857 25891
17838 26406
7019 14026
8095 24483
15332 24737
5121 9380
14591 14815
25988 26315
18567 27692
25637 25670
8055 8283
6602 26576
2363 29405
9316 11643
11507 26876
12272 19646
25681 25682
11133 24750
9259 25235
10577 10579
23874 26579
21239 25274
273 3932
10246 25756
14935 15322
28713 28735
7018 28606
738 1842
655 9809
24979 27487
11673 11674
24883 26028
28242 28243
12966 14144
17070 27750
1001 24461
21205 29440
6162 27429
1233 27784
25597 28678
3309 4573
24790 26658
273 24169
8165 8403
2118 26258
23874 26473
1341 25077
25821 27145
5121 28844
17209 17211
2047 26245
24790 24862
25919 26897
1276 3802
3496 25050
6430 28030
23421 23422
1287 3361
14415 14416
24750 29727
445 28555
4335 13550
6101 8117
5121 9390
11975 27124
1444 27700
17857 28488
364 2119
2075 24750
748 25724
3570 15007
24347 28680
628 980
4809 25802
24750 28655
20637 21085
24862 25682
17303 27318
12107 14989
24311 26561
7049 28307
222 24377
6548 6694
4229 13022
8391 27450
7201 24437
26098 26136
14839 14944
17409 27311
17838 27268
1828 1847
21205 24133
19699 28340
14050 14136
3140 5113
1042 26536
11310 16908
27294 28423
509 27598
5706 28733
18978 24124
14382 25829
3483 15815
2235 14166
3649 26123
9391 15151
12415 14144
24506 29485
24538 26789
14049 14117
7163 25587
11906 11956
481 13989
9343 9403
16458 29137
25123 29180
9309 14425
2150 25548
11560 28004
16458 27260
3570 20791
2785 28016
10371 25756
2980 2984
4280 6710
4761 26133
655 19089
2935 5781
255 898
6348 7915
391 1315
6702 15332
1316 22597
15859 15881
3450 29492
13002 14228
7154 26303
8391 19530
10111 29632
5314 6861
3858 10013
551 11460
27887 28223
24944 27029
13977 25729
3029 15671
19640 26059
535 5360
1895 25906
25002 28824
22871 24063
4861 20114
9439 20620
24707 27049
3017 18715
10707 24115
13946 15578
28824 29394
11581 25480
1323 24442
26541 26582
11064 26315
4279 27692
25853 26049
15803 15819
15365 24216
217 29211
263 1445
9769 29681
473 29819
14695 21085
24971 25518
5886 15332
3017 24434
13760 18640
4126 4133
25516 28639
6348 26780
15660 27952
7531 16151
23874 26270
9392 15568
24299 24300
19519 24399
5826 24327
6182 26931
4108 14523
27916 29180
5595 24399
17092 29115
690 691
9514 23885
1442 1701
14522 25079
1124 19640
4899 28808
14050 25406
19525 24297
460 14851
14425 25923
24894 25433
16428 27219
22327 29220
17927 24898
18644 25232
1408 3700
2675 26908
246 24435
8090 8402
6733 29732
4658 19640
13983 27615
2426 24197
1859 27793
2117 28699
27312 27371
825 24307
4777 4778
21140 24923
15865 15866
983 28158
8091 29306
1617 3741
11587 25650
8356 15788
26764 28738
465 4809
24342 25163
164 24532
3680 3684
15345 27936
19757 19758
22972 22973
3720 26502
694 7865
24555 29095
2235 26469
8243 27973
24739 24761
4816 28394
17303 24230
25616 25887
24916 28919
4115 29142
5196 25341
8391 9490
535 26747
17071 27236
1761 1928
13811 20143
3035 12747
52 4219
12272 14754
25440 25477
25919 27714
2936 24772
8417 8418
6942 12096
24525 29418
7515 26374
14665 24967
10590 10609
301 28555
5825 24342
8080 27453
6945 26899
13640 26237
18449 24124
24786 24787
24919 24934
2008 15748
2968 26323
473 29772
2727 10036
10886 10914
6265 6283
23993 24962
9356 27937
2662 24399
13871 13872
238 3718
3173 27562
15332 15546
8734 25238
3173 29028
5997 11203
435 15332
24883 24916
352 28555
17650 27586
3947 19519
416 9567
12506 27886
1085 29270
6482 6657
25803 27505
5262 9206
27049 27262
1829 27255
6602 15435
23134 24944
14144 25001
6156 6172
26789 28540
11203 24618
2067 4893
3570 22239
19592 24341
15106 17815
19655 26648
25495 27185
186 25033
11100 26586
24945 25480
12677 20191
600 26940
4755 6578
1662 10412
980 3826
21423 21425
11968 27025
3181 24576
9914 19233
322 15469
6649 8699
14159 20586
8058 28909
408 26255
17092 27990
10886 19580
10199 14050
28568 28879
22706 25592
1168 24035
4964 26881
3033 26548
19022 27449
21344 21348
26710 29173
9914 25438
24169 24370
331 340
2559 24750
9843 26980
1459 27188
2256 28028
1254 3805
1011 29384
29478 29479
3425 26984
5790 13549
295 25673
4870 6407
24532 26531
2935 25802
6704 15332
14658 29342
1828 24504
15332 24709
12210 16284
2389 28273
25499 28892
25735 25746
23 642
18715 28233
25853 26382
24115 27122
491 5791
4431 25803
3783 28044
25674 26900
7726 26205
1236 29222
19266 25711
1276 28369
1878 26178
8807 9440
2426 3127
3995 3996
18148 18163
15597 21416
6250 9595
6024 6059
5142 25242
12403 16458
6689 11460
23119 23120
3461 27958
405 28555
25479 26133
6248 27038
391 3173
238 13279
12368 16458
25045 27049
9972 24293
13664 13666
24271 27096
13280 25257
26719 26722
5252 13772
5884 8451
770 28708
11246 11502
3246 24279
9155 18219
2806 9769
20114 24923
19233 24948
4827 23880
8095 24532
162 10406
246 24678
25496 25599
27700 29173
1488 26239
19592 24328
7388 7762
1254 25199
628 15568
2667 5519
2935 24125
4882 25240
18098 25075
6331 6815
15960 24063
4914 12432
11599 14028
10935 11297
5121 9408
11125 13549
3516 18934
6101 12775
23340 23342
17440 28060
6258 28457
5299 25484
6564 24971
5570 25190
9184 27794
5914 24324
16130 23995
19 29488
25680 25718
1097 25842
6304 6762
7076 11155
29041 29394
2852 2854
1689 25440
18507 26451
15206 29676
7354 29644
24596 28457
16175 26261
373 28182
3361 8270
2352 20455
25601 26844
6300 6301
14658 14764
12190 26865
25518 26331
26315 26507
4347 7641
6696 10767
2502 8413
24862 25729
6275 26536
2577 17265
15117 27323
14743 21129
13974 15578
14034 14040
12322 16458
738 26172
6153 6154
1510 13044
10130 10131
15458 23950
546 24706
24866 26865
15471 15473
28816 28872
24706 26202
4 4166
25425 25495
8391 27507
246 26320
1050 27637
3224 12508
3224 26690
10916 24792
27692 27887
8391 27373
4761 26143
17927 24894
24794 28082
10867 27442
3285 7578
11094 26881
11336 25551
17815 24165
23853 29222
231 27608
3838 26101
18301 18302
843 13319
2715 25225
11192 25518
14325 24194
9133 24934
24035 26468
15398 15401
8391 25874
26531 28567
8936 8937
3344 6814
10171 14994
6900 25666
23134 24790
15391 19410
892 24247
9884 16294
9111 24934
9423 25066
24871 26904
17672 25018
18129 18154
901 27485
3035 10140
13549 28448
9778 9790
3141 25083
22747 22748
5195 27255
159 27366
8595 17070
20477 21584
306 26835
2632 28555
4334 25242
382 13653
11600 11999
5870 26688
24934 28296
2838 11600
19022 24260
8950 8951
26339 29210
11753 24586
1276 12272
14082 26038
2150 26176
14050 22436
4928 25853
15332 16962
14663 20953
11531 15040
26171 28879
501 7170
24185 25418
11896 27103
18208 18826
7303 28158
23363 24073
9374 13582
236 4596
4462 25803
24313 24324
8206 29306
10576 28296
16459 18715
15604 17938
17345 25853
231 628
24198 27586
26997 27175
3461 28708
4279 28483
1350 23950
10904 27411
1721 16057
14159 19554
8802 28483
246 1329
11712 29504
26934 28824
26408 26769
24141 25803
5795 26296
25448 27692
5405 5473
28210 28661
1607 24532
3285 5292
1735 24159
177 24216
1254 6435
28697 28700
2930 24721
23874 26436
14218 14621
23986 29211
7388 17276
13441 24633
3173 11731
579 25418
15815 24063
9430 24327
546 20573
246 24178
14097 14099
8856 28082
9769 25257
6283 26583
8213 25625
25314 27794
19565 19566
1979 25297
28320 28824
5921 21844
14374 14376
25331 25645
24312 24370
9599 29485
24129 26480
3246 24659
5407 5433
29050 29283
25373 29124
7511 23950
273 1276
2503 24056
23268 23273
416 432
17485 17804
9713 15763
14147 14148
600 28366
24063 28909
1363 26688
6440 26323
26408 27692
2426 24135
25644 25853
18097 25075
15206 19255
13591 26102
17993 24868
2960 5803
432 1276
8165 29091
1642 16046
456 28555
6165 27429
19033 23995
25802 26710
2841 29220
7563 16458
24301 26030
24198 26293
25343 27868
26233 28008
26789 29078
18353 18354
6398 11812
28307 28558
301 451
27692 27755
1239 1255
20769 20770
535 26692
12333 12440
17070 24335
21779 21780
3537 25650
3570 21041
13196 19536
15704 27958
8115 24903
23843 27642
25444 25450
5846 19592
2872 27327
3974 26296
246 24819
504 28555
4707 15638
21997 22002
4809 25645
4220 13301
24685 25980
2684 5581
9914 25270
9324 23134
14493 14712
4440 25803
17070 26019
13742 19514
26154 27997
20558 20705
24916 25597
3410 4989
9783 9791
6761 15332
25242 25253
4116 25605
20181 20182
3096 16201
4348 28307
432 28166
25811 26605
1627 25719
25831 25948
917 26581
10315 25357
26737 26844
3066 8033
24195 24915
14616 14754
3570 12989
2568 5987
4359 27122
2960 9526
10639 11398
26286 26648
23874 28892
25504 25526
731 11600
15967 17494
6398 12063
12732 22511
9652 24701
27281 27372
26536 28230
20573 26911
18660 25479
6521 17038
23682 23683
770 24710
5027 24356
5121 9384
19591 25240
10669 24326
16916 27162
27653 27654
20114 27004
248 9943
5859 24586
6417 6596
26756 29209
87 11190
13884 13886
28083 28245
1419 29200
11315 11316
6011 28598
1714 2960
3483 24293
10209 26076
6760 23874
8695 8812
18978 26236
21218 21220
15155 22241
7534 27958
6398 12061
2819 28307
12272 14771
11301 27104
535 26771
29668 29669
21637 21638
12589 24448
18917 18918
3974 25479
17070 24650
21548 21554
10533 24383
1341 2301
9224 25870
6564 19045
7290 28318
24532 29587
5742 5745
15704 28608
6477 27301
14348 14714
4958 16192
7726 25656
1788 24943
9063 25802
6596 25929
7135 25079
13549 23582
23872 23995
9043 24934
3018 10769
10863 10864
8366 8367
23905 23906
473 29776
13549 26123
12437 16458
24686 25900
616 27956
26967 29260
5818 13280
9842 25401
4369 11222
7673 9398
24297 24463
23917 28115
10874 22361
1372 28970
10904 12275
29587 29645
11531 14050
3810 25645
1042 5724
5411 5481
10199 10874
11655 27000
24295 24451
2227 9501
27283 27848
23874 23950
19536 26526
527 28555
350 387
4224 4252
20219 25255
2064 11487
16739 16742
3930 18715
9057 24935
28638 28831
24620 24827
802 26048
24586 24942
16555 25238
7687 9490
7427 16458
11036 25442
6235 28714
24890 27584
1 25998
2242 7135
22014 29771
25682 27763
12073 20114
7407 18537
17070 26787
2784 6649
24894 26383
4706 26085
1276 3801
18307 25341
17815 23949
19676 27886
801 3203
9423 26844
1701 26236
9118 11885
1973 24496
27444 27445
1198 26257
25341 25476
4401 5245
6524 15332
845 8033
24503 28366
7726 28285
423 27429
8391 27189
4437 6030
24876 25045
5154 14894
26639 28907
1438 28924
5664 24959
17222 24724
16145 25430
1811 12559
4363 27078
535 3570
6072 29405
2682 5790
1564 14455
8374 28795
4077 24750
324 17232
14228 26100
3516 24916
16407 29260
588 26309
930 11423
1586 5425
6644 25711
7835 27472
24019 25050
3173 28678
535 3361
16482 16554
27294 28419
22698 22705
24883 25532
21997 29769
6128 29180
10380 10382
3017 28244
4187 15332
2171 2172
770 24596
4334 5027
25905 25906
2880 24455
5074 29405
3173 28932
25428 26623
1691 29095
21738 21753
25384 26222
7019 12272
6449 29405
19829 25234
10233 26076
19300 26113
25811 27109
24791 24792
10438 26377
387 28555
9605 10914
18568 29673
536 1060
17110 27360
7545 10111
3173 24441
24883 25988
811 8484
10499 16659
2798 24019
27238 27472
26983 28318
1276 6053
833 7669
9220 29755
29200 29304
19596 25240
10860 10862
4989 7201
7827 26480
5134 29405
10203 18351
12796 12797
23947 27788
24885 27447
2842 27872
10198 22795
14038 23853
26758 28924
6710 29180
6001 19442
2644 24790
19410 24346
11173 11174
3192 23874
18208 25436
3450 8391
14372 21573
1505 25275
23865 26123
23995 28017
24289 24794
16186 26224
14492 26652
467 26877
15874 15875
14389 14393
4269 24868
3207 25232
1828 4548
22327 24340
3811 17070
14702 26146
19640 27485
27601 27608
3173 3203
9914 11075
1363 27886
9769 29624
24892 25102
4368 25562
7516 7921
15578 24750
9316 23918
18367 18369
9293 27886
10505 27535
4739 4852
1707 14522
18117 22292
14031 14032
16153 16154
24750 26455
23874 24156
6317 17684
9599 24549
15435 26536
11836 25764
25461 28126
5242 28803
12426 16458
18504 19442
25882 26576
246 24984
6248 25418
5020 14959
4655 13728
2849 8976
3947 24717
7377 28681
24713 24884
27997 28291
15731 15749
399 25035
10240 26076
24508 28051
26416 27748
15332 26595
19623 25240
12401 16402
7201 28673
849 25814
4761 29194
21386 23995
246 3634
27336 28017
14574 19376
6137 25975
6750 27692
25479 27744
21702 25228
24302 26339
8165 29477
25418 25948
6846 15435
4573 28901
11036 25436
8490 28597
7185 18562
910 5914
3567 28721
10675 24586
5108 29405
13022 24903
1765 14522
11919 15578
440 25010
28445 28446
6269 27692
1564 26536
7408 7411
4958 28026
14593 14597
3932 28369
2209 26618
9239 25057
10700 28296
21020 26531
16535 17221
24596 29164
20116 20117
25102 28178
27907 28964
1265 27887
1042 24215
1001 24054
19465 28864
10363 25756
1672 19266
14144 28320
25220 28980
22508 22509
473 3371
9303 25641
15262 23950
19681 25240
12585 22327
13317 16912
26251 29719
3362 25681
3580 28033
24586 25440
391 28679
14680 19646
25548 26017
2732 24794
13279 13637
5703 14170
10017 14895
14702 26148
11685 27117
8534 17322
17470 17472
9427 24364
14584 25468
149 10874
20110 20113
2350 24750
14958 14959
856 26619
10299 21742
1341 28307
19122 26090
3224 12498
24862 26650
2117 6266
26114 27257
1201 18219
4426 8140
11427 11463
8400 29306
6749 24550
4861 10018
26798 27485
4899 24768
15485 27765
6053 7513
2028 14455
17259 25244
22799 22809
19641 25240
826 3363
14185 24977
7177 18811
25269 28479
1665 17070
1330 4992
24410 25360
10096 26374
8391 17323
8085 27469
1444 24324
24326 24328
10278 26076
27736 27984
903 28307
24700 28318
24629 29204
2807 27447
24561 27162
20103 23917
16994 24231
7007 28307
24281 24596
24170 24532
11978 28073
7180 13802
1276 3716
25615 28732
1365 28970
26605 26945
1077 24178
17599 17624
16925 16928
9239 24233
27111 27134
589 24991
11045 25570
7042 26028
23892 23895
8243 9275
7556 11133
8391 23986
10687 24946
330 27871
8391 24900
24013 29306
14077 27069
3285 24529
22976 22978
24856 27283
26426 26536
21235 25274
10544 10555
15262 15299
7272 29173
5854 10533
26462 28884
14509 15073
23712 24081
10111 25803
14491 26652
25479 27776
11827 29253
10009 25436
759 24375
6235 27028
7354 8775
4634 15229
5955 24113
28667 29220
18607 18615
22947 22948
24934 28714
10856 25450
11233 29084
473 3017
10042 11036
5257 17154
10962 26645
24586 27027
794 4759
10523 25448
24794 24938
4365 27078
9914 21140
14600 14860
6398 8966
2046 25601
6250 9594
14361 14362
4889 29123
2352 24396
11797 27104
22327 25190
27472 28780
28185 29097
138 3570
28811 29331
1741 27907
17927 27229
22796 22797
24666 26258
7224 11275
535 26709
1265 8400
24194 24293
246 10199
6449 7290
6689 12680
546 28909
12259 26605
1209 10860
4432 4441
24663 27886
4414 21929
5870 16057
19607 25240
25851 25852
12137 23350
24582 29099
24328 24342
24696 27868
2493 24750
8810 28033
9434 17312
11412 11835
23633 23634
24060 25479
28798 29394
7485 16280
27611 27633
24297 24390
12989 26006
856 26908
642 16046
18836 23843
852 15726
11287 26256
3607 24792
6007 28995
3039 29306
7363 27327
8095 25948
10174 26076
18515 26639
5121 9367
17916 17917
9914 17221
1628 25002
10959 18624
3350 4573
1949 15535
4973 25853
2903 5607
321 28555
27429 28738
15600 15602
14145 14250
16033 16054
16211 28273
11219 25673
10279 26076
7081 27616
14744 23844
7001 28638
2512 24750
24922 27114
4899 9769
3399 24786
25457 27783
13188 24687
25384 27593
1276 1802
8391 23957
6430 12169
24412 24750
14847 23988
1007 28411
5355 10874
1013 28750
10149 27289
5918 29694
23874 25430
473 29763
24195 25056
9629 10886
677 26029
10866 27442
10311 21205
12266 25519
3744 15332
90 5612
1850 25933
7880 12541
1251 27513
10889 26007
1964 24377
24198 24819
8781 29720
11082 11090
14103 24386
5401 15502
13895 29761
9914 25560
15093 29580
443 4989
4899 28867
3487 15914
10874 24399
28884 29371
19997 25769
2935 16526
14787 17815
7314 7325
722 2844
1672 24586
692 1276
6862 26865
18755 18756
25876 28369
18715 19376
6733 18318
23901 24532
9063 25738
232 15435
10659 24328
917 27446
25109 28863
282 856
1680 26686
8558 24552
17081 29159
600 11056
12944 24570
14669 25948
1949 9577
21888 28368
15310 29676
15811 15812
1299 5656
13455 13457
3468 28307
25489 27188
3570 28505
11735 24586
24993 29180
11731 11923
13280 18318
28082 29049
18351 19554
19818 19819
24181 29726
7751 17650
24862 25516
11712 29452
19670 23938
655 26743
27395 28786
14534 25190
14480 15098
4125 29220
25373 29186
12096 24242
24463 26710
13476 13477
10130 24008
19676 24169
29394 29405
6053 27802
2502 7745
23426 23427
6808 6809
3805 6281
15969 20890
1276 4056
3954 3956
26865 29258
322 1097
6248 17816
4861 24922
13750 14928
14522 24576
24242 24738
19461 25240
23874 26646
2319 27887
23091 25119
3947 24308
6078 26538
13088 24864
24971 29142
291 12996
14800 14910
14292 19460
25499 26143
8461 24414
24503 24516
23902 24018
25286 25428
4875 14203
10230 26076
25607 27056
24597 24926
4122 24604
2732 8744
653 28105
7135 25232
1414 29466
16227 28909
5407 5449
1981 5831
14578 24006
18472 25468
16458 24570
5005 25240
24263 28883
4856 29182
12998 12999
27049 28743
2187 6270
3857 8182
389 29475
14042 14043
4812 19390
4318 24413
24260 24684
8942 15782
21939 29080
3478 24641
11082 11086
2711 13166
1196 24596
28235 29258
802 3730
13616 13618
7354 29697
22327 28210
10935 25480
26174 26184
28039 29260
15332 27492
9948 28139
13750 19948
4108 25946
18100 25075
26932 26933
14601 14602
23995 24171
8983 28087
386 510
12775 17672
1001 25821
2936 14259
6602 24398
25389 28033
2756 28438
659 16458
24288 25280
2582 28033
25144 25210
1899 10761
13088 24857
7572 9314
24167 25483
8827 28786
3633 24169
273 8283
6053 27429
14522 27192
4133 24061
23957 27796
8148 11089
2662 2942
1329 24916
23183 23184
1965 28033
1117 6926
11795 24586
4833 25853
19376 27274
5336 10874
4389 8841
24141 26865
26648 29220
25831 27819
2517 7185
9490 15826
21433 21434
11975 13974
6970 27617
15748 24433
26017 26769
1899 13197
10697 15578
23197 23198
263 15432
5145 29306
19493 25853
13840 13914
23844 29749
19289 24091
24365 25853
3634 15332
19536 24987
9131 9132
12272 19365
2469 25232
3173 26348
24585 27981
1265 7676
1981 28968
24198 29078
2754 16130
8095 24320
27642 27667
27699 28648
15458 27958
6617 24700
8016 8017
1433 13932
23843 27664
7038 16854
24156 25090
24861 29095
4761 26430
5196 19465
23935 28583
11487 27238
14475 17815
25443 25518
25373 29222
3173 29164
8243 28555
4644 25266
5732 9632
11386 27449
10548 10550
17101 28825
14425 25518
2740 26871
1701 23874
246 7427
1995 26166
27878 27879
8802 28732
6431 26048
17070 27769
2426 21205
24455 27714
1002 1911
2948 23091
551 9228
16458 26732
24410 25679
10272 26076
2693 2694
27238 27240
24551 24620
4955 10093
24865 26865
2433 21250
12052 12053
4636 9760
2853 24390
15098 29580
1444 23874
16714 25468
3221 3222
801 7331
2021 26871
26237 28274
20268 21932
13848 26113
26076 27338
25190 27820
14456 19640
11718 24950
8243 26986
444 22327
1993 27820
11411 25626
14455 27886
19468 27122
174 25766
7185 18561
5121 8391
738 14522
3362 5570
3538 17927
22158 22159
14672 19937
1742 1773
1276 3887
22577 22578
24287 24336
19022 20779
8278 28185
2960 8546
13850 25445
20517 25223
14812 14863
3571 16458
25373 29205
20316 20318
4159 27294
6147 26023
19056 19122
19468 26940
12321 17159
19378 27752
16458 29799
26840 29230
24924 25658
4259 7224
16830 29411
520 24720
3045 9502
26816 26824
17070 19399
10104 25331
1721 4207
2711 14950
1850 26536
26967 29265
1672 11531
12096 24232
1904 24750
4406 27505
10498 18129
24338 26480
23860 23861
826 29232
24141 24916
3174 25035
26151 29384
6264 6443
2154 8307
2776 14348
15715 25645
26315 28263
21671 29077
3029 17927
25641 29099
11118 24651
5343 24532
6592 7270
12858 26055
25499 26876
26536 27312
4989 27229
14891 14925
23874 25548
25261 29496
1276 3982
4623 6503
4607 28468
4016 29050
6733 8792
9262 21205
8155 16494
4950 5121
18024 18027
11970 27025
25853 28017
27146 27148
8214 25019
4125 22327
8391 25886
27985 28863
25779 25780
4321 26048
7673 7675
1956 13197
14744 24005
10001 25455
24141 27615
5914 6710
8356 15808
3938 5253
19451 25240
26048 26780
4870 26756
1287 11176
3246 26471
25353 28126
616 16458
17409 29213
13188 24263
1001 24468
7675 29466
295 11822
7726 26408
25002 27626
15126 19882
7835 11238
9239 13648
8348 25040
21413 21414
8133 27594
23902 27004
7834 24399
13549 13848
1383 13463
2420 24056
11367 19468
738 7426
7726 28589
11036 25002
13244 28070
1435 1436
3564 13000
115 26962
13726 26121
14348 23963
19593 25240
13623 28875
1542 24438
536 1077
845 8084
19696 26652
1203 6388
17721 17722
15435 26209
8012 29406
3284 24742
3570 5859
20370 20371
5639 26587
18318 24124
12605 22327
2842 13777
23843 24728
6649 25033
15391 25123
18285 18329
1550 9236
22814 22815
27098 28824
9236 28773
3930 27315
16612 29086
27485 28950
23874 26177
795 20309
23134 25597
7371 8484
12890 28034
65 11260
15447 27958
3477 25309
711 16298
24586 25502
23874 24772
11220 27020
6430 26561
8598 8601
1077 15332
19666 21584
6650 24198
22064 22066
3233 8923
11153 11332
28714 28844
1037 29384
14150 26113
785 25960
1979 24838
12272 18715
10243 26076
432 1868
24301 26114
26605 28004
3315 15633
8171 27474
25253 27294
11750 24586
2572 24750
21195 21196
4638 27626
14336 22436
22537 26931
1909 3974
7144 16974
11804 11805
19685 25626
3716 21357
4880 4883
1828 26865
19494 23874
246 25711
5706 25811
25418 26315
21932 24131
18599 25439
24525 26231
11606 28693
3570 26471
5734 24971
21265 25274
9613 10886
16890 17245
7264 28879
2848 11617
25821 27192
13820 24697
26262 28774
5252 24301
9195 18219
7726 26798
6172 6219
6449 24714
722 25754
11203 26059
26677 26741
17927 27227
15436 22717
14035 14036
11203 24404
3535 27117
10488 10489
28608 28610
13848 24596
10932 10933
16225 28909
8561 24552
1495 10025
2626 26552
2440 24750
21237 28017
2800 24819
2936 25963
9239 12002
867 25824
26416 28036
27646 27647
15618 15620
24566 24685
24652 27485
8400 12002
2853 18427
4769 19376
5264 5265
628 26552
24947 28089
11531 14809
9331 14163
5951 14185
1244 17015
416 26558
1390 26583
15 473
27356 27429
6622 15332
805 20998
8175 8293
28629 28825
364 26231
14522 27206
4311 24413
7165 28307
5790 23995
7302 8897
186 28034
68 23691
4863 25853
23883 27920
14658 14772
24552 28656
7019 27820
24301 27812
4448 25645
24971 28116
1672 25297
246 1466
14314 24301
9013 9133
26955 26957
180 9521
6269 10111
8356 15805
25197 28307
6513 11133
25373 29197
27628 27773
24779 25475
25679 27398
14166 26006
364 27072
26402 26411
1045 15960
1096 10985
10193 25959
11526 11527
7185 18556
24979 28166
24348 25468
15784 15785
5912 13750
26980 29744
2830 20389
1287 29384
15332 28230
1413 26117
6870 11478
17927 26048
1341 26536
7354 26274
7462 27812
15949 17538
4220 21452
9107 28115
19573 25240
8170 16542
12966 13637
3224 12516
696 27887
27265 27367
1276 3928
15332 26423
7325 7567
5693 26323
24974 27108
10835 11925
2682 16095
13873 13874
1949 7144
27667 28307
24047 25948
1341 25711
23278 23281
21528 21562
24308 24320
2979 2980
25875 27214
479 27508
3603 27364
10171 26536
13088 24526
2150 25772
29220 29395
3535 11590
17356 24865
23057 25634
23209 25229
1623 25232
623 28326
15073 26648
24532 29645
6677 25518
6248 6710
25505 26941
19685 24586
11089 23950
7726 26769
2117 24706
25968 28698
19468 26998
8990 24081
273 23950
4229 7671
24169 27483
3684 14509
25532 26408
4434 4435
25381 25756
28811 29360
25357 27294
13022 29818
2670 28561
26078 27294
13279 27238
3302 27221
24739 25406
3017 15371
11460 21250
27937 28307
22761 28835
6137 24884
1133 1210
24190 24301
358 360
22981 23874
807 24035
15332 24383
15976 15978
24318 24451
453 27648
6348 27486
28307 29384
1707 1883
3743 6926
4761 26973
17617 27231
7577 25310
2776 23286
21452 28743
15310 28004
6550 22562
19515 25240
4950 28402
25066 25199
111 25080
11349 11350
14284 28625
27611 27632
18945 22545
1751 24159
18588 25232
1421 7511
7460 9195
5019 24792
4633 5818
3938 8391
5932 14388
5602 23995
4459 27692
535 26715
1117 26204
7501 29095
16164 16166
1001 25616
796 4819
21334 21335
24640 27108
8400 17312
6317 17702
24924 27340
25418 26721
5252 7019
3660 28014
25697 27294
5917 21275
3296 26710
26209 26305
22567 22569
2267 24750
6968 28307
12272 19167
26007 27182
2682 24373
2285 7185
9914 25600
1777 3017
22287 22335
25439 26447
13216 25232
14157 17265
23942 24839
6539 15332
24586 27026
1466 5384
4651 28701
25656 29078
1077 29211
4031 25706
3173 25480
5196 6053
2790 9342
3132 28863
24254 24516
17815 25762
10901 26007
23977 23995
24377 27802
2877 24700
2632 23068
575 29095
24711 27293
664 27636
8260 24609
25821 27692
1850 26136
868 27855
1949 15760
5570 28540
1154 15383
11460 24869
9485 13202
6268 6286
23874 26340
22735 22736
2117 3627
2063 27897
11033 25240
5632 24194
24367 25354
19520 25240
24267 24647
14425 27043
3570 24089
311 14455
19670 19774
12785 29801
5650 5651
2670 24971
21611 21613
16388 29613
8304 17177
11065 24227
9535 9538
23874 26301
16550 17484
24704 29384
7120 7129
19859 24001
5755 24466
373 28415
19391 19395
7485 24719
1393 15332
27647 27668
25937 26315
11973 28145
7283 29003
894 25778
6578 25528
5103 29405
738 760
1984 9434
24862 25518
14317 14318
3431 27773
22 845
24971 28447
664 26239
8695 9299
1096 16974
19554 20780
20004 25769
13177 29377
7124 28307
7913 14077
19383 19689
15072 23861
24207 25090
6696 10930
8232 17303
2398 25066
5672 14655
18715 26324
416 7309
6710 26763
18815 27336
18715 28287
19762 25080
4875 10708
3384 24730
14052 14083
2727 23854
1001 14680
24037 25418
3127 4914
7224 10602
14894 29211
17070 27882
8686 29405
13320 25020
19863 19864
19656 24883
21618 21620
84 29580
554 12848
24979 27692
3974 29122
7880 21452
9323 11222
10533 26648
1643 8114
8471 26141
162 24581
1112 11060
25078 26076
25496 27104
4761 18715
273 26442
10582 10583
28185 28863
65 27005
8391 26536
2939 4761
2175 2691
17639 17650
25286 25959
27078 27411
17751 24302
5459 5460
6735 15332
3334 28727
10565 23134
8597 8641
1455 4133
21611 21612
26417 26600
10141 17619
2278 24750
13279 24538
20567 29759
4488 25803
1921 28715
343 26048
7748 7779
12356 12835
6733 8712
25772 27108
16198 25448
23924 23926
15435 24447
28879 29180
2658 11131
2209 6710
1175 1176
11931 27029
25968 26154
8391 24856
4353 19828
26828 29185
7524 10725
3256 7771
14017 17671
24750 27137
7314 28235
3017 21341
6246 12759
9312 27172
23874 26652
3173 25286
5579 6150
27485 28362
10453 24720
523 27528
27487 28555
21555 21557
4662 25077
11731 24377
1164 19640
23112 23113
8106 8165
3570 23910
1503 23853
7915 28784
11974 27025
964 29267
25217 25229
1276 3733
1984 27238
13777 27018
14259 24555
24704 26529
4159 10478
7224 10633
16231 28909
3035 12814
1723 5006
5075 29405
7511 27886
9512 25002
12747 17596
1363 28368
1276 26377
13265 24750
20835 24685
7224 10619
2069 25448
9813 15206
795 20305
3362 26756
8023 25038
3570 20516
20047 22239
14347 26423
1254 14455
27294 28445
1714 24194
4940 11066
24198 24691
12347 17127
7019 25923
4861 11825
12096 24237
8583 24444
20136 24017
8584 24662
21177 21179
29756 29789
11314 11315
14529 20846
25416 25522
1628 24640
2021 29049
12418 16458
29596 29716
5405 5406
11990 27025
696 9239
7817 8074
14891 23988
25756 27239
1276 28288
1099 19638
13816 13819
5765 9769
19443 26828
6143 25331
27390 27479
10876 26332
11460 24697
1421 26756
6519 17605
443 22436
14228 24774
7672 9239
1521 24301
5715 25645
23874 26587
4219 12433
13076 24227
14628 27804
2568 2842
985 3928
7638 7646
5954 14928
3538 4301
13549 22739
24586 25650
13711 22226
2960 9549
473 16974
16731 22965
3120 24285
17927 24794
3209 8933
655 24971
3686 15491
5860 5861
6001 24124
866 1980
617 24729
2093 8243
17422 24263
11060 12462
27085 27091
24640 27572
1811 28784
3257 28811
11307 11308
24750 27235
29121 29485
12815 15405
388 26763
606 24455
8935 25802
10097 26374
7071 11241
19468 27040
12747 17673
24935 27152
10111 19881
13111 29790
14745 29627
3715 27887
19660 25240
7154 15436
5102 27582
17676 17677
231 273
1506 25960
11139 25518
14068 27069
6143 27410
25606 26315
11158 25518
6548 24971
14047 16780
8080 24903
11036 25514
2164 29406
7020 16854
2720 25225
4850 25853
20846 23995
2632 14082
8243 12784
9567 29173
25224 28662
15005 26929
24011 24530
26504 27429
4369 11927
24935 25342
16418 21250
24698 25373
24883 25853
3334 6554
248 29265
880 6513
5813 23019
25440 25634
9262 29789
8409 16490
21593 29278
246 10111
9095 23917
3725 9346
27026 28145
21796 26793
15332 24276
416 1949
14895 25686
1213 24011
11880 11881
11050 19547
14320 14321
15001 15013
3782 7094
6402 26236
2164 23874
22761 25190
24293 24295
20037 20041
2427 25222
14895 24934
2960 24380
22847 22895
26123 26648
2842 26059
14007 25245
18427 19519
18677 26769
7224 24081
4326 29032
27337 27793
4374 24944
17815 27192
1142 25821
9003 13176
3116 28863
2670 29405
24971 28713
10199 10669
6674 28314
3560 28235
26694 29123
1323 27392
24382 24750
25772 26648
9071 25802
7019 24081
7487 25714
24922 25313
14938 23571
25365 29391
1866 5121
17345 27229
25102 25616
1433 15364
953 6513
25007 29306
25286 27251
322 26536
17927 29116
4761 20669
7556 25562
65 24821
11307 11318
5227 5228
7224 24566
13122 29755
16256 28909
3142 26710
26540 27802
22672 22674
21277 21279
17440 25373
22277 22278
8391 27436
10694 25461
8337 29126
26416 28555
238 1955
1949 9184
919 26536
25440 25617
2642 24971
24640 26266
20286 20287
1270 27884
19877 19879
16177 19718
25341 28955
24772 25236
1287 11879
13777 25948
1363 29211
634 13637
19442 26710
1413 1630
28368 28763
404 4238
3032 3035
8006 8008
3017 23874
25411 25522
7306 26185
90 138
13628 26651
8283 29220
17674 17675
25635 27028
18599 25363
7192 27647
6398 11833
2732 3173
11622 25650
1538 20931
24680 26471
1835 19529
25024 25035
21844 25829
3527 24790
14600 14843
9673 24302
1445 15436
4347 27710
3444 29137
7509 10783
2117 24195
25152 28863
8391 27524
11319 11320
11819 15578
1276 26812
12640 22327
24932 25592
606 26334
12433 24979
14467 27336
1779 26840
6398 10614
25450 25478
25079 28686
8221 9275
17763 17765
15392 22226
3570 24000
17449 17450
738 26876
5299 28442
25021 25062
25939 27386
2596 16091
177 21452
2693 24167
7224 10662
18515 28105
27108 28727
10669 23091
14454 26652
917 8308
5121 26962
8030 29406
25665 25948
311 27472
7670 8171
24267 27325
3022 29263
13115 13116
19611 25645
23975 25943
5998 17566
19643 25240
9195 25802
1276 3757
17070 24618
6899 24198
13968 26648
28603 28604
3997 26258
6886 24198
5982 7181
8262 8496
519 13217
3203 29750
1714 9130
27661 27662
24530 28685
15597 21410
1210 25754
281 4596
4841 10904
24979 27834
8978 24717
3431 24868
4802 11321
23852 29687
812 27429
17775 17776
6242 27692
2568 14050
4939 11022
25499 25718
3570 19893
13347 13348
2568 18621
25040 28314
14658 14773
2337 24750
21715 21717
26759 26825
1213 25919
3575 15365
14424 21194
6430 25102
4763 18839
391 2117
5914 11501
6760 24678
8177 29306
10211 21772
8391 17451
24370 28878
3783 17070
28404 28411
2962 2963
23169 23175
24346 25220
1761 3974
28844 28907
25686 27020
6602 27038
13111 17066
1060 1276
1399 28970
6806 6815
24934 25816
23283 23287
28211 28970
19 7670
12272 18645
432 1575
5244 29180
8391 27432
5914 25538
25664 28438
26817 26826
25412 25533
17611 26402
11036 18208
24971 27802
25842 25968
632 29220
1893 27351
7201 8348
24355 26970
23076 23078
24463 26871
25411 25444
703 1759
649 8074
246 7425
17927 28056
8844 8889
8355 8360
2426 27012
16396 22871
7107 28307
6261 20202
9238 25235
14415 19692
1357 29290
4989 25616
5318 7634
18715 28274
2844 25436
7576 22706
2235 25448
1955 24700
12801 12804
6049 7998
2657 24894
8154 16553
21452 25814
4573 28082
7099 23906
9706 25257
4861 9312
10100 11411
12268 12269
3580 18449
11532 29384
616 3127
18274 19255
6277 25754
7880 28035
11581 27185
26048 26536
27508 28555
18037 26258
22309 22325
3361 28185
25002 25199
25673 27185
23278 23280
25353 27227
13549 24388
2117 27374
6316 15435
5798 7211
24321 29405
19465 28463
24905 25418
8095 11531
560 25418
27916 28926
4939 19693
1276 4071
9778 9785
10459 27537
10669 24336
23907 23909
6880 28319
7511 24916
22884 22885
4404 25645
5851 27324
1235 27909
8579 28872
3173 24656
15332 24259
27895 29355
5937 29687
4312 28988
20014 20047
14217 24476
6726 24326
1368 6448
5832 6079
20544 27172
10614 20114
959 28948
4610 12897
18655 25232
15051 22663
14410 19662
8543 8547
2426 24531
11936 25312
26970 28236
28766 28909
2329 25232
1873 28296
8097 8155
23762 23763
8165 26936
15748 27886
14259 25475
11652 11653
25180 29078
9304 26936
6235 25014
17221 24874
3607 23854
26211 26235
6733 8692
24883 27505
25373 29148
801 9275
28326 28824
19319 19320
3235 7154
20573 24596
1753 2682
5534 5834
20355 20358
12222 16915
606 2117
416 7154
11635 24685
25518 26658
5406 5456
27865 29028
9351 9365
6033 7845
25766 25793
12472 29435
1580 7727
4301 27233
3285 28844
12908 12910
2335 24750
25341 28307
15005 18037
2789 25068
1850 25587
5981 7195
25381 25680
1390 15436
8391 24265
306 25289
6031 7201
4498 4499
12190 13660
10583 26855
2682 28680
8154 8200
13104 25793
5361 5874
24340 25853
4556 12965
11591 11815
3035 6246
13088 24011
21017 27705
14491 14492
9929 13070
11865 25442
17516 17517
19465 24566
980 3739
20734 20736
2776 26096
14787 28050
6261 26536
8559 8575
15935 20890
2175 8391
184 25033
24550 28127
14489 22545
962 5702
18024 25232
9194 9196
24883 28678
1276 29447
23164 26493
3580 7256
19551 19554
13485 13486
13188 29213
5138 14567
22222 22224
3570 24046
24124 24776
1962 3704
2886 24320
371 3246
6710 17672
3173 24276
738 15435
4899 28810
246 7634
4923 28191
10001 25281
25035 26017
25919 28884
856 24377
10039 27014
5407 5435
2819 25824
13088 24885
4201 25256
3570 14072
3938 7354
8391 24530
14417 19692
14348 23648
24640 28723
5909 24113
1287 8095
268 11761
343 25695
19266 25821
5978 29687
10116 24596
11487 24519
25253 25479
23390 23391
8391 20997
3017 28918
16391 29613
714 715
7157 18836
18639 24222
11133 27692
3176 3177
12013 28596
4750 4759
14072 26103
1361 28948
16259 28909
3018 29357
2419 10819
10874 11275
21777 28368
473 24546
2833 24410
15436 24198
6513 15704
600 2117
25039 27525
27485 28350
13735 13741
7240 26293
391 24518
11531 14842
1542 28608
13549 14572
13272 21250
4533 27593
1984 12506
8391 25102
2119 26231
3302 20573
3126 7823
25684 29724
1090 25764
2117 26589
4761 24051
25897 28273
2063 26507
2153 29141
634 19536
15578 27020
898 7082
4301 25102
27248 28970
24783 27294
14425 24779
9280 12984
19776 23207
24441 28105
8546 8879
9293 26855
6295 28679
24531 29419
28034 28743
25034 26844
24582 24944
6354 6355
7325 28630
2960 24402
23874 26633
28025 29126
7623 25762
10388 25295
14082 14159
24916 27692
14012 14016
845 15365
2596 2968
3431 28105
20508 25223
6348 28368
21205 24645
11035 11037
4957 25853
8710 9598
2117 27714
13772 14414
790 792
15546 15826
14669 24774
16759 16762
1287 2502
2017 15748
3034 26606
588 26222
25770 25771
273 1034
403 27488
14810 14845
13324 29095
9914 25658
1329 9479
12272 18670
8391 27474
27219 29440
4393 24378
246 7431
2655 28307
5663 24680
3493 4023
4320 24413
9814 9816
14166 15007
24447 24901
23874 26509
14144 24530
16729 18194
15332 23986
8391 27383
28824 29386
581 25605
655 3932
4108 4220
501 1090
3017 27916
8503 15481
26211 29206
26916 28909
273 824
263 6516
4947 6654
17752 17753
16269 28100
13196 29220
25154 28863
795 4759
20103 25589
17190 17191
8546 15578
9636 17205
20063 20064
19538 25240
24205 25849
26908 28313
1341 19266
12986 12987
10204 25428
8585 29484
25412 25494
10914 19580
23874 23953
11531 14325
11600 12182
8733 8773
17882 18844
24566 25499
14348 14459
14522 17440
15276 21797
24938 25406
11155 25518
15961 27128
21237 26007
5709 15391
2480 7185
1540 27355
24055 25793
8370 9439
6905 24198
686 28421
825 4967
24169 27714
1859 17927
21009 28474
25518 25879
28959 29220
25787 28580
1457 4079
11589 24944
11731 24750
6868 6869
24857 29405
546 24979
19233 24922
231 18670
23995 24956
29435 29460
16458 29392
6258 25330
1444 1714
26958 26960
6030 25814
25764 28411
19376 23939
20535 25223
23822 23823
26237 29186
5325 18989
941 3974
26313 27487
15005 28555
4359 25282
2209 25390
19100 24324
24618 24883
4899 28857
27287 27560
10562 25626
25373 25756
25919 26914
16213 28909
27488 29384
24697 26154
593 24750
18715 26383
23692 23693
6878 6953
3833 21355
6733 8745
11689 13834
22124 22128
3015 20853
22278 22279
14373 14374
2066 2068
6760 25040
14845 14926
3699 3700
965 2682
10657 18032
28970 29078
29103 29126
2948 11635
26485 29164
19727 19734
15511 15515
10472 25357
4224 4225
6694 25930
1287 11532
27582 29190
10959 18650
9174 9175
15332 29142
9339 9340
4229 24531
1145 18340
16130 26908
4058 28909
25002 27495
5642 13932
18283 25272
10874 16201
8221 19536
1141 26022
2665 24971
25952 26076
24663 24838
2426 27062
9065 25726
22582 22583
6518 15332
4990 25853
1376 23874
4761 28444
7201 24235
27672 28648
3570 24137
4950 28375
1977 27356
8356 15796
17815 24143
2357 6092
24282 24410
16331 16332
1013 6266
20533 25223
19628 25240
11215 11226
13172 13173
1955 15546
13357 16038
3811 26048
980 4062
4634 25257
24640 28712
2667 2762
3173 16130
1186 24706
21205 29465
10566 14050
17429 24364
2632 27554
15435 28919
9332 27336
12593 12594
1672 14691
9778 9792
11531 14292
9678 9679
11992 27025
760 19122
1287 11511
6143 26835
2422 24979
24894 27240
24750 28060
20569 23964
10309 26076
880 6733
24985 26067
13027 13043
6608 15332
9363 9383
19559 24216
5648 14450
628 6459
1954 4892
11600 11697
26154 29173
11434 25875
15881 26604
4761 23853
20718 20720
1766 24159
16428 28273
25684 25814
958 6733
11314 11352
25479 26052
1050 15332
24682 24750
3704 6348
1844 21188
3889 25529
25447 25481
20223 25255
6240 27429
6300 27356
10669 29204
17312 27525
27598 27632
19450 25946
24092 29671
8003 12824
1276 3739
16364 28273
2776 23872
857 26231
2096 25518
11821 11950
5879 21617
4761 26764
9914 25434
25436 25875
391 617
5870 6926
26105 28811
700 4058
19505 25240
5227 27746
12131 20114
18296 19392
7447 29405
8391 27533
3187 3195
12912 25033
2426 28017
6092 24280
600 1034
13549 14509
2426 27045
26984 28062
12210 16286
24894 26078
7407 18538
25361 25729
4959 25008
8243 9270
25680 28071
7916 26910
24533 27393
4861 24950
25601 27039
1477 18670
2568 11635
24922 27135
11036 27062
14040 25632
12643 16192
12823 12827
4266 14259
5570 28995
1477 1533
14456 15826
3035 12811
3723 27582
13918 25445
2426 10276
561 28230
28606 28969
7283 28678
3974 27343
15313 28569
29432 29440
1002 26342
26686 27113
3028 6919
26304 27429
399 24700
10311 29503
117 29645
3315 15632
3173 4159
15839 15874
1466 28230
18945 24372
14467 24928
10719 25548
4329 13550
4504 10441
1265 2021
28273 29491
1195 23928
14084 24380
1002 27108
24054 25866
4688 12923
2441 24750
24252 24436
8391 25818
2117 25647
1510 24323
5365 18625
25033 28825
28105 29405
24871 27886
13989 25729
19233 25639
1945 3974
1542 3743
4883 25853
823 3173
981 988
1412 28970
25373 26536
12272 24399
17650 27231
16475 16480
1897 6398
19155 24778
3505 25868
4768 25853
1276 25022
6223 27429
24322 25468
10191 25756
9106 25442
8084 24651
7531 11134
19129 19130
546 5743
9914 25409
1919 1926
24533 27401
7273 19676
17117 28825
13273 26605
5642 22534
6733 8780
1884 27508
21577 29278
2727 21250
13549 19590
13320 17082
174 25805
14522 18263
6150 28457
8093 8192
24297 29180
25891 27155
11384 27577
10769 24364
913 29653
381 1911
939 25520
11831 28067
3857 29003
1828 18037
25422 28077
4852 11034
26136 29156
443 24206
7703 7706
3298 8074
15878 16108
17815 24586
443 28399
3803 25706
14620 19366
3133 15364
238 3021
2593 19465
11125 20367
6425 28258
1276 3893
4301 25057
1716 5006
22220 22221
2783 7173
21900 25811
10100 19233
14185 23852
12322 26351
25674 27593
13989 24971
25373 29196
1110 15376
14066 14097
1955 3144
3754 26731
13280 18230
19365 25482
1203 24377
15073 17070
5667 15052
4301 24857
2649 3183
24190 25373
1220 19640
6449 17429
20069 23885
2359 2392
6481 15435
17678 26482
26113 27294
11591 27143
5914 7346
664 727
15792 15795
27161 29671
3570 22773
8051 29095
14831 27788
2128 24259
473 29812
1077 15262
4368 11300
231 1341
24268 26699
4099 29122
25533 28296
948 3285
10540 25087
25531 26315
8999 9082
19453 26120
8006 18404
3224 12502
22915 22917
25455 29079
1117 7048
11671 28126
12391 16458
174 25780
25223 29098
8005 8048
4899 26828
4548 24301
12235 20847
8480 28597
4688 12942
12585 15383
10111 13280
24726 25518
25541 29008
978 25729
21205 24769
20147 24147
8304 28082
248 9945
24068 26076
9330 22287
14145 25468
28368 28816
19365 25412
10199 28863
14348 26539
24305 24927
17069 29799
3570 24057
12957 12958
22467 22468
1665 24377
13572 28980
9548 24319
10835 24944
391 27907
16458 27410
7751 8391
26377 28585
8095 15391
10570 20114
5943 5944
24700 28116
14851 25172
2936 14646
4756 25853
24706 25099
9521 29034
2972 2973
155 29587
17378 25913
23914 24272
17815 22523
1254 10556
11538 29653
4849 5914
10276 25718
13360 16018
10310 25479
2426 6208
2691 26105
2960 5833
15406 25929
13736 25479
1861 28825
18419 29406
812 27755
5118 27692
5263 5294
5377 10874
18599 27236
6135 10533
10708 24308
1521 25468
6872 7377
19554 25427
25297 29247
1087 24926
19300 26710
15916 15920
706 716
1281 2757
4242 10515
3173 28934
24198 26475
1828 24549
10014 28103
2842 19460
9311 25480
22866 22868
246 7275
24319 29076
835 27887
1949 28116
12190 25014
8391 27366
5921 27449
25373 29183
975 9423
5930 19959
3285 26962
617 1077
14671 14672
23057 25686
12272 18147
15095 20367
4019 4080
22382 27535
26973 27582
5914 13324
17070 19122
4861 27103
416 29164
19674 25240
28084 28087
1433 20520
1299 7915
14838 14841
10311 24206
7726 27812
6513 27485
18692 18776
1893 6487
727 1117
25821 25933
3477 25933
9044 28811
159 25102
9141 27485
16245 28909
7354 29688
1460 7224
2688 24971
17606 27469
15435 26763
24295 26561
26835 26865
2005 26992
950 951
1736 26840
6497 15332
179 7751
5830 19502
17243 25102
7587 7588
6001 28355
18449 25778
522 28555
8182 12835
3483 16714
15858 15860
5981 5989
26315 27746
5786 27692
246 13760
8665 21477
5570 24874
15076 15077
165 197
18230 29748
16147 16148
24191 29115
2426 4219
7061 28307
25518 27110
28555 28979
5027 26749
25778 25787
13772 25479
9322 24933
2294 28056
1542 12412
21364 21375
11203 22327
14410 19692
20114 24641
24176 28437
5699 24338
595 19376
7061 27636
23901 23995
18037 25517
11204 12282
24905 27332
17210 26940
1115 1182
20268 25999
2762 2960
21450 21451
14591 14812
25123 29173
5443 24967
14895 23134
18015 24124
7185 26380
246 24387
24586 27020
7354 29623
19647 25242
4849 24035
343 18639
27617 27657
3478 28950
12439 25232
12815 26327
2281 21250
24487 27449
26158 26159
246 25102
6348 13324
15502 24371
7511 25373
9814 9817
19465 26746
561 19244
5061 29405
26762 26769
19634 25240
3803 27327
26084 27745
6291 26233
10874 18653
1988 12058
25235 29722
12972 12975
706 24377
6760 28555
2929 4761
1769 7283
25418 25450
17070 26541
26500 27812
26471 27887
5743 24971
5954 29687
7283 7302
10111 12272
26105 27627
2209 27429
17418 24916
8595 11238
5014 24328
24410 24924
3034 26327
306 13983
531 2117
29546 29749
871 24618
18219 29724
8427 8432
7943 29613
25738 25851
18277 25661
9722 25257
6629 15332
6733 26569
15689 15691
1275 6769
7938 11712
26007 28356
19354 26133
1652 1823
2117 6330
11833 28067
24663 26908
1068 26997
17082 26632
491 19321
7090 28307
7516 25756
15245 21183
17362 17366
27429 28745
738 24434
14677 23978
3516 11531
12571 22327
9184 19493
13357 16055
246 7424
6895 24198
6145 22075
19856 19858
27098 28656
24685 27670
25197 29403
25756 26304
7726 25807
25928 28970
15173 15206
12915 12947
801 25018
3024 3038
11590 11619
3635 24169
24147 25518
7879 27270
4229 29211
4967 24640
3648 3649
25869 29116
2771 7201
24597 28458
2189 24750
5910 24113
1788 19493
1334 1455
11275 28755
3379 3380
2756 26184
2405 24750
18543 26507
25373 29217
5403 26710
19530 27190
24160 25842
27287 27558
9053 12272
2749 26094
24924 25407
25623 27025
14616 19656
500 28555
20191 28017
2117 26925
3593 26275
15436 24215
6548 26296
13549 20713
10332 25756
14599 14849
25892 28863
18657 25232
8183 25570
17070 24939
24301 26047
15276 21795
24674 25664
5421 5467
21341 24362
6101 25123
1100 14534
7726 24794
19430 25240
22935 22937
3173 29016
17345 25422
4947 26231
3557 20771
24684 27255
18230 29275
9527 9562
24879 24885
24176 27294
8781 27485
416 7318
9884 12059
3384 6554
14779 27375
1184 3745
25439 29166
4857 25853
26963 29306
25221 25445
25436 28235
1643 10794
5346 5351
273 26495
12845 29286
1545 10111
19615 25240
7173 8623
10593 10594
26895 29366
9878 26737
3173 27234
19045 19354
11460 28816
6398 7574
25831 26382
473 29809
4899 28812
1505 1506
24686 27958
10014 15578
25625 27626
25433 25558
3224 12496
674 4198
606 2294
25718 27802
1672 25518
2914 29675
12237 20544
10612 25505
6473 15332
5227 6696
24786 24788
273 26301
1900 3974
25281 25282
13549 22129
9053 25875
22705 22708
10763 24938
10100 27172
4899 28827
19738 19739
10977 24107
3224 12501
24894 28051
17070 27878
16127 16132
20573 26408
2808 28555
22721 22722
25729 27889
3570 23222
1175 8243
2824 16550
5914 26203
14166 25966
17356 26178
10974 26000
2327 25386
14207 24301
20567 23341
25058 27301
29392 29393
15579 22996
10317 22738
14270 22545
26217 28555
705 28307
910 7503
25403 27410
949 6908
5213 25331
2412 29405
6259 6270
535 25180
7726 25762
19233 24942
23918 25480
23091 25152
10111 26331
6870 11190
2005 19645
9434 27434
3912 11017
8603 8606
4220 17396
4573 18103
3579 16458
23156 23167
931 2136
175 13174
1276 28330
18015 28747
7201 24550
24916 25853
2067 3858
15596 18500
11347 11411
24167 28850
12213 12214
282 2127
24888 29476
7144 15546
14649 26059
722 25191
5833 7199
7511 24979
24905 26515
18836 28050
9950 13073
14325 21286
11686 25619
10399 12895
3362 12731
13663 13664
15332 18967
4358 4359
24347 24447
99 29621
8391 26447
20520 26113
24586 28690
1777 2139
10128 24596
2140 9306
10490 24640
5665 5676
15793 24640
23091 25110
9326 13594
7173 8658
7980 25008
939 28773
25422 27169
4761 7426
18263 27294
3974 28887
24141 25842
4369 11658
24858 27439
282 24520
13174 14395
1161 24214
2294 29116
13512 13514
18219 26980
17232 24750
25488 26032
2333 25223
14051 14065
5914 26538
54 1220
25475 25875
1276 25066
22195 26132
23 1510
1413 19321
321 26071
25220 28433
16429 28596
7677 24657
10903 26007
24934 25553
6820 6821
4732 7163
15332 25208
1276 4015
1310 2699
1648 25422
5069 20114
5965 29687
246 7408
546 4860
23921 23922
16632 25107
12040 12472
1981 1982
1921 24727
10025 25504
3766 3896
6733 8697
23172 23179
25139 25174
546 2104
2989 25468
10533 17418
13648 25034
14546 21844
4312 6602
1955 24247
1100 23928
4770 28394
19376 27772
10705 17345
11036 25551
26186 26235
16538 25238
7670 7673
3542 3551
25495 28075
15807 15838
8838 8845
2388 24750
3207 18729
19685 27185
17924 17928
16918 16940
11097 16850
12709 28230
8391 27445
4947 10529
25766 25768
25802 28082
630 11110
1921 27206
1213 28811
11037 26315
11504 17688
1825 24700
4108 26383
18318 24777
24892 28235
16459 21205
23939 26113
845 29034
738 856
24275 27269
21974 21980
25729 27887
7354 29643
10996 16458
2232 5373
7264 15826
4077 13088
23659 25853
25534 25634
4991 25853
3044 7563
7185 18557
2517 21250
18219 18274
24856 26080
720 8990
24663 28525
4362 10033
19827 23969
1236 1295
18045 25240
5621 14201
3842 27227
17938 24731
19685 25593
3285 27204
10923 10926
9391 24608
29327 29405
9679 22327
856 3029
22260 22262
15850 15853
2550 2551
523 23957
13334 13335
15391 24448
5189 15332
15396 24008
5961 29687
11591 27093
10605 14050
11513 15463
5859 12272
10676 13293
10496 18174
14958 14962
3018 3644
5178 15332
25747 28638
13820 24301
9851 15206
10533 24471
21942 29080
26877 26878
4238 27802
24971 26022
391 2128
27000 27176
977 5219
4893 29123
8091 26928
11092 26315
2524 24750
6513 15402
27034 27168
24406 24417
25373 25729
11045 25647
5944 13987
2106 26451
11460 15986
23843 25919
149 25645
15469 26496
18193 18194
4219 25615
812 26309
17114 28825
2561 25814
25411 25683
15435 23874
24267 24744
5774 10800
24946 25461
26235 26365
15760 25645
4438 25645
10226 22759
2109 15826
2936 21074
348 25968
4416 25803
24663 25814
14822 14834
11195 25518
21668 26648
19049 19050
24944 29099
5397 17265
14248 23145
20985 24208
28795 29280
8583 17254
17070 27780
23874 26375
14851 29159
12868 25042
2853 24318
10289 13977
19676 24566
9228 29206
2066 25988
801 4548
511 28555
13853 13937
4312 28811
1414 6674
26245 26377
246 7422
2128 27108
8348 8359
2526 21250
4960 24184
10199 29204
28289 29050
14600 14832
606 23874
24385 27028
8865 28082
21106 24916
3472 15435
7880 14144
24685 25853
2264 24750
11687 24586
5415 5510
152 24359
14917 15146
5403 24728
5252 11007
8165 24506
27304 27467
5732 15391
3821 24141
26512 29095
7224 25425
4761 28555
23874 26466
3570 24190
941 13678
11977 27025
856 1707
3570 22512
10109 17592
13742 13777
20540 25223
4508 4511
24364 24794
5243 26154
1986 13197
4714 28031
1070 29050
22761 27365
25061 29391
4190 25234
1343 1638
28811 29204
25499 27871
13549 16130
9426 10817
10612 25551
24682 25093
22795 22819
8692 29722
4846 25853
1184 29164
801 14894
6766 26204
5121 27049
24301 25092
1759 1828
2265 24750
3285 5283
16579 29084
7144 15195
2877 26193
24461 25814
24301 26107
1433 15389
14348 20213
23874 26625
14511 20891
29220 29249
2960 17276
12698 13809
25373 29405
23853 25220
9040 10817
14026 24251
4889 25418
24631 28863
700 4086
1450 18718
4688 12921
738 24435
14083 28390
15435 18670
25373 26488
25052 29220
11238 28795
7224 25554
22349 22352
11190 27036
28210 28970
12058 27049
24923 24924
6602 14578
14073 16783
17927 28048
781 19725
24306 29366
24141 24991
4279 25309
5711 5712
21200 25274
4504 27692
8391 24711
25286 25948
7314 14894
5401 24288
19756 25080
4219 27009
25341 26435
9000 9077
4229 25036
46 11260
8722 8740
14117 16772
18045 19449
23508 23511
18005 18006
743 25313
19478 19479
2504 3636
21250 28950
6209 6760
19410 29680
6292 28119
8597 8602
6602 12432
4688 12949
6510 9632
5313 28307
980 6841
9490 27527
27049 27255
21308 26648
24935 28145
14455 28811
4301 27310
14145 14658
24685 27278
16458 24546
89 28273
24716 27783
9257 25235
2294 3581
24338 29076
3156 11406
1627 24518
738 26446
1978 26218
4652 4653
18674 25232
3843 21401
10024 10038
27476 27574
26908 27163
10228 26076
5696 7218
14425 24780
7375 18175
7019 13742
10689 25464
27876 28555
8353 21524
5428 5429
10221 24071
18263 24871
7888 14534
616 12589
10814 10815
4426 10904
6760 26475
12944 16458
17882 28685
716 17927
465 19100
1265 24620
1334 6760
20577 25223
2794 16428
17504 17524
17926 29086
1732 12190
11690 11729
23843 27109
6602 22327
2422 27586
27471 28459
24901 26184
246 9632
19656 29003
11486 29077
19676 29211
21341 24382
6449 27886
263 24700
5421 5468
3805 14228
22956 22957
24750 28879
15635 15636
3554 17068
24506 25091
1413 14467
3257 24884
7677 28805
24651 27692
4301 27483
3570 24075
2944 22599
16046 27981
23942 25000
11045 19595
25900 28675
7283 24159
2301 23976
13841 13922
1276 27103
24167 24168
15251 26536
5664 5679
8391 27323
1949 19490
7099 10420
14159 25915
13820 26331
5288 27172
246 26414
6916 25941
4232 23115
24742 29141
2830 10874
28928 28930
759 25526
27387 29095
3936 24198
2727 5069
6733 26710
19862 19864
1087 26226
25235 29345
28300 29432
9734 9742
15986 26374
5008 21250
7727 25636
9130 15129
4875 24386
24190 28418
9315 24013
21157 21159
3535 27135
1276 1784
4790 27759
1276 15117
14567 23995
23874 26382
509 27610
1890 24750
19495 25240
25503 26938
7556 10007
23843 29078
10903 19638
4774 8835
19437 20132
25007 26865
18285 26154
7726 27867
9304 29437
25900 28683
27673 27674
17927 24660
25532 26315
546 26364
23832 23835
2157 25605
3733 25155
19300 25787
11482 11483
4040 27495
25373 29146
13355 16020
24880 29359
18716 24938
24311 24750
2997 27818
17672 25930
600 1265
28073 28111
13762 24294
785 29155
1000 1004
13256 24258
1161 24156
26731 26737
24028 27172
9239 13088
20103 22706
7224 10678
16458 29380
17345 24791
812 28909
1421 26536
173 801
25418 26536
403 28555
24856 27251
543 24989
25740 28404
246 26215
7173 8650
10032 27958
23874 26368
18015 18103
8243 26688
9270 10884
5242 14578
24991 26489
7726 24663
10304 26076
24373 29069
3554 12445
3974 26331
11050 23526
27272 27274
779 26383
11403 25455
4755 24720
8571 24552
1430 24346
14051 27069
23187 23188
1433 24772
25528 25587
15794 15795
3605 26779
499 5570
6733 8795
24148 24410
11170 25518
1013 26520
5427 5428
3211 16596
23283 23284
246 15129
401 26536
11529 11533
1068 28795
11262 11429
8683 15638
8391 24527
21250 29200
3773 19640
8722 8804
4809 26427
24739 24971
1721 29142
12624 22327
2502 7743
22160 22161
242 4596
3278 15879
7677 29750
2960 24308
3515 9206
824 4669
12058 24526
22799 22802
6487 28322
27472 28770
7726 27130
17606 27248
26648 26908
1213 26105
19508 26471
1628 7955
4362 11353
15266 15291
25499 28195
22720 22725
25874 27476
6710 29142
4589 27211
4875 4911
273 2117
1171 19640
2105 10793
13254 18336
10769 27692
27737 28479
17390 26865
27098 28300
878 1488
24991 27495
25190 26762
28811 29348
11296 11892
6726 24350
1276 3632
2795 28314
6974 27668
174 25817
10676 28980
25951 25960
1276 6001
3848 14072
11065 19621
25828 25833
13550 26828
29671 29694
1770 24159
1905 7185
7071 11240
15578 26999
693 27887
27396 27570
22545 24785
21418 21420
22548 26931
11531 24194
9521 10879
399 1995
10939 11592
10159 22726
25444 26780
4691 27692
3838 26059
23239 23243
24582 27981
20233 20236
928 1254
664 27641
10330 26076
7574 24922
17070 19453
25418 26076
24685 25874
1521 2235
10226 26076
7796 11914
1149 23928
1903 2411
17827 17849
26648 28570
952 29265
24640 26718
20356 22805
11745 25221
3324 4573
2397 24056
13657 21387
4279 5570
12069 12071
9914 27886
26408 28060
25309 25948
5121 9374
21740 21756
8193 8194
9195 15206
136 26962
29572 29580
9920 15402
9166 9167
16470 28638
3579 12955
26871 28747
1077 24712
1953 25232
13282 26605
25518 25960
14265 14736
21716 21717
1873 17838
10115 24596
2183 2949
24715 27726
12589 25358
6185 22079
13630 26651
25517 29049
28220 29078
8391 26781
16238 25378
1955 29740
7925 8781
27426 27428
4334 25180
8391 27252
2301 15435
443 9195
10095 26669
14658 14765
26357 28892
12222 27162
5054 29405
7099 10748
4950 6378
14145 27820
246 338
27648 27692
7817 7904
2119 2136
13974 27124
2302 18774
653 7433
3570 19668
6625 26999
2198 29173
11797 11833
24195 26462
5389 5393
24272 27171
6348 23853
4989 13660
19980 27628
3285 5265
24355 28844
24916 26439
25695 27049
8530 8551
27503 27535
19557 25240
1276 27306
8713 29722
1315 7379
23091 24634
24346 27714
10211 21745
2865 19602
12846 12857
438 27351
7163 24700
27104 28073
1892 24604
24905 24924
246 7342
17815 28127
14144 29137
9308 25455
2657 25853
14109 24380
2046 25740
19122 19376
14185 14493
9824 15206
10971 24107
8423 28185
12759 17664
6953 16724
5436 25740
7532 7535
2506 24750
7577 25464
716 26545
9145 18219
2844 4369
11176 21205
2329 18667
22311 25161
15265 15266
27647 27653
6434 15412
4875 28678
856 24304
12190 24566
12432 16985
11632 24944
1499 12868
19658 20516
20677 20721
27067 28133
4279 26699
24581 24926
11941 24947
8059 29095
3285 17409
3173 28257
19437 25240
15095 24179
24323 27588
16970 16972
2068 26515
14895 24586
1835 18156
482 28116
4077 28235
5185 24724
26436 29306
25480 25562
3328 25719
443 9579
1406 28970
132 29611
8358 15794
8165 12764
23874 26439
4245 28884
4653 4656
5734 25605
6760 25002
17472 17474
24651 26154
16771 26605
2117 3235
8451 8452
23662 23663
892 6649
8391 29258
2923 5517
2702 19502
928 25811
21651 29077
25373 29136
16498 16533
20658 22328
13704 27334
189 7201
1769 5914
11025 26052
11643 11644
1965 2285
11416 25455
9246 27472
10447 26954
17334 24971
1510 12096
25171 25180
5813 14403
1521 28127
722 723
17110 24876
27592 28050
24932 25478
19155 24124
24596 25548
9903 9927
2935 3803
22242 22243
19572 25240
14572 17070
1984 24377
1672 4219
6429 24008
7480 26235
25471 28075
14348 14517
4400 24035
10852 11400
14324 29406
22885 22888
9315 29095
2187 25373
4969 10886
24701 26648
9008 24934
24782 24783
609 1168
8732 12272
256 258
9907 15402
24309 28678
7278 7484
5195 6476
24916 28937
4761 16258
9022 25634
25885 28046
535 12506
16997 24231
10914 10930
1741 26262
2819 27644
24884 26387
1805 9084
2198 24148
28289 28784
24293 24326
28 8278
6527 24206
99 29596
9490 24538
759 27401
21449 21459
3239 26086
9769 29724
1167 28909
4478 25645
535 25358
1614 22327
19664 25240
17484 24770
21349 21350
3901 26154
4939 19470
12753 28909
4713 10939
2808 27641
9739 9769
11635 26769
2616 24971
19545 25240
6029 7201
12331 16458
3610 11886
399 7048
11731 15682
18037 27495
15506 23571
27563 27564
432 24201
18390 18391
3805 26536
6859 27611
7687 29447
23854 24195
3929 10624
21307 21309
1714 25123
3741 9315
8475 13583
174 3029
8864 28863
7135 25396
9061 28121
1390 24663
12845 18356
19580 29164
12211 24081
4540 25645
24550 25645
8802 27692
25879 27887
14189 14193
5347 5348
23091 25147
3070 28601
14778 25983
8692 9954
2964 24716
7040 28307
588 28230
19583 25240
18607 24289
15782 19410
3570 23871
11017 26015
2960 12432
11772 24586
1668 12220
1714 11190
910 28555
25988 26892
2875 24362
23134 25681
1931 4504
3230 4959
238 11060
19785 21584
26132 29120
962 2853
6038 19465
6822 15435
10668 10672
1466 6238
2936 4893
755 1254
1721 24348
2936 25242
8055 27473
3333 4573
6728 7606
7224 24792
25716 25719
13989 25863
416 17518
19382 27860
25190 27626
6586 6587
3548 25033
16242 28909
23986 24201
4411 4431
6365 27327
1236 25006
12272 19332
2164 16116
19861 19863
1077 27958
14061 19466
8802 9867
600 10015
7201 28884
27513 27784
17650 24884
9914 25659
3657 18551
6733 25123
26169 26177
3224 7283
2416 24263
13694 24231
343 24141
4199 25256
5706 29159
664 856
23843 26400
10930 26536
744 27104
1276 3753
6235 26154
17622 17624
8391 24256
19155 25843
19200 24462
11203 14145
21974 21975
12785 28825
24190 27375
10478 27294
13777 19022
3143 9769
6263 6270
1276 26818
15524 19388
6150 6206
4596 28811
11518 12655
2490 18636
19465 24685
2426 27019
20481 20482
20544 24792
21986 25252
21205 29003
25499 28979
23361 23362
14133 14134
2842 24194
8165 28795
1940 2426
2897 28854
14701 15459
8802 10345
19592 28094
11065 11531
25579 25580
2272 26315
1672 17070
3381 27692
15446 15448
928 20544
4064 27300
2711 13820
536 649
10563 17345
10774 28274
14062 24380
8904 26801
731 25440
4772 25711
10478 23925
1013 7247
26141 26730
19022 24066
20573 27192
23091 25169
1502 23853
1993 10111
2948 20455
5706 29571
24690 25842
231 26323
868 3580
7278 18498
2121 8243
553 24377
246 7325
3017 23950
7670 24888
19477 25180
11050 25479
7002 27677
26018 26019
2128 14522
16989 24231
6273 26211
16504 16552
3035 26310
432 5715
19376 25953
2478 29306
18103 29257
24979 25360
24068 25679
25874 25968
2780 25103
10936 24941
246 7295
5935 27028
17070 24258
26648 28519
10809 29171
24306 28062
26218 27586
26756 27552
18447 27685
25033 28355
642 28185
24505 29376
24483 24484
132 29546
8033 29159
13875 13879
8243 28185
246 26615
649 24003
18219 26971
25645 27839
13067 13071
17473 26844
5087 29405
12432 18716
1334 26940
5634 5641
13261 26605
20114 25191
17110 27318
12272 19647
1628 27958
1741 24938
2682 19519
20418 20421
28744 28746
1050 3017
12879 29306
11251 29429
2314 28033
28316 28317
14595 24124
25199 26007
24905 24991
6280 29180
29220 29622
3315 15631
3490 25055
17390 24200
3246 11460
4334 11009
28081 28132
364 24141
15638 19255
17070 27823
19937 20998
416 7373
28811 28896
9456 22663
2290 5083
616 9206
10490 27755
2798 19450
5237 25756
15578 28512
19611 28307
14445 20367
11759 26605
8192 25038
25919 26688
2935 24396
1836 29211
8803 25802
24532 27820
3208 23472
27846 27847
21041 26667
7294 29173
9316 11715
8221 12868
8623 16458
3570 23712
11318 16901
6132 6134
5565 24295
23117 23119
11487 29211
473 29817
14125 14174
10811 26249
6602 13549
26041 26113
10039 25601
27627 29078
1884 1919
1921 27887
24566 27485
19630 25240
12120 20114
1320 11460
16723 29503
17159 17160
29041 29067
6001 24019
1287 12058
3782 3809
1829 28235
12432 18978
24673 25418
4208 24200
13946 13947
11190 24576
26690 28909
7534 24531
27470 29211
628 939
2422 2620
19581 25240
9601 10904
1713 27736
25478 27885
4219 23625
5044 29405
706 6271
489 26877
7224 25510
3285 7688
25821 26925
24819 26154
3857 29050
5062 7224
26226 28046
12881 12895
24790 28677
21452 29371
16274 16275
24081 28132
16398 16399
11089 25032
7454 28105
23091 24293
1307 11460
1591 26658
17026 24317
2935 26561
660 29220
150 11007
5031 5032
14509 19554
5082 29405
13324 24552
25577 29220
6733 8728
25002 25605
2301 24301
6710 17782
17015 27215
18209 18211
6733 8782
4360 7224
3402 15173
15402 24731
8326 26648
15114 23363
7576 19468
1276 3747
5585 25807
655 7526
5982 7047
19474 25240
2805 6280
15626 25664
21226 25274
23958 29061
9566 27886
2200 5051
24971 28060
2502 15005
5170 5171
12987 12990
6644 24276
24576 28159
477 24263
3754 17650
23843 27724
2061 3794
24211 26281
1654 24856
25499 27377
24971 26408
5915 29694
6125 15206
7708 7815
25718 26296
8627 28314
27147 27150
22695 24301
6487 10964
25814 26865
13949 14995
8176 29315
536 15595
231 755
22007 22008
867 25180
25874 27812
3254 15271
16458 24541
3686 14509
15403 24008
10111 27277
1510 3552
25414 25431
24206 26105
24772 25269
10156 26076
443 3947
9239 29488
524 28555
2588 13761
24780 27083
14754 17815
24890 27503
24868 27429
14995 20760
11460 27356
3572 12340
26774 27098
4347 7879
28879 29258
19713 19715
535 15117
8391 27378
3285 25091
19468 24582
24307 26865
11411 27083
9567 13550
7173 8613
10293 23890
273 1707
11531 13714
19856 19880
20340 20350
8517 28597
3803 15626
11148 11192
6259 26136
7029 17485
11600 11800
4861 10904
24193 24681
10498 26886
2426 19233
1002 25418
15117 16854
3890 3918
18245 18247
7787 28753
26218 26578
7511 27248
1315 29095
1970 26113
24455 25418
19602 24991
14838 14908
21808 21809
28811 29319
14455 26231
24620 28318
3224 29384
25853 28579
2128 15546
19372 19374
13096 28119
9404 13609
7738 7789
1555 25645
3570 13166
6857 28307
1921 26588
5106 25358
3739 24116
25718 25756
19508 25496
9391 21205
11306 29434
29546 29605
12506 17971
9309 23918
1408 9304
535 26738
1477 6946
8117 26314
27582 28879
50 4219
10159 22729
2890 26389
14522 19601
1505 12774
7135 8386
19610 25240
11707 26605
5411 5502
25499 25988
28811 29313
6357 28369
5743 26098
7353 7400
703 959
7726 28339
1444 26007
23956 25089
2466 29405
19254 19256
24566 25370
12647 22327
2763 19410
13772 19638
21849 21851
3173 7283
10904 21965
13549 24130
23843 28639
4903 25853
8190 24197
634 29220
24375 25960
18639 24260
8283 29306
8834 28082
17345 24862
19564 25240
4899 5000
9914 14425
4116 9337
23091 24013
8373 25898
273 15575
22545 24775
12815 17599
2021 24013
23923 23975
8973 24934
3924 11294
3214 8243
4722 25853
6114 10533
2656 3183
7201 16974
7277 11549
23546 23547
25706 29161
3704 3974
6783 6924
6870 9304
1281 16535
8847 28082
661 13693
7283 9551
5299 25496
5019 28602
26080 27403
9847 15206
23134 24586
24647 25363
25980 27344
1444 28039
8101 9239
8196 16493
19133 22663
4362 25458
4219 7173
6398 12021
649 19559
152 24294
24822 27005
6655 6656
9051 11600
1116 1182
4911 16977
24561 24924
8115 29306
162 24905
443 19536
4548 28676
983 27238
4505 28825
6953 16747
536 15760
7865 12190
3848 25587
19410 29078
27410 29167
5360 17345
5634 24194
12093 20114
11039 11040
10669 15815
25919 29087
1384 15117
21616 21622
16543 25238
2936 10764
10567 23134
4368 11590
22388 22389
24298 24299
7135 29405
89 25517
24647 24748
12048 17062
19483 25240
5490 6835
6602 17672
2931 29405
12506 25132
18487 27882
24302 26687
26536 29202
19168 19169
7726 25863
4083 12764
26315 26515
14455 27327
12830 21813
22327 25472
10485 26136
26275 28147
9501 24902
4771 25853
14374 21617
4774 8893
18274 26076
8200 16563
231 25040
856 19536
24399 27194
2960 4967
19492 25240
14372 21855
18670 26707
10600 10658
26323 27614
6982 6983
24991 25443
5447 25341
16869 22530
1850 26876
26963 27411
6487 13100
16958 16959
1382 1433
14080 14106
1714 5578
25684 28639
17927 26828
27607 27688
9670 24991
13820 26266
2002 29407
24748 27544
11096 11098
2021 26786
1597 24118
443 546
9485 13209
21250 27626
14348 22992
4959 21452
126 127
8303 24547
3570 23994
1433 15390
13772 14456
25518 25679
2426 5635
17070 19343
22347 22348
10038 25754
8132 10432
2584 24732
18639 24655
20399 20402
24690 28741
8583 29379
22269 22270
8043 18414
943 25572
12634 22327
1759 28721
16550 18826
7135 18662
7294 27413
6990 26817
5579 27429
1995 26226
1329 26737
10017 20103
4790 26315
15117 28795
8975 20114
12432 14883
29290 29338
7880 8583
4219 15977
26679 28844
5135 6541
465 28082
770 26529
2691 26154
25803 29001
14005 14007
69 4219
25752 25768
9825 15206
28101 28111
18267 18268
1077 7616
4642 4914
8003 13122
8879 27766
7308 7426
25194 26251
23853 25824
16651 27886
25479 25949
748 24374
4128 29142
8249 16310
11858 25492
25630 26007
12977 25684
15365 25001
19597 25240
10478 25381
149 27643
4431 27593
10874 27429
10534 23976
1433 11526
14403 24394
23861 24532
1053 29050
23091 25179
24561 27981
9990 15782
14228 23901
26235 26410
20114 24081
24984 29173
9343 9388
649 8165
5570 23947
14851 18263
13301 26002
10544 24326
28592 28811
24342 24362
13357 15850
408 24324
6112 10533
9914 26605
19465 29394
24301 26061
27129 27131
9311 11664
19627 26893
5460 5461
7201 28034
28622 29211
4761 5724
5308 6370
7224 10603
7514 13677
625 29220
25331 25967
25410 25522
623 24370
19937 22173
23091 24487
24519 28166
11460 29235
25967 26028
2853 29698
7201 29416
432 1168
7675 25038
1299 8221
15443 15444
14041 25596
24676 27637
7224 25514
24068 27806
27049 27257
25121 25135
849 4573
577 25418
7511 26226
1828 26934
6932 24198
216 220
11628 27020
2997 25964
12148 13184
17165 25867
1763 24159
24301 26024
22260 22263
1276 3817
1455 28457
373 3173
375 2319
24532 24596
655 17672
1714 7962
16628 29086
9655 9658
23918 25593
7733 23753
24068 27631
18615 24355
408 6872
12890 15333
1094 19640
16057 26807
3527 4334
28050 28307
3570 19178
322 7962
5655 5665
3034 10140
2155 24971
24960 26245
4269 27952
4365 15584
10036 11861
460 655
5706 28335
6602 7215
1714 3029
3361 7201
7439 10311
25831 27049
5774 25879
3320 8391
1665 24871
7583 19100
1077 27552
25436 27066
7757 9516
10726 22327
856 24178
546 2084
7314 28296
10016 25475
10911 10940
9588 28307
24905 27256
8697 8698
24762 28545
6934 12096
207 8638
25948 25949
9819 15206
5021 7135
10412 19371
1288 28909
27005 27138
4712 28163
1955 26621
9228 25220
5993 5995
5343 5507
23061 23062
740 28076
528 25225
16252 28909
3570 19665
5121 9397
755 17672
24223 27116
9921 15402
238 10527
24093 24094
7135 18833
7726 25756
4909 13357
13783 24371
27596 27710
9914 26315
4761 24661
16960 29072
21624 21626
14478 15307
9329 9331
3172 3175
24318 24992
11238 29451
17390 25892
906 28105
2935 2953
10263 26076
14711 23936
12432 18296
2711 13848
22858 22904
24566 24979
25049 29159
28318 29366
3777 26804
10111 24871
68 15492
17409 24698
11619 25650
12277 12278
9315 29306
4738 4963
1317 11460
26323 28909
24586 25437
9787 26840
7201 27535
2684 11635
664 28307
35 59
24772 25239
9443 9444
26328 28105
18843 19594
25418 26693
15162 28620
17713 28428
4984 24682
24944 27073
15856 15857
1265 13279
3867 25601
3361 8172
9302 20544
3527 8391
19638 22327
15797 15798
24325 28318
5225 25521
4551 11173
4930 27692
23507 23512
7078 27360
3749 4067
892 28363
19774 23847
6092 25517
364 28555
282 1921
5921 5950
24903 28811
4899 28950
28555 29173
7478 25079
24287 24399
7915 8033
5851 6095
24596 25362
480 24282
5605 29260
8220 24436
9551 24757
836 27755
4783 25853
3238 26977
18091 25075
27043 27143
24301 24487
19588 25240
3422 27626
9914 25482
23874 26198
8151 26928
2110 24169
19326 19330
15074 15079
16587 29086
9228 12272
282 1741
343 7511
12326 12327
3627 24294
1161 21375
10 473
24346 28824
17672 29507
15310 24838
16817 16818
17070 27762
3224 28743
19604 25240
20103 25478
26828 28879
5655 17070
25418 28901
24677 27637
20367 24000
7224 25416
14508 27820
21241 25274
7533 26658
7173 28582
3173 24340
24513 24907
25695 26416
7880 25001
4465 4466
13922 25460
7371 19676
24924 25551
11543 12158
15546 24198
174 25782
26759 26824
11318 12573
12335 16458
24878 29200
741 9084
347 13983
2426 27103
10769 24311
1809 28784
24511 24888
4961 25853
24926 26059
339 26136
8967 28145
12589 24279
13932 14015
13320 14144
22711 22713
12506 17993
12824 24323
8272 8533
24922 27043
14853 14861
6248 17440
1408 3717
9611 10904
21250 28343
2135 27588
2649 2656
2005 28318
25906 29411
29454 29457
24630 25107
6444 23625
25518 25644
21034 21035
1276 21452
19774 22261
25684 29001
3173 4914
523 25190
25457 26133
15813 15832
18472 19590
955 3938
25080 29116
273 7580
1144 26262
9914 25598
1119 1433
9154 18219
319 25499
25180 25930
23523 23524
2328 25385
7556 27014
20114 24780
14642 19359
19926 20025
25416 25603
643 29220
5405 5443
282 24525
26716 26963
17738 25309
10593 20114
5743 18670
4654 28698
10151 10212
9305 24944
6285 28411
24979 25710
1317 29234
1455 26545
2844 24922
24706 26545
1090 24596
24440 24640
812 24377
5975 14928
19423 27860
3037 6733
16984 24231
2632 17303
25930 27793
928 25062
9914 25576
25802 28969
5734 27251
26428 27907
27692 28816
3580 29453
5408 5428
11007 19266
5910 5912
6430 7688
13772 14114
9905 18465
3754 26417
19778 25080
14636 27440
15007 17815
25418 25853
5687 5688
11760 20483
6443 26563
15799 15807
3527 15040
7726 23843
24686 27364
1840 29211
25090 26828
28259 28260
1808 22327
8221 9304
25422 27083
13550 23874
15760 23950
4561 4562
23843 27667
3246 26411
16192 17860
19614 23189
4077 24714
7224 10017
6602 27812
27310 28885
13494 13505
26467 27755
1745 3045
18313 18315
12454 16458
14047 14062
22287 23739
25030 27417
9501 25123
25802 26323
8390 8393
24374 25440
8141 8198
6710 26876
27295 27755
606 24535
17704 17706
25449 26148
27049 27446
16224 28909
8095 24035
24075 29222
7363 19590
8916 17265
5696 5981
1276 6972
11531 24871
28071 28568
15824 15825
23526 25583
3930 7354
26244 28699
7911 16767
29443 29471
25959 26059
7374 25232
2296 18549
8738 14523
13549 17165
12654 15384
23310 23311
4953 27029
11707 11708
27314 29465
1390 17695
28080 28136
12272 17815
3938 27485
17771 28226
8391 24035
17996 17997
24924 28296
21561 27582
28971 29405
25281 27039
6513 28863
761 1376
15793 24198
26763 27028
7511 10769
939 3734
1714 23874
852 853
20114 24559
5914 29164
6931 24729
14973 21251
12272 19244
4031 15206
25571 29408
655 26908
939 28911
546 928
16088 16878
27641 27683
860 26865
8904 26846
1077 27028
27487 28884
3029 18103
1397 24301
7726 26294
655 14072
1299 25027
4228 28884
7600 19676
3031 16458
14059 28383
24311 24364
4229 24230
19670 19702
10635 10642
24738 27738
25171 25645
14347 27429
0 1
7515 26136
4989 10533
738 26254
25562 25711
9184 29211
16217 28909
25982 25984
1759 6953
4966 25853
3772 3775
19663 25240
20521 27449
1060 6295
416 15771
25546 28230
10016 19595
5193 24198
4951 25853
16068 25232
1421 27514
14809 24774
25831 26374
3570 23515
3798 3826
14698 19011
7398 25385
11600 24586
14658 14780
6398 12045
14709 22118
25948 28427
3971 7670
9439 20599
9892 29733
3220 28641
2711 28105
3570 23526
25022 29034
4932 25921
217 3248
1707 23091
4548 25068
231 24377
4765 29192
231 26536
6696 25756
24792 25811
3542 29790
3257 7325
1013 3235
8629 29214
24901 29261
13728 28701
5170 13636
16995 29740
866 24971
4875 5551
801 3361
10811 27004
25373 25439
19468 26583
16174 25410
14522 24960
25605 25853
1628 24539
9009 28115
3570 21210
26048 26154
14052 14085
8088 8192
1426 28318
25200 28863
1628 17882
20891 20902
546 26718
19178 25468
561 1850
28074 28099
8732 20997
23900 28000
4334 24178
11007 27294
3266 28127
10593 11597
370 19635
1350 2682
8583 29488
5941 20521
22327 24009
20516 21353
7185 19122
18132 18139
2389 4353
19676 25068
9888 26402
26167 28042
28318 29333
27211 27610
10044 11668
26181 26229
6014 29121
8294 29142
3570 10533
8657 29340
1921 24680
1287 12083
19365 25948
24640 28756
7215 24342
19780 19782
26710 29259
10007 24922
24223 24640
3305 3318
3173 28040
5914 26388
174 28638
638 17067
11866 11869
12640 14621
4360 4375
5805 14145
229 4596
28763 29126
3570 14381
453 6602
25854 26168
25764 26536
21308 25080
25414 25604
535 990
3461 27871
5053 29405
26959 26960
4125 25112
11190 12034
27381 27513
6688 6691
251 27429
10042 25533
5570 7224
12929 13526
26576 29000
8084 25020
24656 28105
12432 13549
4959 25048
17070 27913
1034 12824
5062 24720
21430 25428
19685 25437
2075 25289
2915 23102
25616 28885
1387 1388
27604 27692
24276 28476
8238 26844
17860 24523
2235 26049
8714 26231
28263 28464
5317 29234
1001 24388
23901 24118
13840 13842
24521 27886
25002 25577
14691 23995
18315 18316
13983 27824
1050 4108
8224 27140
15730 15749
16813 27639
11309 11342
8851 8897
25853 27824
17927 25013
10564 28296
1001 3302
14726 14727
14159 14658
23862 23864
149 24338
1384 28970
11156 29172
17071 27028
3127 29211
5969 27820
14591 14814
5467 5468
25853 29061
10463 10967
11203 24373
845 8055
20891 21877
14348 20757
3730 26790
1707 24640
24856 27246
7023 29189
4761 17628
10111 15638
3687 6738
7726 26277
10015 25455
10533 24386
18869 18870
24301 25548
10533 24456
535 17165
21712 25228
526 25090
12199 24792
1060 4269
13937 25460
6364 6365
8576 24552
4609 12943
4907 4908
13777 15073
22327 26600
1801 24759
19502 29453
17282 17285
27782 27943
13357 15852
14917 20573
8089 16471
27294 28083
15402 17882
25975 27518
9887 23625
5113 8218
20502 20503
2472 28033
11978 27177
6970 28307
3361 8044
7662 24765
1299 26737
748 11671
25420 25964
12095 12112
9323 28126
3110 11732
367 3174
11619 24322
18715 28279
1874 27403
3224 24546
15062 22534
5601 18472
4422 21899
25615 28273
10904 27235
15782 24663
9411 24013
10007 10008
3560 26506
17927 27406
8107 28824
24991 27329
7880 24903
6001 12775
25411 25689
24395 28793
24256 24257
24698 25035
13357 16026
7796 11910
14159 23068
5401 10533
7454 29050
1408 1984
9195 29306
3621 18469
27738 27881
4899 28897
6283 25488
2955 4761
24130 26123
13772 24301
24387 26865
2953 19590
24198 28731
3054 8904
2254 25090
12589 23869
5809 15215
3700 6396
17409 26699
1315 7201
161 26605
49 4219
11712 24831
7235 19676
26383 28071
5646 21844
25605 27049
25518 28485
1288 13088
24903 25043
9184 26120
1315 1759
18654 25232
28811 29317
5805 15071
11609 11610
348 2150
26105 28105
5121 26093
939 2834
14591 24172
780 25079
2721 26113
24971 25218
9356 27228
25472 25474
7677 28667
9315 28661
25448 27754
12955 28355
8190 19676
18716 26233
5394 24448
10140 24596
17638 26271
301 27535
12272 18640
16731 22963
535 25106
13777 24663
13313 26605
17070 23923
7726 23893
6043 6055
3211 25429
24792 24924
27692 28355
4862 25853
546 15436
7760 7775
2935 11635
2732 27692
15782 24328
27639 27640
26605 27101
21548 21553
11043 19693
15749 25102
13725 19022
4133 7154
1477 26239
24894 25123
17070 25002
24011 27227
23942 26951
25455 25638
409 27039
282 7154
1495 29306
15206 27277
2691 27876
25038 26844
11046 26315
4596 29005
3173 28565
20397 20414
11297 27066
13902 13903
7726 26809
7020 13975
1616 6451
4133 25538
5696 26323
12362 16458
26048 28307
2936 3297
2699 24167
10784 20103
14658 20257
3017 28928
26105 27612
24721 26536
5135 19465
11622 11688
1001 27429
13635 24294
10777 25947
9228 24576
2659 25680
4914 19676
843 28230
13637 13648
7656 27098
1477 26899
7015 28307
23843 27686
15941 17483
19542 28523
501 26184
2579 11283
4516 25645
2044 26090
2412 13100
24706 26739
1287 16854
25593 25601
801 25742
4220 12058
24301 26111
4279 25381
26022 26038
20573 26658
2202 13197
2298 21250
24138 25814
10258 26076
20846 26500
25499 28082
19167 19178
18658 25232
8079 24216
24662 25228
13020 13021
17122 17147
600 23986
7842 28601
24586 25648
3685 23923
7843 22327
21205 29509
13188 25499
9772 29110
20076 20077
25634 27172
26408 29366
7749 7753
9612 10895
19687 26605
311 9224
1177 2831
17243 24713
7048 28825
7925 9206
18643 25232
16033 16062
23874 26560
28779 28780
2140 11415
10315 29405
1439 25248
12598 29485
2254 2263
10772 29492
17854 17855
18092 27356
2547 6689
763 13742
22436 23951
3974 25331
970 26769
25656 26899
5520 29255
15557 24525
9692 15229
21205 29220
1276 3877
738 26317
7135 28439
8414 16609
10334 22845
2227 13809
24905 25875
2117 25468
23874 26282
6449 13033
2005 15435
7229 28307
6760 26450
10099 26374
11804 28081
4133 10980
15977 25868
26197 26215
7007 10930
13527 23874
879 28105
24880 27192
535 3857
14598 24188
12002 25043
25550 27469
10013 25592
3399 10760
2803 7504
4214 26586
20108 20112
6430 14039
4959 24651
10586 27886
8165 28557
3235 28706
1786 15391
6309 28258
28811 29364
15435 15595
3553 12447
19300 25964
18037 28555
25489 28990
10033 11607
5914 11510
10676 13419
11723 24586
4497 27722
24160 26531
3173 10064
309 3672
9280 13380
875 5914
2886 24293
4651 24441
7577 16942
9023 9034
7354 29249
7799 8485
2527 24198
8382 8395
441 27081
25238 27282
26315 26694
1421 24576
27621 28853
740 24374
6235 17177
19468 23967
18090 25075
23859 28502
4359 24115
8190 28884
27108 29045
178 1828
7426 28318
7800 25075
3905 8008
8165 29507
27836 27927
15578 27027
11436 11454
19637 25976
9115 13150
6648 25933
282 27907
6053 27229
7567 16458
28368 29116
7268 25232
501 5985
25650 27025
10212 25756
21340 21344
8919 8920
570 571
3987 15582
11238 17484
18016 25276
263 23874
6077 10533
24857 26374
4194 25256
10423 10906
1597 27866
24960 27802
5121 9406
7201 8496
19266 26580
25257 29260
7478 24739
25437 27122
22304 22491
6689 27692
17136 17138
7575 10492
5361 14714
535 8423
4899 7283
7290 29405
24518 29211
8232 24297
18037 26795
7511 25068
14684 14686
15568 27238
11997 27083
23986 27958
26907 26909
16458 28629
25309 25455
1808 24960
7511 27574
4549 25645
15594 26451
24797 26105
1117 26817
9599 29003
6726 10199
20947 26839
5662 26294
27784 27785
14052 14056
17409 28051
1921 28774
5679 20246
17243 27546
9128 24934
7002 27667
14185 14403
11275 27325
21435 21436
664 24596
16268 28909
18715 28203
6274 6288
7534 27527
8141 29306
24222 24301
845 25062
13977 24301
720 14895
2765 15029
2960 24350
1270 17451
174 25774
27826 29482
5706 24979
5048 29405
7697 8165
9633 10930
1413 1631
6428 10809
664 3466
10512 10514
13238 26844
4108 19056
2948 24194
26245 26334
6143 24698
4233 8303
2794 15557
2936 28969
5790 24309
10043 11036
13983 25898
16891 16892
5602 11036
9609 25519
24916 24938
7958 11712
25872 29087
3173 9228
10874 19605
8360 29099
26545 27773
13360 16030
28414 29569
10405 11423
24035 27542
26293 27429
5807 26410
10141 28230
3127 29304
3821 10616
12778 12779
1276 27693
7610 9236
6487 17815
3535 9316
24063 25324
19078 26007
2327 21250
11036 25553
1185 1741
6733 8787
10835 11928
22985 22988
11601 27083
1444 10111
2077 10264
13645 13663
4398 25123
10299 21756
11100 19586
4899 28855
4823 25853
4463 4469
8979 12979
473 27606
24263 24742
11646 24944
10471 26178
1358 13549
1876 29275
2702 24309
24899 27255
2112 4229
17513 17519
29095 29105
6297 6300
7298 7364
7324 7326
12977 29220
537 26851
12417 27096
24210 27575
1788 25526
11460 24732
1195 14250
16925 16926
25123 26710
7796 25650
7847 29432
12432 24124
11600 27025
13281 27177
24190 28555
8681 9183
4243 4244
6261 24819
5914 26218
6733 8776
10127 24596
4788 25853
11347 27104
9228 28811
250 4596
20156 20186
29580 29679
20433 29687
27662 28438
2412 18544
26585 28230
24068 27294
4401 29180
17518 27281
1421 7719
749 14564
24780 25811
27817 28824
24713 27255
7649 24851
839 6434
6503 17154
889 28105
2117 4427
8321 8584
10965 25357
6137 25988
8158 27990
1323 25090
3454 29137
1360 17346
6156 6203
11797 25650
26323 26531
21668 27582
3018 21452
1628 9654
25448 25967
1254 24525
1338 11460
4732 29216
25949 26119
26780 28689
24019 28887
14662 21943
877 4914
21797 21802
17716 24547
1472 1475
13263 18402
6733 8752
29392 29395
263 8232
3167 3168
16017 16060
24935 28085
14359 25706
14578 21341
892 29137
146 21833
8465 27053
18707 18708
5407 5507
24975 29687
5383 10874
12058 25331
5288 25489
24649 24928
7880 9206
7099 19536
12432 18584
24991 25496
4334 21041
24793 27469
7777 28179
16057 28909
696 26048
3257 3294
24741 29405
7709 24739
3372 15644
12106 24301
7290 7434
26789 27352
25674 27937
8602 8641
13292 26605
4133 25418
11629 26605
1707 26294
22589 22592
11120 25518
6806 6807
1665 19300
24074 27294
24301 26233
26648 28510
153 156
3163 26032
14006 24591
5112 29405
9011 28145
1383 13324
12272 14174
4212 25853
22397 24829
1096 28790
7688 15726
23992 26658
12747 12751
14145 24097
2436 25389
3173 28163
6591 12272
28245 29045
4077 5143
9143 18188
17026 25018
19267 23853
23950 29173
14522 16854
2389 28607
6035 7201
1643 24868
9418 24013
23815 23816
8845 28082
2198 2209
27255 27312
29587 29716
24868 28105
171 801
3441 19452
3461 11275
9169 9171
3246 24713
18135 18219
1783 29476
26536 27887
7224 24738
24457 26323
1953 3974
7071 11267
6534 8629
9316 25650
19536 27886
26007 26132
18274 18978
24709 27612
3017 16458
7634 15240
11590 11591
13032 13046
25406 28105
1788 19450
17695 26278
4224 4250
20573 23995
25373 28678
6013 27692
25421 27014
5360 5881
25180 29052
25373 27481
5450 19592
25480 25729
6195 7471
2861 19621
22843 22844
7556 10042
25831 27526
27043 29099
7294 7360
685 22871
11301 27074
972 24528
15632 15633
718 24374
21222 25274
25102 27255
2462 24167
15229 16502
5415 5459
25468 26951
4904 25853
18268 18270
26315 27208
25802 28971
928 29164
11658 24944
13744 24294
738 26387
14715 14845
2842 13441
28654 29049
509 617
6953 26764
1034 24520
7314 24915
868 21250
14196 14445
24342 24867
28667 28795
17070 25853
23843 27695
2799 5756
4146 8507
14166 27771
9914 25609
2014 15748
24531 26844
10605 28273
24312 24443
19627 25242
2453 8426
15132 15136
620 29220
24068 25309
7201 29778
14855 14891
8647 29034
27231 28235
25123 26844
11460 16550
1921 28917
14894 24284
24019 26828
6602 10659
434 28555
364 25868
20544 25593
619 29220
19167 25422
16645 16733
5368 10874
20649 20650
3783 26042
26296 26556
24005 29627
11065 24399
14623 19361
25478 27004
13989 27819
10730 26213
27561 28033
6449 17177
2561 27429
4108 13742
7575 25496
4899 28898
28073 28145
10299 21747
19502 26086
18527 26020
1013 27492
535 24916
16458 25571
9914 25476
24586 27094
8278 26648
7962 24399
7283 29571
7501 18429
3737 6926
24738 24924
19388 24690
2294 28302
25756 26226
7834 25033
11213 11214
24125 29142
7911 27069
2682 16099
27868 28105
13051 29627
15956 24293
4899 28655
4766 25853
15073 18460
1715 5006
11602 11603
1413 24377
3535 27185
24894 25705
11516 15584
25814 27294
1925 3974
24690 24729
1959 24641
26916 29142
1144 24377
19416 19417
24312 28844
3446 3459
27000 28067
25220 29095
3970 21394
7377 17154
10942 25715
12251 12253
10168 10172
18471 28970
13288 26605
740 27177
959 10960
3157 9312
28355 29220
453 7653
3974 12775
980 27937
14386 19948
19612 20430
7899 7900
7201 24546
21991 21992
11203 13441
10015 10405
623 4229
5631 17796
25919 28555
2119 26017
7731 7738
24083 29095
19536 27556
20779 24644
4347 24926
5152 27812
3410 3672
4226 4230
6250 9596
5807 26536
1319 25232
1847 29492
23374 29705
25110 25111
4367 4378
8400 12096
19343 19388
24198 26301
7234 7236
3450 7256
2875 2903
21205 21250
13895 21973
6101 24694
13888 28490
3700 27937
1421 28675
3600 3611
6040 7201
231 6864
5262 12472
3017 27886
6908 27593
9303 27025
3543 12966
7201 25743
24019 26430
2875 15907
14455 24700
15786 15787
3494 28363
21341 26323
2502 25517
18092 29656
2096 24068
6023 24613
1984 25220
14372 21419
10655 10656
25001 27268
6378 28402
4790 28393
26648 27958
26372 28796
11113 11117
3144 26967
24551 27204
25885 29795
1329 25123
4950 27692
13166 28200
2960 9556
15542 15544
19011 26113
28101 28136
23844 29645
14591 14793
1391 28970
3541 12989
3535 25650
6928 26925
10052 27207
4442 25645
26639 29264
1232 5786
17243 24790
28772 29095
2137 29180
313 22195
24523 29492
24576 29095
13693 25418
3045 9513
9108 24934
3803 27028
881 6503
23555 23556
11133 25090
12074 23355
25035 26785
7001 24555
1575 1921
21238 25274
3947 5545
24007 24008
25373 27393
26085 29260
880 2806
3017 7163
4503 12882
24216 28355
9311 11851
12452 16458
231 26097
24306 29481
27070 28795
24874 27137
17882 29062
17110 24141
7019 19582
26059 29384
1093 25821
2936 14653
1 4513
7078 23308
6144 6177
1510 16458
28049 28191
19468 26178
24663 26048
537 21359
2245 5425
3869 26936
15648 24201
3225 4959
10154 26076
231 2175
25505 28073
453 6838
25866 26648
5388 26135
845 4959
7656 7880
21906 21907
25518 25553
1466 2819
1139 28411
932 3339
24581 25478
3157 11622
12132 20114
4741 27692
6602 25123
7762 24313
4090 24370
11074 26315
7177 18813
7224 14463
2122 26718
22534 24002
25079 27467
25897 27887
940 25220
3546 12785
13750 14733
7534 27372
24651 27996
238 11731
2953 6030
24901 29265
26120 27283
7882 11251
26256 27770
10939 11560
892 24323
2502 7201
7726 25046
10136 17743
8029 29406
26998 27082
3551 12791
11678 25503
2426 27150
391 5724
21250 27410
1769 24550
7454 27576
6381 27471
11425 25455
1769 1955
26789 27248
4279 26315
1528 3017
4827 24566
4950 26218
1701 6410
3656 4875
1125 24706
8507 29220
24576 26251
25504 27017
20543 25223
11710 28067
1597 15304
845 28307
834 1949
9391 24610
24862 27294
2682 15782
4187 27692
16152 16207
4899 28888
9280 13383
14523 26113
25443 29405
15900 22934
5402 5404
25756 26586
8453 8454
7992 21452
9206 28365
7572 23918
11893 27117
7371 25802
14849 14858
5067 10777
1287 11712
664 23526
24730 27916
21183 21342
731 24374
10311 25220
6602 29366
14228 14403
12569 22327
2426 27127
10481 19580
14425 27003
3803 25891
4534 25803
2653 28273
3538 28483
11130 25518
6339 27692
15391 18274
9887 26402
10952 10953
8966 28117
14099 16781
4347 10453
2502 28638
26605 27083
24178 24720
23211 24582
5912 14531
5922 5951
10414 10417
10984 10987
5406 5488
24552 28959
380 22327
1254 18715
10930 24083
24728 24794
2800 14347
28811 29309
21234 25274
6916 24198
11600 12177
10847 27239
4255 23120
6140 6141
21657 29077
7726 27693
2964 29172
4655 28698
27481 28479
7224 24276
4989 8212
7087 26222
3349 4573
9304 9315
24758 24759
3337 24013
3302 24289
10566 12096
25904 25906
12432 18219
25002 26940
18103 24350
11203 24309
26964 27969
25919 28307
2460 3207
7751 24530
1942 3974
19352 19353
20680 23975
8155 8202
1501 2649
1390 1876
28062 28483
9822 28970
14522 25373
3947 6726
21861 21863
5490 7426
14112 28410
3141 15870
6513 29676
7224 25711
5405 5422
1239 1249
1265 24552
546 26500
19384 27860
856 26236
7227 27632
28082 28844
856 26210
4362 11583
23079 27841
955 17276
1195 14145
24596 27163
10592 25413
13759 27886
10562 14425
27052 29726
12748 26548
16630 28555
1931 26536
4849 16963
12584 25514
4899 28837
6877 25941
2112 8080
1698 26304
1135 24377
10012 27066
25650 28067
25455 25601
11057 13022
14779 26315
21078 22609
655 25329
509 28398
7224 27306
9322 24597
11065 23861
20399 20401
1421 2853
11207 25960
24524 25102
2918 2923
9914 25676
18103 18844
2426 24869
3595 14359
17070 27909
731 25480
17302 29492
814 25132
399 6053
1498 25339
1868 28555
2655 2960
11073 26315
219 220
6143 27255
24740 27255
26213 27802
24596 26221
23967 23976
443 5734
5679 14655
225 26467
848 5027
1940 7553
12449 12966
4349 29406
16913 25875
4108 14868
919 7019
6760 28116
24398 27224
1265 26774
7726 17927
7144 27481
24323 25892
140 26962
12728 15040
3282 15849
878 3782
4899 29019
6264 26564
692 3224
1659 10439
7264 16458
23189 23887
27615 27692
6128 25645
24883 25275
11411 27104
27152 27218
1287 11257
24876 26844
25468 28307
4893 24190
5930 29687
2236 26048
11635 27692
5678 5679
16723 26287
20542 25223
12151 12152
13549 14961
535 26717
8092 8099
2116 6217
2960 10669
1340 2158
5171 7751
7688 29180
24019 28824
14101 28383
6602 26048
742 13262
10566 24308
9415 26931
23854 27117
2047 29053
2682 24459
22907 22908
14522 29220
1363 29418
3246 13256
18836 27687
4688 12896
1443 25645
2935 5789
3974 24566
28368 29406
1287 11868
347 28786
1642 2105
1077 14522
616 7740
290 13217
15040 24640
17345 25673
695 25914
7071 11253
8368 8437
16048 16064
573 25718
12190 25041
12148 18323
473 27582
17579 17582
7164 29395
16376 16377
19376 25818
9428 19300
6602 13772
7076 16179
7099 24286
23940 24374
25950 25951
23947 28019
25381 26315
408 26253
2227 3029
14522 28039
25433 26076
11060 24577
7726 25479
7020 27124
15229 29724
3858 25495
1517 11306
2652 2656
10585 26007
1713 3450
12360 12835
20516 21617
1626 1630
9249 25235
24316 24319
7870 9490
2568 15391
2886 24883
20988 20989
376 28555
7511 28245
1879 23880
26048 28389
1949 15129
5428 5450
4125 4573
27137 27196
22986 22987
743 24586
24645 25392
2546 24254
600 24503
1421 28743
5185 26718
15155 22242
19640 25821
10003 27283
6348 19465
9317 20114
18340 28688
6252 26500
17815 23939
1323 3029
25754 25879
17119 28825
21796 21797
4946 5715
2346 9761
19460 23949
7726 26962
8008 18444
231 27374
8400 17048
6851 24323
8843 28082
19453 20191
24944 27043
13977 17070
6859 28307
10161 18551
8296 28909
9914 24941
17094 29159
24462 29233
25537 28555
19468 23057
27973 28974
4991 4992
7773 23740
880 9495
13549 13772
5339 10874
7708 7745
3285 26731
10810 24862
5416 5417
14425 18826
7726 25171
21020 25242
13360 16021
14572 23995
13989 26877
26331 28970
1828 26222
7354 24979
6953 7795
1628 3298
14381 21877
12180 12182
25002 25499
3232 4959
24797 26648
27626 27692
863 25068
6030 11203
21261 25274
10904 29250
24865 28555
8353 21521
17606 24991
13000 28641
4444 25645
10220 25345
12984 12987
2956 4761
15229 24348
24714 24761
6248 28568
21100 21105
10935 29099
12272 19592
3246 26143
1450 24075
24083 29129
8580 8582
25440 26605
7354 29698
25488 27746
12357 27886
6300 6762
3858 5891
25680 26076
1893 7173
27099 27100
2426 23103
18387 18388
24690 25930
16409 16411
26039 27803
25772 28727
8732 27078
7751 24704
25879 25939
7719 12669
1415 13249
9521 29095
13612 13613
4782 4787
20520 27449
24133 29078
26439 29221
1002 1978
6143 29110
5027 25879
27020 27179
10123 24596
10055 27049
21157 21158
14117 28383
19465 23843
24971 25448
27907 28306
7532 7536
14455 26804
1772 24159
5145 24538
26076 27283
15438 15440
1073 28598
2426 27052
25546 25547
1147 24957
13958 25964
19677 20499
114 148
24576 27886
7023 7024
11635 26908
8471 29003
622 27257
1955 22327
15960 16458
21364 25309
15597 18057
28305 28307
8407 25776
21341 24296
302 25682
18219 24784
24198 26876
24586 25421
8802 26737
250 26536
10936 27117
2733 19431
15402 25197
8653 21470
24927 26097
24003 27886
24934 25333
8872 28082
25442 25623
9914 25831
10859 10861
15435 26475
19518 19536
5533 14714
14591 14848
12830 21817
18117 22300
664 867
24035 29480
9236 15447
24716 27488
5859 25479
11367 24586
3947 16714
10936 20544
1878 2179
2502 7775
27485 27515
1103 25754
4358 10023
2150 6558
23254 23258
9795 9796
2327 25385
8627 16458
1828 8277
11036 24924
2632 2911
3818 21387
2936 19376
28168 28885
9914 25606
453 28105
17912 17913
3156 27821
17207 17209
7694 9304
9044 28950
8092 16472
24676 24684
25315 27255
10599 24924
720 27030
1828 8282
3017 29718
4378 15870
4347 6370
6403 6473
6143 27393
17577 17585
1661 5006
866 24260
16458 29306
655 26876
5835 28509
6760 26876
11613 25593
7532 28263
8056 29095
3947 22545
1940 28082
6983 28307
5401 5833
4755 28555
28811 29277
28825 29384
23958 27528
12432 24663
6995 18934
10171 22545
25719 26178
4525 25645
3091 28863
2134 2135
23932 23995
6673 27886
27749 29143
2127 5570
7915 24763
14455 24888
1316 2944
7675 8400
10786 25476
4462 25645
231 26222
28185 29204
5922 5954
6908 28288
472 28555
21250 24375
1099 1149
13682 27392
17292 29492
27227 27228
161 16458
16827 29411
3042 8672
26048 26059
11057 12356
25793 28372
10971 29705
19510 19511
1321 7469
8147 9039
3125 28863
2936 26315
1078 24009
2922 28825
27214 28149
25943 26113
6092 21250
2189 24739
4301 27394
1628 26865
6953 13965
24971 27532
6760 26718
24135 25210
16585 16586
4125 18934
10439 16933
535 26754
13882 24946
15604 29180
15977 26133
23 634
856 29164
19465 27692
4622 14851
3153 27384
25180 26154
18849 27844
25959 26416
24694 25373
24971 25190
2410 25232
16828 29411
24784 27692
1691 12432
28273 28980
5602 10676
12791 25033
6733 8688
4248 15960
14567 25949
8663 25802
14166 22545
15566 20868
26490 26493
12791 12955
13983 22382
5765 28105
9769 24463
24902 26507
2726 27373
4761 24219
1096 27974
15578 23950
3371 6348
16269 25533
21778 22228
24198 28909
4967 25123
466 24473
7099 23308
11688 27043
20978 22986
3626 6173
661 3545
6969 28307
21185 21187
23813 23816
21493 21495
25253 25406
11837 25764
2634 28728
174 25799
21592 21594
4761 27294
26437 27145
27714 29078
1444 18855
3860 3861
2960 29255
3362 27813
24743 29405
19022 25479
9323 25353
26231 29526
6602 14522
19595 27062
1759 18037
11093 11094
3460 25615
12239 25713
9513 27449
7264 8445
5137 10403
29211 29492
2117 6324
9145 9146
25851 25855
18967 29220
10566 24342
3938 25283
416 26155
263 15434
19774 21251
3302 22436
24323 26105
25220 25729
15946 15947
16458 29026
1977 15435
3786 25471
9004 24934
649 24873
17815 22545
1673 24413
308 1868
15106 15118
7083 22327
6602 20455
9665 26701
4950 27773
13921 26123
25132 26631
3163 5320
17026 23956
3551 16458
16760 28798
24289 28844
10299 21751
1265 29536
23644 23645
897 898
5972 20567
7880 27582
15903 25055
19597 19598
2680 25704
24907 27108
2997 26648
14591 14830
22071 22072
868 24019
6830 15435
26113 26648
4138 29142
4031 11133
1334 1376
14425 27057
1433 24372
3783 23853
5904 18441
4803 4805
13742 26124
10990 10993
19676 26962
16458 25187
1749 24159
24706 27802
9369 24180
18307 25635
5374 5375
949 27692
21452 25012
25373 26154
1086 25764
1 26720
19764 23996
1876 26976
4010 4827
8154 8175
4761 27582
15437 15438
3947 24338
9914 17165
11143 11147
623 27610
21598 29294
13968 26113
5563 14246
4731 20240
4205 19817
24586 25412
13174 14453
1745 4128
655 24700
10975 14359
10251 26076
12141 12142
2960 5794
27705 28398
2799 27231
5870 21999
24640 26233
17070 18591
3394 25353
29227 29228
2138 27924
14543 21844
24772 25241
3351 3390
25361 28138
20455 23956
26048 26756
6749 10111
15162 15447
282 3110
17651 26271
3127 24346
7487 7727
25499 28417
2408 24056
7534 11110
19640 25948
4989 7915
26648 27294
10874 16672
19670 19870
9228 25479
8013 15447
22774 22777
3979 9456
9433 24451
24680 24735
12056 20114
12272 19442
24434 24877
6101 24217
1495 11608
7144 7656
3029 19676
5676 26006
949 21205
12631 22327
26922 27429
23995 24966
17882 25778
7683 13605
2732 25359
655 27700
2699 29234
174 28909
4857 20398
12058 27481
22684 23046
11460 29207
17390 17496
5137 25455
15391 29442
24312 25194
1013 1995
12404 16458
11890 28638
16258 25276
24788 24789
23843 27656
6398 12029
248 9935
5285 28795
177 28763
12755 17611
6733 8743
14691 28092
3548 12421
19033 23939
4668 18143
4761 24916
4191 15435
801 25517
3224 24574
9725 25257
10769 24306
10577 23134
24693 24721
2502 28185
7224 29304
19614 24058
23856 24167
535 26706
711 12078
25475 25515
546 16057
273 1714
1042 15749
408 23950
4813 26076
23717 23719
5069 10045
19432 24194
8564 8577
25286 25488
21871 21925
24301 26068
10874 29180
19640 29161
2933 24659
5573 27429
2936 27790
25903 28714
5155 29733
478 25462
4220 26331
164 19696
1161 24596
2936 5924
26213 28911
18405 22436
6004 29000
642 7992
11531 14779
19592 27966
9317 27135
939 26536
18670 27487
11587 11850
2948 7588
3857 21205
637 29220
22911 22912
2426 18934
20088 20092
22709 22722
655 26855
301 10513
1749 25002
14425 18208
4899 28828
11044 20270
21701 25228
10018 27185
146 2842
3224 8055
19575 19598
9262 29440
930 10015
8038 29095
14724 15127
20972 28601
7688 29211
25455 26625
11081 26315
5091 10958
21057 21060
26268 26636
3783 10005
11220 25641
8753 8822
16729 20978
9914 25578
1963 21250
24979 25919
3090 3136
10029 17345
3903 17138
23092 26123
3930 25719
17165 24118
6041 6059
13824 24926
13039 13040
20516 21419
25973 25974
5624 13540
23560 26007
17070 25842
6487 16458
2727 4861
4762 19523
4638 6988
2960 24293
23091 24520
19542 28524
416 546
12839 12840
14842 19730
17842 17843
780 5177
21205 28368
24816 27312
9485 13215
6001 14144
12873 13725
2913 16258
6602 24402
10861 10862
16875 16876
11546 19502
14144 23967
4219 16854
9055 28119
399 24501
24013 28368
5408 24342
9479 12753
14303 21107
9413 9414
23332 23333
28813 28816
25418 26032
1988 4401
2860 19621
282 1329
10996 26643
24874 26367
321 4765
9613 9630
7865 8074
14600 14861
2843 27025
1548 9490
20997 25190
8781 28004
1264 27513
1671 5006
15579 22997
24368 24378
24342 24396
24274 25418
9135 9137
4732 10904
8191 25027
15206 29623
8631 21451
3157 4362
10499 17318
4812 19376
24685 25079
3030 7562
4413 4431
21008 21010
16989 16992
8710 9597
26304 27458
826 3309
540 4347
1517 25392
597 2632
11665 11952
3029 23950
13633 13634
3163 25488
821 21250
11189 25518
14467 20680
16754 18193
15129 15162
955 15162
17243 17518
5667 24113
1858 29211
10669 24368
5914 11498
24905 26809
231 26769
25971 27294
5039 12589
24195 26218
15826 17177
8904 26856
5914 25358
24534 24701
4958 25919
14440 27440
1788 27294
7019 28824
24346 24700
773 22740
25179 29204
2830 24308
5415 5440
12218 12219
24894 25762
2155 24513
26427 27228
15251 24217
11306 21205
19640 28307
10754 26605
1034 14347
19502 28844
25639 25648
4332 4333
464 6143
6733 8766
6054 7201
996 28348
880 17026
24826 24842
7830 29306
17409 24742
6245 26310
6733 26086
8662 25888
16269 28110
10111 25297
5914 28909
5859 13166
7556 24356
21452 26294
28840 28844
7920 26890
416 3588
11203 24369
6710 10996
2935 5779
10096 23134
24935 28076
18024 18610
27643 28307
22581 22582
407 28555
25729 25897
727 928
24435 24576
17070 27855
7511 27755
1876 24267
24295 24336
24586 25879
2344 29083
25002 25180
22327 24011
23958 27827
2869 27429
28289 29211
12577 22327
5602 11080
7530 12614
14526 24005
2128 24206
2932 2951
16249 28909
6248 17429
6227 26908
24200 28166
2254 28727
546 25321
22871 24903
24178 26315
27041 27042
7354 29674
28060 28156
5718 18117
6602 24358
1265 21205
8580 29792
1166 19640
8875 8893
8283 24516
2790 28630
24586 25562
17071 24879
26086 28562
1172 20114
4220 24301
6001 8583
1787 28784
12430 29818
19155 25479
9228 13088
223 28421
2502 11487
20520 21932
23937 24020
24442 24444
24786 26154
6862 7777
3138 8243
18156 24550
2075 24019
19396 21547
473 19559
10695 28296
15467 25915
8084 25442
11438 25455
8049 29095
8851 11487
10835 25871
14885 14887
9228 28369
7670 24431
4899 16273
10032 20102
10920 23854
21275 26701
28355 29126
845 24133
26796 26817
399 1334
24003 24984
3660 8086
11310 11824
15436 28230
24227 28355
2371 7185
6029 24552
5392 24916
2042 24377
26865 27028
7135 16074
12661 18716
7198 28307
4301 29405
5242 24184
1580 7332
1988 18515
1876 25232
27485 28364
6336 19601
7340 8165
293 26007
1542 24684
25479 26143
18335 18336
10171 10985
3858 26133
6235 25102
24285 25248
27609 28307
28048 28610
8471 19656
27619 27666
1475 28661
20573 27429
1265 7144
1002 5724
13088 24714
20589 20590
6033 6048
25031 29220
24685 28568
15546 28884
3662 3663
15251 24960
1400 27997
8320 28624
11297 25641
5914 26485
3718 28307
5774 25518
17265 27336
8243 24215
18037 26842
1921 24819
8243 15117
28084 28101
15399 15400
4713 24944
18092 28105
24596 28411
27632 27824
9485 13193
6071 26076
20520 28909
5907 17703
25418 25605
14809 18483
9209 12882
4755 27871
17213 17215
3313 4573
24971 27409
9490 16458
18219 28835
19734 22744
24586 27885
22234 22235
14823 14845
12654 15383
13764 24294
2776 14248
8851 15447
13111 28825
19056 19376
13883 13885
8245 26865
9321 24586
13787 15062
28811 29361
16897 17114
10292 26076
8546 26458
19354 25943
4668 28953
14554 22239
5101 29405
2439 18544
1484 24960
15005 25802
26984 29028
7634 23986
22180 22181
10744 16458
25068 27521
7751 13279
25718 26315
4291 24424
14545 19655
24198 26444
28088 28141
2685 24971
27863 28555
263 2504
3450 24640
12405 12989
14702 26147
1287 11520
231 1883
18517 18518
7872 29306
642 8211
1886 13197
13549 26648
2787 26871
25674 27400
28152 28154
24942 27094
14166 18351
5062 17070
664 24618
3534 28888
460 24296
5963 5964
1597 26648
202 11487
8884 25802
15610 15611
13593 13601
10326 26076
14097 16778
7850 12190
3344 24526
15869 16879
23995 26123
1501 24971
24991 26383
3018 24386
6851 28970
18605 25232
27409 28909
17681 26482
2686 29182
24685 26251
5961 15316
12272 24849
24217 24220
13820 17165
24883 28555
7127 28307
24210 26637
2426 14702
9780 9781
10141 17603
1921 24700
21250 27108
282 25046
10736 10737
24212 27049
8210 17507
27586 28917
3513 9206
6919 9584
11591 11602
10937 25715
24685 26032
1777 28555
22327 26536
1012 24068
10220 26648
4077 24885
8359 27485
14847 14923
7916 14063
11050 26059
8911 13574
24894 25428
24566 26462
24838 24883
3854 5501
17815 25842
4867 19354
7163 26368
2765 22545
22694 22696
2466 7185
16772 16773
11460 24219
616 24346
25360 25729
2431 21250
15162 17276
10669 17265
7588 27327
7071 11277
13977 24698
9307 9316
17243 25090
1303 1650
238 5579
29040 29042
9521 19410
15007 25639
10985 24098
17336 24824
3310 24526
1444 26528
9322 27135
4979 28105
4116 29275
9066 24934
14348 23145
10254 17705
19579 19580
617 856
16203 28909
326 24971
15251 26235
1714 15557
12272 25821
26245 26557
24301 28555
1203 6554
15941 17481
1665 14292
25468 27820
24410 24857
10325 26076
24178 25102
9914 25668
24505 29381
3612 4367
25599 27034
25479 27440
7076 16178
21249 25274
8232 17639
16247 28909
10019 25634
4658 4884
2170 21250
25254 28806
1361 26048
10811 25518
26258 26786
12432 18543
12746 26310
7959 11712
24305 24445
26553 26556
24894 26105
24169 24200
4348 26536
5299 25099
7726 26699
9627 10974
432 26252
8243 27586
15117 29304
1714 2794
22321 22324
17243 24686
11411 25871
5927 23852
12442 13000
5013 29405
7071 11229
24198 26437
21550 29759
1887 24641
4914 25919
28368 28879
15715 26536
5039 9721
6749 28457
19592 24450
4279 24862
14348 14499
8686 25802
1619 7222
5331 14736
1619 18318
738 24916
20946 20947
5859 14228
28684 29211
1444 28399
2397 25221
12432 26639
408 10669
266 1334
559 28046
4875 26867
432 26518
14050 29442
14394 14395
25605 25960
1525 28821
10241 26076
13196 24904
27206 27255
6235 17429
10008 25638
801 29379
748 25634
19937 21496
3942 3943
2732 25900
9130 15693
27229 29243
4950 25455
20503 20504
3121 28863
24924 25638
4347 27599
22304 22493
27429 29744
26639 29257
11750 13890
6398 27395
3207 18731
3214 28743
14144 24868
7388 15726
714 717
8198 16648
14455 27714
26690 29264
2957 4761
980 3793
24934 29721
5242 28105
443 25095
6684 29178
19311 19312
649 23950
16831 29411
7135 26933
5121 9407
17070 24685
2997 14691
9914 25495
1740 24506
22439 27053
8392 10708
26007 28561
24019 26481
24757 24759
17838 25079
1363 28891
322 600
24926 28070
28185 29093
25373 29253
14523 24663
1672 11125
5824 29255
11518 22327
2997 5859
17282 17286
7404 26372
28811 29279
2047 26940
1287 11306
17927 25479
25605 26756
641 29220
24455 25373
2255 27868
11341 26938
24726 28230
28376 28379
13549 24399
26573 27059
12432 18682
100 617
4031 15535
17232 20680
2521 7407
28289 29078
878 27609
15204 15205
616 12835
7099 16458
12078 12088
27948 29258
24691 24712
381 3763
8140 29737
214 217
6410 10683
8147 10239
1019 25489
15930 24293
11460 27279
21577 29291
28152 28314
12272 18526
25599 25634
4279 26877
4004 24195
12357 24432
7244 25518
24700 28622
535 19701
25946 25997
501 586
3610 15578
19560 24260
12398 16458
21590 21591
7829 8192
22545 24797
24894 27393
731 27172
6484 6634
11309 11330
245 8543
11097 11098
831 10709
13549 14370
14831 26855
27592 27599
177 16458
26865 28182
6710 28879
4369 27185
25292 25294
24905 27231
14522 25968
12718 28230
25496 28296
19595 25515
9479 25037
546 3017
25373 29157
23181 23183
231 24063
416 15826
1642 5167
18273 18276
7726 25220
5121 9395
17927 28041
21485 22501
18103 24368
6733 29748
24862 29510
25024 25395
600 29173
2674 11823
1777 28105
20114 28067
655 3020
10008 25461
23526 25670
8356 15795
25528 26892
22405 24830
3224 12514
8217 19536
8732 25172
15435 29142
15988 15989
21709 25228
1287 11251
851 24894
25475 28076
11704 11705
5606 20455
14259 14482
1334 13809
22327 26391
835 939
1995 26154
4807 26315
1433 15374
10924 10925
8840 28082
2118 25645
13196 24879
760 2352
6733 24934
13031 13039
5847 19592
28779 28782
28539 29069
2682 15502
19595 24018
15982 17523
1253 1257
18015 26639
16251 28909
7080 7229
4924 4925
2224 7407
856 6404
801 8023
3551 25033
3949 17312
9290 25235
28097 28141
17070 28448
24443 27485
28916 28930
27262 27446
6280 24586
10478 25382
535 27974
26184 27593
9040 25410
10612 10614
16230 28909
11133 24301
1102 26007
3732 26007
4839 11616
15748 25263
15951 27002
24576 26191
5859 13742
11725 13891
11033 11066
1068 28824
9501 15660
20846 24461
24651 28971
4992 25232
14108 28383
11635 21452
3608 17287
65 27009
25756 28255
22761 24876
2948 15782
7020 13974
6859 27608
15815 24338
755 28369
7726 26174
5724 26929
19442 19652
24792 27103
28090 28296
4108 18715
6248 17507
14145 21020
24198 26865
8491 28597
14509 26118
13760 24711
14771 29212
11344 24945
24868 29647
1983 7361
738 25090
176 28884
14262 14264
24441 24455
4590 25645
21995 21997
4363 25686
27724 28307
18340 24596
6248 25123
7511 27429
5914 26548
16370 16371
24922 24945
5067 26642
17378 26969
27200 28879
4362 11823
3298 24216
824 10533
25762 28748
13787 26123
23976 25132
13034 13134
299 6668
2845 10398
453 2568
16057 25517
10017 24780
25418 26855
24640 26865
25132 28158
14529 15051
13914 25445
27398 27863
10875 18052
4208 15435
7113 27616
2268 18585
9355 9369
29500 29501
174 24063
2960 13549
9551 16314
868 2455
7726 26481
11299 27083
2853 9632
18449 25479
4947 26067
10769 17287
25373 29125
13820 28495
24308 24459
4889 4893
16565 16566
27552 28442
2116 6218
16258 29403
18934 25995
5716 15391
25870 26552
588 939
8132 19621
26007 28555
7673 9304
24312 28608
9239 9398
4914 18015
6570 26204
25842 27363
5654 16661
6701 27793
1096 8595
2116 25468
10331 26076
22739 24101
9151 15782
12317 12319
10646 10647
24491 27429
24678 26584
22513 22514
1383 29095
18715 26275
26646 28878
6580 24709
5734 24640
3334 4573
9281 9337
28863 28909
24148 25499
3399 25605
5579 6183
4077 11133
4125 26911
9872 9874
416 26764
1166 26143
11097 16851
14718 14806
6309 25309
8980 28072
1440 5490
26987 29066
1550 9479
26178 26416
9188 9190
13549 13932
5331 14177
1642 10888
238 29173
24395 24496
3537 11679
11111 11112
13977 27372
20191 27853
14522 25900
4782 4795
7173 18252
3632 27912
11275 14455
1203 2047
6398 12055
20711 20712
5736 22286
25635 27783
3783 22195
3783 27932
1499 13196
12767 12768
19554 24059
12708 28230
11754 24586
15436 24672
138 23898
248 6733
8617 21445
1902 29095
24640 28719
6726 24663
2477 22087
1606 22366
10533 27644
3138 6726
8683 8944
24000 25209
27687 28740
24709 26387
9596 25630
1949 2639
601 27334
16985 24321
3938 28901
19575 19597
9914 27145
12546 13301
273 443
19774 19870
2886 24339
17451 17749
443 1876
3932 27634
21693 29077
2886 7511
25114 25174
9490 25062
18910 19468
14063 16784
917 1254
3489 7173
24362 24395
13731 24294
12795 25350
1098 24364
3058 28863
24301 25986
25102 26143
4552 29080
9781 9782
24308 24313
834 28082
9 29781
22883 24091
2246 24167
14228 28017
25562 26993
2853 6430
616 5881
17650 25373
6011 6050
24301 25373
13583 24216
11733 24586
12944 28355
4101 13188
301 439
9914 25514
20117 20187
22761 26968
1448 24075
27783 29405
8468 8469
6101 9304
7163 24596
3700 9315
7701 7704
372 9883
2342 25232
15040 27821
25190 27265
28127 29180
7708 9516
8176 16510
13820 27440
25479 27449
6739 28127
11133 26222
8081 9479
9490 28780
15084 24532
16221 28909
10082 25428
12432 18504
24903 29432
25635 27599
23091 25191
4742 25360
1701 24720
27485 28879
3610 24922
20521 29687
12555 24227
856 27419
24462 26051
19362 19363
4899 28862
5520 16226
12190 28743
7354 24916
25919 28210
399 1533
22485 22486
24019 28970
11635 24388
23638 23641
1692 5006
15387 15388
21205 29444
3085 28863
13364 15535
1876 27235
18543 27123
12117 12119
7154 27636
6602 28884
18956 28050
1741 24864
4422 21892
1818 26133
26019 27892
3392 4573
1988 29734
2647 25343
10336 26076
1628 12190
24338 24362
10439 11310
15435 28680
4664 18129
3721 4080
28698 29532
6028 6041
2702 11548
22098 22100
8732 24566
15128 20574
1654 5886
26888 28138
17070 27918
2503 7071
1299 29220
7371 27429
720 27000
14522 23091
17070 27808
3334 15676
1326 1899
11460 14038
7577 27014
856 26710
7578 21341
11251 29463
4628 6866
24207 24455
27294 28482
806 24035
26329 26685
16214 28909
16156 16158
10499 12753
19568 26123
25666 26826
7132 13321
2936 14614
26000 29078
14645 28159
3604 27108
4628 14851
2794 9501
15868 16020
5210 27255
24680 24737
24068 26756
25475 25999
13196 24141
910 15436
3431 24566
2732 4647
23967 29116
27062 27172
20147 20202
395 24658
19376 25679
13772 26007
7524 7526
13316 29049
4732 26940
5121 9410
3838 13742
322 8095
8072 26331
12303 12304
6335 6350
7071 27985
17070 25090
8546 17440
2450 3580
3674 19585
24269 28970
21430 26315
8294 27098
4755 6520
759 761
23824 23825
4301 28210
9769 29653
10869 27300
5710 5868
970 12432
7103 7225
25814 26876
10930 29200
4456 25803
19693 19694
14348 24977
28652 29049
24178 25309
19376 26515
25518 26515
17345 26984
711 17063
7038 9551
12272 21668
26908 27700
3480 28950
24141 25242
1068 7144
6733 8753
760 18715
14545 24462
5165 24640
1642 18164
664 2819
5635 27859
10973 15671
8615 8672
1701 26225
6235 25068
5711 24338
22327 27599
12645 22327
25442 27030
24674 25919
4125 24971
8131 27482
9986 15782
11532 12158
7215 7246
1619 27664
1701 25046
17345 24697
3035 12800
20103 25455
11801 11803
24756 24758
15596 18499
14545 27812
17070 25698
6953 8254
3803 25927
344 374
7173 26908
14894 24200
24827 24916
5434 23451
1162 1163
18274 27336
3236 3237
1575 28457
501 3932
13852 13933
4125 26906
6260 10841
26007 29378
7935 16192
623 24227
10081 25637
11471 28230
17418 21341
5253 27429
23292 23294
7099 24455
3285 25079
256 7302
7726 25635
24353 25831
7726 26196
1111 13711
23526 25309
1233 1235
18230 25706
17323 17507
7915 28884
1414 9423
28811 29278
16085 16088
4867 24301
24259 24684
1087 26007
18472 26951
4899 28893
22304 22494
24690 28555
18401 26660
1097 27211
24550 29049
4761 26414
4531 25645
538 9599
23254 23265
5743 24198
24060 25341
17280 28607
7314 19536
22308 22309
825 17882
10131 10727
409 10006
18645 19000
23148 23149
13572 28273
25803 26908
16067 21250
2776 21319
2731 24019
5855 19592
9184 26828
6053 7517
21335 21336
2502 7788
4102 26855
8084 8278
27192 28765
1002 26828
2581 27343
20978 22990
2743 20455
4242 10516
25711 26878
546 15737
7622 23872
11036 25478
1835 8278
7173 29280
13651 27903
26773 27025
748 25446
2799 26097
12658 18716
2269 2477
11674 20103
11727 24586
9325 24586
29429 29431
23181 23182
14455 25754
26136 29172
19267 26113
1995 26481
24794 29180
11622 27135
1828 24242
25478 27252
6581 6600
6841 9490
16130 27327
15087 24005
9316 27185
7880 10747
3530 3532
3282 15808
25518 26897
3017 3096
10395 25601
12419 24216
12190 29306
7883 7884
25496 29380
24659 29178
7185 13197
27588 27997
655 898
7224 9667
545 23854
17709 26465
2424 25382
11531 14414
231 27611
939 1361
17933 17934
4603 15206
8232 24900
25286 27904
6388 18281
6186 27429
24445 29220
18543 24924
22597 22598
1287 24290
3922 3923
28017 28200
19178 25933
2633 2799
27098 28743
16130 24618
3683 9593
23526 27886
12545 12546
2022 15748
2426 27086
343 22327
27258 27396
24326 24491
24141 24914
7515 23134
13549 21041
18230 28399
6478 27569
14534 25842
11818 25675
1 25717
1087 26764
1433 6434
9316 24947
26561 26953
5951 14449
6218 27429
21844 24961
6966 27723
18092 24312
802 29095
7256 25090
11806 26999
14800 15030
15808 15831
19595 25504
26737 28051
8262 29049
8115 9239
17484 24639
4104 18103
23201 23203
25496 27039
24012 24184
146 13750
780 1921
13824 25619
10533 19527
4899 23986
27962 27970
1299 28879
11797 28115
24905 25518
131 26962
25737 28638
9293 26367
25450 28166
22267 22268
18219 23987
8117 27471
2655 5693
27238 29447
15773 16108
5635 25448
990 26718
14894 24444
6262 24596
2691 25919
17580 17581
738 26624
10395 16887
26876 28463
24168 24262
6573 6574
24264 29003
24731 29180
5930 14390
8714 29525
25062 28314
27009 27132
11193 28230
16085 16087
25330 25332
6622 6623
6733 21998
718 26605
26221 28230
1921 28765
11487 13648
627 11089
7661 24638
1363 28884
6609 15435
1439 27393
1842 2117
24206 24737
20669 26908
26201 26261
5027 19518
24399 28773
17070 24167
12614 15368
20735 27052
5360 6990
38 27005
9769 25706
3862 28911
1633 25406
17275 28607
7879 7882
6423 23854
759 25518
14359 25992
5859 9137
7638 8448
1096 4513
24384 26007
20520 22250
27009 27061
26676 27049
10321 22779
14050 24348
17440 26116
10460 27537
27599 27640
26084 26374
15782 24125
14515 21183
1163 1254
968 969
3773 5299
616 27975
6591 9332
1183 8243
9982 9983
3204 8289
9315 28799
17379 24902
22871 29220
2936 14632
26255 27429
3045 9511
26128 27961
5811 28530
1186 26410
2379 4220
1466 6182
6348 7726
896 897
11741 24586
14144 24443
10935 20544
10874 22545
26692 27974
25517 28638
3257 25762
11653 24944
17672 27876
25634 25724
6726 24309
464 25132
24733 24734
1001 15749
3320 9304
7283 13177
1097 25645
5711 5713
4356 28166
273 2096
26154 29177
23869 29355
11007 14742
1108 19640
21975 21977
1859 26239
15079 15081
1002 1186
4369 27025
162 2419
1495 11591
14185 14449
9323 14425
24303 24498
4475 25645
16963 24566
12814 26548
19584 27886
716 24971
29546 29710
12881 12927
19300 26087
8615 8616
3126 28863
25437 27411
14228 29394
21804 21805
13840 25221
3156 25875
801 29211
24275 24905
5805 15079
856 6420
17661 19536
19627 28116
536 24169
11132 25518
12711 12713
19255 28127
7556 27039
28368 29347
2903 10708
12697 13809
6841 24538
7887 11251
27070 28811
3030 25738
4283 24061
10694 25442
2568 6602
856 5724
8738 24935
10874 14207
174 8621
1749 2620
5884 19122
1741 6527
24309 24311
2344 24586
25436 27083
27974 29528
20573 24794
7826 29095
7638 7649
27109 27660
10086 25518
13441 24618
2776 19525
14063 14106
17230 17231
20013 25768
2120 27220
25373 26642
6429 13643
19278 19376
19301 19302
5329 5874
1645 29173
24944 25764
24903 27990
1450 27429
2960 5394
1835 29049
25430 26296
3192 29306
11100 27336
17070 24928
18757 18758
11841 26583
19881 26323
15142 15213
6979 6983
25499 27800
2936 13166
892 16550
26648 28514
2499 26048
1777 26855
5003 7135
4428 25645
6908 28448
25803 28105
6235 29632
15433 15434
25293 25294
14159 14228
24124 24783
16747 25735
26769 28050
28274 29405
14894 23986
29694 29759
5889 24214
416 3190
13809 20985
7283 7622
28924 29220
2344 25274
21205 26780
7224 10389
24367 25373
25566 26007
13088 25068
17815 23919
7224 10646
2222 2223
1714 27327
14228 18263
9153 18219
25171 27593
1001 16418
14348 19700
2765 24618
12650 12651
12882 12929
14050 24474
1078 26007
16854 20997
535 29571
2246 29405
18826 24216
9592 25630
7264 24242
21140 25536
29188 29306
5846 20520
1071 29050
6163 27429
2344 3212
4875 8349
6377 27007
14592 14594
5916 13174
9043 26999
18515 22545
2989 26048
6715 25927
6706 6707
20544 27000
140 27755
7733 23755
4154 29204
1614 5490
9084 11468
928 26315
3285 9969
367 17672
6760 25814
11154 14534
26130 26648
10045 11668
5532 14714
16480 16568
25763 25768
2064 18037
26605 28090
29095 29173
4899 7426
2064 2117
18715 28267
4703 9582
28743 29050
7915 24756
14144 29095
14376 23945
2577 11635
25412 25475
1265 7201
4978 27208
9130 24035
15880 15883
14762 19398
263 26940
526 11056
18103 18274
4899 25928
2342 18638
2379 3933
535 28733
19951 29048
21588 29278
11683 11684
6200 27429
1927 29405
3483 25802
4914 28082
9760 25589
3938 18515
19814 19815
23134 26756
343 13196
17803 17807
5765 18568
2960 12272
17594 27886
14406 19662
3017 4620
2831 26855
13549 21722
955 956
8113 29306
5169 26529
20136 22173
7224 24586
2087 27182
16549 25238
12078 12087
2426 27099
3632 5392
24178 27108
25623 25724
5840 18037
81 27085
10973 27950
28747 29680
7019 25916
5177 5657
25764 26690
2935 24640
2960 8581
12977 23843
10944 17356
11531 17070
1535 3017
3858 25521
13853 25460
16870 16871
1498 27104
10232 26076
1090 28040
14972 24301
2325 21250
718 741
1550 1616
10213 26076
2831 13197
23918 24138
14151 17265
28084 28131
20553 25223
25626 27103
16382 16384
7715 7784
17287 28036
24562 27981
11777 24926
3561 13122
10039 25613
3017 25919
26080 27513
501 7047
26408 27267
7634 28158
12067 23918
931 28952
1984 24827
1023 18285
6503 27366
6100 9304
27294 28429
8738 16269
535 3017
21096 21097
1077 13088
601 25395
20103 24081
24203 25275
24883 28420
15285 25230
19980 19982
1607 4125
11625 24944
18715 28272
15458 24739
20483 20484
3644 29255
24720 26379
7634 15262
22443 22445
8243 25892
26707 26744
5818 28844
18978 25958
2960 9523
12190 25010
12225 14425
2596 24194
24316 24992
13019 14669
7875 11487
14522 27398
4854 29492
9322 14895
1949 15660
3635 25527
649 12901
845 8221
7915 13660
19394 19395
12345 29799
10874 24301
2637 21800
24035 24196
6249 25802
1203 26166
6602 14050
27617 28648
18648 26059
5133 20114
1385 28970
4321 4348
4156 5953
2787 3143
8102 25038
1457 1458
2733 19011
10904 10951
27238 27473
3624 19022
16957 16958
2853 2960
1835 4116
18340 20520
16489 16490
19560 23079
2150 5914
6143 25395
14917 25242
481 27632
3361 7799
273 15586
27327 27648
25426 25681
9914 25624
5330 17811
27058 29095
23928 24956
1001 28127
7547 7548
5346 5348
15217 15280
22680 22681
305 27615
25970 26113
443 15435
28105 29019
1707 1741
16400 16401
432 28879
3393 4573
19595 27135
3629 6148
27023 27080
20502 20506
1759 28289
4135 29142
3708 3975
5682 24967
1759 28557
13419 16273
27482 29095
11433 25455
8546 25479
2075 2236
25988 26408
4759 26881
15466 15467
11175 12850
15759 15761
6897 26233
9050 27104
14326 14327
1433 7524
501 4238
26184 27673
801 1096
4034 13777
6513 6602
24301 27283
2117 26876
24216 24334
6554 26154
24794 25418
14578 17070
1299 4668
26154 28438
13994 15578
15243 20246
22545 25968
13033 24529
3285 26789
11504 26402
3306 24201
27289 28023
26538 27425
26154 27594
19817 19824
20327 20330
24706 27886
867 26017
16269 28086
24915 24918
5535 5560
7726 26524
14744 15087
25032 28884
26357 28170
1414 8074
24406 24408
311 2021
26201 26632
1775 9510
8866 28082
1627 25517
12272 19537
14477 14478
24678 25172
3242 24777
13742 23923
2732 23091
19640 25190
802 3717
11007 25821
10308 26076
826 3334
22977 22978
4653 24294
15960 28368
5405 5470
24865 26007
15313 28536
4362 10937
5914 11500
7897 7901
2633 10221
7629 24819
2936 19638
24328 24468
8077 29095
220 3528
24550 26934
416 26167
28562 28907
2646 24971
451 941
9173 9176
5010 18022
12002 21205
28366 29116
1628 16428
9151 9157
842 7639
5944 21275
26648 28544
4899 28852
22327 24618
923 8484
26310 27429
1937 24019
27025 27030
9434 17110
24387 25395
26557 26585
24564 27981
9303 27135
26224 26665
6696 11050
14348 23297
5384 10874
6001 12791
14159 15007
18670 26871
21452 29126
4831 8420
2504 6517
24061 25430
24701 24838
3017 17092
1851 26110
9330 22309
29078 29280
9335 24368
1848 27296
27483 28585
12578 22229
11027 26315
3803 27429
13648 24523
2925 25103
4312 28685
6434 26876
6953 16735
939 1254
634 11056
11060 25776
3663 3664
25373 25647
273 26262
7697 8221
12835 28355
2105 10940
1363 15195
453 5121
14159 15491
21822 24532
276 4596
1466 6213
238 14144
6331 6813
13322 26605
24640 27255
14790 19266
4947 25772
8091 8092
24696 29087
7098 15960
24880 26909
2960 9544
4108 27294
13907 13909
26233 26732
24141 27916
19011 28050
2842 14314
3527 4125
939 28457
2227 9490
5907 17702
1034 1921
1513 25264
600 26690
24719 26256
7650 8448
19640 26667
13297 26605
4798 28394
21612 21613
26136 29171
14827 14828
27538 27539
2502 7761
25824 27663
766 26383
14523 26017
308 26007
248 16985
29284 29344
24706 28197
24232 25077
18311 25622
7750 7752
38 46
14520 20567
13442 13443
8972 9114
1577 25254
3084 3133
425 26835
27586 28585
23154 23155
15435 24169
24184 28127
1376 27887
16234 28909
13565 13567
5956 24112
1642 18136
20364 20372
5003 28033
24666 26710
24138 24296
881 5246
22585 26556
26638 26855
26475 28158
1619 25706
15229 24663
1788 27902
20077 20079
7191 27644
2900 28870
727 3799
25930 28035
12691 25036
24870 24894
9195 10085
3215 18265
2128 6502
6733 8706
7638 29746
19773 25080
14522 22327
4899 27582
821 14523
4111 12002
10366 25756
1849 29211
7762 8074
6918 9988
2875 6602
3141 28127
5914 26113
9644 20647
19938 29005
4872 23893
1510 12857
1777 24685
14073 16799
238 12543
25703 25704
856 1288
1123 15383
14185 26059
16057 26690
24730 27196
4964 28395
22797 22819
10109 10110
12213 27029
3183 29405
9034 24651
18715 28266
14060 14062
4133 27301
14961 17815
26767 27294
8946 25802
27294 28426
13742 19652
5541 5550
3846 9356
823 1931
3034 17625
28970 29285
12785 23950
26865 28235
17400 28483
10111 19676
2352 19502
7535 24991
7569 26884
1360 17347
3335 26540
28023 28720
3441 26871
27069 28382
27513 29061
11036 25471
4301 27425
4584 25803
2660 27897
197 10989
13549 23901
24794 26648
19493 25479
5602 6348
6979 6981
24285 24661
301 13977
546 24678
14174 19266
3974 25194
13989 24282
4635 9769
3315 3332
3599 26205
12817 17675
7144 25517
24894 27145
7865 8165
24717 28835
749 24133
6602 24348
4774 28082
7135 24410
3889 28086
15069 24763
4127 29142
14677 20579
24308 24316
5338 24194
7516 14964
24377 26545
1060 12589
1161 25754
727 2164
9632 18621
26178 26536
16197 21500
4279 25988
25682 26048
9456 19622
1363 28684
19376 26648
24915 25102
26222 26690
16617 29086
28014 28015
3234 28127
25615 29491
473 13122
664 3361
12241 12242
4279 13989
5121 9360
25971 26699
17815 21668
138 20562
1521 22327
11635 25341
10490 28732
4899 8662
363 25235
985 9521
634 13693
1041 29050
13983 24441
5711 15391
2849 2851
7955 7962
2046 7224
8567 24115
2936 14630
21205 24523
1315 24552
3858 25479
27505 27593
18715 28229
1627 29120
14995 14996
15185 15189
473 3224
6802 6804
26605 27411
6398 24587
7574 27117
10139 24596
2327 25382
6317 6417
17650 27503
14522 25190
1339 26439
21212 25274
4731 4905
18214 18215
25297 25756
2633 25772
15507 23571
8046 8052
5917 29749
16718 16721
18263 25778
6682 26377
2330 24260
3120 26133
20188 20193
2615 4338
1001 23992
4959 26161
238 27382
5933 5967
11929 12170
4365 23917
359 19468
18416 23995
15087 29564
616 27429
6733 8680
7511 24445
4900 24596
25807 26648
373 24198
6268 26946
4967 6030
25309 25959
25645 26400
7638 8450
13742 14159
1265 19536
5914 26309
15391 24457
6714 29411
5975 27449
12272 25729
1509 20159
4899 28842
13632 27738
2936 25983
3910 17026
1691 14144
801 24525
6710 7383
10117 24596
25706 26323
28185 29100
27973 28973
6760 27487
6577 26690
24724 29180
7224 10614
18472 19592
856 27487
4728 26315
26084 27049
5136 25434
26114 26568
13017 27788
3858 23134
13873 13876
2502 24578
24301 26004
3300 16109
1363 6862
6981 6982
12080 20114
12190 25012
24685 24794
21169 21173
2083 18103
20735 29596
16058 25645
6420 16989
13355 15869
4116 29220
5356 24971
738 7245
26310 26402
13249 29221
7135 29417
7726 27382
1647 1823
7511 14522
8183 25313
24275 24971
16269 28090
5121 9348
3857 29249
18208 25871
25002 25602
6092 29417
7224 23854
11169 25518
19640 24862
1740 25249
13760 25455
5914 27310
10921 17345
26618 26842
7777 26774
8966 24934
5790 16714
1265 24551
15933 24293
1741 28726
8607 8653
3207 18739
4950 24856
868 1915
2732 3930
17429 17971
1949 11731
916 24934
9914 25574
14522 26387
24924 27604
5917 20433
5706 25706
4850 13811
1627 28343
10965 23947
823 22871
14072 14972
18307 24786
1707 6602
718 15578
25818 27834
19655 24965
9429 24327
7007 27749
14432 19692
18826 25436
460 7131
10937 28089
25504 25726
24355 29748
12068 14425
2727 24641
4947 28884
15618 23994
24779 25634
2687 27108
12432 18015
20555 25274
3844 6733
3025 8118
23843 27688
2596 11531
282 11732
1828 6037
13334 27759
26763 27220
24784 28505
17015 28863
27487 28230
7215 7284
19568 19601
13197 21250
5533 5866
20572 25223
9426 11434
9228 29033
2426 27013
4656 27868
16198 24262
11732 28769
1921 26451
9657 9658
25102 27278
606 24442
24538 24910
7726 27119
702 703
4301 7377
2116 6232
7443 29165
38 11232
4698 16201
17927 24439
2034 14455
13855 25221
17876 17877
1828 8268
150 24397
1408 29488
17255 24609
10291 24753
14478 15305
14895 24947
13324 28743
9376 9383
1287 12034
24301 26016
15582 15597
18394 18399
14972 25468
26876 29142
7173 27392
5039 23986
23854 25450
24778 25706
14591 14832
770 25090
26685 28979
21797 21804
5143 28235
10315 24410
359 25764
4031 15604
10199 24288
4989 24916
14671 14673
1627 27800
3875 24528
22557 22590
4212 26586
4899 28889
24934 28085
18715 26352
15151 23950
26984 28036
11712 14702
845 15859
27393 27437
3505 14347
24005 24024
17312 24141
2128 24377
9224 27474
7511 26017
25220 29533
9939 9944
4947 10111
7878 29411
5813 23017
1001 19646
491 1672
24971 25754
770 25479
9084 11301
13670 13848
15524 17672
11093 26315
8036 9356
16215 28909
24301 25729
10694 14425
1287 9599
15038 23938
2733 2798
19657 20091
15398 15403
11203 24405
11302 24586
26940 27863
15568 27472
5219 26382
3285 24214
14425 24942
9706 9707
8184 29306
6733 24165
3727 3728
1421 24385
24793 27429
1315 9490
19580 25518
8243 26437
25171 26914
22449 22450
24227 29003
12506 18092
13986 15578
823 3017
10100 11963
14644 19442
24674 24685
15782 29073
5673 14892
19559 29220
6693 6729
17356 24312
7511 23976
7173 26763
23853 27283
1363 24552
24942 27020
7757 7822
9005 24295
554 3811
1096 15715
5405 5479
24370 28230
6271 26536
14727 20579
6710 28878
15239 22728
20007 20008
26361 26363
24790 26032
4952 25926
623 27224
727 2187
11619 24586
1953 21250
7524 26528
1715 13365
3156 25496
12346 26991
11017 27887
8084 24792
6280 15881
1648 15436
2254 24709
925 926
8249 25429
13512 13519
8583 24551
174 23953
1548 8112
14137 18400
6733 8790
21371 21372
3450 24448
9426 25875
4516 21064
4368 11222
2935 15391
24924 25425
432 1921
3157 8993
7622 27137
19635 26007
1341 1575
20366 20372
2711 24618
20367 22545
13562 13564
3498 25055
16583 16585
11519 28739
11487 24530
13310 26605
2042 11731
25930 27429
1964 2640
9577 15206
24560 27981
27356 28740
1421 8326
7686 29447
26756 29028
2619 27586
3018 25900
7173 28795
9878 10254
11556 24295
90 99
2359 4100
1946 25232
8283 9262
24596 28060
17345 26855
15826 28824
28366 28791
27485 28863
916 7834
10296 17012
12087 12092
12002 28770
25002 27295
24660 24685
26315 29028
1419 15117
253 4596
17591 17626
26648 28557
16698 16701
24928 28017
7501 18435
5366 24596
263 26048
3478 20114
24340 26408
21797 21807
2633 26763
10874 27779
2348 18545
24541 28297
25879 25933
696 26676
9914 25519
823 24377
21430 26515
721 9769
8612 8675
19267 26648
7224 25412
8965 28102
19694 20465
16269 28084
7224 13262
16269 25435
25442 28073
18551 24786
19924 24211
287 25645
2734 3086
4683 26286
10132 24596
17345 20544
535 2263
3541 8182
25153 28678
4334 28105
20210 25255
1924 2162
2632 25079
14702 26160
536 1628
24883 27356
20090 20092
20573 25538
1334 26699
21341 29366
918 26443
342 27429
13841 13850
878 26769
6701 26300
24797 27211
184 3541
24178 25968
25930 26940
780 11056
2936 25948
15436 23091
19376 23167
3616 4378
9228 24217
17927 28040
12242 25421
29281 29384
28414 29561
7915 29306
20437 20439
17599 17600
282 1265
21308 24068
7880 24873
17221 25418
7527 25933
23526 25671
2301 24516
5939 29694
14072 28567
3078 25136
440 28031
3017 24206
801 15151
14145 24124
27238 29095
26844 29220
11531 14534
378 28587
26200 26274
8679 24901
738 1222
10480 27488
8746 9203
29078 29220
685 841
2502 11732
19627 21722
20520 23897
8278 27098
801 8359
11047 26315
6348 12977
17927 26143
5587 15436
24576 26541
19654 20488
866 2515
8681 9180
17378 27886
980 1955
949 12966
5646 5912
1893 28309
4875 26323
15402 25402
1144 26007
12137 23354
5925 20521
28368 29126
8105 9423
4166 14700
9337 13704
13896 13897
9099 24792
24342 24397
17296 29492
5089 25077
11712 23953
4365 11582
13760 26648
2829 29191
23764 23767
6534 25468
25232 25364
4229 27238
12905 12906
1 2653
4751 4937
10197 26076
662 663
8081 24903
14509 26054
6733 8696
910 2150
11487 26777
19442 19453
4238 6143
14145 26048
16022 16033
13088 24455
3017 28978
25442 27025
3858 25837
11521 25080
13953 15578
184 24867
24294 26716
3467 7179
27392 28884
24894 26809
6602 26123
4932 25919
7670 24528
16678 16690
11513 14159
722 11632
968 27608
16642 16643
22805 24050
10387 24792
6769 27204
1672 27914
6733 8748
11572 25084
20047 23864
6146 26953
21591 29278
4238 5570
1177 27476
20367 27820
2960 17154
19044 27485
25373 29176
1244 27215
4031 27969
6953 16746
956 3938
14270 24788
8581 24368
1020 14567
25965 27869
28056 28226
26441 28731
7106 25180
13704 26076
24861 26583
8135 8136
15062 18460
15229 23986
12272 19571
11460 27886
801 28582
20520 24377
15103 15104
4629 28480
1938 25090
526 10077
14563 21932
15861 15863
9587 9910
19465 24971
8211 25021
6072 25418
623 27211
7142 26769
12955 24003
21205 24827
1510 17154
3780 5501
22249 22268
25729 27794
17709 17711
5688 6864
9510 9511
526 1643
6001 29159
7071 11245
9321 24597
28458 28461
3930 6143
11731 19601
1635 1636
27624 27625
25084 25964
11989 27025
3857 26769
13629 13631
1177 1850
2164 20997
7740 27970
24682 26483
28617 29049
24659 27621
6378 26648
8250 25007
26545 28909
2344 3211
2787 18584
6749 27722
2936 20191
8307 28629
3140 7637
2711 18449
802 26154
26110 29211
2846 8567
856 26654
25518 27447
26239 27793
25874 27748
10015 25541
24941 27020
1246 19502
14144 27886
2682 5590
2615 19571
10568 28230
15435 26992
1643 4666
28073 28097
5284 6733
9304 24284
744 28145
1001 25814
27575 28756
3955 24019
13167 25522
473 27485
10111 18615
25499 27260
24916 28046
24274 25455
24934 28080
10007 20103
4654 13730
6248 17221
5706 12096
14145 24372
24230 25027
14050 24466
2222 7407
18535 22545
2118 3960
1510 13011
25253 25309
23884 24062
961 962
17165 24124
774 26383
8983 28080
2935 17154
642 801
20019 20021
26160 29034
9293 11813
443 5914
1376 25518
18826 21009
18023 18024
14713 20824
16907 25645
5706 25180
26076 26941
3516 10874
20669 29663
1788 24566
26639 28562
10706 27025
12107 21550
23074 23075
3551 8055
24885 27197
10199 23950
11487 29049
4718 25520
17485 17793
2426 27160
2675 13441
11353 28946
4861 19595
473 29782
16001 16002
5361 5620
11460 18639
443 1390
12200 16298
2851 27039
509 6997
960 3285
155 11635
16754 28601
695 27981
7726 28156
6760 6917
24922 25191
7325 28300
1949 27312
14072 24317
24596 25879
2433 6689
22241 22243
21737 21738
14166 26081
24321 24777
3220 7880
18037 20997
14737 27820
19502 24500
13760 14447
2618 27634
17967 17968
25664 27592
24797 28747
3468 26222
21419 24959
9220 25235
3708 3793
8132 10434
11345 19468
19011 26331
27149 27150
5236 27746
14524 24532
24377 26737
8676 8947
24971 25123
56 4219
13960 14995
2572 18665
22438 22440
6794 25444
2066 2076
4668 26886
2733 14159
1691 16428
11190 11251
8546 26408
25605 28060
19468 25480
17442 18226
4950 28384
5000 26775
5266 7512
2265 23914
2426 24317
6053 22327
4133 11497
26313 26518
5469 8190
14701 15449
301 338
6513 17154
1788 19547
8254 24433
17727 25831
7033 26769
5490 25988
8445 8446
2765 24301
24566 25772
24685 26806
1915 19530
7726 20520
6201 28909
5697 22327
8021 25455
23842 28278
24884 25079
9053 25421
19685 24791
25202 28863
12432 18693
26936 27472
11138 12022
17401 25261
4362 11588
746 24582
16960 29071
29297 29309
2709 28296
15262 15826
4259 25680
5580 5710
27263 28970
748 847
25480 25673
18037 26799
2568 25803
8724 25802
8065 23091
19354 25949
1739 1767
23057 23917
13088 25577
7107 25180
11570 11571
2046 10039
4334 5141
322 416
6198 18307
21041 27429
1938 24263
24701 24717
11100 23843
7071 11249
1117 4023
3285 29338
9643 9654
416 9577
18715 25090
13300 27912
3101 28863
6157 17689
2989 27700
16121 16122
26039 27801
416 10199
5069 24944
273 5490
322 26480
25171 25664
11057 28825
24820 24823
10020 25551
24561 25271
19547 27936
26427 26737
7017 27705
546 1323
20136 23734
13357 16054
5856 24336
12432 22327
10034 25503
2419 10920
868 1952
10111 18472
26828 27403
26105 29095
17650 27028
1363 24520
11793 24586
14268 14736
26699 27738
15268 19502
273 2027
2776 23024
3889 28139
22312 22313
3382 27227
399 15117
4899 24838
7844 11487
16315 28273
8221 19559
23856 25518
14726 15127
8099 8401
19395 19396
2853 3450
10935 24586
12432 27028
4348 28230
19653 24301
4899 23853
19376 24928
416 25930
10181 22734
7325 26364
26908 27612
23914 24193
24640 27327
11589 11619
10998 11000
7426 29049
20890 28235
25281 27014
22580 22584
4573 25814
3690 3692
2629 24894
6794 25426
14894 24440
5251 27535
3015 20840
5284 7071
25645 27672
13007 26605
22599 22601
3157 11950
8989 13075
491 24301
26777 28952
1498 2845
25645 26286
3736 21344
14237 27449
623 5602
7686 29306
4861 24944
18639 27515
4159 26113
26085 26087
21586 29278
12825 26377
12085 26605
10482 10483
9769 29259
27523 29474
7685 8145
9507 24321
801 9391
20626 21943
25410 25413
1995 25711
10400 25601
18348 18350
9613 10875
12506 28355
3838 24124
14081 24380
15957 24293
27641 27696
174 23950
13065 27155
7029 28778
546 27876
8598 8602
4219 11606
17451 17462
955 3285
14845 14901
22761 27238
3235 24991
600 25499
5914 25548
19465 25528
6922 24198
2711 12106
3196 10311
10502 27453
10021 10178
21854 21856
2684 5710
25040 28824
11487 13324
10396 11766
19376 27733
24247 27028
12697 12698
24687 28708
27049 27278
24971 27948
19354 24943
25406 26172
24820 27035
9189 9191
8158 8221
741 9106
9278 25235
23843 27651
24075 24988
9315 22871
10276 24698
27049 27366
20787 20838
26306 26308
20571 25223
27618 27645
322 24596
3947 7019
10845 27239
1955 28917
4761 29227
19462 26391
2697 24167
25930 27544
89 24846
4899 25220
1742 24159
2426 24926
24934 26605
7372 26311
14143 14154
26052 26076
9570 9572
7511 25066
24178 28850
26563 27429
27826 27883
6870 14702
23843 24916
2035 27204
9315 9364
617 4989
11460 29150
1334 26048
24596 27157
4755 25046
19360 19364
20295 20296
15782 16714
21452 28050
24880 28811
856 1077
11727 15007
26642 27419
25002 26536
7314 26536
16855 24586
4899 24576
2990 2991
15122 15123
8362 8365
170 24612
29066 29379
1741 26589
1223 25273
21725 21729
160 6235
25783 25793
14591 14604
4602 21832
17334 17356
5909 5954
25180 29405
396 26877
3285 24448
7856 7872
807 6135
10835 11999
18909 18917
10111 18639
26007 26780
25933 26578
731 11299
22706 27040
2583 20191
7246 9914
9665 15477
15957 17491
25754 26946
10141 17623
21534 29407
17672 19633
22426 27005
6396 27887
928 26545
1068 28194
12156 28518
15521 21722
15056 15059
563 25418
8935 28308
10023 25436
11060 12469
27915 27925
25373 26908
3018 28678
638 3576
12272 25468
8879 27194
1130 5098
26447 26876
4229 28879
10840 10910
2502 7810
24272 25331
18476 22101
4268 26710
2502 7737
25471 26605
6733 18081
25814 26400
2869 14522
491 623
3971 29306
1390 24678
2117 6356
7726 28568
1708 5006
11007 26648
5570 28561
587 15435
1628 11596
5734 26471
6181 22062
1575 18855
3739 18455
731 4953
26007 27871
27481 28811
15435 27521
3535 11613
23622 23623
6261 28759
149 24396
337 366
24323 28825
8182 24324
4219 24819
11587 27040
8305 8306
4016 7071
10564 24586
2825 16550
14591 23961
4414 21931
24515 24516
21619 21620
2112 26844
24363 24883
12190 25028
10930 10962
2787 18934
1928 3974
1984 29220
28811 28848
5252 25479
4301 19592
1168 26254
18670 19592
24784 28368
26255 29062
4581 25645
13549 24361
21205 27523
3224 29142
16172 16173
5408 5511
2617 24971
2123 26249
10155 26076
8945 9447
7135 18639
12824 24520
2667 27693
22091 22093
9914 25647
4899 23883
1265 17254
2875 5998
12835 13279
1077 24695
21364 24857
655 2658
5216 25479
7144 25645
3607 20114
3158 11344
26123 27440
535 26758
3922 25811
4400 9184
5818 25903
27214 29001
6548 26213
15815 19155
952 17418
9114 15578
664 29275
24169 28974
1510 3568
9172 9179
14348 14469
24377 29078
89 7078
231 26007
2919 22614
21857 21858
8970 26999
8987 9010
2191 24739
2632 26059
978 25488
1194 28711
25605 25740
25573 26756
25585 25588
24757 28545
10346 24944
24924 25609
10959 26504
655 17815
333 7012
1777 1796
291 12994
4325 29032
20997 24685
6696 28942
11745 13901
2471 24267
19554 20158
473 29813
28366 28970
661 12785
5774 20985
19683 19684
1876 24019
10016 10039
348 26693
595 24905
1350 24971
17650 24722
15748 25737
13772 22327
3188 10311
12272 24794
26076 26790
6235 25123
4512 13515
29142 29173
6953 10314
6602 19376
1061 29050
535 26113
1607 19167
7099 24891
25406 25448
6733 26977
24328 24373
3505 25002
13811 20142
3285 7256
15584 25754
10895 10904
26763 29385
18076 25075
15321 18230
19653 23967
2577 2935
12608 22327
9231 29077
14509 19376
1672 11100
2379 3580
5774 6746
25416 25494
3505 26763
27294 28450
13993 15578
6953 7866
28440 28441
13088 17409
11531 14348
8136 8137
4219 24834
3938 6248
4668 10498
9490 26947
1964 28039
5299 11531
6280 10111
24787 26059
232 4596
8881 28082
6430 7578
1475 1478
24327 27327
948 950
14054 28382
2150 25674
24141 28685
10904 25521
24547 28791
3140 7636
24759 29142
25062 27612
343 24641
8081 27472
7574 25478
25373 29251
14287 28624
24772 29137
282 2426
4357 16995
18127 18177
25309 25373
18219 24324
2842 24399
20080 26648
5501 26676
15748 28318
17154 25027
2792 27660
1458 28990
5914 27572
24715 26417
26374 27762
370 4279
15108 15111
24167 25190
823 28879
919 24596
23854 25638
6602 18103
14347 24861
3516 24905
13854 25221
11460 29160
20658 24049
25533 27179
8165 12190
5145 6010
13188 24647
25548 26935
1107 15435
25057 25079
5641 17817
6513 7377
25518 26552
1168 26365
7185 25389
842 7648
15200 15208
25478 27164
4914 29249
28732 29366
26971 28037
642 8074
7201 7454
25930 26512
6733 8769
3575 26844
24916 26224
15148 19915
9501 24428
23903 23945
6591 27336
4893 26721
24260 24682
731 20114
6832 6833
1984 9405
440 28004
3718 26502
26374 27049
19468 25442
25670 25671
1648 26374
17910 17911
2263 6348
231 15469
25949 26113
1117 28667
19442 29653
10699 10700
1254 10053
26344 26345
24019 26976
15257 19133
4156 24113
1383 28909
616 27999
10035 11646
26331 27948
16176 26261
18201 26899
391 5490
6590 22572
4753 4829
13355 13360
3106 3121
24687 24710
410 420
28700 28705
3150 25201
11083 11086
8181 24547
2530 28033
14467 26113
2096 26586
20322 25373
727 1144
9356 27887
6990 28733
24586 25534
4108 26648
4932 25048
8978 23904
2112 3551
14522 27220
12176 14425
1902 29087
9236 25021
748 24946
19670 21251
11629 24944
15436 26552
7021 7191
13259 18338
25368 25370
7726 25625
536 25090
14425 25626
2775 7224
536 1329
3974 24869
17390 25032
20405 20407
25706 26113
1068 16459
6514 26562
1095 28304
889 2682
532 533
28109 28112
25470 25610
518 26007
4827 28824
19491 19740
10114 24596
25455 25553
8802 10435
23893 24894
5299 29033
14348 14460
8904 26792
25462 25683
7868 24909
13088 24134
28587 29482
4974 28984
10200 26076
1477 6945
1508 27403
2819 28678
10721 11527
25444 25455
25074 28039
26473 27526
25679 26648
14050 17276
15173 27588
10687 20114
497 22382
10605 24318
28874 29211
23100 23101
14145 24871
2291 28033
3974 4849
19602 25645
8988 11600
4950 25719
5790 21341
19536 25079
25068 26538
14049 14116
600 15771
1568 28607
1788 20520
12867 28253
1820 12835
4772 6529
27069 28410
24784 24793
24410 25418
15344 23950
24728 27886
28545 28638
6381 26518
273 26317
26648 28543
7751 27028
1713 13660
26908 27588
3410 3930
24779 25650
11183 25518
812 26686
4984 24696
14690 14693
7872 13088
24798 26113
24010 27108
2932 2933
9303 27020
12106 14961
9010 26999
24295 24390
17003 24231
1952 13272
24282 25360
6348 8283
19477 20520
14509 26113
25778 26294
2255 24742
13144 14144
25180 25645
8172 24399
4312 28430
23473 29090
9657 9659
2682 6513
3144 18219
15060 15061
13772 14616
4102 26933
15802 15803
17243 26828
3097 24640
18620 25232
20963 25748
1203 26245
2111 5657
966 19255
1909 24410
13989 24353
3811 27773
25683 28135
20001 25769
7426 28689
9428 11549
13169 25482
25373 29244
19627 24871
7000 18395
664 25656
5009 18025
6663 19519
1288 25068
2886 17276
24141 27550
24253 27238
24042 24043
14961 19620
15826 26986
25440 25446
7912 16783
2447 21250
13327 26605
277 4596
6491 6582
9398 29306
23859 26447
27098 29121
23853 24701
16198 27496
15039 20069
23462 23995
15206 24125
21750 21751
856 24346
19543 20680
17429 24463
3339 3358
980 3886
12890 29121
1987 26653
5947 27161
21204 25274
1088 1090
29211 29379
9761 19655
2117 24359
2012 29009
4505 29077
27029 27177
546 2098
7641 26957
4799 4939
4899 26730
885 29306
21250 26032
14347 27327
25811 26015
2882 2883
21205 29501
18037 19592
3974 25112
902 4899
11217 27103
13921 28825
11036 25687
19300 20520
587 8243
10593 27177
28230 28709
5909 21855
5904 7485
28630 28639
11606 28638
25468 25814
13178 13179
7980 7992
2420 18228
9501 26529
14754 28452
2117 27014
24552 25919
20281 20282
535 16854
15617 15618
25342 25653
2021 24827
14026 29180
13594 17451
24178 24693
5253 24348
4970 28825
3527 28411
6602 19536
6699 27315
11079 20145
4365 11583
1903 18589
25083 25242
10874 13736
5124 5125
22710 22730
1548 25057
535 2128
535 8118
25478 27039
17254 27540
15117 24346
4953 11600
26588 27255
238 263
13760 24924
8629 25068
1329 24442
22355 22356
12791 12868
546 18670
3681 3684
338 496
4400 27502
15415 24008
25034 29211
14144 16273
20311 21275
19590 24327
18607 19477
17925 28811
4159 24862
25444 27524
252 29405
25289 25440
17733 26023
1421 7777
2078 26876
13798 27101
24211 26607
1254 1506
8033 8191
10025 23918
1287 4842
14467 14896
24433 29211
19468 24944
24068 25253
8095 19676
7853 11487
15952 24293
25222 29813
8768 25223
18910 25495
801 24914
22955 22958
19138 19139
4804 4805
2504 5734
6153 28265
919 8060
9467 13249
25440 25455
10860 26549
8738 27228
7762 26070
7182 7183
20741 20742
11460 24134
27025 27027
11949 16212
25354 28935
4959 12190
6782 6799
24894 27282
14056 14083
867 27687
3811 26119
24006 25682
13088 25079
664 25616
314 316
14820 23995
16796 16797
24313 27028
4 12432
10564 26938
27337 29304
5006 27738
13359 16012
11251 29431
1721 4860
401 25443
149 24663
26889 27524
21169 21171
6137 26374
28655 28661
1254 4022
6036 6055
5122 21250
7638 26957
520 26210
21205 29443
9324 24944
416 24706
7865 9490
2175 25824
26648 28127
9551 13648
15435 24727
10533 16201
24903 25038
27294 28470
21208 25274
13284 18370
20955 26816
3773 10199
6597 25362
3177 24576
8190 8359
1 17926
5914 6577
26334 26855
2066 25756
154 19592
3120 27481
13163 28077
25217 25224
1680 24706
24950 25696
1017 4349
10024 25675
26984 27116
26871 29008
1938 7398
5124 5127
4491 4494
11531 15018
6747 6748
8979 12986
24190 25479
8662 24393
16347 28545
11379 27208
174 25796
24231 27935
3792 25273
26491 26710
5433 5435
10686 24946
24447 29262
1628 7264
7726 28561
5456 5457
850 26105
25232 26828
14078 14090
24640 26105
12048 12051
26844 27238
22978 22979
24198 24692
2703 3246
28106 28107
3369 3370
9159 18219
7252 24789
24715 24739
3858 10564
4551 11175
628 919
4389 4842
801 7144
9069 13029
10935 27185
11060 24227
4948 24195
7092 26769
1477 1575
25341 25674
4121 4140
1107 26552
13932 14842
2816 4959
10835 23918
8968 25802
7224 7727
6054 24613
7156 25180
26105 28970
9704 9710
21205 29508
25605 25680
4548 7925
4912 6054
19670 21254
26668 29280
12902 12904
949 14455
26576 28138
18037 26868
762 24375
4959 24227
1955 6324
14348 21700
285 26467
2866 18514
27020 27025
3516 24141
24169 29019
5859 23843
3017 24178
13643 13663
3774 3775
11122 25518
24536 29211
7354 24260
24883 25794
1599 24013
4526 25645
13838 24124
1954 7320
1850 3974
282 24323
27471 27539
13260 18342
3947 24748
1878 26790
2117 19100
12766 17696
26007 27887
22436 27294
26103 26113
14891 14902
11079 20141
18300 25632
19827 23233
26105 26901
12834 12836
536 24213
14672 22151
25887 27500
9206 25356
1368 24704
25349 26133
14259 25876
24530 28952
9263 25235
3302 27524
3399 23134
15171 15174
1597 8326
24922 28089
8356 15814
20103 25634
23986 29220
526 19645
248 9286
1714 12589
2152 29141
5648 14535
24618 26648
1643 4667
7633 11583
26951 27981
6851 24263
3949 8154
8507 24640
15511 15514
11028 19384
685 25876
12124 20114
9639 15668
1627 17092
8849 28082
535 26700
655 24980
4369 11922
15435 24960
2426 24124
10932 21065
1186 1741
770 24706
25716 28688
501 27640
3427 3446
15760 16669
9479 24876
4861 27122
25821 26586
1788 9184
8111 8400
19644 27336
9610 25517
13111 29757
24507 29211
10257 25078
24550 27211
25824 29641
6398 23902
6602 24321
4492 15206
1893 6791
15615 23950
6659 27327
27485 28370
1129 19640
3548 12456
25450 29258
14384 14387
7029 28004
19266 26552
2113 16428
1759 24520
24063 25330
23976 26514
24530 27227
17927 27540
2035 3285
24640 28811
12222 14425
1721 3235
6839 7259
19666 21976
9501 28780
1949 15491
24706 28505
19201 19202
15982 15983
26374 27292
7290 19676
5803 25366
2140 11408
7019 19376
17165 19266
25353 27731
18715 29173
727 26690
3698 21405
1753 24293
15238 22728
12 473
3133 15366
3538 17356
416 28942
25079 28245
18476 22102
1390 26286
11638 11690
1042 11731
3535 11591
3335 4573
17297 29492
3174 29228
1445 2117
28368 29220
4814 26315
885 25026
4220 17397
17451 24368
4467 4476
282 17594
9332 28578
4301 26658
6011 6016
25286 28423
261 4596
27108 27358
4356 24141
6760 25821
7912 7914
1413 14578
23901 24098
4899 15637
10543 27270
3018 24308
21194 23946
14018 14020
415 25556
12875 12876
4403 25645
770 26309
27465 27467
5926 5927
4849 29405
4220 17404
2604 2637
5209 26957
19410 25062
3246 25418
3783 25756
16631 29086
5710 5872
4932 26586
13968 26036
24685 25518
14144 20669
10299 21745
546 2126
17221 25948
2413 18531
12275 12288
12742 29306
19376 26756
13222 25445
2117 26302
5434 5506
7173 15881
12272 14114
2930 5490
17650 24242
25123 29698
7256 25068
4362 25436
15791 15792
18597 25232
11198 12853
2938 4761
11460 25988
801 28675
28713 28764
138 23899
1017 9629
1265 12169
1386 28970
29282 29352
1862 29211
7887 29411
25085 27264
19522 23995
6602 19045
842 29746
10874 18645
16269 24780
17345 25551
1097 28505
634 11060
8080 29466
6340 18670
12835 15704
6531 26739
3263 9207
4368 11622
744 24792
5734 27793
2733 19506
5803 15815
27886 27981
13166 26045
22321 22322
28646 29049
1203 25518
17165 27294
7433 24625
399 2150
3695 11017
13915 25722
19616 20119
12607 22327
19453 26134
1182 19638
845 6001
17320 17322
6734 10199
3645 28138
24742 28950
8055 13279
188 27239
16030 16031
1028 1029
27172 28296
24794 26749
10198 10285
26374 27266
9853 15206
27214 27344
15584 24971
19551 26121
25171 27673
12086 27068
4595 4598
4827 19580
12432 18230
24198 25365
473 29795
801 13088
8485 10311
906 26977
473 29762
18877 25706
24883 27714
1265 25021
19354 24960
18296 19393
1086 26048
16732 16733
1921 5208
24312 29220
25499 27365
1482 26536
9817 12950
2502 7798
6689 25950
26676 29095
9914 25618
14658 19620
1457 25533
21250 29405
24884 26417
5121 25706
18715 28246
655 26017
25295 25593
1628 7553
623 28310
22728 24101
9208 12968
8333 8335
1077 24704
15584 25421
1287 1363
10315 13671
4914 29180
10116 11622
5310 23526
24740 28235
4761 25718
6733 8806
14238 24295
13359 15519
6133 6134
6602 10669
21561 27886
8964 28085
27868 29400
18527 18528
7726 25190
24533 24534
3124 28863
20567 23352
18607 18771
5312 6861
1848 29211
2621 12666
1002 2117
8841 28082
24081 28296
19502 24880
2633 12794
4804 4806
23995 24129
10086 25930
7726 24927
3285 5274
780 7163
7325 26417
1895 26581
8049 9275
26763 27429
601 10203
600 15117
10837 10838
5945 11677
13948 25132
7238 24704
5596 17418
26150 26693
6144 6170
2669 14534
9206 23950
24284 26936
1973 24674
14050 28508
10711 27795
9490 25020
25794 26245
24971 26048
1199 22327
25046 26374
8740 8807
593 25418
1921 6314
11600 11698
10894 22327
14591 14836
8095 25807
21945 21948
24375 29622
24518 28891
5141 29119
20211 22737
19592 24230
26648 28537
2266 2437
7726 28006
11793 11794
523 24883
25518 25988
15469 28296
3725 26787
5242 6733
2896 28740
799 22743
18848 28474
7732 9914
2388 4116
2907 27788
1499 2209
4229 26865
1287 28811
11728 24586
12143 20114
3357 4573
3140 9650
9270 26646
9054 25257
25870 27227
21452 25706
19100 24640
7872 24159
10025 10593
9914 25432
4105 26933
6733 8708
24374 25446
11849 26773
20573 25842
11511 19993
26786 28734
11302 25480
2607 4523
10455 25906
18934 25778
19745 25080
17390 18175
18460 24774
11635 27693
7688 8095
15262 24196
10493 19468
14674 14675
14348 14474
10971 20202
3008 24474
3516 25132
19646 25209
535 26748
10746 10748
10544 16226
2003 15748
4364 11601
273 4125
2682 16096
7740 19676
14707 19937
2682 4967
617 5881
3796 10782
15107 15358
13340 15007
9914 28235
6513 24971
23856 27294
13280 29180
273 26456
11125 14145
17815 19189
21550 29564
24348 24491
24487 25113
5868 14260
838 4334
4228 17154
1232 4453
9658 9659
9015 9057
738 2294
1088 19244
5961 21562
24403 28562
14984 21251
24124 24130
24697 25220
27432 27435
23079 27096
3043 8630
164 29605
12881 12893
7019 19189
3449 29137
15578 17356
12635 19244
3932 27683
2707 2708
9103 24934
23686 23688
5501 24709
15270 19502
9738 9769
4899 28906
29278 29329
5252 26096
4229 25008
9630 23812
9914 25532
4989 17650
25319 29306
2711 2936
28185 28273
2161 25605
2988 15310
7880 11110
15546 24869
25831 26383
4899 17143
3857 25080
11217 27043
11531 14228
13249 24260
6733 8741
2936 27778
24613 24971
1921 4077
5000 28179
4047 27693
14823 14902
25874 26919
5774 25930
26973 27234
23091 27714
22761 24576
5324 18989
18855 26298
27737 27776
9729 25362
8157 8175
5121 9343
19666 19785
2935 3285
3635 6722
8550 17274
14600 14839
3163 5012
45 76
12791 24570
24685 28263
5147 25891
3494 17254
3838 18535
5715 18836
25068 27364
6354 28321
12118 20114
11997 15578
9769 28527
11655 12170
164 29546
5558 5559
21025 21026
4232 28884
21696 21697
24138 28050
26648 28185
17842 17845
623 28309
16714 24361
18460 28050
13044 29764
17424 17425
322 664
19640 27700
25968 26762
1433 26271
23213 25229
2960 9527
24081 24792
11457 25455
4392 12971
561 27850
27146 27149
14599 14821
7019 25422
24148 24265
2944 21073
10348 22809
11355 19595
21219 21221
17672 27997
2875 24371
19365 27429
10566 14213
20963 20965
24198 25930
1245 27513
6851 13188
15975 15976
23091 25188
899 28105
3965 27401
11110 28824
25085 29110
19022 21308
17882 18103
24294 25197
14600 14863
23917 24792
238 1288
25814 27327
17103 28825
3535 27025
29278 29286
2948 15391
1316 22601
3811 25455
1153 27850
1714 1741
25470 25668
5706 25880
727 3599
600 25517
24355 29722
25664 28463
26383 28885
535 695
19354 25955
14726 20579
3560 25418
7622 27670
21515 26782
587 2078
24651 27876
12350 12351
655 6009
18845 18846
22669 22670
1299 26844
4016 28803
266 28738
4158 27518
2691 27627
28885 29173
9224 28301
6603 6740
14072 14174
15331 21194
25191 28422
6087 10533
19592 27306
25479 27806
15116 29627
28824 29087
21353 21573
1672 26057
9796 20951
3364 3365
2703 16071
14100 24380
4172 24279
24141 24640
1444 5576
7708 7716
1828 8279
19670 24158
4959 29390
4765 9763
6447 28230
856 28561
443 453
14917 15145
4229 28780
13977 27800
18515 29260
14552 15221
19672 19764
263 29095
910 7149
6126 17429
4349 10904
11531 25468
9316 20544
9501 27238
7634 16963
6048 7849
4899 26105
5955 21844
6485 6486
856 26962
22353 22355
8013 25033
5049 21250
13923 13925
19627 24462
18037 26807
6398 9042
10329 22738
7880 9275
24566 26871
14426 20998
6135 6726
416 3589
24586 25566
10160 12704
26167 27200
27234 29258
16837 29411
23462 23473
460 27429
25888 28698
6540 6723
25361 25680
2691 27592
6108 24336
4899 28836
24909 26605
9255 25235
8199 9262
3440 3458
16210 17982
26877 29113
18660 19078
24772 28884
12944 28825
5528 19592
6192 27429
802 19266
27019 29211
1672 12432
13742 23905
649 12868
24894 25489
14623 19366
1714 6602
23134 25555
6995 25239
2923 11635
14039 25686
1984 9373
15051 27812
4301 15870
13512 13517
7354 28105
26605 27020
19571 26763
24530 26154
3450 26962
1426 1741
21452 29095
12240 20544
14455 25811
1310 2694
8978 9142
14047 24380
1085 19602
24268 25356
3580 25232
7992 29159
24651 26435
26639 26648
167 25742
5706 24640
1981 11105
26451 26597
14370 26315
28795 29078
24596 26577
24294 28702
3580 11133
7364 7384
6430 17154
15348 29726
11015 26315
9512 27706
28582 28587
23928 24372
6548 25772
26519 28970
1117 3834
1958 3974
4301 6654
1433 14768
20513 25874
25373 29158
3876 26785
561 25362
24106 27449
947 6430
6602 11635
24190 25729
3450 18670
3838 13848
5405 5424
4661 24294
5168 7751
13251 26605
1380 26160
7331 15726
7314 27163
2790 7325
364 3285
21440 21468
16453 28596
6953 16756
15171 15178
25821 26561
14724 14727
22327 27759
10396 10402
10264 27786
19437 19438
24230 24297
2911 29219
4724 4733
25422 28084
7073 25180
1315 26985
2224 18538
23332 23335
11125 25859
19843 19844
25395 25897
1868 19244
13258 18341
1013 7238
15435 29164
1562 25254
13441 26123
7726 26374
1656 24871
16248 28909
24916 25286
24348 27155
4761 25286
13566 13567
2064 26669
11678 11680
369 28911
491 14567
2045 6419
11607 25650
15847 15849
19432 24862
1259 29222
16753 21337
2251 27355
928 25384
2285 18528
24264 28138
1433 24315
2227 27238
24127 25253
24693 24712
21041 26907
28201 28885
14348 14486
24926 27793
8686 25098
8097 8200
17797 17805
4369 11652
1433 12652
5204 5206
1582 28655
14347 25500
10036 10045
856 22327
11618 24944
6392 6640
1921 26876
28120 28121
18877 18888
24945 28296
6953 26796
9216 27626
13060 13066
2466 25645
10769 26679
1672 13760
4446 25645
15435 26764
17265 28105
28230 28255
24596 26612
6888 29310
11100 27356
22370 22372
26828 27402
3441 6649
3362 25449
11531 14939
9031 9033
10874 14771
24779 27117
7434 19676
3764 26625
17345 19560
617 28457
11855 23991
4220 13660
7839 11487
17629 26548
2777 29167
6317 24211
3023 6733
3974 25315
4363 17345
25475 27004
8262 29220
21800 27902
18543 28885
11079 20144
3516 25927
2798 4116
4268 28835
1533 1949
1413 3848
19602 24410
962 6513
23169 23176
12561 19989
25043 25066
13279 27049
24169 28314
7283 28784
27039 27179
20544 24926
15870 24306
19542 26710
11056 15365
1145 19640
26805 27887
9262 25102
9628 23817
26166 26940
7834 11057
24674 26408
3035 26327
7638 7648
1533 2150
14413 14415
8802 10511
2664 2671
4363 27093
719 741
12723 22584
11831 11845
28318 28816
985 24013
20544 25455
25894 29126
4761 28731
25831 25863
12190 24455
9616 27235
9479 25057
9884 12057
12102 24071
19714 19715
655 14851
443 9576
24838 25190
22329 22330
15221 15223
191 801
10811 25475
2021 28970
24971 25606
24674 26048
458 3754
21341 24337
868 4116
7880 15365
4889 28017
15993 16982
10276 25363
1265 11238
306 27864
3033 17604
2005 28622
1674 5006
24856 24879
590 24304
26515 26881
28811 28832
2402 26933
2763 6860
1636 12824
15926 15927
15229 24202
11531 13750
743 4369
7644 11097
5299 5774
19244 25764
14600 14845
25046 26379
818 2997
4867 26000
14851 18252
3629 6243
24329 24496
13629 13630
3246 4761
21197 21198
2936 29028
15458 27028
605 1323
3903 29159
9705 15846
5836 10533
26940 26964
9398 11238
6329 29007
9327 26976
9021 26999
801 8851
6001 13166
8154 16533
927 4573
12272 27812
5014 8485
2072 3151
8278 14144
24115 25503
24455 24916
3324 24397
4899 28859
14744 29671
20997 25066
26115 27294
8221 25238
1648 6288
473 29793
8025 8026
6733 7987
9632 24371
8591 29441
7354 29617
21129 24532
4654 26121
13357 16030
24849 27118
6898 24198
9315 28909
14425 24101
6953 16741
6943 24359
25814 26184
13022 13088
7019 25917
7185 18564
273 26409
8685 8948
3093 25107
20507 25223
3710 3711
2588 7008
6795 26451
2197 6775
770 24703
19465 27783
4077 4356
25373 26909
6472 26410
738 2866
5450 5511
24862 26006
1161 9184
10112 24596
2552 26020
7628 24819
24596 24697
2426 8507
4814 25729
2232 26070
4721 26980
231 8243
1680 24377
980 4026
1279 24075
2997 4867
13932 22534
2960 25280
263 2128
2385 25975
14070 24380
8283 24446
18438 25180
24308 24386
13039 13136
945 9262
8165 8657
6236 6462
416 7274
174 25795
24775 28017
5484 5486
14391 14393
24141 26756
2960 9565
1421 1628
11792 24792
453 6664
19376 27283
27000 28125
24649 29225
13222 27112
25291 27094
24577 28185
27398 27834
8681 9187
25587 26536
23917 27040
16621 29086
2204 24713
4301 24386
21106 25077
7071 7827
26710 29052
14591 14811
27109 27599
15882 15883
1459 27191
24098 25956
21795 21797
24685 27034
3858 24928
5891 27562
11413 11443
20327 20331
5950 23852
18607 28105
16493 16691
3527 25678
2224 28033
5914 18175
27463 27464
13742 19554
10299 21730
15502 24362
25362 25577
7173 8618
25517 27582
19859 25242
24922 25686
25373 29182
501 26323
878 24370
25479 27377
22012 29784
18186 24784
9281 9467
10783 24434
4125 6602
13320 28970
3018 21341
13871 13873
9914 25289
25548 27887
4114 29142
18715 28177
8243 28738
6602 23526
4141 24198
24219 25199
16500 16641
10593 25478
3594 25479
15803 15820
9451 9452
8013 26960
24141 27325
174 1892
20671 20672
15334 15337
2426 27097
8775 27049
4896 25448
16057 29095
17429 24295
21253 25274
7173 25373
9769 26971
18135 29340
28318 29003
9914 25460
1315 8278
9110 10708
25772 27773
1628 8243
982 25479
18727 22327
6398 12049
13895 21975
2345 24258
14669 27336
5819 28508
6074 24149
14380 19376
13958 27485
24695 26540
1287 12371
22436 24052
399 3737
509 25803
14572 26059
282 28970
2118 15546
24586 25458
469 29167
14591 14829
4485 4617
1013 1921
26775 28630
4907 4910
19436 20121
11067 26315
919 28369
4834 24663
4573 24772
7726 26323
2960 2968
6466 6467
12204 24792
27294 28454
3612 6071
6760 27700
28374 28376
24268 24865
24138 24783
282 8413
10025 25437
12169 13249
6602 19155
1597 25098
25323 25735
400 4031
14710 19937
23907 24120
24938 25577
7726 25406
26272 26608
1254 26048
2727 26945
17687 17688
15436 26931
2684 10874
26182 28175
15900 24362
12824 13196
89 24855
5185 24019
7256 7264
760 26191
633 15391
13837 25221
27161 29664
4665 24868
4095 7224
24437 27413
8802 10259
6710 7413
1026 29384
13736 21250
8154 8155
20567 29679
26536 29095
3107 28863
2614 4077
4 15020
11619 11849
25418 26239
14669 19454
312 28230
1641 3717
28970 29220
15959 24293
3419 15173
25373 29151
2702 3018
16342 28273
22328 24049
6430 24319
642 7762
27586 28970
24323 26648
273 11528
1828 27582
491 26233
24314 28937
25754 29220
19468 28079
5214 24706
4939 19437
2907 29256
1828 25190
959 25008
8182 28835
8193 8195
15095 20573
26703 26704
10511 24297
807 24165
6548 6564
2632 3527
19666 23807
29572 29671
2682 16101
402 25422
18230 24356
19825 19826
5363 10874
2632 6520
19551 23975
2485 2486
4899 6358
845 4229
25605 27604
27513 27714
2711 21308
9434 29306
3979 26500
17518 26635
4108 14228
8717 9481
878 27641
16503 16509
3833 21354
10647 25455
628 990
16754 22961
8846 28082
16714 24327
7018 19465
546 2079
24659 25373
24826 24843
5436 28407
6128 10533
25814 28745
7441 8182
10024 26998
16254 28909
4116 4151
4861 5069
3367 4573
8148 28025
13772 17815
2536 25232
14522 18607
3285 18274
12439 24227
8904 26839
24538 27527
391 24525
24596 24945
623 28363
15341 15541
7224 10391
15117 25090
10831 10842
738 8338
5790 25418
6397 26662
23933 24526
24894 27238
24169 25079
9521 29381
29137 29220
27002 28041
14056 28383
9439 20606
5945 27161
473 7454
2623 17672
16182 26053
10028 28087
15793 25378
8095 11901
6021 11203
7071 16258
23853 27886
9315 26936
5588 9142
801 24566
24966 24970
7071 11270
18843 19473
8720 8746
1184 25380
2369 24263
6389 17392
23167 23988
19676 25418
29211 29361
1077 5027
4947 25739
14831 27818
9673 28004
13301 26758
3193 24576
4899 28873
15435 27714
25433 25537
5014 28182
18024 18025
2935 24326
23906 26417
5066 24661
716 2117
4629 13989
5106 28879
2288 18724
10020 11344
15040 26218
4773 4798
26078 28263
4663 12656
14573 15163
432 1949
10489 19580
24979 24991
2508 4238
28387 28411
1097 25074
1124 1212
25929 26644
3838 7516
5724 12770
11262 11351
12237 12238
3538 25450
19592 27495
24214 27562
7293 28158
1510 3545
15941 17487
21250 26699
1168 25719
22124 22131
15391 24309
13838 19045
23299 23300
3024 3050
24532 24956
29141 29571
1627 27294
10490 24794
13154 13156
2044 25794
22734 22854
6057 7201
26067 26437
26512 28230
25686 27172
13932 14325
9070 9092
5770 5771
15546 25068
4324 27241
18230 29180
25959 27562
14348 23915
12432 15062
10886 10940
12096 16854
20573 28105
28927 28978
7354 26245
5831 28968
15005 25248
616 27970
7076 16181
7144 8413
17463 17464
527 26908
25242 25499
23995 28039
7173 8636
6335 6731
19155 19376
537 21361
727 755
606 2682
5881 14347
24858 27551
22761 26416
23314 25149
21078 22607
22951 22952
18615 28399
9437 24879
5579 25468
4077 4290
25172 28731
7272 7341
9313 11672
24272 27301
25190 27850
408 10199
14348 14485
739 24935
5291 5294
1893 13320
7314 7447
6029 8226
5421 5488
7915 25004
26785 26806
980 4011
4984 13256
17226 17230
2204 24198
23853 24410
381 27487
10883 24327
819 820
7884 11251
18318 24742
3224 24550
1413 28463
28879 29063
9439 20634
9228 26211
4125 18956
25022 25684
928 26646
24713 24858
4713 4715
20978 28601
17082 29141
14534 17815
23200 23887
25275 25297
11055 14779
8963 26999
12890 25001
19465 25892
28743 28840
24455 28221
5250 23397
7019 21606
14845 14902
18462 18464
25086 26143
1097 28907
13030 13032
14545 20290
7971 28273
2869 25821
28714 29260
18307 24124
4368 27114
1284 1285
2406 24279
22327 27449
10024 11587
14467 19200
5914 11506
25613 28054
19465 28274
1521 25479
188 29126
4229 25003
7224 24991
3435 29137
3445 15578
10044 10593
7433 7992
26002 29304
18910 27535
4899 27184
24822 27011
4664 24868
2682 6430
20780 26514
19468 27888
1039 28863
19384 19385
27793 29411
20358 20359
25248 26922
4959 17177
5000 28693
25729 27826
26214 26622
617 14522
866 2402
858 10887
7163 15715
1828 25057
26211 26583
3974 24724
26970 29748
19652 26648
18546 25389
26767 28185
4347 4348
25518 25605
555 27628
1001 24916
17815 23860
546 28682
9295 9296
22688 22689
9228 23883
9082 9083
26123 29783
8254 15985
6059 7841
20573 25468
25988 26891
9595 25630
1092 25754
2025 24198
799 19734
23854 27083
18285 27596
6726 7823
15584 24909
27207 27209
11487 24517
2189 11275
3017 12432
25362 27081
10114 26402
29802 29814
473 29816
845 6248
6430 14050
23330 26123
795 20313
26296 26553
5419 7224
15435 24198
13843 25445
6101 25373
273 24938
9992 9993
18194 25270
16201 25257
25190 27130
18274 26648
27415 27416
24934 28101
4724 4865
2204 24739
19432 19625
1497 7290
1777 24790
6150 6151
25443 25488
53 79
14228 25706
22002 22015
23239 23249
3312 4573
13831 26059
13956 15578
14311 14312
20108 20109
5736 9330
11532 12147
7726 25803
9195 24576
24884 29405
27608 27641
7224 25420
2607 2608
1615 24013
24981 26377
15075 15077
4620 28942
1281 1282
16918 28273
14891 23571
21051 25263
27582 29714
11017 15977
27152 27787
14050 24343
16258 28607
3180 29173
5151 25560
3319 15631
15097 23363
19266 26235
5904 17689
5361 5507
11531 14159
28824 29370
8507 28699
28414 29592
1672 27336
28527 28528
491 25384
13085 26686
25719 25876
20188 20194
478 24596
4585 25645
4911 11378
9050 27185
24159 28753
601 13197
11487 24569
2960 24378
18219 29748
7826 25057
3545 12944
11599 11640
4867 13820
11413 11456
834 26638
8614 28825
14146 14148
7904 21205
443 29002
5157 15229
9485 13192
162 9322
1499 13122
8182 12353
1949 3704
9914 25620
14523 24596
17345 25363
12912 24323
6548 6554
3662 3664
2842 24113
13320 28297
9439 15668
7890 7897
8294 9304
8254 28784
4914 15671
2426 24771
9434 25002
5327 26323
5200 24688
9948 10604
12002 27238
14455 14522
8003 17031
5407 5434
1796 2277
21560 21565
26809 29172
14876 14879
4220 10777
4950 28378
18715 27516
25479 27018
727 26007
364 9228
21577 21591
5014 15435
4834 21341
10566 14215
18438 24124
2657 25381
4392 4621
453 28127
25180 27610
24686 25102
2952 9636
7727 11450
10593 27025
11007 12432
20106 20112
4118 24198
25619 27179
4761 24660
14791 14845
28271 28272
3650 26211
11036 25455
25422 28073
1225 19640
10276 13671
6674 29376
7201 29492
2502 7754
5724 28721
10495 27802
13725 25876
20516 29726
4220 23091
24576 28271
10569 25426
795 11093
501 2568
11460 24455
14567 26038
29050 29381
7201 24433
4159 14082
25190 28824
5084 21250
16114 26823
13281 25442
15942 24293
4392 17882
9324 24586
4751 4936
24205 25848
13948 24717
5520 10533
7182 28050
957 28684
616 24377
4854 24515
7879 7883
10008 25281
5411 5422
9311 25650
10548 27845
1533 25754
26538 28539
14072 26123
3858 27283
546 28737
28291 29078
9773 29110
12148 23917
9083 28118
2224 18539
28190 28192
4159 25521
15391 24461
6398 25281
17711 19979
9632 19590
7796 11776
25079 28296
8177 9654
2960 10199
1188 1254
4125 25988
19156 26222
443 27327
7732 19676
23651 23652
27613 27652
9776 9786
14348 23847
2053 24197
834 26291
25400 29407
1194 26581
13053 13056
26408 26594
5299 29405
600 858
7224 24195
408 15229
2112 29315
9914 25646
12432 18921
4963 20384
23995 25253
23991 26605
25079 27304
12727 15040
28368 29180
10974 27235
12190 25023
9130 24984
27027 27185
14600 14794
17409 28166
21064 26488
25360 26721
6122 6123
27840 27850
2792 26536
25719 25976
6449 11487
501 6949
7623 8244
7685 8165
21024 21025
4220 5113
501 26899
5603 26193
4974 24922
7726 27365
973 24729
25811 26908
3783 26756
24708 27255
4607 4761
1672 27356
7726 23976
2618 5686
18576 24138
6843 15435
24712 29216
146 5909
25102 29050
24377 27182
8567 24944
26322 26324
2682 16094
19388 27108
5203 5204
9224 26646
12979 12981
535 25499
12223 14425
17165 19442
13088 24576
20868 21911
1382 28970
16815 16816
1498 27239
16226 24449
27393 29411
15435 26965
25249 26666
6419 25718
2268 18596
2502 7741
9099 11833
8328 8584
10996 24576
7173 27326
25967 26416
5847 24462
5624 13537
6348 24566
26648 28542
15979 17480
24821 24823
17059 26984
7201 13320
2960 9520
3636 6483
4723 5118
24319 24378
5606 19590
24916 28044
12190 25026
8673 25802
910 26512
7524 7525
9586 11377
6317 17703
4717 25475
15420 26415
13111 29755
4582 28255
10012 27039
27140 29492
8408 25238
5755 9429
3208 23471
24735 27521
21319 26069
19827 26123
24641 27544
8283 24534
9517 24227
2842 25418
27964 27965
5121 28630
7185 27561
8052 29095
14359 14467
8190 24446
25726 28087
174 25806
24883 26114
19494 26908
1559 1560
10058 27752
14228 18576
7407 29405
24685 24790
801 26364
14713 22872
12096 27981
7363 24399
1254 13809
6726 23995
1656 28094
2005 24888
9184 10551
6937 26475
17378 25802
15229 18219
20268 24174
581 25321
3275 26710
24894 26515
4548 29492
7371 15826
1265 29078
25191 25650
12880 12887
7870 11487
22327 24690
11505 23194
8541 8544
27588 28562
738 4732
10904 12297
23854 25599
5916 21275
4989 27049
11032 27867
8732 18037
9914 25703
8294 24619
20190 20193
20078 20079
24794 27248
628 27887
10044 28089
856 24447
1741 24596
24960 24991
5995 5996
20488 24039
23995 24976
11007 13859
26933 28039
3467 25919
11056 15693
12856 26056
24197 29306
11206 19427
24124 24289
6487 25914
4653 5249
2632 4279
2179 2180
7224 26213
26372 29213
11518 22245
1553 27793
23995 24958
9577 29141
24276 28428
27025 27177
24410 26113
2572 18664
1921 24159
14961 19376
14325 21297
21895 21899
866 2288
15941 24293
10500 27254
21250 24260
24637 29462
842 25002
20516 29564
6877 24198
11036 28404
453 18670
19727 25255
24035 26279
5734 24141
23853 24141
5790 11203
24141 27549
13556 13558
13255 26605
1593 4159
6100 7682
24988 26951
1620 24116
27005 27060
25180 28105
467 28480
24561 27039
5332 24532
2691 26222
16238 16322
18234 18235
26231 29211
11511 21205
6150 27327
2112 9262
639 29220
4899 24169
3224 26767
27651 29189
25255 25747
7800 25235
4924 25370
14894 27028
24917 29211
24991 28942
13932 20713
1855 8400
2258 7185
7521 29258
14633 27801
3285 24393
10098 26374
770 1949
25518 26178
1654 26828
8828 24934
15435 23091
167 4111
25406 26648
1329 10220
7980 8044
1491 26583
5791 15055
4847 26315
24141 25897
3095 28863
3848 25528
25706 28901
4689 15436
24582 27135
3527 25309
3359 24285
443 1444
3192 24915
19045 19300
329 25960
743 25446
2198 29653
21504 21505
373 4950
2776 14680
5914 29142
8676 8740
2117 15447
4899 23925
24198 27907
1831 28813
1154 9958
5143 24566
28297 28824
25610 28106
2682 15195
1707 9577
6426 16418
5851 10533
25828 25829
10019 25551
6888 24198
855 7531
18670 24396
13760 24576
14487 20757
16258 25229
6398 25471
13714 13725
25868 28948
25654 27104
9226 25235
782 20170
741 11419
13088 24858
12272 19625
6890 24198
15546 24447
12506 23950
3938 25123
5667 15041
1828 8210
19937 20036
3097 24861
10114 24008
7648 16864
18037 26648
17552 17553
26141 28318
24762 28732
3867 25533
10278 22825
7643 29411
15694 15696
10724 25548
1254 24566
2136 29078
391 1741
1639 24867
1395 26876
9642 19882
4219 11306
722 11661
965 6513
8993 25626
3754 25455
19435 25842
12147 12158
11460 24516
25086 25087
2502 7792
24706 28885
371 7252
7747 23763
727 856
25566 26028
845 24930
1921 6299
19 8081
14144 26908
19437 19541
6116 25230
10566 24336
4861 24942
10783 26638
13680 24532
24675 24747
3532 27475
8542 8543
4912 11090
1546 6749
12333 17171
25938 26648
5069 23902
738 2286
10972 11050
25416 25707
2212 18522
8740 8956
26699 27365
8810 26374
26991 29095
2711 24194
21588 29295
2819 5349
17165 21308
25190 25930
25435 25600
11100 14456
13838 27811
23668 23673
834 5603
3207 11491
8781 29366
15644 15669
3858 25112
13646 13651
2711 3275
25099 27101
24167 24576
3285 28639
1013 26334
20669 24061
17285 17286
9224 24227
8182 28825
7163 9130
4989 25499
5106 29753
24264 25331
19901 19902
727 3966
6602 24297
7224 28019
6602 24331
23308 28273
24398 24466
14522 19144
24592 27981
15626 19881
6449 27108
13725 13736
24396 24663
25508 26855
7215 19592
4575 4576
14172 14175
12087 23372
1097 24663
24169 28760
26980 28714
1390 1741
24516 25373
14156 17265
24362 25280
16102 19107
3947 28754
17207 17211
8732 26763
25601 26938
19662 23946
5415 5441
26823 29220
15391 25834
775 798
8102 29306
24399 25158
29790 29801
25038 28770
28803 29453
10428 24294
22970 22973
17243 27557
27145 29531
24709 27575
24377 26213
11381 11382
2787 27336
2674 6398
16415 16416
28104 28106
24210 28879
8081 17312
14553 20534
8332 8584
5950 5976
16084 16086
1961 24019
1013 26347
4079 23057
28067 28141
491 8243
21662 29077
3516 27248
1974 24960
20265 20266
24308 24496
4439 4535
1648 28201
12272 19011
24979 25153
8033 28780
14702 28638
4248 13286
10478 25396
7726 26871
3029 9758
15402 18103
25854 27918
7354 27410
7634 15195
24810 24814
10660 25478
11336 19468
5299 28483
3838 10773
416 1496
2426 10111
845 3575
10787 18978
5922 14546
24980 27342
2426 27061
14072 25997
24674 25674
25418 26828
7915 28743
15436 25358
3947 6710
25073 25384
4620 24991
10690 19468
10634 25498
535 26743
11190 15935
7224 7284
9577 28172
10899 26007
11033 19441
24063 25302
2136 26540
4723 25341
5027 5102
10299 21729
465 2099
19702 20014
27488 28040
15331 15335
4359 11696
22545 26123
11635 25190
7283 11487
3845 4018
15986 19022
5378 10874
10033 24944
4502 10777
22512 22523
25948 27909
29 28679
247 16272
4362 27073
10673 25637
10564 11344
8221 29220
24141 26538
3036 3037
19410 25645
27228 29095
1879 7185
17345 25297
11392 11393
26980 29624
2699 25232
20268 23964
25370 25729
25778 28105
2658 25309
6107 27327
1927 7185
616 14522
4600 25645
6465 15435
8190 27108
15229 26951
8370 25223
6726 10669
4893 19022
4464 25803
7290 25102
25988 27851
2886 24330
1173 28970
15019 29783
7377 12589
7302 25031
21561 24790
315 1775
1455 19266
3062 28863
26017 26294
150 24342
1713 27973
24728 25455
1444 27336
17129 17131
1759 28909
25831 28195
16468 16469
15546 27714
9914 25575
9098 9119
5971 24113
28127 29394
9031 13171
25752 25783
7135 25286
174 25810
23843 27645
26447 26553
17345 25478
19200 26648
15159 19614
35 29596
24519 25123
7224 25197
6074 6075
2061 3610
9835 15206
13188 25821
2936 13996
14659 23297
19742 25080
6259 6260
8326 25802
8627 29034
3713 3773
4 24181
25191 25698
664 14050
3285 15546
856 21932
867 23843
9577 26626
7099 27389
18921 24960
25919 26780
11129 25518
26648 28536
13357 28992
13549 25845
17243 27210
22761 25360
19993 26776
2776 14292
24447 26561
1358 16130
852 6513
18037 26837
11317 11318
11217 11891
2164 26462
25373 29214
2387 7185
25645 27688
27636 27712
5346 5349
801 15355
263 27251
4321 26239
24663 24991
24370 28188
9177 9186
1414 28034
25411 25685
3141 25897
25645 28281
11460 24685
18004 24883
7684 9224
928 27014
1001 19525
6054 25593
738 1060
3018 28916
19725 19734
26154 27724
23462 29748
24916 29164
24508 27238
1741 6377
23942 26844
2117 5724
4170 25499
3947 5542
17059 26971
2426 27025
6398 27411
867 878
9251 25235
487 20114
25902 25904
25356 25913
26670 28230
28817 28950
14658 25983
14545 20520
8488 25230
12809 26402
4220 28039
26865 28296
27636 27641
22825 22861
19300 20080
273 13809
1288 12824
1184 7085
9042 11365
5411 5428
11221 27020
3371 11133
4268 15637
11487 27582
9624 27488
24944 25496
2502 7766
10874 22436
7224 10672
2112 25043
3838 14569
14228 26103
8485 28318
868 13228
401 25328
2798 15436
3974 27341
3224 4134
28811 29354
8794 25802
19 25021
26148 26149
20960 20962
26962 28689
3399 28773
10874 29008
9729 25373
2853 17154
16639 16640
10321 22781
4213 26586
3029 7371
17711 28960
453 4685
5313 7009
11477 11479
24904 27562
5346 10874
15359 15360
8082 27472
7777 28032
12589 24553
15710 15711
21205 29503
13777 26044
1329 4229
3320 29211
5012 5059
939 26154
19685 27122
24894 28407
4132 29142
6449 17540
23968 24040
801 1691
1153 12646
10890 12605
3361 8055
19662 23929
19365 24074
14455 28765
4365 24586
1287 11802
1984 26780
280 8650
24198 28768
9485 13199
25079 27108
9594 16722
5405 25941
10893 10898
14467 24151
3018 6030
18615 26980
4394 29265
2426 14228
8356 15783
9321 11785
24384 24956
2610 13441
21859 21860
25625 27482
273 26523
18313 18316
26067 27768
10699 10701
13820 14523
9195 24198
4842 25802
9335 17265
648 13693
878 6859
273 16962
3441 12272
1390 25754
11337 19468
3141 25357
13915 13920
21999 26669
24377 28050
928 26528
15578 27168
24262 26408
13989 28561
1949 24214
21245 25274
12742 13196
24755 27736
5648 5921
24890 29258
18715 28202
600 1408
28414 29593
24586 27306
11034 20095
1117 10782
24883 24938
25428 29219
15155 24957
13472 13473
5137 24944
364 399
546 19601
28368 28840
17793 28782
661 12933
23843 25171
5664 13750
3302 16714
26899 26900
23995 24022
5394 13791
7173 8653
16198 24257
7048 17117
8187 29306
25191 27183
24720 25046
18543 24066
7071 16035
11303 24945
28064 28130
535 8649
3679 14509
25002 28039
23091 25133
5106 24905
12002 24625
3209 8682
27490 27915
3444 3445
8676 8792
391 28721
6534 26710
27626 28773
11036 28296
13320 19410
3285 7325
14145 24352
5224 27746
7962 24428
24792 27093
18018 28267
9577 25090
24941 27093
1369 28970
1013 20931
17356 25420
939 27724
14672 23862
15200 15203
5137 25601
24317 28572
9914 24581
25455 25498
11706 11708
5654 5656
2331 25232
14552 22239
21305 21306
2830 3483
1287 12527
649 15737
2767 5257
16267 28909
19611 27683
6604 6740
24443 25099
4632 29257
29564 29627
1517 25321
6053 17927
3938 28879
7566 9045
695 25517
4247 28884
31 26231
6811 6813
20000 20001
10995 27287
22696 22697
24941 26059
13777 17815
4422 21891
868 1947
24991 27238
21250 29453
1990 10111
14417 19662
801 28884
14467 20191
23952 28534
2357 7135
8904 11645
5137 24909
26710 28747
21160 21161
25297 25948
2113 7872
2856 24272
4899 8283
720 10639
17345 25930
5602 11100
2918 14348
949 8243
1201 19640
4923 28318
15269 19502
174 28980
25309 25821
248 881
24934 28084
2711 11100
11203 21341
628 1883
3358 27656
10835 11611
3578 10829
364 5501
24871 25242
1597 8686
2725 27266
162 4358
664 26154
9914 25518
15734 15735
21577 29286
20556 25222
8546 23079
6851 21250
6841 29306
28607 28969
7568 26884
24706 26357
8092 16471
12944 13065
9312 25601
12749 12751
5121 9378
919 28630
1350 27648
19468 26938
13166 14125
17716 24523
7599 29164
15644 15663
3194 24576
19085 19086
24363 26536
4369 11608
25257 28266
25902 28835
12145 15578
6649 29260
3029 22706
7796 27040
238 1533
1759 23091
9609 9612
14228 29810
5228 6696
2156 25231
1223 19640
11174 12853
23953 28784
8243 26237
18515 25153
25431 25494
24294 29532
5145 25021
473 29779
16057 28733
9439 20600
1680 6531
19391 19396
4085 7057
24710 28741
4400 26737
1327 26379
19666 23734
23289 23290
8055 11487
24541 28314
2423 25232
9490 27472
2848 9316
24879 27108
2649 25035
24224 24225
856 14455
22187 22188
4364 11675
28230 28460
4142 25861
535 26672
24574 27981
4899 29249
9275 28763
3974 29653
440 7622
21352 21355
7354 29639
1287 12028
878 28230
12840 28279
17503 17524
8213 10765
8662 27886
14744 24591
4899 28833
14228 19442
22091 22092
11411 11960
25644 25965
20511 25223
2935 5782
19468 25876
2135 26017
3163 3821
14434 14656
6503 14851
695 1732
8283 17082
8810 24784
856 23950
655 25242
24786 25536
11059 26315
10874 24377
24528 24546
1117 1376
11581 11622
25455 28017
19233 19468
7067 7087
25309 25416
15967 17492
27937 28540
13653 13655
21880 21881
4875 6726
11344 25504
4875 24338
26017 27565
19393 19395
478 28411
6534 24178
14591 21911
3858 14567
6760 24370
28126 28139
18052 25519
6428 26545
29455 29464
18318 26970
25068 25079
12775 24739
9951 9962
19300 24329
15850 16047
12272 19476
19656 28799
10211 21757
24717 28105
12377 12787
2050 28818
17008 27935
9268 25235
25232 27759
6803 28026
25717 25802
28144 28296
9239 21900
3949 25057
19432 20268
3008 25183
10786 24231
24208 26365
16751 24399
27698 28230
3277 3279
4640 4914
8438 11461
26437 28369
19749 25080
15578 24792
5790 25814
19447 26256
11610 25626
20658 23429
3306 3311
27542 28956
27485 28359
3717 3846
15188 15189
2260 18852
10490 27973
4677 27154
18750 18751
27582 29711
1758 24159
1236 27513
25297 26105
23950 28795
18434 18436
1287 11586
1421 1542
27238 29306
2632 26536
2632 24051
9285 29079
3519 15782
6689 24321
25549 29132
7913 14090
5408 5418
12966 19536
15519 16025
151 24459
12589 25468
8073 27887
9467 29306
24169 27007
24779 25437
8662 28138
131 856
16216 28909
10353 25756
150 24390
13351 25411
25123 27255
17633 26271
21661 29077
6948 21022
2579 4469
2732 3431
28868 29293
795 11034
12096 28879
6602 25395
4993 26881
4839 11906
28297 28320
27004 27109
4679 13977
27433 27434
15782 21965
17370 25385
9671 26002
1408 9490
15806 15808
782 26315
277 26536
23853 26756
24063 25301
8107 28863
19127 19128
18615 26967
3361 8096
9490 25036
4802 25551
3337 25802
7144 15804
138 21562
25719 26835
5164 7751
5143 27108
6740 18716
16057 26692
25778 28050
8053 29095
13238 24455
7817 24229
26113 26123
25879 28296
252 4596
1940 26997
5868 5874
248 3899
913 29357
1564 1701
16428 29447
17425 17426
11856 11881
9439 20613
6682 25418
8122 8123
8165 8425
23917 25639
2329 17371
1949 18103
25728 28638
24794 28008
1648 4362
3535 11659
11593 11613
11866 11877
10776 25528
3593 24706
24597 28090
3970 18453
24527 26865
8858 28082
14572 19493
13293 16907
3947 24386
19859 20713
4365 11607
381 15435
7201 25919
1647 1822
360 26536
772 26383
473 8864
28107 28121
1639 24620
7224 10100
6710 28483
25418 27457
17254 17705
6227 9769
20200 20203
7215 24516
16855 20114
17356 25444
20960 20965
606 1714
674 3344
18715 28879
14690 20637
28414 29602
18639 25499
13772 16130
5121 9344
4249 28884
11610 27025
21388 21389
10669 24309
28784 28816
9749 25517
15171 15189
5686 27608
21275 25828
27449 27820
3285 25030
24410 27824
24167 25756
3285 3754
17595 27282
1066 28795
6042 6056
2796 24869
2798 19462
1142 1172
15859 29159
4131 28909
13177 13648
2575 2578
19457 19459
685 980
19655 22663
3192 15961
16336 16338
24205 25855
1921 24348
5724 6261
1575 27884
14374 14375
883 28105
10352 24271
3077 11731
6834 28158
4950 13989
17044 17045
27712 27887
5062 27411
7185 21744
10368 25756
11204 11226
15638 24355
12755 26482
596 4582
6760 28811
3195 24576
25412 25414
5554 20323
19603 26059
12353 29790
3224 8254
8192 29306
21656 29077
21341 24380
18607 29394
5331 10874
561 24862
24586 27735
24051 24375
13260 18339
21205 29423
16754 18190
19244 26583
4401 4989
13596 13598
24640 26067
6792 25601
573 24685
1146 19640
11951 11952
17710 26216
8115 24547
21938 29080
14214 24327
9914 25559
3494 28825
443 21932
12751 26310
391 812
2209 27028
7726 27659
7828 8089
21749 21751
23843 26995
24410 25645
6248 24761
2502 7790
10533 23840
231 322
8232 17177
6572 6573
3017 24197
25548 29034
25124 25125
25553 28073
3141 25190
520 4668
2811 4959
13820 19376
21685 29077
1422 19640
13744 13745
12503 25274
14572 25948
1984 8283
20202 26447
13848 25488
25080 28138
13004 15062
6258 14463
17509 17524
25365 27627
174 24455
2412 18542
7764 7765
1457 10639
9758 9815
738 8775
14377 20091
20057 20060
7398 15458
7264 27958
24924 25497
4988 26881
12986 13009
4111 15151
21075 29081
15084 17815
20400 24186
8990 28115
5407 5415
5734 26240
20962 20964
14522 26154
2682 14483
3823 3831
2381 25479
24806 24807
3974 7185
7152 27619
1721 26962
3208 23476
28844 29438
4899 28840
2637 13441
3553 12386
25242 26022
24944 25534
5252 24184
11051 26315
7019 24272
1183 16170
1974 24674
12576 29485
24388 24964
6602 7363
174 2426
15881 21250
4423 21881
4940 19439
25668 25671
1498 25455
14348 20516
8775 18715
13810 13813
11118 27582
3042 21442
7893 28733
25900 27648
18515 18978
4899 28318
25738 26852
12785 17099
3857 7354
2767 2789
10895 24117
20094 28393
273 26557
1390 26186
14063 16770
19595 23991
263 23993
7285 25363
24690 24704
10929 19468
26128 26129
26865 28166
24596 28039
3224 26222
1414 12868
7224 10637
27025 29099
27137 27251
15274 21827
18604 25232
3378 4573
4016 28970
15005 27294
5656 10498
8105 25238
13747 24294
21205 24063
21971 29777
24203 28017
24083 28156
13357 15522
24856 28230
1077 15557
24640 27586
12785 24227
12423 25257
5970 21855
10014 25875
8232 24254
10959 18598
14522 28765
21129 27000
5821 24532
25803 27997
2426 27024
9206 28679
8898 28082
26733 26890
15395 24008
1802 28784
24019 24739
14702 26161
6150 6236
3043 8602
2302 25232
5954 24959
6967 7039
1874 9236
1461 12254
3689 21399
1123 22248
12058 26481
24523 28366
3246 25132
2632 25821
7703 12040
12272 19519
5027 10448
15869 15871
24779 25686
22515 22516
15072 20246
3548 13122
24336 24468
6248 17595
4279 27871
12813 24227
1600 22366
12871 28084
6529 26553
24375 27145
21106 29306
1340 3163
25520 27887
19685 24018
14359 19354
26237 26642
25930 28556
4362 27185
4411 21869
3862 26763
25772 27543
1864 29084
1211 19640
13279 21205
12890 24227
5635 26973
5837 23992
2958 4761
14543 24113
11408 25455
14058 14109
7531 16156
25199 28639
24402 24973
10018 24115
430 27038
24862 29384
14145 14522
3018 24461
11050 13750
3833 21352
24596 29275
15339 21194
11057 24323
222 23843
28301 29280
23986 24210
4301 28166
17165 26531
11639 27114
45 59
1921 14522
24872 29306
7354 26639
27025 27103
3208 23474
18715 25831
21785 21786
14403 19321
23711 23714
1254 12653
2817 24934
15862 15864
11429 12392
8844 28082
3017 28915
27109 27642
1 24882
20513 25253
24063 24596
11511 27981
25255 25571
1502 4761
26349 26466
878 27639
5839 27049
3540 11089
24474 26561
11531 14509
14960 20757
1542 28795
19468 25554
16033 16060
24429 27133
15929 24293
18517 18520
7262 29173
3302 19646
15513 25283
263 727
1050 10874
20230 20231
3183 29304
14994 25242
3974 26287
24894 24897
9123 13118
24081 24942
5534 24342
14891 14936
17433 17447
19518 26889
1538 3017
54 4219
28678 29152
26383 26408
1541 25778
4860 28082
9172 9178
2768 17716
738 24370
1543 24464
1628 15546
25457 25967
29164 29211
11405 25455
19601 27255
3974 26828
25476 26256
28857 29137
9485 13187
13320 29370
1265 7656
23843 27717
2757 27672
8781 16192
11890 20997
3105 28863
24303 24339
11288 25396
5774 24980
27959 27962
1828 26364
18826 19685
26007 26528
15748 19676
13742 20158
24546 29764
20165 20170
16120 16121
3949 8496
25599 26938
1540 3580
25706 27356
26782 26864
4821 25756
1672 23956
13643 27802
27389 27390
29481 29483
1996 29180
24698 26143
2691 25824
8381 25802
28224 28239
4319 24413
11017 19629
25002 28878
26904 29173
876 3200
12357 15892
939 6926
718 740
2565 3191
22959 22962
24377 26552
27963 29137
2426 27064
6595 6596
2212 15881
10996 26234
6851 28033
2502 12589
7512 19516
8851 29137
4831 7554
5641 24194
4334 18715
6436 15419
2842 19033
2577 6602
99 5972
13517 13518
25284 25285
4031 24461
11347 12150
2765 23972
196 7201
26683 26962
19693 19698
26568 28726
7675 28780
658 29220
12485 21192
17399 25261
5859 27294
4365 11639
4958 11089
25422 25634
25098 26536
5933 5943
8692 25235
4761 29063
25390 26185
25418 26143
5708 5711
19646 28509
1331 2221
24696 28667
1334 24660
381 491
15500 15506
5961 15019
10874 11045
8714 21205
5406 5500
26302 26303
7224 10643
9281 25831
2674 28296
13017 27154
27675 28438
858 26985
23918 27981
7849 11487
25623 28101
22202 22205
13197 24742
1586 29304
3538 28105
2080 25837
14908 14911
10111 29266
18037 26833
25068 26962
25807 28230
16058 28033
15660 24196
1777 3527
949 959
17026 29733
22436 24586
3811 28230
14534 27867
13033 25102
7185 29667
9588 25002
26699 27028
1496 7416
13523 13525
11731 24202
14523 25084
5570 25909
7354 29648
10533 26667
27600 27612
8363 8365
655 9914
718 1184
7354 29658
13018 14691
27899 28151
14815 14816
25034 27028
546 3763
10015 25295
162 9306
7371 15771
720 24934
4819 4852
13105 28119
25556 29113
4108 24083
1249 27513
11079 20140
27639 27683
14527 24532
24338 29442
2140 2845
25142 25145
10612 24945
20103 24948
1087 6776
1053 15960
15337 21194
8719 8720
7534 29211
25439 26226
16712 16713
3832 29409
9616 10974
892 28763
3551 8851
24923 25436
1984 29095
5882 20488
10426 12862
4914 28811
18219 29744
1374 28970
27909 29222
29312 29313
2667 4533
9311 23134
4030 15436
1360 28970
25930 27887
15315 21562
3257 27248
2758 25803
3650 6143
3516 28483
6953 16750
133 26962
5706 13968
12733 17265
2419 20114
2076 26408
3285 4301
19568 24130
25079 28230
19442 25706
24008 26577
12272 23843
8221 24243
5938 29687
8802 10158
24883 29119
812 19465
24712 27492
9129 24934
2702 11546
27508 27535
5818 24296
3017 28681
24159 29095
1642 6633
24685 26028
2294 24061
12432 14578
1843 24544
16058 21250
19203 19204
588 14347
5361 19654
1728 5006
18666 18669
24124 24774
4958 24159
2682 2702
11611 20114
2031 14455
8904 15117
1421 24393
27384 27386
5039 19676
4301 28320
824 3285
1955 9871
2598 2599
535 26718
5920 21833
27505 28630
801 7777
17443 18251
3595 17232
4693 7143
1946 21250
21648 24532
25879 27780
4893 14467
1519 24271
6837 15435
3947 24397
2628 9439
642 4229
28811 29358
2209 24377
11071 11072
4761 25297
6841 17048
19327 19328
4360 25437
16150 16154
26855 27343
24529 29492
5430 5454
1413 27294
8093 16474
162 25424
7354 29662
10278 22804
3851 25666
18208 26605
491 2936
1001 24465
8023 25005
4268 6749
17265 24230
6602 24306
162 6792
18715 28196
19602 27400
1824 3120
25623 26999
7688 24390
28638 29357
24107 27346
1955 18219
25238 27482
2906 28851
12432 27887
28414 29575
197 13033
18615 29736
7635 13374
14425 28458
2784 25068
17606 27535
13354 13358
12075 12135
1714 5906
174 25789
6092 28082
25794 26315
4031 29625
19571 26914
10060 19450
10420 27317
1068 24264
12763 26402
11785 20544
3650 24221
29260 29276
22382 26699
13750 20356
628 27227
10516 27221
24410 26710
3204 8291
1614 11460
25654 27025
24876 27255
6266 8243
11649 24944
12447 17068
2808 16130
4877 5734
22347 22351
14683 14684
26161 29379
15822 15827
1955 26471
20332 20333
26953 26954
9275 28863
13958 14691
10159 22730
1992 10111
7071 27562
7325 9239
3246 27714
2736 24019
21250 24696
24344 25468
8356 15776
1063 7071
19354 25975
13249 29275
26742 28082
22545 26586
20147 20985
9236 27238
6081 17927
7622 23134
20590 20591
473 29798
24035 28825
18715 26536
4534 27593
1954 3974
13258 18343
24747 24748
6195 26146
1444 25900
13732 28697
3624 24169
727 1334
13592 13593
13006 26999
2773 25068
117 29635
5970 5976
4116 23883
10296 16992
15550 23982
24903 29476
2426 27042
6001 12846
5679 14668
5922 5976
12966 24252
14470 14494
19585 19586
1364 26222
25237 29357
15578 28266
7354 29637
802 24888
20050 20052
24561 25562
3310 27480
3605 8217
139 26962
12432 18899
1701 28561
10109 12748
9551 16320
27000 27170
23134 24923
14348 24391
26844 27493
473 29803
11426 11428
13671 13682
11891 27020
28411 29132
13095 28119
19354 26050
26468 28622
10708 24464
26472 26473
8466 27053
1828 28970
24983 26178
10342 27145
11390 11394
5533 5865
9038 13008
14736 14747
11598 11744
4436 4574
4229 8191
3965 29653
12232 20787
8546 15535
25682 27533
7283 28884
642 24546
7314 14522
61 24829
12901 12912
6512 6658
27294 28432
13977 26685
14537 14539
27608 27639
5599 5600
18219 29730
11679 11680
24916 28368
3285 3899
10396 25455
2941 4761
5825 16959
8525 28597
1 25417
13263 18403
24792 25505
8095 9769
26536 29206
14520 29627
24805 24816
7314 23950
5113 26769
1265 24436
972 2778
4268 27582
9838 15206
11045 28017
6549 6844
25413 28134
482 4116
4512 13517
24596 24938
4301 7314
2588 6996
15197 26633
3237 15257
25215 25216
17110 27303
3285 24530
23196 23197
5020 14958
6266 7555
25548 25915
24840 24842
1518 1519
801 2502
27392 27582
5819 15166
24894 27738
24314 28678
17743 17746
