1118 3920
4362 9034
6496 8628
40 7853
358 6267
1578 6269
9050 9817
578 5134
2381 9813
47 8291
5246 8578
3758 7578
2034 8762
1031 4314
1069 3543
5087 5091
6632 8147
7100 9229
399 1937
6393 8025
4002 9260
1444 6040
3950 5212
3050 3648
1825 3947
4467 5376
2471 2746
1097 3484
1930 6911
5911 8836
3586 6502
3584 3923
3357 7412
3557 8968
3227 5482
3205 9285
582 3570
4042 8557
3096 6023
1180 8022
4434 6495
1110 1860
738 3253
2359 8236
497 5874
4793 8007
451 3641
321 5151
4057 5244
3362 8664
6819 8589
5710 6853
3859 8631
160 7526
522 7036
2515 6157
3355 9457
1393 4332
408 2481
1055 8372
5934 7522
3662 8201
8261 9597
8352 8836
1500 3423
5045 6657
991 5446
5436 7864
11 3790
3525 9407
2566 8546
3921 8916
1126 5553
4713 5565
3263 9171
3991 6393
2552 7233
5221 8480
3174 8318
629 3765
225 9779
956 4887
4110 5710
2266 2489
6632 9318
366 876
4948 8767
6945 8495
2707 8995
1268 5374
4002 5463
6053 7021
654 5482
3356 7900
6129 7374
3070 4678
3668 4605
6129 7472
803 1177
843 3080
7038 8840
1164 4199
3825 4016
2959 7419
1087 4661
4441 5523
3355 4572
1689 8129
521 3516
2921 7813
4734 8262
3206 8556
1036 2902
2932 5187
2716 8261
1063 7724
7785 8265
4358 5278
2407 4770
6208 8296
5188 8531
605 1772
1893 7451
764 5762
6206 8424
1947 6408
495 1167
3787 5279
2034 4729
1069 1973
6503 7100
2439 9122
632 1471
8591 9714
3932 4814
1820 9817
98 3434
7284 9143
3565 4384
4384 6296
4802 5592
832 6027
4045 6738
7198 7537
4774 9638
7044 9025
965 3410
7697 8832
923 986
3542 8826
445 8273
383 8708
535 1570
1020 8490
2533 9059
3802 7769
4483 8805
5317 8552
1828 7717
1280 1681
77 8099
4578 9661
3151 3642
3265 8625
3520 7261
1987 7604
473 3662
4329 6310
3905 5117
6662 6941
3543 8160
8160 8345
11 2186
1166 1458
2260 4436
6017 9413
2733 7096
1610 7290
4972 9265
1750 8026
4602 5144
1227 2328
735 2261
1133 5541
4080 8514
1633 3750
1236 5401
3119 5754
3750 6780
213 2098
2265 3556
8392 8686
139 8345
6516 8504
1381 3172
1147 1537
6912 8763
1285 7682
5727 9689
8344 9414
4559 4909
7020 8272
1406 4279
1871 1921
3295 8026
1583 8249
1002 7038
4152 9672
1973 8762
1476 6463
6067 8301
3785 8526
2462 8741
785 5034
80 85
247 6283
6982 8103
5246 7893
3439 9441
6824 7713
5482 9725
5755 7461
9166 9427
6339 9007
3773 9279
994 1332
2531 9192
1825 9816
2487 6696
605 8641
3038 8685
1167 1864
3298 6666
2528 4802
794 3933
2314 5630
4300 5156
4698 7340
2429 2913
4325 9096
4688 7320
1539 9522
2705 3465
4572 5113
2914 7525
6949 9408
2844 6657
7774 8272
1582 4303
1079 4591
6693 8119
869 4411
1471 3849
658 1219
820 8208
1395 2747
7733 9375
544 5419
4671 6007
3080 7166
6574 7395
1942 9464
163 5012
7865 9147
4521 9165
1419 2825
2281 8242
4694 7409
7960 8028
1023 4189
1294 9395
3352 5187
6208 7083
679 7156
3667 7012
781 1940
8722 9260
483 9745
5859 5873
392 6185
8591 9565
8 3065
160 4175
4887 9373
2337 3840
4036 5834
2141 3005
244 6670
8346 9753
2804 5833
3014 7532
9115 9452
3628 6391
4053 5947
5292 5359
4053 6458
9175 9843
2269 8628
1352 6647
3161 8580
4892 6396
1144 9059
4104 4240
6821 7555
8590 9442
6230 7196
2313 5340
4686 7160
6668 7395
1013 5464
7059 8239
268 3579
1827 2910
893 9386
144 4966
790 2750
1750 5166
1043 6189
2841 8587
1471 7695
2665 2785
6053 6872
3717 3920
825 9176
7704 8837
2931 3479
276 9626
5781 7284
1642 3103
3831 8420
3049 5385
579 3661
749 7767
2914 6735
3930 6300
785 4388
5794 6574
7044 9279
6861 8550
1066 3285
895 6844
2370 5323
4251 4713
313 4812
723 2744
5587 7297
4320 8372
602 1707
2740 7276
7230 8286
5122 5324
547 9472
8490 9241
5040 8539
3762 8708
3775 4910
4314 9721
2864 3720
1048 4799
6981 7887
7009 7483
2880 5856
3580 9555
1961 4888
4717 8832
3285 6965
350 5552
6311 6398
391 3564
1642 3355
2947 5945
188 732
9047 9260
2056 7229
2556 5085
1238 7869
2367 6097
1918 9518
1784 7622
617 8762
2501 3195
8182 9181
7126 8230
423 4062
6774 7703
524 6958
6230 7593
3015 8480
2918 8406
4286 8634
1901 4111
9635 9677
6276 7723
3835 5844
1289 6985
2708 9686
1698 4752
5110 5550
1616 2366
2307 7117
3286 4160
1763 5286
4151 9778
3092 9843
3964 9769
3615 3805
5991 6149
8084 9830
2034 8749
52 4714
499 2825
5626 6508
1783 5256
2627 8123
4231 9617
2573 5686
2517 6518
4252 9711
1125 5365
276 6653
3205 5447
2496 8095
4506 9663
4395 8452
2286 6968
6005 8474
566 2158
3081 5336
815 7733
419 1445
7086 7708
7249 9265
6125 7502
1320 1827
7481 8244
5786 7233
6287 7149
3058 3590
191 2669
3045 3049
5213 7110
2735 3884
4143 4187
2573 4384
805 6574
3301 3479
4697 7823
5156 6912
293 1987
846 1280
4811 9233
732 2735
9265 9559
9361 9605
427 1683
771 906
7796 9094
8166 9076
3138 4444
6891 9316
6496 8884
798 6404
6465 9432
4101 6914
1886 3031
2742 4111
1500 5871
950 8171
301 9677
4242 8630
176 1788
5911 6010
3494 3650
2498 3654
3976 6097
1295 8980
3084 7903
7969 9598
6737 7865
3470 4786
3062 9747
1754 6662
5888 6921
4372 7473
1947 8091
4722 5109
1530 4537
5365 6194
3842 4635
5237 9726
3080 9023
6030 6426
21 9283
796 886
6993 8529
494 3527
3951 5129
1934 7199
671 8023
6234 7989
1793 7606
6349 6818
2015 3444
5047 7200
1190 7185
23 1209
1681 6574
9050 9775
5669 9232
6502 9098
6075 6626
7541 9615
1056 2110
701 3847
8531 8735
2414 8343
4899 7154
1366 1830
5650 6462
7408 8576
226 4181
1489 4430
1237 4088
7665 8866
4353 6740
4127 8456
2435 6023
8338 8574
5702 8299
725 981
3978 9388
4170 6078
1749 6276
2386 8516
3444 5414
8090 9380
184 1052
3911 5206
6067 7207
2369 9154
719 4928
3723 5528
1087 5414
556 6850
3132 3717
2070 8646
5751 8697
5510 5754
1069 9317
5057 8212
1161 9736
1477 5193
204 5866
2013 2458
4442 5721
4053 9511
6744 7912
6623 9327
1638 4329
185 9822
3132 3991
679 5287
1043 6059
442 3564
77 8097
1854 4620
5046 6936
1386 4619
3726 5171
3027 3714
1864 3411
5816 6930
4357 8378
7602 8832
5065 7674
491 1167
2778 9736
5202 9168
1742 8004
7399 7606
6134 6144
6962 9780
1902 7002
2950 7323
340 6712
5885 8660
5841 8526
4152 5055
994 6296
2630 4434
2747 8072
1277 2763
603 3850
658 3854
1666 1887
2200 3058
5835 9419
2522 2813
1806 4627
5948 8473
1728 9184
345 589
3125 8223
697 1335
5470 8582
1598 7239
9134 9189
536 5242
3479 7199
2526 5345
7196 8210
2042 7864
5720 6388
3662 7312
2320 6912
4356 7988
1681 6208
5780 9190
462 3189
5489 8109
724 5322
4120 9255
85 904
5824 8579
7853 8544
1754 9751
1327 2290
951 7063
1392 5047
2213 2964
2467 8347
4003 8361
2967 8215
4824 7647
994 2677
692 1377
1386 3794
6897 6912
230 2286
7967 8310
5212 7653
2156 8749
1022 8264
1483 9409
4720 6583
2533 8094
521 6882
5489 8948
1167 5512
7402 9362
1570 4098
3185 9827
2098 7956
1059 2377
5506 5556
682 9032
1061 8767
5745 6674
981 1987
3168 3517
106 8529
350 401
4401 6622
4056 5625
4431 9497
1676 5012
3822 6496
3487 8482
2471 7276
3785 4959
3222 7991
4190 7699
6733 9033
4998 7361
7486 8580
3029 3722
1506 5900
1947 6927
2215 8699
5270 9055
1012 4828
4665 7372
1525 5132
8094 9059
3392 3737
3610 9016
3750 7164
3914 5122
5852 8114
2993 6911
6230 6498
6192 8348
868 8484
7632 7857
1391 6491
3644 7493
2607 6903
5279 5355
2503 5028
455 9448
4122 9302
81 1321
1055 5744
2226 3333
7721 9206
139 809
210 1373
5068 7396
4273 7126
2746 6350
1338 3823
4683 5612
5835 8897
6896 6899
3993 9518
2391 6206
1968 8927
1013 6280
3633 3861
2320 2383
1274 9291
1262 4225
2758 7942
39 8658
6448 9048
5156 5686
785 3590
764 8545
5040 8911
3932 5464
3805 4614
179 2603
3206 7711
7900 8533
2623 9321
3750 5210
1999 2000
2524 7821
4560 9390
873 6242
4471 8922
2292 5762
416 5006
909 7649
7737 9175
1385 8213
2800 6517
573 4148
715 3144
5482 6490
1161 9165
858 3938
3134 9405
2848 6750
2356 6950
5339 5745
6178 8343
990 1810
3443 4888
1156 2816
1462 9724
3668 6873
6022 6075
902 8454
1782 5942
3026 8738
1987 2746
1855 8594
5754 8452
935 9841
3279 7475
1791 5395
7817 7981
4888 6313
2071 2306
3681 8892
326 2178
1474 5443
1002 6249
162 7857
21 3846
1605 9235
687 1812
9706 9721
6208 6950
4426 9215
7472 9677
1902 3956
1076 5935
7365 8935
37 461
7016 7196
5322 7063
25 4170
4002 6911
3445 4355
8856 9620
2894 5413
1793 9316
2861 3007
3269 3501
2776 4201
787 3467
4252 8255
7716 9872
4815 9099
8478 8580
1938 5957
882 1628
3332 6635
4627 9527
629 2056
169 6001
1974 4273
8105 9349
4685 9678
4321 8236
1605 6927
3683 6624
4227 4851
6146 9677
6577 6670
6344 6531
994 6650
7782 8601
7430 7652
3105 3467
4407 5942
4383 9661
485 820
5237 7839
8058 9020
3728 9206
8191 8574
9597 9726
2661 4720
724 9420
679 2702
106 5787
1934 9165
4027 7629
5326 6534
1058 9164
3650 9605
3729 4337
2644 8170
5754 9490
699 2288
1229 8246
397 3463
7170 7440
175 199
973 1311
4751 9083
2732 7751
3298 6083
4273 4414
1338 7482
2661 8708
6658 6790
6545 8937
2524 8628
1546 2530
2256 9409
816 6289
981 1444
792 7839
2035 6591
6002 7529
3069 8325
239 413
3536 7144
3357 7144
180 1471
4407 9629
7607 8459
1685 9082
874 6189
254 1649
7408 8953
1418 7563
6738 7914
6682 9154
126 3311
732 1689
1599 5564
3774 8164
743 1091
348 3367
958 8157
3207 6375
3558 8362
313 3119
6704 8241
1750 7489
5479 5670
5506 7785
1410 7356
1551 6596
2741 3730
6327 7648
4948 8949
4599 6427
3613 4826
1961 9262
142 7726
2716 6850
993 1870
1968 6987
757 8109
2083 4421
387 2345
9128 9257
4194 4520
6146 7472
4606 8211
1150 5302
6461 6633
3531 9386
7162 9514
518 4180
5085 7954
2314 3822
544 5198
3146 5227
4066 7434
2618 4602
2723 8845
1231 4773
4629 9491
7651 9118
2399 5495
2577 5616
5627 9462
1053 9827
3667 6023
7193 7345
5357 7819
8873 9197
4752 7126
1620 6103
2172 7187
455 9401
40 7554
2571 6398
692 1337
1895 6129
369 5201
1178 3080
1386 9511
1038 6539
48 9616
2180 2814
4729 8537
1961 8505
1510 2209
3444 8308
765 4978
916 5885
3360 6717
5382 9033
5798 9696
1825 3761
4478 4489
1747 5982
3931 5711
7188 8191
3659 5586
8599 8617
9291 9318
477 7120
2034 8345
285 6393
1100 4815
3439 8512
3408 8714
2130 6217
1164 4370
2468 3766
7717 9829
3483 4404
2813 9055
1357 3816
5052 8588
2870 9194
1310 2461
786 6338
2894 3471
3659 5652
1277 5260
1037 6103
629 4190
5962 9829
3978 6765
1740 8361
4661 6187
1473 9576
6657 7401
3578 5202
8785 8886
1155 7644
7059 8944
3172 7864
3171 9216
633 1692
8052 9713
1578 1643
2273 7396
7205 9748
2950 3397
4390 4581
5220 8279
3571 3753
3755 7598
1291 7730
1444 7793
2334 2653
868 3081
616 5671
2644 4584
1489 3634
6035 9160
1062 8699
1589 6339
5392 7510
76 4690
7183 9362
3816 6135
3859 4135
2845 7256
924 5682
761 9230
7338 7427
7162 8963
95 5833
6372 9455
5305 9845
1743 6820
2259 5964
3751 8353
5062 7389
2692 3029
5232 8165
2775 5082
1943 4406
492 3434
600 1321
4038 8832
4103 9085
3070 8326
1987 3347
3100 9055
3130 5627
7785 8126
616 3125
25 8639
3964 9186
8078 8545
2779 7709
5372 9840
617 8124
5601 9342
859 4362
1388 5616
4288 5400
3483 8090
7704 8999
272 6690
1025 9653
6441 7546
4498 5512
5340 8028
2344 9472
86 552
1724 8365
6821 8512
4467 6066
2580 3369
2745 8119
5338 5365
235 4345
1282 7643
534 2831
426 6040
1485 3898
2873 3128
958 5700
1427 4033
5360 9301
809 4729
4913 6483
1687 6350
8583 9496
994 8836
2350 9431
703 2703
5187 6793
701 3224
2471 7126
980 7514
3650 3652
2569 7777
629 1113
3769 6176
2382 3668
423 8948
3668 4620
1461 6558
2534 9342
4732 6142
5737 7697
5752 7447
2631 7742
5136 9577
1248 7137
8659 8661
682 4155
1915 5017
5650 6655
5520 7343
1736 9677
1597 7650
1473 2056
1551 6534
2683 5649
712 2887
2255 7078
1841 9096
6291 7909
2345 2588
7819 9109
714 1830
4004 6971
3788 7376
946 5936
3065 3659
839 1261
5638 7431
3590 4605
2570 3124
4079 7475
1477 5276
2887 4227
6129 6523
1972 2701
4748 8763
2408 7541
3174 9139
5900 7563
563 7244
4040 8243
265 3463
6337 7016
6414 8966
6638 6988
3708 6651
3240 9858
6834 8047
1321 9333
8832 9734
471 8081
503 5153
3236 8743
659 7396
1687 7785
1381 1813
6052 8445
1825 9272
4221 8631
4893 5612
5833 6631
739 1436
6627 7156
547 6217
1840 6698
5294 6770
2489 9361
727 3112
3092 5813
1599 7583
2707 8735
6393 8094
5663 7312
4954 6838
1224 7591
3724 9721
1198 9176
447 5327
169 8985
5253 8945
1736 4957
2884 7079
518 3228
3411 6083
6876 7977
149 8995
4010 8720
8526 9720
6574 6918
1954 5022
6622 7437
1113 9322
940 6798
1737 9518
1194 6356
2558 5677
4333 5475
24 902
5661 8931
3418 5935
3270 7718
1473 3932
3800 5548
5057 9011
7162 7904
1109 5538
7802 9168
474 698
1951 3258
1782 5122
189 6030
7472 9544
5676 7689
1750 5122
5463 6911
3154 3671
981 7670
1507 8157
3701 3702
2768 7680
1477 5977
1849 2249
2262 4812
111 5238
413 5506
566 2164
380 3864
5323 8427
383 8200
822 8223
1242 9055
3905 9728
2351 3787
1551 2278
1336 4112
2424 3792
1393 3512
366 3233
2613 6217
673 8938
605 2115
940 4783
3517 4227
2321 9830
6289 6316
1002 5237
3646 8021
1316 2540
6737 8405
2684 6455
1250 7864
901 1826
425 7416
3185 3798
2606 3615
2779 2830
6798 7412
3595 5692
616 2354
5327 9377
1424 5467
568 8812
2633 3661
1614 7977
285 3945
4262 6384
1863 9494
1694 3375
4451 8749
7728 9243
9310 9441
4401 7616
1558 5966
673 5996
5899 6765
2517 8694
950 8387
4336 5701
597 8702
1506 6684
429 7715
484 5375
2590 6539
4336 6982
3800 5655
981 6075
4734 9349
6557 7298
2327 7081
4424 8910
21 3779
8238 8867
6139 9491
3199 5187
8282 9616
3357 9660
2377 6782
3852 8995
3054 3499
4408 7543
4233 8446
4873 7232
2071 2811
1337 5853
2785 3022
267 5845
4834 6761
6939 7007
0 7706
6525 9302
1250 3468
4740 5115
4343 4952
8630 8671
5864 6030
5072 9774
5654 6053
3822 7838
2192 6897
4103 4176
1548 4409
1068 3040
2277 7695
777 2490
1672 6130
4338 6307
1735 7462
866 9324
2635 9100
4870 9265
89 9518
3814 8232
573 6570
881 2531
8109 9482
2071 4912
5756 7196
1864 4773
1202 3729
824 6495
2383 5911
1087 8820
3265 7070
3442 7758
5584 8576
383 4153
8297 8509
534 7840
2645 7381
6649 7847
2797 6466
4744 6616
5146 6692
1167 2102
4287 8505
3976 6546
792 8840
499 5040
1493 6818
3572 7573
5116 8225
8110 8743
2291 9089
522 4779
2237 6498
1007 8561
2609 6291
3080 8340
2982 5560
5745 8742
1167 5258
1196 5446
29 4992
6044 7609
3054 3059
6390 8845
5805 7458
350 9466
6545 8585
4190 7785
2219 3439
6866 7082
5812 9477
7339 9161
682 6467
7149 8980
2481 8096
2174 7697
6666 7906
1566 2098
6834 8476
6704 7109
2751 5652
1358 5807
2400 3772
3362 4245
2867 4330
2097 2167
2633 3765
1548 7229
2281 4466
2619 6420
8651 9726
7718 9176
3683 6918
2230 8201
1759 3688
1496 6075
1495 4032
1167 4376
302 2847
7745 8180
3394 9818
566 1685
2101 9092
6351 7597
4472 7493
3662 8796
4887 9476
4602 5411
7865 8405
628 5546
3323 6169
3923 6114
5548 7126
4243 9219
254 6289
2181 9123
3449 4998
7728 8007
3029 4876
709 7438
1007 2148
1573 7381
7893 9198
1075 3991
2945 6911
1280 6409
3803 9816
1813 7626
1052 1912
5523 8522
2704 3761
4151 9779
2825 4081
658 9254
5282 9260
5983 8158
5877 5878
1551 8512
1087 2936
4504 8722
1692 8630
5170 5321
5372 8380
5862 8639
4601 7216
2892 5482
695 917
2904 7503
1179 9722
5572 7509
1759 7255
5247 7984
1251 9023
1198 3976
2513 9478
3369 4091
2203 2663
4299 7239
1161 5322
244 6577
382 8689
6983 7863
6077 8598
2292 6961
3644 8745
930 7499
2161 4314
6060 8462
7662 9780
174 4397
9440 9605
3189 7405
8200 8708
6768 8837
7127 9589
145 350
301 5625
7035 8584
5756 7201
3375 3982
246 7994
5630 6574
3172 5780
232 2573
3055 9050
4434 4784
3944 8523
340 1799
3086 5655
2954 9578
4388 8850
1414 5165
3827 8598
4546 9219
2616 4159
1204 9812
4966 5754
4936 6819
7564 8941
2693 8919
7040 8552
2773 4250
5246 7270
528 673
7207 7326
7853 9613
5680 8663
885 3995
57 1038
5158 6608
2703 4018
9026 9121
3385 7076
994 4001
3848 6976
8182 8529
5972 9236
2588 4131
2283 7789
2744 3923
1928 4200
1364 5820
384 5030
3054 3650
3347 3615
5019 8310
1490 2196
910 6296
7315 7914
2100 9430
2084 5187
4779 4815
3923 5365
5345 8859
1644 6473
3795 6688
1295 8025
4171 7213
3330 3390
1069 8762
1102 3746
157 837
3310 8738
6967 8744
6147 6897
2186 8815
3948 4994
2630 8550
9063 9268
2937 3971
1118 5661
787 3291
5015 7869
6265 8265
4493 5163
536 8119
3448 5875
771 6350
339 4166
4729 9602
1354 6330
2334 4782
1385 4685
1952 9522
1335 2987
530 9396
3063 3088
1681 2359
1167 8600
958 8583
6891 6892
3938 6918
2540 4029
6916 8033
4001 4473
910 1332
1250 3399
4132 8522
5042 6358
2834 8931
4342 8609
2 3650
232 6912
6261 6923
4132 5506
3444 9023
2170 3027
350 4477
350 535
1910 7066
3531 6013
6712 9235
5803 9728
6804 8397
4887 7699
467 9383
2844 5501
2677 5288
391 6480
1663 4069
1363 3812
6485 9515
3953 7643
6465 8457
3844 8735
1029 7978
2328 6321
3104 3490
2192 6912
2635 7575
2883 6476
465 3436
1542 5730
3877 7027
2399 4327
4190 5464
7276 7785
2540 7537
3955 5938
3976 5296
2979 6255
2201 4555
1915 5014
8011 8929
4888 5320
1817 7542
8238 9830
6936 7374
3572 9572
4267 7106
942 5602
3379 4856
1655 3587
6075 7673
7860 9227
1754 4020
2746 8265
3065 3662
2449 3244
1241 8059
5396 7864
3876 6821
2646 9136
2143 5212
5445 9716
8065 8261
216 3944
2538 8504
5338 5382
1733 6171
3978 7251
4103 9576
1160 1773
3978 9179
8 4932
5756 7079
1187 9167
1610 8457
4773 6939
3903 5503
1327 4801
77 6248
4333 6312
170 9192
1238 5423
6291 7762
158 5868
2379 2451
1114 6559
4786 8196
3 6657
3794 5947
335 5874
7434 8597
3841 5740
5216 9253
1399 8165
4786 7610
201 4164
3031 9083
4384 5156
2357 3185
1855 3345
862 3823
7261 8346
7156 9744
1577 8058
2810 3662
1964 6898
2576 7116
815 2723
2002 2269
2092 2860
4783 9721
5338 6691
1817 9166
350 2339
5664 8882
2056 8361
629 3227
7630 9208
5341 6634
1678 3058
2766 5631
80 851
1897 8786
1743 5461
6022 7673
3025 6053
810 3859
4252 6451
917 8696
7765 9427
3409 7813
1494 8048
1260 5706
1806 4041
810 1633
1934 7000
692 8093
3765 4273
7855 8230
1367 2866
3641 5665
1685 6049
447 8953
2245 4957
163 1676
7766 9427
981 2937
5877 9678
1826 3982
4793 9243
1624 5716
1782 6292
3366 6242
2281 6591
5780 6818
5659 7312
7077 8845
1790 9574
2531 3295
748 9212
2931 5122
3691 7596
272 5184
3223 7855
9255 9300
139 1068
2816 7423
6204 7100
4297 5464
392 2779
3595 7999
827 6589
1698 8451
2237 9588
5214 5491
245 6364
3721 6557
3966 8267
3424 6002
1229 9634
2785 4966
5153 5576
552 6125
1569 5256
5911 8763
2542 6678
5569 6791
499 4081
3621 5429
6326 7465
847 5040
2524 6677
2778 6574
2694 4263
4416 9395
1450 8925
4087 5282
2993 8576
326 8601
2831 8800
1569 7606
323 2081
491 7200
739 1416
1578 8923
879 9753
3065 3668
2703 7436
1613 6030
1424 2983
1579 5365
1874 2296
2074 8531
285 4276
2892 5382
2423 5892
714 9773
417 9444
1600 3781
5458 6090
1172 5740
3258 9265
800 4002
5610 6421
2520 6294
866 5443
704 1321
1845 8603
4347 5187
772 8845
326 6931
1544 3174
4916 7039
2963 4578
163 6133
7284 8733
2698 8793
5542 8938
8450 8586
1931 3653
6227 8349
2073 8536
2494 6825
2314 6224
2153 7942
8452 8938
3537 4084
551 7216
5878 7644
1167 9688
297 9533
4839 9827
2205 9803
7915 8310
1002 9058
1680 6337
2067 4412
1554 8132
3227 3477
3071 7975
1502 3292
5209 5646
117 2347
5447 7652
1487 3223
932 7784
3040 4729
2579 4426
2930 7709
2830 3246
7253 8509
1998 5627
389 8579
981 6419
5510 8547
2871 4167
387 3027
4620 6292
312 2125
6537 9753
7599 9406
1548 6388
5078 7571
534 8080
5221 6075
1508 8856
6099 6618
865 5613
6657 8574
345 4124
139 8160
3558 3717
1542 2440
2077 8598
522 4815
4916 8772
6791 6915
278 595
7099 8455
2125 3094
156 9186
1471 3891
327 4031
1742 6894
5221 6340
8768 8795
954 6790
315 7606
483 2114
5365 9241
944 4793
4182 7407
998 2365
2375 9431
1754 7781
6624 7126
1040 9734
1646 5218
9574 9743
3128 4542
1671 7449
7831 8058
3263 8509
648 8191
4630 8879
6765 9715
3069 3177
7252 9088
2817 7968
483 1296
682 6418
5845 7199
2289 9089
1500 7389
5605 9009
6831 8225
2367 7700
4598 6011
5697 7178
4229 6668
5947 8413
128 8248
5783 6276
5611 6903
2119 5454
1141 4523
387 9386
6084 8799
563 6709
2797 3296
6152 9265
8127 9514
3383 7069
5221 6967
1967 7334
2763 8025
2987 3614
4277 6280
4388 6853
222 7472
4661 8170
586 5298
545 8419
4056 9677
2937 7968
3859 7541
5553 6495
617 6442
7144 9721
5417 9785
5828 9235
3079 4749
1381 9098
5935 9176
3058 6819
5705 7594
4743 4759
1091 4053
798 3935
4661 9147
2349 9616
181 9668
1040 4681
2428 3244
3729 9686
3208 3661
2503 5436
5 6608
3634 9554
629 2892
6053 9394
7149 8879
4493 6505
1444 5047
5214 5430
2609 2987
4067 4477
229 8026
1754 3346
4123 6526
603 3654
2775 6150
1721 8148
2391 6589
5998 7229
2180 7283
5858 6310
904 8539
5841 9190
8891 9537
338 8914
1597 1681
6904 7670
1878 3346
4523 5012
1239 8686
149 8208
1728 9744
2653 5938
1269 5053
300 9380
170 1566
5042 8266
2969 4676
80 771
3410 6300
3681 4260
963 2621
3750 7717
2334 2640
4149 5233
463 7395
131 3091
3268 5187
8040 8915
3065 4905
1105 5790
6101 7963
3065 4751
4673 6569
692 9458
2190 8020
5291 9504
1681 8484
5325 8156
184 4103
44 3661
3346 5178
600 5695
399 866
7595 8160
3070 5259
1066 3306
6099 9007
4100 7389
1541 8264
1031 9721
1870 5742
8500 9631
3829 6960
3066 9098
7495 7995
4752 6337
351 4893
7042 9340
2288 7923
4957 8467
906 3318
406 3086
894 3488
2723 7620
3724 7144
1971 4006
3141 7609
1650 2006
783 3481
8236 9726
3132 4395
4586 6906
8661 8662
2556 5087
6037 6471
909 1309
6310 8714
3982 9827
6099 9544
5911 6912
3559 5920
7070 9155
1849 7025
5506 9099
3027 4093
1263 8325
1382 7153
3877 9059
1272 3304
930 9154
1973 4451
7170 7662
8261 9693
8537 8762
5756 8704
4699 7704
10 1904
5227 5228
2847 7440
1719 3446
2504 5013
423 7889
4703 5477
3768 3778
254 7201
2226 3949
6912 7202
516 3844
2661 9155
8309 9624
5338 6395
6454 8328
2293 7816
312 8065
2531 3884
5493 6595
3822 5046
6663 7738
4002 9377
4172 5819
30 6520
323 8228
1332 2192
6353 8652
467 3275
3767 9297
1423 7083
2389 5165
8654 9417
460 739
5334 5646
2834 3967
312 6129
1110 5898
3805 7760
1784 3709
7725 9629
3664 8329
4552 8626
1733 7220
2520 5977
5471 8601
1214 7724
1160 7038
891 5365
89 144
3035 6639
1737 8414
7055 8265
4934 7623
3740 4684
1282 9409
5584 7514
52 7757
6289 8414
7583 9375
6416 9348
3976 5307
1932 4863
6578 7025
1100 2391
3582 4687
2632 6702
1949 8839
1316 7771
466 7598
7583 9212
5417 7948
3005 4821
1138 5836
1201 9812
5157 7048
1792 8541
1687 4333
2835 5618
3095 7889
2359 8521
4394 5716
3292 5961
2230 4628
1196 4627
3276 8464
5632 6400
798 6269
770 8013
1236 8321
5914 8545
4300 6912
616 3015
3027 6243
2320 6897
3620 6925
4966 5580
261 6588
3885 4402
2867 3667
2793 4800
5133 9066
2676 3965
7411 9514
6536 9614
8275 8480
2790 9216
3451 3926
661 7875
2533 3119
2249 3065
5171 9827
682 7421
2092 3961
6633 7107
365 9769
766 7221
8966 9349
2201 2821
2118 5644
2308 9614
7096 7828
7907 9822
2528 8172
297 5148
4402 9032
1206 3584
5960 7165
2524 9040
8242 8902
4840 5742
307 3758
7056 8745
3621 8474
1570 7389
4506 8443
943 3460
3015 8246
1721 4604
3354 3355
5464 6291
2957 4415
9036 9119
1647 3102
555 673
5883 9617
1229 4986
815 7336
634 1481
5512 6658
2633 8199
2795 4096
5235 7897
937 5059
618 6110
5578 9693
8300 9374
5439 9186
1042 9696
2039 2269
163 165
2077 5116
1465 2963
6622 7432
252 5012
5836 9489
2989 3326
1388 6261
434 4497
7744 8267
6035 9751
3419 8787
528 7039
522 8571
454 8597
5138 8739
5948 8292
1459 6846
1813 2844
9176 9530
4099 4591
7106 7183
312 8261
276 4698
4897 9759
3802 9822
2148 3316
709 6984
1706 3788
1766 9671
1207 3119
649 7734
1999 3343
6642 8180
2556 5799
4699 5364
1681 5630
1849 2001
771 6179
3662 5000
4713 6183
1857 9614
4345 4770
71 2915
1327 9461
739 2651
1516 3514
51 6103
4222 9156
205 2548
5184 6690
3032 8812
3155 4191
368 2936
3816 5510
1055 7592
2352 5031
4008 9603
1227 3517
5279 9033
3534 8227
5350 6105
7312 9112
616 2671
1597 5615
4284 6558
683 4022
2077 5797
3408 7940
714 4045
960 6537
2 5660
6912 8029
2251 3648
9292 9342
2370 4280
1834 5097
8106 8820
631 1698
2446 8620
5085 5091
1324 9565
3982 9830
3653 3661
9372 9822
2225 9595
3585 8883
7100 9620
3008 8025
1092 9722
6097 8509
1460 5803
1920 3130
986 6240
4384 6912
2813 8387
1002 8526
8740 9249
4171 7857
1711 7544
895 5975
2416 6058
1381 2969
4284 4473
3939 7563
1602 4956
2559 3298
1471 6818
1573 5510
501 4784
2513 5320
1039 7414
2391 9674
7824 8598
682 7039
1577 4786
192 9760
4050 7818
5285 9498
6346 7834
4103 8571
609 785
4961 5365
4668 7033
6884 8063
642 4158
357 4895
2965 6301
3301 3362
1274 5025
82 1644
7569 8228
211 7557
5863 8762
7412 7460
6105 7261
737 7930
4910 7961
571 2562
1554 5264
6465 9781
5637 8845
994 4300
940 6576
1685 6813
2314 7198
1386 5947
1443 6522
2597 7206
1437 4242
1825 9262
25 5988
1138 5150
6667 8126
3585 3805
701 7209
3438 9121
5649 6047
4184 9135
2187 7074
4076 9617
3320 6593
3957 5577
7505 9073
2964 3341
4968 6443
3645 8820
3753 7414
4063 5400
2498 4413
7083 8094
4038 7059
1343 2198
1161 8275
2076 3628
4684 8949
3913 5384
1386 8413
4255 5839
493 6284
4149 4497
2297 5028
2356 3002
4303 7518
3531 5737
7932 9069
2657 4645
6558 6650
2097 4924
1022 1541
2239 5330
467 3084
5203 5511
6017 6147
7981 9040
1802 3384
5202 9537
641 2498
1910 7079
2179 2379
380 1161
1471 6053
496 9600
1952 7981
1327 6164
456 1267
1224 3717
5955 8604
887 1928
149 8618
184 4438
32 2201
4284 4384
5217 9700
1064 6340
5510 6523
1150 6132
2297 6518
6576 8774
732 3342
3528 4954
2381 6025
1358 6273
6326 9518
1166 2481
3832 6309
3648 9050
701 7909
4765 7543
2464 7976
5094 9741
3313 3991
910 4473
254 3228
8519 8940
1631 4315
3841 4172
3751 9715
6972 8961
2127 8116
3292 4455
715 3234
2554 6137
387 8431
2481 5255
5845 9059
7975 8694
534 6201
519 5098
7809 8317
3573 7893
138 9774
5950 7607
1510 6339
1437 5365
1355 5459
4493 5456
7289 7855
2992 8745
5044 9125
23 3584
7465 9518
8561 9494
4067 7432
4200 7919
2785 7855
3285 7495
7950 9328
4748 8029
1131 5125
5447 9511
2575 9758
5867 5931
7336 9490
2768 6195
616 2230
5040 6179
7346 8801
473 1728
4775 4947
6062 6906
7358 8556
3483 9065
3471 9109
387 5921
4464 8654
2503 8310
2623 5039
3579 5579
4782 6635
2161 9706
2922 2975
120 2745
4602 5279
7855 8126
7285 7333
7458 9600
3932 8452
7656 7829
2857 4146
5754 6591
1298 3628
425 4532
4233 8552
6922 8191
312 8202
2815 9854
1569 7399
1813 6038
7699 9476
2568 8409
260 6129
9325 9498
4342 5323
320 3913
5292 7943
1438 8102
536 629
7234 8147
5345 6711
5090 9574
2367 6940
2314 8837
622 3656
81 862
234 8271
4746 9827
2898 7813
3065 5312
758 4630
793 3744
5910 6073
816 3361
495 8797
6180 9270
5938 6843
3081 3227
380 1160
3227 5964
1478 8471
3936 7658
4537 7528
1964 7038
580 5513
4053 8545
7600 9659
7196 8273
2792 6027
101 1642
9565 9677
7087 7766
5694 9198
2934 3996
352 4602
6609 7243
159 8448
1006 6323
4389 7939
879 7559
7201 7461
2694 9373
2967 5818
382 494
4663 9247
269 8050
3748 4851
3058 3662
5341 7058
3097 4292
1949 4082
6053 8738
1494 3179
5833 6338
464 1506
1827 6701
6393 9083
8397 9513
4252 9118
958 3644
4752 5792
1391 8242
1075 6653
285 7704
862 5085
423 5938
2211 6989
5159 7231
1462 9642
391 5800
3176 3211
5780 7196
1681 7200
8242 9873
7387 8355
2559 6035
43 2205
4416 6798
6357 9541
3359 7903
8266 9420
2382 3655
6393 6873
774 2752
1934 3792
2842 8956
3227 8181
1609 7898
3132 8452
1625 8101
5363 6557
2595 7396
3652 9189
6374 8766
5325 5654
3031 3668
4126 4899
3955 9440
4455 6678
3195 7190
6738 7820
1731 5745
3686 6472
5184 5880
1934 5556
2012 7317
3360 9380
6053 8999
138 3550
617 4375
3223 3381
2665 8760
6444 6998
2813 5324
7605 9062
6007 9492
17 177
6129 8479
5221 5279
3945 8241
3540 5145
536 4190
1801 5549
7716 7911
5252 7930
958 8495
1968 3456
370 6871
3049 3659
3071 8694
4142 9363
5338 6670
3057 3067
3944 8999
5384 7099
3796 7456
2164 4835
4582 9200
542 2979
2266 9055
6535 8697
4067 5612
4018 4956
1139 6283
4761 7106
7274 8740
6975 8654
3390 7411
2255 4154
2442 2443
2239 4022
362 363
1120 3058
1520 4244
7083 9059
714 782
399 5443
501 5952
153 227
2163 6980
870 1580
654 8296
4223 8287
6816 7323
3031 3650
7307 9291
2950 9034
821 4581
5073 5981
1376 4684
1948 8509
6103 7785
3437 4101
7148 7160
1700 8734
6689 9186
3132 9073
1362 9705
7197 8447
922 3978
2600 6931
7201 8296
7104 9373
1518 1961
8065 8275
7595 9602
9241 9537
4744 5807
5052 5585
4010 6243
2960 8111
6111 7071
7819 8484
1436 7563
913 1851
741 8011
832 4571
5996 7106
1733 4818
4226 7258
1997 5001
1737 6129
3565 6558
2507 7822
1321 8653
5326 7353
173 2566
3668 9692
2736 5560
765 1015
976 4167
65 4125
3517 5742
5745 9292
2842 5521
5915 6182
1882 3822
40 2487
5365 9114
1156 6594
7631 8705
357 6267
8739 9056
382 5322
2775 8304
4038 7019
783 9417
7495 8012
1225 7079
6490 7989
2408 6667
734 738
5695 9857
3022 6015
2446 7380
1968 4747
1687 2658
3367 6067
4710 5806
1506 7265
8261 9724
445 6225
2383 2573
3703 6509
2944 7014
3184 5831
4200 6090
1637 3550
1314 1971
4612 9153
380 4061
13 6234
8315 9522
7290 7586
8107 8275
3227 6235
9097 9110
3387 9003
2371 7867
1484 6464
5944 8762
3572 7594
3614 4950
1148 9674
3539 8236
7038 7106
1948 8593
681 8660
3374 8106
2249 7424
4094 8212
51 7785
8413 9716
4147 4149
169 8854
1450 4199
2320 6558
6009 8908
6316 8819
3369 3884
5650 9348
714 5676
6589 6824
1471 4333
127 4580
2429 5028
1368 7759
1453 7454
1397 7298
2786 6222
9023 9055
1315 7472
1602 2754
2320 6010
4779 8191
3902 7893
1473 7785
7156 8261
5089 9675
4101 6605
3717 3993
3747 7840
3265 9815
2661 8456
8042 9562
8452 9725
8365 8667
577 9828
4447 9316
3878 4769
2401 5478
26 801
8041 9763
3434 5099
3441 5079
7959 9013
1377 1494
1450 6027
4013 6298
2581 5374
1178 2647
2822 5773
2718 3495
3355 9460
4159 7607
288 8681
5859 9514
6210 6468
2778 5661
2979 6819
4729 8345
6283 7165
140 5063
1159 9229
368 4490
8595 8708
163 3787
629 4815
2817 5012
1828 8505
4610 8301
52 151
4513 9607
2952 7603
4611 5322
1672 7547
1172 6300
3128 7048
9565 9730
1473 8119
1681 1854
3310 9265
2097 8636
3595 8000
1990 8331
2606 2902
1100 2112
3724 9662
1282 6564
5938 6415
4932 6949
6675 7233
6174 7600
4325 9072
357 4844
445 9190
6303 8306
5401 6768
3589 9765
786 5506
1733 3346
2838 4698
5482 5506
3659 7314
556 7156
6006 8962
7552 9537
3045 3648
2249 6405
1685 8879
83 3076
1161 6129
9753 9827
81 9339
4388 6645
6577 8680
6030 8998
1963 9817
1208 7200
1906 9465
1999 2179
6390 7039
5244 8846
164 4522
3287 3991
6710 8829
198 7614
191 9642
4103 7570
677 4492
4600 6337
695 6837
341 6761
1115 5991
8627 9639
1717 6938
2814 9029
6659 7234
1256 4362
1569 3603
387 4257
292 6371
1332 6912
3504 6937
1937 3318
5978 9189
1461 4473
3339 7595
7393 7430
3889 9536
732 9378
6891 8411
5152 6505
3964 8032
5071 9831
3367 8980
3755 6335
960 4279
6390 8324
3869 6103
295 296
1930 4520
3535 6622
776 9003
1035 9073
910 4284
3634 4605
1299 5350
4766 9350
4668 7915
3341 8559
7089 7593
2609 4893
2888 7774
930 7620
222 1987
582 2287
906 1937
5400 6497
3119 7855
1500 6472
5727 5797
8458 9299
3411 4812
1113 2626
251 9537
5069 6936
5552 8647
692 8545
4761 8704
8745 9166
4362 7323
2797 4180
2756 5495
2179 6880
3355 7242
5099 5617
1793 9543
325 6694
555 5996
3487 6763
764 3479
1185 1671
2189 7290
746 3302
1084 2490
7687 7802
350 5827
3452 6747
3269 7478
1332 8029
613 4590
175 8883
3988 8941
7499 8800
1471 2109
4220 6135
965 8670
4595 6123
2328 2629
2651 8995
209 7123
2827 4395
2778 6234
836 2067
4010 6133
2073 9459
1209 3584
2455 9078
5683 7432
3536 4431
2098 8396
232 2383
2092 7005
848 5333
4063 9373
2778 7785
967 4319
5649 6494
1999 2533
1934 3119
2117 2140
3642 7887
902 6596
3859 9182
1426 1733
2501 7977
958 8870
2157 4492
765 2818
732 4812
4118 4826
1052 4438
1851 5471
0 7049
1967 5682
1414 2389
2924 7933
8028 9409
8853 9349
3027 7223
1167 1782
2936 8842
1932 5678
8045 8318
2894 6900
3164 9425
4478 7743
4034 5541
91 5686
629 7079
1229 3478
9034 9055
673 6693
429 1462
882 9160
5486 9247
6549 8638
3906 7233
1796 7938
1265 5485
1486 7419
7984 9027
3265 7535
3205 3662
2735 9514
285 673
1809 5322
732 2237
203 2534
180 1151
6105 8346
3138 4150
2420 8305
1877 5852
3383 6943
1229 3179
5725 9696
3914 6038
6241 7439
4957 7466
3898 7196
6249 6265
2816 7593
5558 7809
1400 7835
2565 5917
2929 7553
8746 9147
3128 5145
4336 6272
3109 4900
5548 9626
1374 3384
3964 5335
3527 4895
1684 1686
5324 9357
4259 5274
1 5034
9414 9726
8058 9337
5761 9711
5132 6834
1746 9527
3286 5187
2165 6808
3870 6142
380 8261
3532 3982
989 9008
5942 9096
629 1036
2892 7943
2926 6223
3010 5673
7110 8744
4288 5976
7400 7614
3143 3723
3831 3892
4208 6323
2690 2729
8185 8292
314 9575
3372 5934
3483 5548
809 3339
6345 6889
1760 8724
2237 7114
5195 7110
1056 5555
3962 8843
3468 7951
3274 4878
42 5659
6306 9367
1002 1932
4318 4809
2585 8921
1649 3228
3132 8094
31 2237
701 2307
8448 8663
7553 7603
6321 6328
2804 4002
436 4966
3571 6729
8329 9784
3963 5349
3205 8850
5384 6414
339 2011
1133 8534
3611 9427
4477 4672
3119 8126
2075 6384
6018 9053
375 8531
6340 8089
1912 3223
7598 8529
892 3232
3471 7819
652 4817
4658 6807
6278 8021
2413 3569
5636 5947
2201 9086
2067 6166
6726 9793
5859 7411
5221 7461
1924 5047
3207 8127
5045 7760
2580 4333
875 2217
2892 7438
2296 5769
4088 7241
980 7408
7499 9198
4057 8127
3452 4684
387 389
8147 9740
5686 8763
1597 4103
6473 9162
3690 4053
1201 8111
3662 3670
3914 7290
3067 3670
7990 8246
6098 9334
695 5073
7451 8056
1409 6371
5686 6010
6674 7381
4227 7849
2953 5180
2811 3729
1052 2877
3668 5655
26 3487
210 5556
1551 6057
2735 7162
1919 7279
1893 4598
1013 4407
2671 9514
5748 8661
477 8531
4368 9493
8823 8980
7111 7365
2813 9023
4260 8516
5531 8897
2118 9728
1670 4815
5328 5733
175 2109
7623 8843
3591 6155
2778 5510
4829 6019
7344 8126
1466 5000
832 4639
8736 9043
4605 6868
6925 7209
5145 9400
5674 5979
4218 7613
9263 9265
682 3662
1754 7697
483 598
904 6001
3957 9642
1421 5522
4431 6576
6544 6896
6576 7144
1478 3542
7328 7930
97 9412
2693 2985
4839 9656
1190 2391
4052 8604
5461 6517
4054 8598
5754 9390
2471 6208
7994 9596
58 5249
6451 8804
4174 8185
609 7176
5564 7721
2292 9512
1826 3849
9287 9293
1074 3710
1 5655
1542 7848
603 641
1610 6842
3669 7941
1306 1662
1156 7593
4815 8191
463 3643
3024 5730
6572 7524
239 4336
5908 6776
2281 9410
509 1390
1520 6283
5709 5864
3643 7312
737 5345
2813 9754
1142 9716
947 1109
4752 6272
7616 9349
119 2389
2061 4412
940 4416
1895 5661
3291 6876
748 9175
428 4461
4653 6622
3256 7916
6199 9662
1225 6988
3980 5957
6871 9780
8 3054
1659 9774
159 7078
361 6359
339 2615
1893 8615
5479 6376
3787 5238
3062 5653
1346 1825
2867 6895
1689 9634
232 6897
2899 9382
6204 9693
6877 8377
1644 8631
4338 8629
1369 7785
7785 9073
2969 9353
8267 9551
3504 6928
4206 9180
1385 4152
689 6714
6974 8745
477 5724
4263 5154
629 9000
2149 2439
3822 9154
1999 4103
3372 8529
7858 8654
981 7785
617 6866
7157 9760
3304 5395
3746 8649
3134 9190
4173 6896
5727 8530
1482 3027
3670 7149
2088 2965
707 9513
91 6010
7622 9701
2891 6873
2248 9010
6813 9672
222 1578
3228 4180
4402 4739
4260 6802
7853 8634
4945 9047
3081 8484
6576 9660
697 9801
947 5738
3783 8627
1014 1644
628 4694
1987 6637
3011 7699
5642 5708
3059 3499
534 6040
3529 4902
5352 9147
3109 8890
5897 7522
1134 1270
6057 6596
2288 5602
1027 1592
4322 4772
4262 8987
1974 2722
1019 5073
5398 7864
2330 9282
357 6265
9144 9204
191 6985
5298 9634
5569 9183
6018 8296
5762 7374
6576 9662
7607 7729
392 8437
5154 7071
1042 5798
3512 7151
4282 5153
5915 7596
6674 8744
811 9767
169 904
2540 9486
1277 3502
370 5046
1987 2263
4430 6696
8236 9559
2067 5341
3473 8798
4825 9321
868 8025
6384 8219
228 3612
1561 4781
3971 8702
2266 8191
7141 7982
3748 8925
1783 5568
3263 9414
2533 4103
393 4389
3337 5086
5447 6081
981 9736
7333 8212
7025 9811
804 1578
8236 9502
7677 8666
436 3518
2098 8766
1982 8038
3590 5401
361 2179
334 7735
6129 7198
1381 8781
4250 9597
2017 6876
1256 2950
2192 8836
2109 2179
2884 3993
1573 2114
2731 7975
2746 4395
301 4056
1295 8997
4329 6895
8461 9691
2259 6314
1449 2805
4350 4363
8992 9150
3339 8749
378 1360
248 6670
1756 8661
1934 3223
2000 3590
6193 9600
7904 8127
232 5911
1728 8472
8492 9350
6642 9209
4190 4835
1374 7069
3223 6246
3748 6164
628 6478
2013 5394
7990 8598
2847 4066
1177 8736
153 7787
4886 7941
1433 4887
7536 7673
1002 8840
7595 8762
7917 9576
2523 2894
729 9229
4993 6726
4779 7188
1651 6759
2204 3140
4272 6193
3980 8315
3879 4530
1438 6939
2439 7138
1742 6013
1787 3365
4870 7960
2170 8448
3150 7454
5620 8702
836 5341
1350 3765
3962 9596
5489 6996
3805 8265
3822 6782
5134 8531
4227 8242
5225 9610
3434 8452
8118 9073
1573 7396
3258 4661
8267 9373
2915 4167
7196 9190
5548 6693
4895 8452
4924 9430
2744 7459
7569 9285
5649 8173
614 6442
4227 7599
1805 4391
1973 4729
1150 5704
2655 8356
2573 6296
3733 4436
4341 5840
1158 8201
2615 3072
2521 5398
1990 5021
510 2050
6576 9497
4286 9728
3996 5158
2033 7455
2471 7462
1782 6053
8094 9073
2637 7534
210 4167
3789 9820
588 2968
1471 9769
323 7649
413 9180
3990 6333
1443 4269
4614 5000
4001 5686
8738 8999
8647 9160
1506 7298
547 2856
285 851
3002 5921
4041 4627
1881 7804
5385 9112
3718 7100
6241 8267
3973 9453
3193 7690
4373 8270
4329 5579
1968 2368
2755 3526
6693 9544
5754 8126
2489 2900
2661 8595
285 1471
2795 8171
7201 8068
3945 6872
713 3066
4501 4756
195 7726
2519 4903
975 3763
8977 9004
1813 7340
3885 8302
2458 9265
2726 6621
284 4724
584 1327
1284 4932
1491 6193
3926 8162
491 1934
5820 5960
4284 8836
1367 1762
8318 9753
1443 5556
3114 7276
3556 8089
1592 5555
2134 5813
2593 9430
813 7893
2921 5365
4289 9456
7592 7998
5382 7813
8387 8995
5258 6895
1671 4039
7565 7728
6988 7039
4256 8914
7358 8943
3724 6576
2487 8634
6924 8717
3548 9177
9343 9843
810 3550
6165 6268
4200 6655
3049 3648
4049 6643
2969 3641
1192 8684
4337 4873
2304 6035
4388 5641
6070 9477
2440 8112
1455 4044
3390 7904
2844 9842
1870 3158
8032 9186
5794 7704
2006 9073
9101 9279
4653 5593
2235 3247
4311 7643
7174 8554
3832 8873
345 6827
6023 9843
4180 8883
4165 8071
1657 9537
349 8758
1391 9092
1526 7789
2755 6659
2834 3868
8456 8689
5514 8228
2482 2936
1642 9424
2987 4950
1208 7670
5385 9084
8414 9510
1165 8938
4469 9511
1364 5165
4661 6155
1547 2170
9519 9656
8774 9721
3451 6693
8833 8923
5691 6243
1392 8025
1702 2844
1687 2606
1385 5877
3305 4125
4576 6665
4820 6469
2446 8634
4930 5809
1493 6496
5217 8605
6485 8890
5093 7158
2130 5542
6060 7636
2412 7910
5482 8452
1477 3939
632 8638
5986 6669
2371 7106
3689 9243
276 8094
6030 7769
6338 7333
8665 9411
7596 7990
287 480
1391 2887
4892 8628
1055 7091
4665 6447
2080 6869
3848 8459
4088 7311
6049 9749
893 6013
5384 9420
3392 3826
5482 6974
6696 8919
163 714
1896 5700
1126 7872
4010 8267
4344 9567
320 5266
8455 9575
2035 2128
9374 9495
1769 2201
3920 5242
3122 8920
2799 4934
9497 9660
3656 9158
8305 9323
5756 8484
4413 9255
474 8239
5377 5520
4495 8225
2179 2533
3043 5663
4180 6103
5115 8109
5484 9803
1116 3658
7336 8750
1159 7472
1628 3958
1295 4945
4469 9529
2338 9373
585 2901
3501 4802
2513 7000
4101 4401
6129 9190
1487 2665
3681 6422
624 3753
1206 3816
326 5187
3028 6011
1043 9722
866 8268
1268 6173
4111 9617
6047 7278
6844 6939
2609 4895
1742 2230
780 5938
490 4711
6791 9423
3568 6405
1311 2230
1229 7200
80 3564
1681 8236
1564 8049
9381 9589
4130 9546
3774 5378
3620 7209
7804 8501
5703 8651
5860 8504
2980 6164
3786 4010
5701 5866
9158 9370
232 7202
1973 8160
250 9705
2543 8335
9058 9828
2533 7583
720 4667
3906 9140
1142 8661
5584 7408
3062 9113
4180 8267
3709 5550
5078 6148
2519 4817
3628 6384
7549 8883
2148 8818
3884 5204
3906 5040
2875 4790
3437 4890
1224 1330
4656 5740
3981 9101
4473 8545
3031 5655
2216 6651
3903 3932
4815 7188
1385 4507
7225 7655
522 3227
4509 6853
3587 7839
868 1444
46 1061
6616 8108
5693 7547
664 6632
2661 7541
2458 8387
5966 8130
4317 5236
2858 9576
2846 4131
5957 8315
4614 9166
1808 2070
254 7326
2598 4933
6193 6201
947 4107
1912 7855
17 2701
8649 9464
2573 8763
1233 4298
1578 3114
1620 3095
3717 8687
732 2303
2735 5305
3404 4967
5107 9246
579 9518
2295 5378
1077 4438
6744 9037
6057 7643
3218 3279
4411 5745
2947 3448
4263 4578
180 4690
4844 8603
770 4951
1162 1280
3763 7681
5804 7108
4684 4948
3681 9827
663 4313
604 1835
1669 9409
6693 7560
706 2453
2073 3375
566 9834
3396 4520
3722 7675
4883 9230
1025 8552
2748 7813
2819 9378
8013 8033
350 6309
8991 9528
18 5574
4402 6474
5420 7619
5365 5794
2127 7101
3909 6646
1487 6234
2429 2503
4450 4770
3279 7328
6687 6700
6694 6765
6142 9370
118 1455
2945 2993
1439 6761
483 8562
25 2590
5241 7267
3093 5050
1829 3512
157 8327
1610 6636
1690 2098
296 5220
80 3133
2497 4241
6993 7261
552 7346
1138 9363
21 4389
384 1087
2785 8068
358 6854
6059 9722
1115 6149
9056 9265
2530 2554
8530 9689
873 8650
7199 9099
2517 3052
746 801
228 8241
2503 4691
4063 4684
5500 6636
5722 8315
4975 8089
8210 8273
746 7103
6066 6890
2412 2795
314 9163
5981 6605
2109 2778
1681 3227
6744 7988
4966 6612
979 6053
1203 5202
2314 7839
2412 3291
1391 2359
600 8318
4190 7401
3950 8216
7956 8585
358 732
3750 8456
6609 7907
399 5577
8722 9822
7161 7250
483 1573
4257 8979
2397 7814
8304 9265
381 857
771 6478
2869 2969
4015 5370
2 7533
2675 6101
5137 8318
7688 9390
4869 7452
462 8332
2250 4661
8324 9196
848 2204
2293 8060
6498 9504
406 1437
1506 8159
1745 8252
7675 8314
1696 5866
1694 1826
3058 5580
3431 6318
3365 9298
2566 4371
4699 8999
1209 7860
3119 5701
1568 7915
5152 5456
5244 9321
5050 7439
605 1284
4433 8079
5302 6132
1782 1813
904 5447
2931 9820
1071 7039
2126 8218
6821 6844
3424 4540
1037 7785
4230 5235
3450 7589
4814 7785
164 8262
5436 6880
547 2345
9152 9802
537 7578
293 8265
7990 9235
4614 6234
5327 6911
2013 7913
5492 5649
2511 4351
3945 4610
1149 9676
4446 7634
4062 8948
2000 4794
3849 7704
2220 8622
2028 8085
3822 8414
32 7198
1332 5911
4585 5085
19 5569
9260 9629
4469 8545
3065 4045
732 3884
3786 7727
3783 4956
3951 6087
7196 7374
3146 8425
3306 9424
2281 7785
2556 5091
3976 6043
2187 6870
7438 8904
2945 8953
7199 7760
4702 9371
2930 6136
1197 3285
4891 8013
597 3971
6193 8282
6668 8526
2615 5600
1926 3065
471 9421
1434 6891
5444 8257
7470 9767
1674 3751
5583 7825
940 8774
4367 9012
7196 8628
3932 7073
5195 9147
4091 9827
1275 9118
5336 5964
1294 9706
3987 7306
770 8623
3775 6152
1068 8749
153 1324
5780 6349
7346 7477
1589 5159
3131 6895
464 5163
4284 6010
6147 8029
1817 8745
6015 8202
5386 5655
2577 9285
4395 8094
4863 9617
3994 9819
5808 9639
7404 8549
4103 4752
6928 8654
3536 4416
2672 7976
2913 4691
3884 4851
2200 2808
3398 5826
2965 3384
2237 6007
6595 9621
3470 6752
1321 1362
6093 7241
5085 5087
5046 5221
4097 9518
3042 9727
1381 5892
1099 9179
2975 4932
5829 9190
8630 9537
5388 5659
3313 8011
6064 6171
4829 8197
4568 4569
5210 7392
4451 8160
2595 6574
39 5034
319 5435
306 4017
279 1381
1081 5211
6987 9235
4604 7677
444 4690
2334 3375
5322 9367
3437 4945
837 2554
5104 6355
6046 6552
1477 7889
5755 8191
1494 7234
1345 7188
210 924
237 4076
2888 8272
2510 6752
811 1831
849 6474
1215 7076
3644 4957
1329 9186
3994 6049
1750 5482
7113 8942
7282 7419
597 8938
2277 2281
1813 6033
534 6316
4311 5646
2679 8903
3319 8187
5935 8028
3011 8353
6328 9829
4190 6628
3437 9635
3475 3485
3932 9488
1144 1561
7985 9122
5368 5810
8738 9265
80 827
2487 4286
907 5934
567 2370
5221 6129
7219 7538
2158 9834
641 9255
5690 7452
5187 7681
3932 6018
7034 9302
285 1711
2797 9659
4416 7460
6562 6710
6249 8347
8774 9660
6208 8545
2764 3906
5910 7156
3103 3161
285 9420
2175 7649
8877 9782
991 7083
4063 9551
1594 6757
2128 8353
2010 2965
5655 8424
7926 9023
7959 8212
2844 6136
3822 9510
4062 5489
1061 6186
4384 6010
7775 9494
4151 8722
2471 9429
1160 4061
4245 9197
2012 9361
4441 5776
981 1161
7595 8537
1784 5256
2310 7224
5780 5829
1375 6864
6326 9551
232 8763
8221 8829
3293 4303
8169 9302
1410 3645
468 2345
2945 8576
297 7443
491 5942
646 2098
5833 9769
650 5904
8094 9375
462 7405
1599 8094
1136 2092
380 9548
5000 6035
4131 9600
1482 3387
7141 9715
9644 9743
1790 4221
579 2576
3829 6261
1738 8882
2792 3996
4540 6002
8065 8480
7385 7498
1506 3613
156 3964
1 3670
2517 6393
7019 9734
1161 1315
3075 7168
6147 6296
2144 6779
2359 6768
2785 4180
3272 5150
3429 6535
1825 8740
5695 7605
3357 7460
4205 5153
6845 9176
4149 7541
5510 9440
2037 3099
4171 6555
3762 4065
4671 7115
749 8002
1450 4035
3062 3065
3097 5024
6657 7126
6738 7315
823 4236
4069 6515
1933 3090
9000 9626
771 1450
1166 7543
4571 5976
5954 9677
4647 9489
2611 3722
1268 2494
1825 8975
5889 8051
232 6296
1618 8384
7114 8127
7575 9100
855 5244
1329 3712
6278 7408
5910 5995
5541 8096
790 1784
2866 6665
3661 4932
7931 9381
5741 5839
4342 4759
5862 7461
357 8265
3442 6228
6897 8763
6078 7870
7610 9118
701 6291
8345 9225
3765 9109
3007 4700
128 3595
3058 3206
7499 9415
1709 3678
6204 9620
8844 8862
1430 6201
265 8918
7144 8774
228 2716
1100 3991
6917 9239
4079 8070
8445 9861
4274 5160
1424 3005
464 1301
2471 7760
2746 4421
7070 9815
913 9659
1859 4342
3298 7906
347 8186
2892 5025
1750 5821
323 4057
3683 6316
5862 6643
2540 8461
6289 7462
5858 9136
2364 2560
6850 8955
3991 5548
2101 7201
7948 9785
5489 6335
3105 8310
6171 8864
5998 8938
4041 5858
6939 7845
2160 8361
8344 8688
210 1445
5661 7839
2224 6615
4872 9157
2554 3098
1999 9775
2668 5567
1125 4978
762 8454
6739 8195
161 3205
1526 3829
8448 8638
1120 3206
629 2537
387 6406
3652 5171
1750 1999
1392 7867
5396 5436
1804 4336
573 645
3003 4091
2156 9317
143 9370
7445 8814
351 2579
2797 8230
2856 3399
9022 9040
323 5444
4225 7363
1822 2442
2531 8925
1920 5627
6351 7472
4067 7073
3847 4752
3944 7198
3049 4556
4269 8819
4314 6576
3833 5839
6864 7977
4138 9623
3031 6677
6360 9165
3092 3321
3483 9489
1965 9671
1244 3438
1348 6559
3982 8735
3670 5388
1895 2359
1597 1750
6103 8601
958 9496
4254 7381
8767 8949
2225 8877
833 4288
3163 9194
5197 5711
1700 6726
6647 8211
253 2391
445 5841
7425 7759
4151 9822
1303 3046
1780 7869
190 617
2201 8980
1187 5195
1444 5365
1291 3967
2391 8424
1382 6951
3936 4902
1714 9752
8696 8853
1236 2450
7198 7984
4460 7276
812 2540
913 8789
2993 7408
6868 7818
1497 7573
1753 8966
1472 6418
6147 6650
3479 5762
6121 8767
6843 8550
5343 7333
3874 4769
4066 7432
771 3906
1597 4895
7362 7383
3279 8570
1436 2680
6625 6765
445 1161
1337 6747
5524 7458
3921 8882
3634 4151
6465 8657
833 2841
480 8514
1861 1896
1416 1418
1338 7622
8745 9055
2056 5049
5136 6696
6086 7760
4480 7447
2271 4045
629 8452
7413 8236
3945 7432
2323 6118
4455 8661
7825 9801
4220 8509
2746 7055
99 6339
6028 6838
827 8730
4176 7083
3232 3861
4045 4669
7418 9229
2894 7515
216 7704
6768 9361
7785 9422
4691 6868
7200 9467
1766 9488
423 1434
6261 7527
2482 5023
25 5153
2075 3010
4229 6690
5686 6558
3081 3643
248 6577
5322 6958
7885 8778
2471 9725
3670 9807
1952 9822
273 5104
2958 6244
2596 8342
3397 4791
3086 6341
4019 7178
1144 9155
1850 6940
5047 8123
987 1698
496 804
7251 8452
4053 8413
42 5388
9026 9787
2890 3439
6738 8195
1105 5813
1105 3561
2531 3344
2856 8424
2098 9186
1770 9102
5365 5516
4775 7072
5880 8603
410 9656
1653 6660
4556 9291
1146 6085
6531 7009
3644 4785
3767 9265
2276 5072
1444 6024
7425 8507
5075 6955
253 3127
2271 6751
2147 9014
6176 8736
3662 3869
5134 8628
2371 8123
6367 6616
5683 9168
7814 8169
981 8515
7163 9576
6558 8836
6595 9598
2212 4218
3702 5599
7153 8148
1186 2628
299 3584
7738 8734
620 1565
7410 9537
3205 4720
3338 6993
2298 3165
5800 5845
2234 6393
6766 9189
3594 5384
994 6147
8509 9171
910 8836
3587 5205
77 2741
4564 7105
3042 3659
1511 5450
3327 7063
312 380
988 2098
6570 8631
2735 7159
6947 7328
8631 9156
149 5938
423 8101
3966 8796
231 6629
5600 7742
4401 7394
3002 4132
1224 6329
4545 4919
2951 4135
6050 6323
5069 8474
1334 7170
4934 8641
2471 2902
361 2109
4910 9265
4668 9030
2511 9027
411 7198
2932 4941
4413 8083
1309 3079
5317 8295
2125 9166
4815 5556
7522 8318
4542 7234
5025 9105
2291 5602
4430 9380
1058 3128
8241 8999
3572 4843
754 3642
2452 4895
4284 5686
5153 8639
2593 4924
1551 9491
32 4038
1592 2800
78 8374
3966 8732
6693 9774
6145 7863
4629 8448
402 4221
2927 7839
6596 7717
1794 5487
1546 8686
5296 6642
1777 8777
6409 9092
119 1217
1256 3105
382 4127
5327 5463
3151 3672
2192 8763
1509 7766
1276 3009
8491 9192
1087 2644
631 7849
1353 2905
3470 4804
4141 8266
2812 3605
2359 3022
2290 3430
2458 8995
556 9767
216 8236
4869 7772
3028 4640
4196 7477
3558 7076
2436 3693
714 9373
4557 5118
2064 6209
1500 6561
3268 3539
5695 6572
7952 8462
867 2263
2427 9019
6063 6825
6129 6818
5237 8301
5524 9383
4013 5744
8038 9409
2958 6533
1385 5055
3773 7047
6563 7395
7606 9543
1227 5742
3258 7323
5615 8452
3831 8304
1215 6064
1737 7377
746 3487
3729 8791
296 422
9190 9774
4823 7766
6798 9662
1833 3435
4511 8801
2304 4968
2644 7323
6049 6067
4314 9660
3428 9298
4885 7303
5605 7629
387 8579
3692 4263
2990 7169
2314 2927
5591 7391
2156 7595
1642 8580
5102 7113
77 8389
2717 8432
1880 2410
4995 8064
1456 5612
2503 3105
7889 8995
830 8879
99 1685
4436 8325
6348 7076
618 5540
387 6243
5447 9591
832 6828
7423 7956
3631 5592
7261 8509
5772 8893
3134 5780
6572 8156
473 8035
5609 9621
405 7374
2846 7458
12 9115
1728 7156
230 7125
264 5322
2146 9105
6662 7781
1025 8446
2913 8752
4075 8078
6015 7605
862 6667
3792 5821
5159 5199
8344 8988
522 4103
1294 3724
2230 3671
1052 7276
5660 6448
8203 9471
3359 3972
3652 4237
1335 7825
1967 2557
2192 2320
2795 7139
5973 9400
3834 4792
1506 5365
430 4614
413 9737
2943 6344
3065 6448
491 2281
7164 8887
1461 2383
6979 8846
260 1895
8529 8995
1004 3367
5362 9241
3065 6677
3799 4756
7633 9873
3884 6544
6403 6722
981 3864
3935 4206
6657 7193
4903 7333
1564 6226
813 9198
2644 5858
2735 9168
547 9600
1513 6075
1729 4734
3906 5582
4610 7079
4019 6895
3049 3065
5655 7534
2095 8061
5384 7091
9318 9409
1282 5646
725 7039
2103 9406
1698 3517
8591 9598
2130 8296
5976 6497
1967 5344
2797 9379
679 8261
1904 5855
7565 8007
230 6339
6165 7613
1367 9431
496 1077
859 4938
857 1968
4982 6738
2810 3043
2885 5772
5763 9762
3431 8298
1891 2988
361 7236
3518 4966
684 8009
4284 4748
4852 6824
7543 7594
1091 4394
6578 9811
410 3188
2778 8957
4182 6376
4327 9012
1209 1406
4182 5479
1780 3667
9206 9854
8365 8509
2630 8598
96 8490
1033 7908
923 6240
2895 5015
2266 2522
951 9367
838 6229
7586 8539
1085 6652
341 7177
8526 9605
7514 8953
4103 5482
1358 4762
2758 2892
1173 8955
270 5272
7563 8995
3313 6478
2888 7020
3561 5161
3430 7426
1502 1932
357 2633
7843 8733
2380 2987
1688 7675
1456 2452
1014 3859
8191 9099
990 1012
5461 8915
5870 9566
4684 6121
3590 7534
292 3580
4002 7408
6182 7596
983 8426
3870 9827
947 5951
3327 3474
6442 6866
1184 6242
3722 6017
679 1666
2508 4046
4006 6018
3058 9747
668 6456
2248 7249
988 6153
3722 7594
3795 3881
3357 3536
3318 8127
832 2899
573 2780
4619 5947
3058 3430
298 9511
2471 6974
3057 8702
3652 4420
6234 7340
1211 5899
4252 8306
6129 6574
2804 3076
1737 7864
4815 6702
1593 8884
948 6910
1087 4646
810 3750
1560 4631
2591 5640
8629 8661
4684 6810
4253 6040
2987 4032
1753 4101
4840 8147
2313 9530
1190 2975
3693 9185
2004 5530
2433 6963
847 1839
7581 8094
3619 6483
8747 9712
4416 9660
3067 7826
2604 4469
2201 7697
2251 3206
2438 7093
981 3717
3543 4451
4342 4743
1161 7106
5132 7398
3451 8119
5365 9489
1946 3584
4513 6022
7670 8165
3422 5390
2212 6165
2001 7971
5148 8421
467 8508
8723 9237
139 9317
5039 6030
8765 9350
2637 3663
4971 7899
6548 7607
5610 6595
1478 7039
5160 6695
3100 9291
1341 4463
2408 2773
3152 6003
551 1478
3226 7830
4609 7566
4521 7472
882 5329
3649 7127
3274 6368
3016 3282
751 7713
481 748
958 1688
1462 7419
3649 9381
3218 6187
3668 9111
8628 9050
6003 9186
5419 9025
3328 4469
8733 9143
467 7707
7914 8212
1795 7952
2676 5835
3902 6939
87 7884
4957 7414
1633 2907
3159 7328
1513 6208
6788 7236
3377 3668
560 7488
1135 9445
1622 2493
831 8940
4930 8600
3923 6807
8236 8327
5529 5826
4318 5831
7417 9018
3875 9342
1062 8361
875 1928
1742 6193
4634 8613
6713 6864
2644 5403
5661 6234
682 8282
5256 5568
5865 6480
3049 9110
1429 2126
3232 4252
1338 4201
7604 7785
1147 6360
1724 1725
7160 8452
3232 9711
1718 3101
3566 7036
2354 4372
4812 8760
701 5260
6653 9477
3803 7587
872 1025
6129 9760
5879 8545
2661 4756
816 7207
3042 9083
3938 6574
771 9166
732 2918
3223 6409
4280 7679
6780 7717
153 4267
3504 8654
2304 2495
6303 8213
1022 1938
7210 7907
1773 8965
190 7274
4011 6528
5062 5384
3717 7497
4218 8134
3492 4248
5964 8025
1597 3585
6389 9518
447 6278
534 1444
3648 5651
3748 4227
1466 5040
4384 8836
7038 9597
5030 9023
602 4307
1085 6696
1539 5957
940 7460
7328 7865
3092 4740
2016 6768
2487 8878
846 3022
858 6918
582 4730
4870 5137
2790 6193
5931 6616
1998 9462
1578 1804
5263 6776
3049 9111
2540 2969
2763 8361
1153 3561
3102 8935
1277 7081
5754 6018
233 8690
898 9136
3079 3962
1506 9400
136 5541
7084 8786
4652 6270
5833 8130
1987 3002
729 2349
3318 4388
1658 5591
6558 8763
5701 7461
2528 9816
70 8309
1566 4227
765 7813
668 4849
312 9626
7007 8102
3029 7675
1291 3991
1461 4284
3392 8969
2871 5602
4718 7511
2472 7600
1080 7872
31 3041
1580 5201
4449 5217
2918 6877
7462 7499
1977 6243
2455 3750
6884 9364
2897 6192
6423 7619
2286 4502
3501 5545
3721 9241
6410 7856
4478 4590
5998 7126
5259 8326
5019 7865
2903 9091
7675 9107
725 7537
3735 7972
2044 4354
6861 8292
160 8531
5190 9227
3185 8994
3582 7776
2383 6558
3805 6234
4027 7009
3717 9739
92 9467
3750 4221
1673 8845
8735 8995
3691 6373
1647 8935
1061 8949
5408 8661
2164 4945
7991 9124
184 5564
4877 8793
2180 9819
4342 9398
470 2901
1066 7995
111 7484
3400 6732
616 8480
5489 6891
1620 5205
1813 6768
5840 7990
3654 3850
1062 8750
3611 8653
2779 2930
6276 7573
3960 4226
4657 5040
2281 4045
1461 6650
732 1474
3650 3668
2533 4311
1782 1999
3213 5009
483 6381
7039 8837
851 9402
4193 8053
5236 7620
536 5125
6164 9589
3864 8493
8613 8935
5414 8744
5365 9400
2661 9712
3205 7982
547 9854
6067 6286
2775 6489
7175 7813
873 3116
7322 8312
3801 4072
1683 1684
237 4231
4674 6444
210 2520
576 1382
2924 5436
864 5879
2539 8268
2243 9068
2999 8157
196 4411
1440 7177
8977 9251
1869 7039
7787 8080
5202 7847
5322 6939
6433 8796
8603 9303
4047 7362
2766 5987
4405 5513
478 6960
7199 7583
2410 7869
6307 7671
5251 7381
92 8413
706 889
4341 8246
3644 3965
879 7297
496 4752
1944 9629
3411 3595
2552 9636
2716 5726
1730 7573
434 5062
1430 8845
5007 9199
2200 5663
1167 6312
5986 9003
4001 8352
265 6597
3733 8325
91 6650
5236 7733
3567 7596
2476 6084
1598 4630
1445 3007
3693 6683
5655 7036
1335 9801
875 2735
2298 5868
5387 9112
2798 4151
3765 9263
4229 9617
910 2192
1450 7958
924 1445
3073 7027
2092 2173
3175 4126
7687 9168
77 2305
1473 3836
5376 7221
4855 4873
374 1453
41 3226
6563 8547
1649 3361
809 3040
1734 5300
6244 6283
3718 7038
6432 7599
890 6601
8442 8807
2688 5006
91 2320
1126 6844
5436 7816
295 7479
350 8022
3927 5308
2244 3487
701 1277
4773 5000
2327 6944
2383 8352
148 1690
3040 8345
800 6278
1069 2156
629 7126
5789 8961
5646 9446
439 9550
1968 8915
3963 6192
6731 7305
3357 4314
1513 3479
834 1460
1496 9165
1402 8077
1930 5463
6832 9585
5163 5456
518 2056
6850 7302
2778 8296
5715 6559
5069 7377
1189 9518
786 5539
2458 5359
6053 9271
2509 9031
4709 5105
3904 6124
3573 7901
3177 8325
1828 8347
409 3966
2884 3717
1381 2345
516 8905
2746 5747
1126 6291
302 5632
952 8798
2440 3833
5775 6722
1471 6304
7408 7514
1126 9032
2259 8654
5360 5738
1471 2501
1797 8886
3662 5655
5158 6100
4431 8774
3615 6556
2358 4998
2561 5533
785 6546
7042 9366
51 4180
1681 3539
2281 8815
7938 7943
809 2034
3058 7170
1329 6003
1392 8567
1586 7682
2670 9032
1799 9321
4480 9669
106 5938
6117 7260
1968 8238
2346 8011
6177 8740
1692 3086
3880 8882
2021 4363
2535 5042
967 7188
3628 9581
1207 7474
8305 9319
473 8704
2101 5044
1332 2573
4691 5028
3439 7774
1323 3232
4252 6593
1269 7553
204 7306
2476 5630
970 4934
1224 1423
1698 2170
5875 7264
213 3964
3079 7623
1745 4025
1329 6472
5720 8804
6207 9575
2136 9427
1140 2554
4059 4309
5384 6298
1751 2815
5384 8266
1622 9265
1973 8537
4263 6408
4895 8201
1381 9440
5808 8627
1742 7573
5556 9386
5093 5842
172 1519
3215 7383
739 9023
6447 8194
1570 9575
2002 2039
2146 5259
5237 6780
2820 8734
7563 9219
173 6272
870 3048
2230 7326
764 3139
3041 9502
3424 7529
677 2157
2441 3471
1289 6207
4348 7483
4025 6194
5620 5655
2916 9123
163 4035
5080 8464
5572 6670
5948 9537
2993 5584
4245 6636
1280 8011
4653 9559
1357 3817
2297 7720
5050 8674
5655 7574
32 8980
8980 9294
258 5727
413 4206
405 7196
1294 9721
1854 3492
2922 3185
1952 7817
1578 5649
315 9163
4200 5917
741 2342
7319 8922
75 3124
1462 4742
3437 5978
3043 6393
3683 6289
7601 8832
3045 3057
3205 9636
3731 5242
9256 9836
3583 5917
5137 8053
4850 6866
785 6448
4752 5998
1055 7998
5324 7990
1553 2667
4408 4765
1362 4025
46 8767
2098 5335
3956 4824
1628 9439
1332 2383
530 7452
8623 9867
315 8476
4045 4903
1931 3208
4442 8928
1301 3641
2077 2299
4091 7893
4325 7428
445 7196
7166 8714
4571 5771
965 5083
3397 7323
1332 6147
816 3015
6259 6526
1209 4280
980 4002
2428 3070
2556 4022
2094 6725
2430 5536
2898 3409
701 7545
464 5448
32 8837
3718 9620
3765 6716
3944 6872
3254 9635
5640 8777
2552 8919
4104 7415
5153 5273
5998 6272
1562 8845
204 1696
2042 5436
2146 3070
2383 3565
1368 2067
1633 9780
424 960
84 9563
377 2931
1571 4206
1074 2674
682 7156
2305 9830
6670 8680
616 4372
5695 8156
666 9732
8921 9168
2457 2508
770 6606
7076 8687
718 6768
1437 7298
2630 6861
3891 8236
357 1406
1218 6866
3565 7202
1370 7747
6780 9597
334 3384
1392 4761
8042 9816
3568 6991
857 6987
2147 2923
816 7462
9217 9518
2582 3650
2653 6635
1568 2517
43 8361
980 8021
1280 2025
3750 7224
6289 9053
358 5187
4173 5862
5739 9843
4159 7462
7514 8576
7857 9301
2561 7649
2239 5756
4168 4700
5556 9375
9638 9675
3113 7206
1937 8127
3910 5626
4452 6807
2913 8310
2305 7284
798 6267
733 5000
6221 8736
642 8332
1332 8836
2034 8537
1811 4254
402 5546
2506 7974
6535 9839
3937 4773
875 5246
4395 5236
1144 1491
314 323
753 4700
1817 4614
1316 3785
310 5249
2012 2924
1895 3938
1959 7454
682 1472
232 4300
1633 8456
260 5681
7142 7489
2158 4468
835 8000
6702 8452
2546 6353
5401 7864
3783 7088
1760 5937
3455 9833
2251 9112
6179 8368
3501 7770
1753 5152
2412 2523
1437 5314
2792 4639
5431 5607
5248 8686
6048 8077
3832 9153
1461 6897
1118 7029
3920 4776
9176 9195
1907 5345
1437 3619
4045 8314
904 6179
4035 5447
1377 9239
621 4390
3765 3808
465 8236
6146 8009
4610 7785
380 9693
1327 2172
3243 9674
2552 6758
1444 6712
1319 5374
382 2057
2487 7887
3119 9490
7040 9653
3219 6732
5633 6370
26 2696
893 3531
3043 9092
3178 7007
1930 9047
2398 9126
862 4234
1610 5500
4147 6552
2932 6880
1423 2962
1922 2577
262 3903
3201 5634
232 5156
797 5335
3671 4372
8156 8318
5728 9487
246 9596
370 7241
2492 5643
3194 3206
868 5336
509 8832
2769 8865
3105 5240
3414 7096
904 3133
3065 3067
1597 7126
876 8348
4579 8006
6574 7196
3902 6543
5859 7162
2281 7855
7818 8060
1726 7984
77 7563
2301 2672
764 2471
732 1892
128 1864
1893 6011
323 6608
1397 1579
1535 8154
4333 6267
1345 2537
2966 4232
374 7435
350 1322
3025 3026
1667 4829
3695 9378
2266 2844
5996 8704
1959 2987
3856 5494
1207 9813
2101 6780
3084 3834
5664 6321
8653 9774
357 1450
1161 4610
1720 5019
4465 5182
3788 9632
5365 8919
5094 9516
163 4397
4604 9380
2574 5542
4254 6909
1226 5370
3945 6509
5634 5641
3834 7903
3644 3978
8108 8909
2748 5365
3719 7178
2822 3804
6911 8953
5237 6053
2956 7428
2852 3393
7021 8738
3930 8845
4189 6948
2945 4002
4431 9660
2663 5808
25 320
2377 4225
1315 9165
4218 8846
1583 7613
1737 2790
994 2573
6208 6856
5539 5556
164 1755
2751 3668
1356 2236
2077 2979
565 5777
2295 7927
965 8845
8035 8808
3662 3942
7939 9283
5063 5350
619 4009
2383 7202
3526 6659
5802 6850
3967 4698
1934 8424
1501 2304
6018 7073
8584 9494
2359 6129
3401 5380
3640 7605
7804 9535
6648 6649
107 8557
1728 3662
1764 9176
4749 9596
2370 9450
1833 7657
9497 9662
682 3327
771 785
7063 9367
1875 6061
5451 9375
6497 8587
715 8169
7211 8119
6864 8720
460 4243
2634 2703
1445 2405
7768 8661
39 2691
2429 6868
2741 7489
7669 8296
1165 6198
4932 9638
221 9091
5588 7059
4329 9005
1812 9155
1374 3327
1894 8556
1802 7838
61 8284
5695 6472
1031 2161
4478 5815
3652 7349
8353 8924
2105 3847
5696 9350
5401 6574
2763 8677
5297 7096
6296 8352
985 5728
1948 2865
526 8596
4198 5217
254 2230
6988 9169
48 8472
6193 9674
3028 4193
5351 8195
1033 2731
1828 7541
2051 7575
1454 6296
3133 5040
1510 6593
1833 6254
1431 3879
1 3054
5868 9454
631 2957
896 8585
4119 9433
1830 3617
6503 6507
1332 8763
2012 8057
1391 2745
1436 2839
732 6868
5398 5401
2004 8275
1437 1657
285 6872
2344 3920
7070 8296
2377 6488
3783 4361
2075 3628
1111 6208
3206 3886
3339 8345
1294 3357
1674 8353
7284 8739
2192 4748
1573 2595
4610 7251
780 3385
3159 6947
4550 8531
3498 3659
2921 6744
1311 1806
7128 8118
1209 7785
1592 6517
3141 7194
7836 9828
2435 9843
1681 4752
395 693
5890 7619
3686 6768
655 2265
1849 7455
3821 5392
837 8327
547 1934
5256 8518
326 9511
3043 9083
7502 8801
1197 8012
2508 2512
320 6373
7583 8812
1993 8905
31 9350
3857 8601
7451 8053
4260 8500
2709 9174
1350 8135
5015 9843
92 1377
5152 5449
2031 3014
4732 9370
1250 7951
3360 5226
2203 4711
5589 7538
827 3564
5152 5448
732 2217
4982 5259
2259 5659
9196 9371
4602 5171
6724 7113
7049 9439
92 3872
7291 9837
7374 8480
5176 9825
5040 9590
2503 7915
3130 9462
1423 5311
3704 4260
650 8098
3923 6557
175 6958
867 3679
5957 6489
28 1419
4455 9341
1962 9262
5548 8702
3691 6862
1110 2291
4451 8762
6199 9706
3040 9602
5133 8745
903 3989
2533 8296
4551 4566
990 7099
1471 1681
4094 5009
1633 9761
3543 8537
75 8236
3692 8443
9373 9458
3965 4103
1468 1806
2398 2918
6147 7202
4319 9260
3611 7766
6129 6568
4318 6456
1652 8938
6160 9541
3683 7126
6230 9416
3564 7122
2281 5482
1391 3198
2098 8550
1444 8181
3205 7063
1982 3122
6454 7028
1207 8296
170 248
3582 9849
987 7730
781 1560
8739 9143
9405 9544
3058 6679
163 3523
7430 9189
5002 8407
8726 9828
6030 9793
4257 7788
3270 9176
4018 4684
613 4478
3839 9506
4473 6147
1773 9181
387 9458
6092 7200
4752 6884
1437 8630
4966 9390
5321 9638
658 3767
7355 8512
4823 8858
2509 4667
2245 9541
858 8236
904 8128
3849 6372
553 2733
2913 3105
2719 8449
405 8275
4379 4576
8944 9577
4169 7838
3650 9092
7389 8483
772 8769
6339 6632
910 4384
883 4952
4869 9396
3595 4172
7305 8393
323 7551
3062 5655
8457 9175
1162 3402
4192 9059
947 6382
3411 7506
1201 1650
350 9349
8550 8598
4312 6602
3438 9026
1579 9537
6496 7016
5244 9378
7541 8631
1397 1506
5020 5271
6508 7099
3399 8237
3558 3903
5498 7149
2847 4088
5421 9109
629 1578
7198 8999
2528 7940
1100 9674
7712 9564
6064 7220
4219 6578
2862 5212
1043 5954
5169 8291
878 5725
5662 6268
7284 9791
3160 7008
2460 6807
41 851
3318 4395
1910 8191
2714 3480
4851 8540
2714 4795
8009 8762
2039 9030
4045 7315
8107 8999
3659 6073
2776 7482
1874 2604
8774 9706
3958 8605
6030 7994
1365 8638
2658 3627
1678 2548
4057 8619
2851 9712
5904 8098
4300 6296
217 5161
3057 3065
765 1020
192 6129
6092 6419
2696 3487
5917 8905
206 9711
144 1046
7353 8361
2171 6945
1616 2497
499 5641
2778 3436
1086 1610
1614 5427
5279 6194
1271 5005
6721 7354
3724 6798
1405 2596
1397 5365
5419 7044
798 6832
139 7595
6708 9389
3096 5015
1991 9153
2305 4017
6563 8154
6460 6950
265 397
4142 6939
4284 8763
4084 4213
4297 4797
3901 8138
1938 8264
3206 8731
1174 4344
2974 7691
6465 9443
4452 4658
1158 3164
1229 6784
2275 2327
978 7206
46 711
3449 8646
6224 6640
32 9350
2922 3399
1002 3292
1109 4788
771 1817
2970 4815
979 1906
2778 7855
6952 8580
739 8745
4032 6749
5981 7007
1523 9592
4561 7785
1111 1513
6246 8296
3352 5996
1622 7742
9301 9532
2951 4916
8884 9767
7454 8263
994 4284
7713 8769
8404 9708
7537 8090
3335 6340
4336 8522
5911 8352
5144 5145
4745 5461
6382 6765
7601 7602
3769 7835
2514 4417
994 5156
2955 4150
690 5142
1329 6985
5034 5466
1089 5661
1256 9011
2047 3659
2878 6753
3436 6129
4595 5492
7073 7160
4630 9863
3774 9073
8296 9576
1730 3094
724 4206
2239 8704
1930 7408
2192 6010
5040 9308
6491 8702
423 1156
1913 7819
2383 6650
1845 9303
4057 9378
1763 6496
2025 6260
1864 2574
2945 7408
8479 8931
5031 5688
4411 6967
2526 3217
1302 2608
726 5643
4870 9266
442 851
1381 2423
4121 6775
5414 9023
4377 4952
6018 7126
6574 7605
2531 7503
3054 3547
5793 9362
8936 9298
1003 8808
5477 9055
2383 8836
2102 5726
4694 6997
3643 7201
1825 8042
1597 3805
831 2871
1466 6372
1728 8586
5 5605
7541 8050
3435 5618
958 9774
1015 4242
2985 7092
2125 5661
1786 3920
3104 5683
994 7202
2633 8006
5034 5386
1704 3372
3561 7649
8714 9291
5034 7176
4659 6807
90 3081
2086 3086
2098 4176
399 1474
3171 5581
463 6885
6027 8545
3301 9153
3772 9102
1108 3657
3300 9659
43 9803
4533 8509
1698 7730
8296 9751
4035 9664
5443 6977
32 7336
161 3902
106 8292
768 876
3313 3967
6853 6871
6904 8165
913 3966
485 7389
2281 4227
1563 6761
1578 3558
1224 1382
3539 9769
7208 9506
3899 8252
1144 2534
7452 9396
2884 2937
6652 9492
5761 7088
1503 5643
1693 5870
5905 8814
732 2398
254 7462
3081 6478
2286 4413
1391 5655
170 5572
8447 8802
575 4470
1445 5682
2286 6249
3920 3967
3575 6598
9400 9537
7640 9059
6102 9315
5221 6097
8832 9577
1934 2489
3027 8663
2244 9301
1528 4730
247 5960
7642 9095
1018 1728
3921 7413
1270 8096
970 4749
8314 9107
910 6650
5944 6004
1578 6086
60 5118
2951 5209
2156 8762
4819 9442
5911 6296
5493 9598
940 9395
7681 8989
6768 8938
495 1290
4932 9735
2356 7612
3027 6669
979 5237
31 1156
1410 3588
6632 7370
4434 8293
1229 5761
3885 6474
5150 9570
3688 7255
7062 7529
1462 8261
858 6563
4045 9011
271 5046
1509 9652
5871 6472
9189 9474
5618 6254
5365 5382
206 9235
1402 8837
1982 9409
3718 3785
6553 7198
483 9737
2617 9506
6604 6605
1106 8919
4887 5471
3846 9283
4218 4911
2305 9056
155 8565
350 1180
2239 2683
7149 8812
3886 8846
1622 3831
3543 8345
2471 7937
2146 5398
1790 9644
2100 4924
6342 8013
858 5612
4332 7161
6644 8111
3783 4371
690 5778
5737 9059
2945 5463
4225 5158
3444 6737
3372 8628
2408 7038
3872 6784
8302 9687
4931 8115
2381 7692
2913 7915
7534 9559
509 6029
3327 7489
3119 8026
2375 5113
2746 8452
3024 5839
4585 9520
347 6919
9024 9168
3612 8241
1670 9600
1167 2281
1854 6880
1860 5898
6370 8360
3127 6206
3392 7233
5895 7706
3565 6147
2577 7149
4245 6637
3327 9766
797 9679
2987 3435
2012 5351
6306 7063
285 6001
732 5204
250 1362
5807 5967
1476 3279
3217 6739
4038 7697
8029 8352
6994 8837
3046 3982
1795 6060
947 1452
939 4856
8938 9361
2156 9602
5756 8840
3825 7503
1597 4620
4140 6134
1925 6347
4451 7595
357 494
3590 9605
2479 7042
7412 9721
1779 5738
3227 9566
1399 3457
3141 6044
463 3955
393 7939
1190 3632
1158 2230
4960 7550
5034 7424
4433 7489
6214 6377
1730 9378
881 8925
1874 6706
1588 4981
266 5809
933 6954
285 5279
7 160
2633 9109
494 9104
8163 9489
599 9363
3858 9524
1696 6456
91 8029
1214 9165
2806 8161
7586 9241
375 4812
1753 2436
6670 7509
5451 5938
3408 9105
4025 4880
1996 5197
3606 9426
4263 7517
548 7724
6649 9320
3693 9627
4832 5900
2679 3288
951 8266
1052 6624
4596 8900
981 9353
473 5687
4977 6098
1918 7246
3942 7156
406 765
7839 9597
3244 7318
2950 4362
2501 2504
862 9227
1201 5751
2138 6480
4434 5042
1320 3007
3411 8555
5652 9559
2300 3446
1471 6658
7387 9841
4870 9318
1939 5890
2835 7236
4792 8446
1687 9854
1375 7977
7412 9395
258 5797
1623 6067
3372 6063
5279 5365
3646 7408
1158 1161
7226 9297
2894 8394
699 2291
5816 8480
5523 5776
5669 8991
7073 7126
5367 6675
4099 7870
7537 8837
634 3086
6018 9058
6853 9793
3717 4395
2025 6768
5384 8174
2552 3995
254 2785
5901 9174
166 1804
732 9126
2098 5187
2410 5436
1381 5279
1546 2554
5712 7526
2042 5396
209 917
437 6506
4335 9518
5859 7159
2164 6289
3058 4484
487 2907
4358 4667
4972 9559
1358 6149
6873 9169
5187 8179
1098 9223
3431 4160
5195 7865
1362 9594
2136 7766
4033 4725
522 8574
7913 7947
798 4976
5324 7251
4288 6497
318 9753
473 5335
3022 3503
5143 8337
2603 3328
1354 4293
5897 9871
7181 7778
993 2190
2259 5996
2863 8778
1 5388
6771 7278
9060 9375
3 2471
8181 8288
3479 3683
2573 8029
617 6660
8119 8481
3020 4122
2592 8790
298 1462
75 2252
5100 9769
2159 7250
547 6350
972 4707
1717 2666
1280 7160
1965 7717
3162 6226
2025 6974
3065 7424
3689 7076
8273 8275
5876 9400
3025 3944
668 6276
2052 5332
4815 8452
6748 9513
2816 3661
1520 2315
1578 1813
6265 6854
3080 5019
1391 1987
2531 8008
716 7973
7233 7941
3964 6465
2252 9435
5221 8090
1930 7514
6308 9400
211 9634
1546 2466
1999 5957
350 7424
1465 6619
1513 5762
3586 9098
543 5795
389 5824
4693 8052
909 8641
5546 6192
1437 4826
566 6289
5873 6368
3969 7905
3478 4986
3424 7062
4288 8277
445 6319
3065 6605
3906 7712
4695 5618
6085 6821
6577 9611
6636 7208
3114 6292
6637 9197
1849 4209
6944 8789
4645 5617
565 2123
1167 2856
4175 7430
4614 9803
1668 6051
7042 9641
9265 9271
2884 8697
170 3295
2578 4426
1031 8774
9 7299
7472 9165
1027 6517
6169 7325
664 7370
88 1911
6 3067
3979 4174
1541 5957
5343 6875
3776 8046
3429 5654
3491 5310
9307 9451
1956 9177
577 7776
2661 2722
4001 6147
3684 8503
4888 5611
5635 9590
1932 4455
1484 8416
5889 8941
8282 9229
1307 9199
5907 7702
2367 8704
2374 8291
669 7206
4361 8627
7343 9498
2795 4322
4625 8838
1655 2233
1698 7370
2383 8763
2745 5524
2912 3896
6387 7356
4867 8785
359 6289
230 8772
9 2772
5279 8156
7326 8414
2092 6832
5661 6574
560 1921
2987 6327
1345 2858
1354 2098
2055 7577
8153 9515
3126 8556
5157 9849
2266 2970
2320 8029
40 6130
2107 3148
8490 9709
1021 2494
384 2644
5036 5688
7998 9728
3794 9270
3991 7499
4284 4300
603 9255
2924 8060
4041 6744
7048 8125
6300 8080
7496 9593
1350 9058
357 1451
7727 8720
1459 4137
313 6808
459 4747
9486 9489
2886 9641
6148 7571
1248 7928
4299 4968
490 2840
9660 9721
3594 6297
951 5466
1086 6636
8123 8939
6738 8378
7903 8235
6010 6650
5938 8948
2217 7270
1899 2255
947 7153
2983 4634
1808 7588
3298 3680
3914 4752
3621 6535
739 2266
2164 4180
399 1689
139 8749
3735 8464
2531 7805
910 8763
6798 9660
4103 5754
3607 4436
6209 9242
1201 2006
4663 5537
3643 7395
7662 9155
8583 9843
5242 7126
495 4333
8248 9155
1024 4097
6018 7276
771 6796
2071 2329
7497 8745
5754 9576
106 1147
7009 8077
1141 4697
2537 6272
2230 3015
5015 6023
2164 8800
2579 4893
2165 8264
1540 3174
9263 9373
785 7176
3777 8998
1209 2091
2975 3632
3065 5388
810 8050
81 3048
1100 5322
249 4585
1238 2242
4966 9769
3036 7966
8628 8958
739 7889
7122 8601
1255 2917
5737 7199
4995 8824
3980 8264
3058 5385
3692 5447
3565 4001
2575 2631
4852 5947
5463 7514
1377 6457
5661 9472
2618 3822
9693 9736
3990 5237
42 8658
3258 5359
4815 5482
2213 4283
8300 9495
2470 6913
7579 9083
6792 9489
4714 8578
89 4335
1138 9541
416 4126
1213 7373
4082 6131
1578 9375
2428 9118
2792 2899
2771 7707
868 5679
6265 7164
5996 7681
7261 8529
1321 4045
3175 7813
23 8557
3399 9337
2716 7398
3935 6998
6990 8037
4300 4384
970 1309
6262 7164
1114 3504
4099 9566
1424 4245
4813 8940
1784 2750
5524 6350
1578 8236
1874 8414
2746 9209
236 8976
1359 8556
2248 5552
4423 9155
1763 8921
304 6076
1167 6467
838 885
2033 6485
5548 9314
1782 7571
2495 3937
960 8848
7596 8606
3979 8034
1015 3086
7785 9206
793 3568
4278 9186
1526 2283
1024 3890
8212 9011
1256 2503
4129 9241
3765 8980
105 1229
2451 8756
5195 9292
4081 4388
7126 7699
4557 7703
6384 8987
5416 9659
1002 2773
3358 6343
2550 9031
802 4920
4200 9348
2795 6736
1180 7389
2830 9870
4005 4079
39 42
6650 8352
5949 7228
861 2987
4262 8219
1166 7646
632 2281
690 3650
1031 4783
6384 6805
3662 6155
3363 5554
3816 7675
3821 8912
981 1496
232 5686
5856 7538
6338 9389
2451 7912
4354 7321
4503 6834
1987 9576
2808 4966
960 9753
256 9312
4193 7451
2023 6936
6496 9510
3750 7392
173 2633
6364 6933
2610 4088
2867 7012
1016 1778
6618 7618
1699 3729
1934 9767
7563 8099
904 8710
3166 6396
6798 7144
1052 4835
7548 9156
5476 8035
131 6822
6339 8362
930 4103
3896 6356
3375 4479
2370 5457
4018 6728
109 6596
2297 8035
8583 8743
4018 8720
981 9774
550 8919
3898 8273
2014 2408
382 8456
2987 6192
2595 6918
4503 5384
785 9473
5279 5516
3922 8520
2302 8271
3636 4227
3161 8478
3924 7646
3313 4788
4681 7156
1074 6896
9299 9361
3902 6541
1025 7040
5235 8875
2888 8108
983 3625
1254 6552
3862 6832
1705 2172
4621 8344
4066 4893
4225 6809
3138 8100
5019 8308
3269 3487
9139 9753
612 9373
3532 5197
6724 9242
484 5329
4032 5618
4329 8762
2269 9030
491 9361
3467 7813
2365 2459
8094 8702
682 3205
2272 7981
9058 9287
2950 4791
1173 6850
215 4010
3844 9137
4401 5456
77 4017
2644 3218
2785 6612
3454 8972
2310 4248
6552 9156
5227 8425
7844 8513
2856 8201
2391 3127
673 7198
80 6887
4314 9497
2199 8828
2218 9358
3932 7855
2034 4451
3827 5152
2528 9163
2084 8704
2196 5033
3357 4783
3044 6492
350 4401
43 4002
4978 5365
6624 6657
79 6430
3221 6321
2280 8837
771 4410
3132 9206
5335 6564
105 9553
1910 7521
1332 2320
170 6394
5695 8318
171 8699
8202 8421
1622 9271
4780 8088
3326 3738
3638 7547
436 9440
1628 3113
2300 3036
4250 8702
1569 7083
3024 6569
772 6894
506 828
3687 5384
1345 7126
6880 8310
217 2628
4710 9639
773 966
6859 7952
387 7223
922 9179
4602 6066
3563 6643
732 6544
5184 5883
4821 8180
1874 6496
4946 7223
1069 4451
3041 3976
5786 5807
6971 9472
1763 1948
2940 6039
7872 9666
2161 8774
2067 8640
8252 8640
170 194
1338 1784
2513 6269
1695 6591
6249 8631
462 9704
5610 5979
1797 8785
2496 3822
4912 7613
7199 7581
4935 5059
1395 2486
4073 9373
2309 3938
6936 8191
5958 9396
7655 7659
335 705
631 1391
7201 7395
6911 9377
3205 7290
1644 9631
4508 5948
5900 7889
4584 5030
1106 4656
1268 5863
3866 4932
1568 2503
2344 7209
4315 6867
2943 6584
2391 6446
4411 5507
7534 9083
4661 6450
7461 8704
1760 3772
3439 6111
5246 8522
7169 7648
5764 8882
895 3876
422 769
304 8652
784 2297
3691 8550
5074 6876
5072 9026
302 8882
5655 6393
2820 5098
3822 5286
4473 5156
5290 9729
4567 9671
668 1443
1087 8106
3982 6635
6 3068
1322 4577
821 3193
750 4840
5221 6658
2232 2592
1954 4664
870 5766
2683 5756
4060 9635
1423 1840
3717 8094
1103 5152
2802 7515
5553 8293
2797 8732
1794 7523
1782 3119
468 9600
783 8700
2850 4173
181 9042
6409 9361
1549 6607
1391 3043
1909 2336
3817 7855
4221 8599
2349 9229
357 3188
1444 5964
6594 7593
3750 3859
986 8661
2844 7760
5671 6717
473 8082
1002 7735
6605 9541
261 518
1809 4773
1177 6382
6062 8232
3659 9050
3952 6339
4437 4774
260 6574
547 5524
156 2302
3115 5843
673 1471
1406 4151
4002 8953
839 8500
1980 4227
232 4284
2456 5384
248 8680
5493 9448
2952 8887
4265 8531
5301 6993
8327 9715
1160 8261
7389 9380
6356 8336
6974 9725
8931 9626
2340 3715
1467 9564
2559 3590
7599 7805
7234 8157
1277 6075
285 827
5980 6961
2672 4356
6921 9357
2531 8108
7433 8773
1192 8938
5782 9259
114 3298
3137 8934
1662 4892
1381 6496
1810 3891
2913 3052
773 8026
4101 9822
3939 8101
1926 5312
2892 6880
3378 8877
6393 8628
2932 8310
170 244
5629 6249
77 1625
2307 7290
4981 9237
1506 7363
2843 4071
5584 8021
4431 9395
6905 9429
1825 8796
8032 9636
2880 8399
2180 9041
6803 6918
6980 7353
7227 8845
212 6895
6523 7839
3422 7933
1243 9025
1737 9216
3859 4571
3640 9601
3735 5080
3244 7922
6 8834
3425 7734
4676 8807
484 6963
1021 9716
1154 9460
2290 7448
297 567
6075 7748
7261 9753
5343 8212
2575 5084
5080 7444
3264 8901
3205 3751
1658 9781
7461 8547
732 9514
9333 9336
4532 9628
1854 6693
7831 8196
6523 6574
4752 5122
350 682
988 7203
4634 7149
3595 3993
6722 6724
2792 2973
1721 5158
1317 7849
2975 4808
3399 5319
2573 8836
4352 5002
977 8466
890 5447
810 7224
2391 8621
2979 7934
942 8325
5817 5832
3890 4097
8 38
1455 4401
5661 7340
4635 6143
3847 8296
7855 8390
3080 8714
7834 9494
2159 3511
5131 5821
4002 4966
3065 5663
1161 1496
180 7674
1252 9031
4450 8433
6664 6984
4968 6035
1822 2443
6898 9576
3313 9362
3632 4808
149 3048
199 5833
3521 9354
5853 9663
3409 5279
5084 8392
2098 5681
1588 9237
3921 6591
1955 8685
7990 8606
2513 4888
4670 9019
1993 7345
707 8397
1812 4781
5074 6738
4508 4838
254 6067
2665 6350
5700 6895
1892 7114
527 5384
158 3165
7931 9461
5771 7594
2570 8931
317 9827
1862 3920
853 8730
5745 8744
7785 9053
320 4244
3119 7760
3475 7122
8598 9235
5293 9803
4976 8988
4489 5815
2540 3641
4203 9518
5123 7251
1321 2963
4667 9036
3605 6188
2822 9258
1471 6672
5686 6650
951 1548
5952 5968
3787 4342
490 1101
4054 6415
3729 8114
1717 6467
2139 3539
8545 9476
1456 3527
4602 5516
334 7838
5900 8514
323 5244
8150 9198
3351 4207
2331 9073
2955 6392
8441 9278
873 2876
314 1952
774 8408
3719 5700
6982 8296
3679 7401
1610 4091
663 2494
1126 7596
4894 6071
1780 7737
827 9675
2351 8013
6456 6589
5546 9755
6574 7839
2401 6740
4173 4556
2248 4752
1087 3645
3699 5489
3920 9059
1830 1831
5996 9378
516 1806
1830 5872
1481 3086
5336 8191
4264 7280
1256 7229
6535 8474
2526 9827
3543 8749
895 8512
3058 6448
8414 9767
3724 4416
4074 7099
2503 2913
7226 7442
3387 4093
2795 3867
3007 7907
3384 7838
7472 7597
2479 3338
2298 9454
1380 6321
6018 8230
1613 4702
1930 9260
4159 6139
6968 8772
6016 7432
354 7420
5394 7947
4533 8296
7875 9841
2408 3937
853 8191
4621 7509
81 149
6820 9728
5696 9734
1248 2760
1712 3033
5651 9110
993 4906
6732 8382
6974 8458
904 1912
4400 9671
1282 9446
3006 5940
1456 4066
7998 8372
360 384
1987 8702
1506 3826
1268 5727
2657 4195
968 5176
244 5572
1928 1974
1610 9153
4550 5134
93 6693
1051 7608
4902 7121
1189 1627
1650 9073
1141 7337
759 8303
1462 4332
6442 9124
2526 6738
7605 8651
6344 9751
2987 7161
9379 9659
582 8024
2000 2012
7791 8111
3993 6193
4284 6650
8143 9509
3849 6053
4395 8745
228 7704
1172 3841
8461 8469
163 3971
3906 4410
1578 7413
96 3134
2182 6731
1634 4046
1743 2118
4668 5401
1613 6163
7864 8975
3129 4463
3885 6667
5042 9827
5468 8751
8666 9345
631 8242
958 1224
1196 7416
6116 7042
7607 8367
6285 8281
3463 8918
3106 8383
2963 6619
3564 8730
7127 9381
4245 9146
2430 5024
1987 7276
8080 8845
4254 6510
3650 9110
739 9055
5040 8652
4325 9629
7340 8957
3429 6496
1210 3425
942 1281
1073 1834
4132 4336
948 4150
4239 4735
6769 9705
3584 8531
2534 5258
739 7816
966 1934
950 2920
3665 5482
2763 6535
3550 8595
2769 3030
964 8027
254 5556
6640 7839
5616 7149
2978 6168
1676 6708
1689 5443
2990 6866
3196 9658
3572 8720
7188 8938
2665 9209
3070 7677
3486 5501
4932 9675
2301 6863
4284 6296
94 1928
1138 5598
1363 3160
4078 8585
387 9663
555 6234
299 7902
5655 6055
2251 6605
3258 6155
629 2359
422 4403
6813 6932
3683 3805
5284 8800
495 9605
5548 8094
7721 7785
3134 9568
621 7690
1932 3292
91 1461
2432 5604
1445 2910
1576 4084
3100 8060
768 7518
1280 1528
4001 8763
6246 7855
3854 7835
1852 6241
4045 8720
248 4621
1858 9116
5547 6103
334 6964
771 8911
587 3996
2017 3462
679 6627
1602 6244
4815 5998
4054 7990
940 4431
7149 9407
2658 4716
2424 2740
1374 3205
3466 5992
7760 8424
6118 7113
4892 6448
582 5044
3182 7788
2435 6364
1672 3702
1996 3532
4585 5090
20 102
45 7210
6194 6577
6280 7560
4900 5788
3328 9473
1138 4862
667 3703
1229 9235
2759 6881
1672 7554
7674 7744
1482 6669
3125 6654
6971 8929
6785 8906
1799 9616
6030 7385
4625 5833
183 5046
1633 2661
724 6306
4561 8659
223 3987
811 3083
3185 9337
4099 6543
4376 8230
928 7374
4095 5004
471 8096
5066 8150
2156 4451
402 628
4027 5605
3721 8369
843 2996
1229 8550
1120 4205
659 6813
5750 7614
1515 6533
5935 7036
1189 6389
5246 7819
2681 7857
8552 9671
1377 5914
4594 9592
1329 8538
8205 9838
6269 9585
4180 7674
3485 8157
334 3119
1671 6182
3250 4462
4067 4893
928 3124
1333 2791
5921 8431
4136 7181
1563 4834
4038 9734
679 5802
3932 5754
1083 9436
1886 3056
5877 9672
312 981
1782 8653
628 8028
894 1579
5178 5236
2479 4275
7937 9165
1201 4184
2945 5327
2035 9685
5695 9489
1751 2606
1087 9044
2801 4094
5128 6351
1238 5372
4396 6097
1782 3343
3598 7733
3318 6898
2704 8727
1461 8763
49 1460
465 6129
2878 9237
2996 9173
6007 6652
7116 8109
896 9689
1091 8545
4696 6095
5489 7766
339 3028
2270 8325
1315 1737
3964 4278
3060 5856
9409 9530
7018 8187
9677 9730
5065 7396
2097 2593
7618 9007
2411 8060
8307 9329
5069 6217
4206 4752
323 3889
4957 9541
334 2965
4252 9634
3976 4821
827 9362
3891 8242
315 9372
373 2604
2457 3315
1828 9078
4674 6998
8168 9459
3226 8157
893 1742
2832 4789
4788 6393
3498 7209
2253 7713
3418 9176
1234 9285
4916 8980
6007 7593
4133 6759
3565 6897
3550 4221
3732 9327
1097 7354
991 4627
1710 5605
1542 3024
1161 9544
6496 8931
1315 2937
848 3140
75 3436
2740 5512
4910 9291
8953 9377
285 5661
4844 9303
702 927
3923 9381
514 7351
2161 3724
1754 7076
2775 8123
3219 8382
3362 7956
2609 7148
4571 6497
1387 6793
470 4887
6331 7654
2826 9862
1139 4434
4752 6657
1961 5835
4325 7725
7016 8628
771 4657
802 2752
2665 4966
6399 7186
685 3707
3258 8842
9067 9382
4783 8774
6898 6899
3434 4066
4068 7434
2036 2503
2609 8513
3091 6822
3338 3550
1743 3461
6975 7262
3475 3662
5064 8216
621 821
331 785
285 3944
5560 9191
1737 6496
565 835
3360 9291
4875 6317
2456 3913
2098 7476
7586 8490
2345 9600
2665 9769
2907 7841
222 3347
786 4336
999 1594
465 8932
3650 3670
432 3831
3543 9225
4602 9241
790 8165
2610 5047
6199 8774
2559 5910
3109 7455
1110 5602
5588 8832
5338 8605
895 1146
1122 3595
7428 8905
7019 8832
618 5661
2746 6974
434 1500
6373 7596
5860 6516
52 8578
1578 5482
1854 7620
3057 3659
2746 6657
433 8456
1849 7349
116 3007
6861 8598
6338 9769
6971 7458
4362 9708
5020 6864
3982 4782
809 4451
6133 6567
2475 7496
1953 6944
386 3015
2202 4780
846 5833
51 3112
1068 3543
3369 9514
3641 9353
1725 8365
496 7126
2989 3738
8353 9386
2844 7188
3022 5175
628 2237
5944 6452
1036 9547
8220 9735
2686 7550
2280 8011
163 5691
2481 6623
5792 6884
2164 2785
589 4124
2098 3691
931 7596
1191 7070
137 2741
5336 6208
1422 3610
4955 7446
3057 6393
125 2453
1072 6594
4794 8057
285 5365
2537 3994
208 8905
4514 5298
1159 7038
4480 5752
3710 8367
1159 6204
4045 6744
232 6558
616 8201
3310 5652
6938 7526
5350 7713
6023 9343
1280 1343
5693 8634
1756 7768
8975 8995
350 2248
6574 8236
63 5458
32 3015
8653 9427
3631 7150
3912 5527
91 8352
4672 4870
2020 6030
9297 9571
2980 3649
4943 8320
3131 7956
2592 3466
1772 4200
392 7995
1849 1925
7595 8749
732 7149
1402 5187
1166 5255
3953 9409
3976 9176
172 1967
2745 3926
819 3439
4825 4966
2887 9873
3119 6292
3471 6393
6939 7391
3585 8265
3816 3817
4758 8987
1341 3129
3113 3748
1414 3166
3646 8576
3327 7290
535 7389
8576 8953
5804 8069
5264 8132
1289 1329
5197 7133
3196 9079
1994 9198
3134 9774
8275 9190
8299 9848
1606 8795
4408 5026
5338 5991
1126 5322
1948 5202
1994 9598
2098 7083
1273 3218
5572 6577
4397 6250
545 6471
1438 5095
5546 9409
4550 8236
6998 8988
6053 8837
873 7009
773 2055
8601 9874
4088 7170
3116 5212
1973 3543
8978 9561
3595 9738
7739 9573
1407 6482
4605 5652
2965 5512
2355 2453
2237 2850
2993 6278
8414 9190
5612 8932
2937 4456
1831 5910
3029 9413
2759 5403
6510 7381
1471 3944
6173 8165
4284 5156
2913 8775
665 9265
1445 1827
3859 8500
6496 9415
641 2286
7025 7455
7036 7478
964 2471
2503 2517
1662 8656
4580 7188
3127 3920
285 5871
8109 9522
3219 3256
4945 5447
616 7473
370 7217
4421 8230
2617 3028
2531 4851
8545 8603
1698 5571
2056 5998
3062 9112
3650 6679
3411 5164
429 1105
1385 9563
3022 6234
2902 8452
2425 7973
71 9330
1813 3119
6574 8547
5711 7133
6406 9386
7328 8405
67 5922
785 6589
1126 4439
1578 7276
2728 7037
1477 4111
5409 9036
1949 7955
9575 9718
314 9822
2571 4675
5502 7538
2495 5541
2701 3592
7126 7785
5507 5745
5901 9331
983 7395
2913 9145
6744 6860
5885 8307
2230 4372
2987 6309
2540 8628
105 877
1782 4103
5657 5663
1685 7353
922 4892
3206 8127
2479 2886
99 8423
5380 9069
1500 1570
4717 7019
2230 3437
9163 9822
6985 8565
2382 7312
283 8639
3182 9750
4870 6152
1296 1640
4397 6708
2022 5005
2179 2950
2703 9759
6246 7199
5401 8236
704 9333
8496 9301
1599 6086
981 8452
6608 6627
6199 7460
1254 4149
5338 6164
948 3138
3595 8600
2073 7719
77 6501
5533 7649
4093 6669
2434 5951
380 8493
2104 5674
5396 9070
206 6451
6806 7898
6018 6657
3932 9390
1950 9109
58 3042
1471 4625
8762 9124
3614 7118
5736 9701
317 5168
905 7872
832 7750
2032 7907
1948 8367
5482 8191
1974 9155
1666 6587
3208 6866
1332 1461
4634 9153
1521 8770
1633 6267
7889 8389
3898 8275
395 7642
5520 7995
232 8352
5650 6416
7441 8452
7016 9096
149 6843
4045 8212
2429 4691
2328 9265
467 2850
164 6230
4206 4298
1491 4752
1628 8605
2847 7169
2233 5237
7202 8352
785 3976
6203 7692
6204 6507
1581 8365
4823 8653
2524 3065
1030 1211
4300 4473
5774 5813
6890 8203
3976 7518
6974 9854
5625 9677
4256 7385
817 4636
1487 6018
4254 8859
9198 9677
6960 8743
4714 7757
5133 9260
7160 7188
206 1229
1462 5925
3750 4756
5342 9400
7145 8531
5383 8773
6943 7101
1156 8208
2318 3945
338 974
895 6341
3081 5869
7027 9059
8980 9138
3399 8058
2651 4991
8537 9225
676 8824
5652 7534
313 8760
293 8702
4300 4748
5069 5221
2522 6868
6129 9544
7560 8119
2738 7865
7237 8051
2436 6414
3292 6678
1813 2745
5195 5504
2177 7928
6562 8829
5225 7464
786 1471
6099 6617
4577 8483
1546 3279
5385 5387
2281 2566
8311 9034
2918 5202
1825 2638
2621 5444
4388 9590
2473 5008
3173 3648
7251 8484
7374 8275
3340 8860
4160 6793
8736 9291
1437 4879
5174 6817
3448 4844
864 6542
5421 8060
846 4610
3439 3789
82 8500
345 4448
3771 9287
5683 9024
2340 4632
3773 9836
5364 9822
2561 3549
413 2010
313 1539
5721 8839
3384 5553
3174 5897
3119 4895
1564 5893
4200 6416
8631 8845
622 3284
1817 6234
3979 5948
5341 8640
80 3749
6896 6995
416 2688
7 4175
4661 5403
2281 9050
3718 4229
3049 3058
2843 7446
2595 4456
7931 9589
3206 9285
1317 8961
139 8537
89 7573
4874 5816
7004 8109
8574 9775
3279 8191
1811 7780
6472 7605
4621 6577
2368 3943
4088 7844
3972 8235
3722 6147
1632 7656
1570 5953
2723 4468
1421 1666
6496 7377
4060 9677
1737 4310
3965 9096
953 3787
8060 8388
1414 3505
160 4609
2436 5062
425 1736
2888 8930
3983 9297
1443 3228
359 566
1717 7526
3724 4431
8001 8035
340 1208
1831 3083
5401 5917
7156 8472
5333 6953
1412 7333
8410 8548
5252 8570
357 9015
4101 4126
3813 9098
3849 4276
5170 6575
3065 6393
8600 9616
7270 8877
28 3281
8345 8537
1599 2834
4149 8279
1033 7975
3029 9220
2301 9121
2148 4345
4329 9006
1737 5221
5840 8246
631 2887
2667 7550
2911 5405
1934 8938
92 877
4616 8226
5745 9342
2528 6336
3580 6371
2156 4729
1833 2987
3659 3661
2744 4876
981 7597
1681 6593
3 9429
1655 5237
579 6105
793 866
1625 3939
6293 7585
6272 8126
3650 7424
8735 9134
5217 5338
399 4459
8021 8953
797 6564
1069 9225
7290 8657
2540 8208
1392 8123
2071 3188
2623 6726
8361 8677
1506 7233
3295 3344
1553 5808
3049 7961
1884 2806
4038 4849
1841 3644
3311 4957
6003 8244
5128 9636
2120 5692
1831 6035
3165 5868
6023 9407
1377 8413
2282 9016
913 7439
6974 9299
3212 7924
3065 4443
6048 7009
9296 9822
6693 8931
8524 8531
8352 8763
5655 6362
2237 7115
57 1733
4788 7261
8747 9155
501 2077
2658 8215
3718 6668
5630 8076
6030 7896
2288 2291
6113 8273
1535 3501
2665 7229
4630 7350
170 6194
6049 9082
2841 5400
3054 7386
7625 8050
732 7162
3936 7121
8324 9707
494 4127
5425 6990
3523 7454
4190 6657
3357 4431
11 9872
2523 7515
1782 5482
4698 8931
1753 2299
1319 3367
2945 3646
6368 7162
1811 8673
145 8208
7806 8185
7610 7831
2937 3643
682 3942
9058 9143
5809 6288
1709 4934
1753 5448
4126 7813
786 8236
857 8475
1687 6319
6047 6771
5649 9380
9096 9629
4793 7596
3180 8384
3931 5905
3556 4975
1702 5615
6985 9186
1276 7756
392 422
91 5911
2387 3964
2540 9691
5604 6107
629 5482
2778 3817
1802 8564
7399 9316
1077 7458
3565 5156
1578 2877
3301 7681
4418 5489
7261 7334
3772 4512
5628 5689
600 7605
2836 8080
6338 9770
4848 8648
4136 8570
4067 5594
4001 8029
9132 9400
1127 3200
947 5667
2813 8995
7273 9007
5163 6505
1309 4934
1300 9385
6972 7849
5779 8232
765 6557
3659 9753
854 5374
1610 2658
3081 3313
477 2234
2782 8850
3771 9828
8030 9722
7704 8702
3062 5663
671 1162
4025 9582
457 3614
9124 9795
2937 3318
9301 9873
2305 9821
4085 7191
1345 9059
1340 3698
6780 7417
3766 9698
2069 8516
3915 7558
3750 8248
916 8319
7 8301
2239 5178
2792 4571
6657 7345
1998 3130
1507 6456
7785 9576
4406 9629
2328 2388
675 6909
31 7059
1800 8875
3357 4416
7713 8596
4852 6589
6632 8028
1461 5156
2558 2783
5103 8254
2266 9092
413 5539
4577 7382
91 6296
4013 5384
1964 8840
3086 6821
4810 7807
3151 5246
1444 3227
3993 7079
4571 5053
774 3796
6000 9489
1513 6496
4086 9761
2609 4127
2925 9047
3906 9308
478 2283
473 7695
7547 8040
2025 8967
4357 6738
6102 9154
7727 9047
195 1043
3944 8107
2816 7956
1748 7451
6862 7596
366 4386
902 4916
2936 4411
304 8235
4650 8243
8552 9653
6129 7597
5460 7763
7076 7565
1594 1811
3205 4852
9086 9835
5657 9083
1153 3206
923 9716
2284 8398
7460 9706
2574 8895
1419 5040
8083 9255
2957 8762
4222 7548
3404 5663
3089 5393
4628 5701
2896 5279
3785 5883
2098 9349
3544 5326
2210 4610
8679 8788
3054 7826
2542 8629
3965 7016
1687 5429
2122 6494
1520 6244
8126 9576
6592 9711
2522 6738
1550 5483
4101 6604
1471 3539
2239 2963
5654 7063
4863 8629
1286 8476
2363 4693
801 3302
7385 8914
1294 9497
8782 8851
994 1461
7511 9324
4232 5102
3285 5982
496 8938
2573 4284
3000 6748
304 5081
4061 9736
1949 5721
1148 6206
771 6013
5456 6505
2503 6880
6780 7541
206 6592
5205 9726
3662 9093
5572 8680
1961 6313
3971 7463
4342 4754
3011 8702
3539 8837
1183 6018
6053 7109
3506 3862
1578 4460
3040 8160
5381 6874
3595 4812
6003 7526
4666 5372
903 5371
3750 7541
2856 6409
4053 7793
1963 4090
603 8083
4866 9291
1332 4748
4613 6133
3565 6912
2559 3955
5156 6010
3944 8241
7081 9154
1414 5960
6268 8846
1325 6099
4228 5759
2983 7150
3253 3644
7611 8352
2521 7913
403 7149
529 9822
2945 9377
3536 9662
654 1750
2345 6350
2798 8822
629 2606
9301 9496
1862 7432
401 8629
2643 8993
838 7381
3923 9461
6453 8443
3960 7258
3719 6765
1118 7064
1696 5191
910 2573
3037 8342
4620 5322
25 57
5213 5745
1932 2381
2435 8134
2816 6545
6667 8296
7625 8599
7076 7596
1965 4567
793 6184
2725 4486
958 1206
981 8025
5539 7785
1305 5263
80 285
2554 3279
8960 9751
7202 8029
3299 8456
8720 9404
2927 7984
2253 9459
2303 7270
4395 7733
5072 9800
8552 9488
2950 3765
5120 8452
2192 5156
225 9452
4473 4748
671 6940
1023 6948
3852 9791
298 5674
7946 8389
3109 5788
1683 1686
496 6251
6988 7079
3881 5535
3005 8180
3063 7811
1659 6344
7764 8181
1160 7537
1616 4241
1267 1635
212 4330
8885 8984
6563 6918
1828 5971
4250 4574
1539 9431
2556 3041
910 8029
121 8184
473 6035
3534 8692
1077 5524
2640 2653
3710 3883
59 3665
5244 6738
800 8021
6463 7051
9803 9830
2987 8263
648 6140
638 1786
4702 9196
3097 5536
3355 6965
4029 9276
2628 7715
712 8242
5833 5966
1372 1958
3317 3522
243 6264
690 732
1106 8168
3817 4547
4748 6912
1932 8661
1753 5163
5835 7900
1899 7078
1408 5669
6451 8529
1347 7538
4698 6693
3112 4411
5690 6946
3322 3607
2623 3542
4360 9106
312 9736
6509 7691
447 980
5464 9630
163 9638
1864 3595
1681 3492
4851 8108
2339 9466
244 4621
3001 5364
2559 7309
297 2370
288 6986
902 8721
4275 8983
1057 6461
6593 7670
6097 9726
8126 8390
2735 5859
5489 6644
873 8150
2984 6194
5620 6702
738 3644
184 5942
7569 7711
7472 9190
1540 4569
91 4284
2041 9753
3768 5040
6708 9817
3477 6271
6448 7671
3643 9000
4429 8197
6909 8859
3042 3822
91 1332
7563 8101
4252 8529
1614 3038
432 4031
2993 3646
1689 6977
3531 4378
640 1890
285 5548
2814 8386
5687 8704
1035 7505
4644 8232
7429 7857
2944 3274
3132 9059
4603 6738
159 4154
1579 3488
3868 3920
846 3945
63 7757
3764 9001
2034 3339
3079 4934
9241 9483
2573 5911
875 3369
1494 5906
2847 7844
415 2230
6650 6912
823 6833
4585 6906
3787 8427
6850 7470
3416 4601
2192 2383
9150 9214
6696 7603
1031 7460
1547 9071
221 1178
7196 8547
3670 8629
139 2156
2471 6702
6384 7608
3802 5076
257 9822
322 2345
5050 7663
6924 8253
2588 9600
3612 7704
732 8810
1737 5581
1038 2590
1790 5090
3661 4491
7442 9297
4580 8531
501 2979
2646 8735
2328 5651
6401 7016
2498 9255
7657 9801
2711 7636
284 678
1718 4609
3339 8537
3374 3645
2509 2550
2098 8585
5653 5663
6241 8883
862 5087
2446 7526
2408 5322
6412 9698
3205 6589
2218 4015
8296 9198
366 3220
5482 7461
2247 8319
3119 6217
3027 5986
1224 6660
3054 3057
297 3550
4136 7778
1716 1980
6408 8091
5187 5996
1143 5609
708 2602
3787 5365
298 5610
990 6077
1375 8448
725 5920
3063 7515
2937 4849
5570 5650
499 8453
5612 7169
4602 5365
191 1329
1579 9400
2249 3054
1687 6936
3803 9817
1177 4896
5671 9010
1479 8560
3884 8578
1377 4887
5654 8241
3027 9003
604 7342
5946 7573
2281 8296
6164 9461
3007 5956
1828 2090
5785 7070
922 6448
6667 7261
4345 9400
2203 6244
5270 8060
4971 9746
9110 9111
3901 8252
82 6473
724 1233
1513 5701
4106 6248
6125 7346
935 7875
3134 9661
6409 7818
3849 6075
5703 7605
2876 6382
1930 3768
7052 7888
8310 8775
205 3626
3964 7391
3218 4661
8424 8621
2687 7891
816 6067
3058 6873
848 7229
5106 5279
3882 5167
1392 6857
1291 9472
5655 6206
2343 8230
1870 9766
2817 8911
2383 4748
2778 9440
7785 8452
5721 5909
6201 9518
5961 6678
3226 7430
5971 6924
6296 8836
7950 9799
2035 7730
4826 6383
1687 3621
3287 6988
40 7547
1994 9635
1062 4227
902 1881
4935 5801
5213 5397
1710 4027
1467 7712
4425 7997
1949 4442
572 3263
6303 9183
3805 6657
2526 5244
2735 8578
5264 9138
3037 9809
6129 8236
1110 3931
8307 9777
2199 2297
1236 2949
2795 6047
4232 6118
4686 9361
1731 8744
3536 6199
1731 3064
1093 9368
3707 9765
4849 9386
3467 7295
2247 5885
2572 4990
3971 5207
793 6933
4103 7785
4814 8126
7689 8448
5000 6291
4752 7401
4832 8243
1924 8567
166 380
904 6887
4951 6606
3654 9255
2834 7583
3816 6864
2299 8185
3594 6647
3039 5159
6384 9564
2283 3829
730 9659
5655 8006
797 4311
4149 6036
1161 4521
6088 8208
3667 7498
1437 3323
2133 7713
2947 3955
1013 2359
2517 2909
6159 8617
2189 5412
4793 9375
5373 8873
3479 5464
3299 3750
6351 9218
8536 8919
320 1520
4462 6902
5497 6334
2458 8316
5258 8133
3036 3446
8621 9674
786 2665
2546 6060
2330 8735
6142 9158
2558 5288
4666 5423
5083 8776
682 9605
638 9380
8051 8941
4300 8352
5044 5701
4402 9580
777 6276
2788 3213
1314 2840
323 5137
885 1398
1063 7918
1886 8736
159 2255
1825 2532
2947 4172
7867 8123
6980 8068
249 862
4932 6201
57 6843
2908 7923
2494 5374
1833 4695
307 537
313 2665
6638 6639
2102 2716
1180 1789
3330 9514
4171 5935
1126 1809
1746 4628
3028 9593
3537 5172
6237 7656
7009 9538
2856 5100
711 4948
5388 5655
4956 7594
668 1208
6734 7305
4279 9753
499 2826
1354 1590
3728 9073
3904 7164
6152 8738
7160 9361
2574 4705
1138 6939
3921 6616
3043 3173
423 3372
789 9540
2181 4794
2018 3211
3479 6208
6738 7984
963 8257
1309 4749
1906 5795
3431 7464
4813 7436
4365 6739
2657 4126
3041 6501
3171 7560
2880 5502
7019 7059
2185 8769
645 6036
8111 8848
6937 8654
1201 7009
891 1437
4525 4526
6655 9348
4319 5924
3132 3287
1462 7715
1332 5156
1610 3205
445 7791
7418 9616
739 2813
643 9817
711 8767
2328 9595
708 3819
4473 6010
328 7755
1137 9179
3278 6731
9783 9788
1153 2628
5025 5398
5350 9387
974 2461
4245 8873
3527 4127
1279 1445
1693 5336
1163 9495
4904 5574
2745 5615
4127 5556
3715 8898
3962 7623
5843 8343
7108 8069
1467 6384
485 8208
7464 7943
7188 8452
2040 6799
4577 7389
4401 6207
8975 9830
2321 3802
2576 3699
1013 3198
68 953
1229 7990
2707 9557
6350 9209
5324 6626
8093 9458
1434 6997
2756 9012
1031 6798
937 2868
1164 8193
1243 9279
2281 2343
5944 8009
7853 8866
35 54
1932 3333
3588 8106
6866 8681
4768 8620
1068 9602
2098 7461
4315 6731
674 9393
1126 4402
6393 6657
1355 3113
3583 5324
734 3644
2472 9769
2778 8931
5039 6726
951 4409
1473 4814
502 3693
6622 7148
3491 3819
5200 7795
8208 9265
4028 5919
621 3193
1461 2320
4790 7866
1688 3816
732 3369
4054 5938
40 5599
5933 9485
811 1167
2431 7333
254 6980
3195 7831
3501 6140
3609 5236
6267 6269
809 1068
2706 2752
4979 7829
903 7257
2844 3486
2263 4614
139 9602
4932 9408
3633 4576
4149 4963
1332 6897
186 4773
1813 5661
4103 6217
7620 8025
6217 8433
875 2303
4022 4845
3040 3339
8384 9160
8663 9017
1825 9562
1209 7553
4374 6472
2653 9646
8842 8935
2928 8311
8362 9007
9407 9843
3399 4942
4337 8249
5355 8202
1351 3094
8248 9545
4193 8056
4195 4645
3196 9680
5612 6918
2945 7514
843 7794
1165 4610
1284 9735
396 4864
1412 7977
4362 7816
5061 9701
2415 2701
1590 8936
1401 4749
8562 9745
2980 3923
4580 6884
7733 8745
5000 5910
6393 8957
7994 8400
5471 7378
5858 7991
8421 8529
2665 2746
4802 5467
4886 4961
1444 5679
5446 8353
1346 9562
3703 6603
3439 8137
3730 4283
424 8848
1614 7965
270 2077
2735 3390
2618 4139
5202 9871
2146 5401
5466 7893
305 8780
1444 7968
2934 7238
2720 3641
4397 8882
6271 6793
5493 7969
2458 3798
3276 5080
1934 8273
5986 8663
2119 2935
6337 6401
2201 3765
2509 9119
2522 5351
583 1815
1456 8452
136 471
2494 8643
2266 4815
536 6246
3041 4845
2559 3852
2658 9854
4692 6685
714 5872
4617 6864
1537 5116
425 4957
3476 8701
3111 3684
9488 9671
7594 8314
2055 8424
6257 7495
2528 3446
374 4950
976 7945
3506 3935
4245 5467
4761 7990
888 7403
2557 4700
432 9190
7382 7389
8822 9424
4710 8627
6762 8448
4227 5754
6463 6957
910 5156
3231 6044
1612 6557
875 1074
566 6049
8727 9080
1242 2917
25 7391
2556 8236
4423 8747
1610 5122
1291 9626
3646 6911
7876 8144
8598 9670
2091 3584
232 3565
4938 9816
832 3086
1934 5964
1899 4154
5717 8013
1698 3426
7388 7872
1625 7889
2401 4353
8115 8970
3238 5772
188 3884
2013 7947
3559 7906
1634 2508
1413 4812
984 1671
4001 5156
1934 2471
417 4411
6731 6734
944 6294
1357 6201
2902 4395
3374 3588
5069 6340
8294 9671
5548 5655
5947 9511
964 5097
2210 6668
2375 4012
3010 5621
5510 6129
470 585
1358 4774
658 2642
7202 8763
3855 8211
1168 2280
3132 3774
1002 4250
49 1055
3015 6241
2151 5084
3165 9454
1737 9190
2717 4798
797 1993
2239 6442
3415 4773
1717 5509
210 7261
1508 9620
404 6646
147 6940
4494 9822
2381 8094
1717 7149
1301 1506
370 7580
926 5560
2745 6693
546 4832
1610 3290
302 2703
2262 5623
2398 8752
9 7576
1172 3930
436 3955
4021 6630
5237 7704
3209 3661
350 840
3242 7528
2018 9219
1100 6193
4088 7440
5605 8565
2523 6736
4094 7914
2942 9530
6893 8571
9315 9365
2131 2314
1782 9375
5767 8591
6010 6558
2076 6384
3976 7605
4571 8631
980 5327
3299 7717
5971 9534
293 6267
4297 9477
7721 9422
1087 2482
624 8905
4029 8202
786 8451
6024 7171
4174 8473
1574 4932
5564 6217
5295 6143
2149 3301
3649 7931
4025 5341
4967 5663
4397 7261
3179 4986
5187 5446
4110 6853
531 9520
38 3049
1332 4384
3029 8919
7938 8681
3092 5774
566 9082
68 3787
6576 9706
3390 8127
106 8208
1144 3719
7098 9621
5549 6528
519 6663
380 3920
5962 7717
1041 9156
3971 7704
3661 4270
4899 9415
1541 1938
732 9813
547 1687
5389 6735
765 3086
1340 5963
172 3007
2683 7551
3702 7547
4002 6239
998 1849
3748 8108
86 4511
4930 6288
3890 9518
623 8904
2230 9769
4945 8730
3981 9279
3208 3653
8737 9503
3031 6393
2794 7883
3816 9053
1277 2307
2588 6193
3128 3540
1644 3859
8271 9186
796 3912
4893 5617
2003 5537
1564 2831
1637 8599
1482 8663
6053 8241
4240 8554
6099 7618
1687 6567
4022 9502
3058 4167
3830 8231
4173 8028
827 851
3490 5383
682 1904
875 4057
3543 8762
2785 8267
2161 4431
3587 9597
2468 9682
6763 7464
2691 5034
797 9446
1643 5492
664 8147
1161 7597
810 5043
1309 1401
5152 5163
6200 9624
1005 4713
6029 8832
281 8384
1590 6330
994 2558
2192 4473
75 6234
5878 8213
1955 3038
2457 9031
93 8119
981 9165
900 6244
605 6446
2087 3730
3636 5580
816 1315
432 1331
4127 9386
2239 4263
3883 5040
6927 9442
1110 2288
5829 6210
8373 9636
387 8267
383 7068
1167 9659
422 2775
2831 4835
4704 7177
453 880
1228 8480
709 2882
4945 6316
2444 8288
3983 7226
1196 9538
3641 5044
3206 9712
4397 5321
5463 7408
3058 3065
3667 9843
3779 8976
2458 9033
2245 8011
4995 9469
2813 6857
566 1900
4251 6183
384 4661
350 917
6174 9659
4873 7998
190 8681
3261 9658
2004 7379
70 9624
4714 9378
7869 9108
1153 3886
1634 3039
3300 4149
2980 9589
2730 4842
830 7349
5156 6147
6767 7805
152 3896
1381 1737
2030 6946
6309 7825
1209 4608
765 7298
7598 8208
1327 8564
4301 6075
80 7975
477 4178
7990 9711
5447 9107
1159 6668
6147 8763
1166 6551
2683 5221
993 3158
673 8545
3158 5742
2752 8806
2580 9448
1499 5322
950 2795
5401 5858
4646 5414
1670 8938
1742 4849
906 3289
2428 4678
4998 7204
1984 2314
4655 9798
210 6667
2048 6604
7035 8874
3030 8243
1444 6478
5137 8056
4802 7320
3080 5414
2098 8598
2922 8755
387 9373
2961 3802
257 968
7164 7197
326 2600
56 1264
2092 5842
3713 6980
1381 3586
936 9310
618 1109
1038 8208
578 4550
3227 7083
3574 6502
962 1539
304 3359
1294 7144
5410 6565
3195 4684
3002 8431
629 6556
565 9733
826 8965
2595 6563
5883 6690
1864 3889
212 2867
4077 7696
1721 2098
1402 4668
3227 6075
2533 9060
2552 3906
4099 6078
3916 5123
7704 9394
1229 1323
2161 3536
370 6265
1207 5046
5630 6563
7060 7279
5205 6803
1345 6359
3799 5384
958 9711
413 9163
6135 8509
3122 9409
1614 5027
86 6125
1529 9528
1964 5336
5523 7800
801 3657
1041 7548
927 8363
3372 5695
5904 8374
1936 5304
213 5335
4473 8587
2452 8094
4278 8032
4764 5043
1464 7270
2576 3348
8034 8473
2847 2932
2690 7693
808 4819
3049 8628
361 5655
836 8252
3021 4257
3587 5237
783 8654
6668 7106
2916 4703
974 8400
5221 7016
5630 6667
2856 4835
3114 3615
139 3339
4291 6693
1569 1783
1471 9092
2674 5192
2164 3228
7268 7274
5512 9659
7498 8616
1804 8522
1513 7345
1362 9398
3095 5900
91 4300
3253 3965
3211 8980
7719 8827
454 7434
1800 3896
6387 8106
5784 8269
556 3294
3205 6250
2653 4782
1140 2530
2792 5700
2945 5584
8562 9595
1551 6402
1455 4899
4148 4149
882 3755
4498 5505
2193 9415
4114 9422
5833 6053
459 6963
3514 8772
2679 5668
5597 9813
1041 4149
736 7766
2779 3306
7804 9162
477 5479
906 5040
2371 5322
2083 8267
3590 3648
3650 3661
1365 7849
2237 5258
1348 7274
734 1665
3026 7198
1167 8745
682 1903
673 846
4494 8722
109 8883
4812 8857
1034 6086
3650 3659
174 3063
5148 8618
6576 7412
2922 5236
6696 7553
3750 4720
3232 4576
3280 7017
2381 5619
2173 6463
1461 2573
895 3086
1844 5839
6998 9000
3515 4604
602 4632
1040 7059
2917 9055
7991 9797
3485 8147
3205 4336
3948 8973
1377 6747
4749 8641
86 8801
236 393
6390 6988
827 6456
6451 7603
1230 3628
1022 3980
2735 8752
55 5310
37 4517
7298 9866
7126 7199
3514 6968
4818 6064
2 6679
1584 5768
1602 4018
7369 9489
947 1779
5669 9528
4829 7296
285 3564
3450 9409
7188 7721
4621 5572
785 5307
2743 5102
3978 6155
1448 5178
5856 5983
3122 8028
39 5659
5208 9767
3382 8514
419 4151
326 929
882 9274
4126 5084
9229 9616
7119 8509
1156 2237
6808 9522
6306 8266
1471 9572
4125 9383
2947 3188
1469 9255
1899 8448
3938 8719
1497 5946
4103 7126
786 7991
3266 9118
3434 3991
1506 7330
1555 3932
3114 8119
6053 6704
616 2592
3297 6276
2918 8377
4779 8684
5191 6316
2520 7076
3579 4329
7460 9497
2292 2478
6781 9372
3280 3562
1646 7275
1541 3980
1088 7733
3558 5977
3687 4756
1560 2859
1854 8484
1513 7083
2617 7208
3668 8126
2521 8169
2161 3357
5207 9026
1632 2610
2763 6974
254 3683
254 1167
701 3205
2736 7803
925 9338
1449 5010
5244 8556
8897 9262
4067 5903
5000 9829
5 4450
1058 9076
2067 5113
1092 9587
1968 8867
251 9643
3310 7357
4731 9619
981 3920
2746 7401
1718 5412
1987 3585
5345 6765
800 2945
113 5498
803 947
909 3079
6288 6824
3634 6328
3792 5512
1952 2073
1031 9662
1879 9399
3996 4225
1126 4099
2389 8367
5034 5659
949 1513
4395 8697
57 5797
1416 8995
1935 3681
1754 3573
2573 6650
422 8123
3893 7347
8066 8421
780 9375
4610 4752
1878 7371
1478 8826
7357 9318
8492 9264
380 1804
2778 2887
1473 8574
3439 7071
980 6278
4376 7855
7118 7161
495 2807
476 4329
423 1319
3953 4263
4923 7834
2846 3360
1649 8119
3920 7432
1945 5525
1487 6055
3058 6393
4221 9156
1208 2210
1062 8136
109 1551
350 1783
632 9406
732 906
4578 8901
3392 4230
4753 9244
833 8587
4377 7678
3297 7723
94 1974
844 2436
5858 9147
3205 5947
2533 5646
3107 7707
174 2074
3980 5722
3415 5498
6939 9541
1365 9406
3586 5892
3328 5306
1717 8150
6337 6765
5510 5630
103 7727
2104 5610
4773 6597
3444 5016
566 1421
4388 7968
4732 7757
334 1002
457 2987
1202 4822
3581 8660
1229 8255
1227 6661
285 6704
944 7076
796 932
1496 7472
41 391
4744 9614
931 6843
5351 6739
995 8242
1817 2969
8428 8804
771 8119
2841 4473
175 8026
375 4182
6196 7239
1694 8127
3611 4083
4825 5244
3646 4002
4101 4890
1013 2745
2367 4604
3444 5403
1783 3730
7401 7579
2773 4863
838 6758
2644 8842
1043 8619
3300 8279
7954 9644
465 6574
1557 6241
3640 5703
1513 8285
1421 9869
390 6609
6605 6939
6114 6164
1380 6328
2382 3054
1663 9701
3065 5657
4972 5401
5365 7298
2372 9230
6370 9481
4460 8923
2724 7634
166 1773
3932 9803
7632 7755
6013 6014
4249 7593
2658 2967
2401 8311
1402 3268
1513 2471
5862 7537
905 4099
7312 7534
1411 1980
1471 7704
5327 8953
1578 4336
4001 5911
6748 9269
4915 7039
4721 5650
2173 4266
5151 6508
5877 9563
4362 7286
3642 6597
2757 7580
4106 4642
5767 9730
3595 5513
2871 6481
746 3754
1101 4006
9529 9774
6464 8416
4252 5761
4628 9527
1959 4106
2156 8160
326 2098
1604 9324
2089 4925
692 8577
9477 9630
7233 9489
8026 9659
6919 9719
77 2541
474 5588
7786 9576
4001 6296
350 9380
1274 3446
1233 3705
797 8905
6909 7381
800 7408
3198 4321
1587 8531
4778 6850
764 6208
704 9336
1400 3769
3015 8809
350 8966
3122 7589
4221 7548
4876 7436
629 2626
3005 5592
4091 7499
3516 6882
5476 8001
3339 9602
1473 2281
7687 9024
7121 7658
3641 5455
4173 9265
3299 9078
2771 4474
658 968
6129 8931
7623 9596
5926 7104
4624 5672
7138 9109
3185 8058
4227 4966
2107 3360
3846 8976
3600 8856
3781 6632
3819 5310
566 9869
1761 3439
685 3589
2908 8762
1094 1644
3138 8097
3026 6053
574 8435
6326 8120
2220 7057
3646 5463
2570 7196
514 7501
3783 7572
6951 7079
555 7198
299 6122
4097 6193
4112 7825
1110 3815
6 4083
3011 8574
1422 9616
5798 9567
5213 8744
2052 9830
75 2778
3279 3596
601 8259
8364 8414
1229 4761
994 2320
1073 5097
6911 7514
4623 5845
8094 9060
2967 8080
92 6784
290 7890
5272 6834
2382 7579
2452 9059
693 7642
4654 5706
6732 8042
4698 6393
1381 5365
8114 9686
2554 8389
4184 4341
9395 9721
222 6568
2314 7537
1292 9064
4210 9748
1804 9736
4384 8763
6054 8999
336 3742
771 2785
8660 9777
7889 8101
3286 6794
4752 5125
6577 8344
8484 8840
788 8562
3543 4729
1345 4815
4929 8238
2465 8661
981 6712
358 3884
4957 9628
3076 8732
3131 3362
1466 6075
616 3466
8699 9338
8739 9058
139 2034
1817 5187
4219 7025
3298 3559
5512 6465
882 3651
2525 7984
4430 7349
6724 7205
991 1434
2710 3088
4711 5808
5560 5563
821 7690
630 9805
1160 1161
2403 6450
3505 5165
326 8965
2673 4920
7076 9243
3573 4564
5269 8497
1161 4061
6147 8352
1040 7697
1610 8657
2865 3684
1849 2687
4783 9706
2412 4045
3851 9827
3096 7869
919 5669
1558 8130
2241 4876
8445 8592
7460 8774
2993 8953
713 2809
765 2155
6810 7689
3081 5870
467 1642
3775 9530
3710 6478
559 7921
4485 7398
4227 8699
1661 3986
2831 5284
673 981
2382 3659
1551 8454
2482 4107
412 7839
1825 9828
3079 8843
1241 3397
4156 6742
3699 8109
2358 8467
1168 6768
86 7346
5791 8327
1241 5383
8654 8700
1813 8452
6622 8980
1785 8193
3772 9816
1018 9822
2367 7461
7991 8899
4333 4376
774 3188
7328 8686
1568 8310
8980 9133
4506 5241
5225 5614
3041 4029
4145 7451
2658 6974
2323 6724
4261 6070
57 992
480 4080
3141 3231
864 1002
1375 5471
1377 4469
1291 6693
1144 9054
1442 4456
1041 6552
5613 5943
52 9378
7457 8630
519 7738
3218 4584
2559 6073
1506 8365
1654 2574
6023 8743
786 9769
879 1008
629 3683
347 9719
6024 6201
4882 7582
264 1100
4901 7844
4481 9645
3693 3752
9544 9774
1994 5767
3934 4502
5783 8996
3054 3498
1429 8218
2952 7164
2092 9588
1870 4840
790 7093
1141 8452
2260 3322
3128 7808
1187 9292
5074 6018
7743 7881
1204 5751
6765 9179
4135 6497
1473 3558
6496 9190
1154 9457
2441 7819
1390 6616
2368 4214
8915 9176
3227 9047
2017 9859
4975 6340
1010 8505
897 9821
4215 7868
2979 3058
5686 6296
4933 9238
6276 9414
1874 3822
1320 7243
5193 5556
1406 3448
1203 8795
2332 2392
1204 1224
4150 6392
3279 9501
2055 6113
4662 8393
4521 6690
5259 5401
4767 6280
6402 6534
7703 8142
6780 8301
9371 9793
2559 5995
5401 8980
9265 9297
5132 6915
77 8101
802 5444
2636 3667
471 1134
5947 6456
383 1403
1930 8021
3953 8443
5196 5905
3822 9415
884 8813
3694 5981
994 6912
1317 9558
6361 7054
8752 9126
5556 6667
3065 6738
568 760
4966 9518
3541 6848
7068 8708
922 1137
3049 5652
2812 6188
3434 7169
2533 4895
1949 5909
4646 7926
7048 9849
3545 7341
6280 7669
5384 5900
1954 4043
2612 3087
4434 5553
495 4603
3684 6035
210 9375
1114 6937
2969 5665
8296 9490
2056 8126
5394 6744
917 6227
2255 8663
951 5322
3134 7962
1824 8980
3429 9197
2493 9265
3950 5064
2116 3903
1031 3357
790 5568
3146 5228
659 1685
4251 5609
447 7514
91 6897
2387 8585
2452 7083
4769 9494
2618 9400
2763 3569
910 6010
2404 8313
4966 6591
4777 7694
2001 9040
5295 6245
357 358
3994 6980
2730 5881
7149 9198
3996 7119
2558 2677
6010 6912
1043 7726
7584 9059
1025 4233
3049 4751
8556 9285
6595 9714
3976 7732
6562 8221
3164 5446
2840 4006
4127 8689
846 8333
318 3431
3134 9544
1670 9383
3526 7234
1556 5580
1934 9472
592 3743
6496 7196
9574 9644
1745 5341
5368 5886
4473 5686
971 6917
6315 8879
4159 7729
2566 8663
2234 3437
2563 4410
4284 6147
1449 3584
2823 3672
4956 8720
4109 9751
2056 5770
6926 8556
5447 6601
3015 6067
1401 8641
4002 6278
6220 7313
5237 8840
6340 7711
1754 6973
1846 5237
1055 4067
4473 6650
1453 2987
1862 4235
22 4151
4469 5442
1683 2154
2651 6867
8365 9222
7796 9609
5326 6596
2573 5156
1473 5927
4105 8720
1734 6988
4435 7825
1473 2746
1753 9349
334 2773
3141 6105
1002 9597
3333 8661
3442 4655
7126 7855
1165 9576
5341 8252
1513 6856
3301 8873
1838 7182
556 2716
3368 7395
483 1644
75 6490
758 4430
62 5577
2451 6860
350 8208
1826 3375
2113 4724
3998 8512
765 7233
4173 5137
3526 7032
5996 7183
714 3077
1201 2259
1931 3492
5322 9699
5255 9606
4024 5155
5646 5966
5188 5689
4498 4775
445 1687
2531 3363
3819 7855
543 3029
4783 7412
732 7114
3347 7292
616 2231
1088 1208
3668 6393
952 6440
1038 1147
965 7498
3065 9113
910 1461
6092 6712
5467 6532
1419 5634
802 4397
3450 8920
47 2374
490 4965
607 1356
6246 7276
2746 2902
6007 7749
1733 8983
5320 6998
2840 6018
4727 9716
6669 8663
3086 4242
1740 2056
3634 9605
1358 5216
522 2266
3876 4500
764 8285
4229 8526
2276 9774
2875 5433
1817 3199
8315 9040
7290 8539
862 7233
6628 7276
417 5406
3765 4614
6129 9380
457 8562
1292 8254
9198 9839
1140 3279
1542 9865
981 5047
741 2346
7475 8070
8058 9635
4018 9470
4910 8738
2975 8220
663 4849
342 7352
7413 8916
5451 9670
2063 4927
3347 7760
2156 8537
3907 7334
7077 9071
2097 2100
4817 9313
690 8127
411 7984
1971 6018
2605 2744
764 5964
380 3717
3775 9265
1635 4383
7424 9168
7137 9031
3961 5997
1698 9663
303 2842
3550 7541
1053 8980
4210 7205
3205 5636
6448 8628
3587 4250
2067 6634
905 5153
587 7238
2727 3063
1406 2370
3631 4802
7162 8127
4617 5020
531 6218
3675 7036
3681 7666
1579 8365
732 2038
5506 6018
732 7593
4292 6745
786 9795
8317 8406
685 9765
512 2697
958 1204
3980 4333
2033 8890
2788 5009
4252 4297
254 3015
8897 9419
1165 9771
232 6010
1444 4398
4729 8160
2644 2936
7261 8182
5678 8629
5098 6663
7047 9025
4613 9638
2936 5858
5212 5685
4579 6272
6593 8078
2369 7499
1693 3081
91 2383
473 2098
7713 9387
5221 6936
5013 8188
7063 7101
4010 4105
3750 7625
3753 5917
2603 3677
2323 2966
966 2856
7839 9726
2573 6147
4431 6199
800 980
4360 9816
3092 8919
53 1120
5478 7936
409 1277
522 2970
1381 5780
5438 6443
3874 7775
2098 8032
6067 7326
4267 6316
2700 3636
2338 9263
1304 4309
9363 9541
5645 9585
3945 9559
2012 7983
1543 3157
924 2910
549 1752
3990 9726
1094 8500
4535 7045
5934 7288
3410 7184
4245 5500
5948 8185
3881 6688
564 7007
1859 5323
6926 8883
4923 7017
2092 5997
4317 8094
2504 5481
6228 7464
1204 7009
3645 8106
3791 6644
3028 4258
625 4159
2179 2894
5052 7361
80 5040
1381 9489
6030 8324
1730 2007
5971 7635
2234 4265
3446 5025
4029 8395
4314 7144
908 8461
1043 1522
5050 5159
4158 8332
843 3012
3431 6866
2590 3693
5751 7079
7460 9395
7229 8452
3058 7533
2818 5365
3931 5197
4744 6115
4025 4342
4154 7078
1250 2410
1540 9753
4320 7998
518 668
5325 5703
4473 7202
483 8719
7224 7454
297 5644
5646 7643
2077 5796
541 1622
5692 8000
7078 8448
3361 8068
3028 7496
994 5686
3646 8953
2537 5512
461 5745
3772 9252
8723 9868
8629 8659
2015 8308
879 5587
2970 7188
1578 4322
3649 3923
3399 7301
2315 6283
623 7438
2700 9518
3719 9342
4384 5911
2887 8902
912 3081
7525 8444
285 6693
3847 9361
6328 6750
423 1316
2746 9099
3162 5698
3513 3676
1389 2534
5432 7499
906 4720
5556 5998
1487 6409
2628 5161
3227 5336
3921 4227
274 5435
1250 3467
2125 8092
6428 9316
6946 7452
2800 5472
5365 8156
2496 7838
3717 7079
5870 6478
3479 7083
4626 6021
5784 6632
632 7599
3595 4773
4872 5722
680 5827
2405 4151
2660 7596
4667 9031
6939 8263
5350 6824
3132 8745
530 4908
4959 8631
4032 5643
2500 7987
3011 5548
2224 8256
2516 5643
4199 8193
5727 8529
2544 5630
5548 6362
2913 5240
5794 7198
2698 3037
3650 4605
4610 5047
885 7381
4923 9494
1981 8021
6138 7778
1948 3822
58 7761
91 6147
3279 6503
3399 7910
3539 8201
1957 4417
32 6668
597 9486
2822 4090
109 6103
491 2025
528 6872
1159 3785
166 1161
9516 9741
3151 4392
3058 7426
6517 8915
3559 5416
1027 1572
3751 7560
2628 3561
4736 6475
4614 9785
2375 3650
4807 6591
7366 8022
6705 7632
6837 7790
4945 5284
6329 7079
50 1126
2454 8526
858 6574
2923 3406
4328 7654
2089 6216
2374 5169
4177 9400
2210 9375
4221 7417
4167 6481
5217 8156
8028 8181
3309 9866
3545 8010
4972 5652
8345 9602
5258 6644
4720 9449
409 8443
8138 8252
6053 6553
3121 3427
6047 9180
1655 9597
3114 3436
6681 9010
4017 8201
1564 5376
1666 6850
1316 7472
5663 9112
8 5236
774 1948
39 7312
4423 9712
1487 6350
1875 6173
6162 7977
5464 7867
7607 9370
4748 5156
2383 4300
1825 2707
1471 6790
930 2369
1327 4227
536 3683
2370 4085
6030 8764
2015 3204
875 887
4172 6241
4752 7785
4315 7864
80 8539
8774 9662
1745 2067
1910 5651
632 1365
5241 9663
4861 6380
2161 9721
3805 8191
1415 6588
1518 8897
4084 7042
2071 4337
3538 6804
380 1773
740 8531
1522 4057
4637 7114
64 6800
5096 7241
909 2175
2821 3662
3007 7243
810 7625
5971 8505
1167 7461
561 639
3514 7125
2395 3497
6908 9231
1723 1725
2965 4333
483 1640
4998 5189
41 453
4029 6768
1209 8610
2524 2893
4680 6535
2006 2259
1002 4229
1418 7889
4135 7625
4602 7561
2320 8763
3976 4029
363 7692
3805 8242
3850 9073
2886 7042
1147 5938
552 4511
6507 7100
9363 9718
262 1587
6031 9722
430 1109
4725 7039
5132 6791
3652 8573
1434 4362
2003 9069
682 4467
3446 6736
2230 4385
3864 9165
6768 7160
160 2987
4513 5758
663 7956
4633 7233
3766 6412
1007 8046
6335 9316
2494 7522
675 4254
558 8926
1594 8673
1802 9576
3185 5405
6246 9472
2094 3459
1799 4060
702 8363
4444 8100
2887 4973
2067 8252
6231 6609
6437 7070
7797 8722
3250 7070
7218 7454
7059 9577
4431 7412
4421 9448
495 682
2937 4038
1889 5700
1065 7389
4841 8152
6782 8414
391 2138
3718 8526
1681 5324
5000 8796
2935 9148
3065 9747
1224 7079
6774 8142
4135 4473
2299 8696
8873 9153
3327 6579
4091 9813
5324 6921
46 4684
3551 4445
1410 8106
8256 9337
629 6086
7744 8448
3443 9756
2721 5655
6227 8225
4314 6798
1380 6579
2196 2729
2856 3991
9154 9510
4407 9096
6339 8423
1655 5205
968 8722
219 1965
1456 2609
1424 3631
776 3387
2077 9670
541 9270
4912 6317
2785 4469
804 9472
1332 6010
4384 8352
2017 7977
8009 8619
1484 8630
7200 7670
3244 9118
1005 5565
7426 8228
474 2941
4221 5546
1183 9490
732 8752
417 869
4273 6716
6486 9494
622 7282
4333 9448
9395 9662
1727 2522
7981 9022
2664 4990
771 5040
4994 9083
4831 5650
1733 7076
3792 4333
2003 4663
1209 2056
5078 6205
617 5944
298 429
2098 2387
6456 9373
123 2234
3765 7969
6534 8454
4698 9166
1548 7882
6103 8265
7268 8740
1813 8468
8021 8576
6885 7395
6375 9712
1656 6018
3174 9871
6744 7913
1283 9630
3536 6576
2406 2482
5918 5934
5212 8216
4819 6927
3125 9032
1413 1732
4607 8452
3897 9711
3656 7701
5279 5382
1693 3313
2622 2939
1782 3944
5168 9827
2590 7878
3652 8735
2825 9862
1000 1317
2513 3506
5278 9036
2531 6969
2034 9225
139 3543
4996 6267
3785 7472
7535 9397
2098 8082
2813 5403
547 2746
6579 7633
1209 9227
981 7748
8011 9383
5474 8332
1569 9543
2963 3693
4703 5404
1254 7548
1314 6018
9568 9709
2015 9023
807 3616
8823 9219
3594 8287
3785 4229
236 7939
1436 7889
5342 5365
1806 6891
2640 3768
4830 7409
597 2606
6804 9269
7392 8050
7215 8365
1578 8522
3043 3650
5246 8775
4397 5807
6472 7389
4481 5132
981 3022
5934 7598
6291 7234
1120 3430
1268 8165
6395 6600
1968 3943
4311 9679
4045 7235
1238 1266
5947 6316
4524 6192
288 9515
6272 8702
2511 7822
1832 1841
4348 7009
4818 7076
315 485
681 3581
115 5498
3938 4336
3274 4536
3652 9134
651 6463
2007 9378
964 3719
6689 8271
1457 9179
3488 9537
2377 6404
1039 6323
2775 5111
106 6026
3640 4184
3991 5615
3022 4610
1786 2125
7141 8327
682 9380
2356 8697
3080 3444
7416 9628
9186 9781
1845 4844
5977 7076
1825 9790
1419 2826
7671 8628
3509 9701
4002 9803
2507 7816
265 4546
106 1810
382 4620
758 9863
2796 9591
288 5470
315 1286
2606 4815
4078 5848
8266 9367
1943 9629
6030 8914
1024 3636
3772 8975
236 3846
1466 9140
5698 5699
166 9736
123 2224
3444 7926
2181 7818
2376 5275
2012 9011
312 1158
2609 7160
2067 6675
4103 7583
4151 6484
1487 1702
2144 8585
4561 7246
8383 9040
6184 8789
2518 5922
3294 6850
349 3526
56 4604
5307 6546
1784 9701
522 8191
974 9596
8236 9178
3119 3805
4019 4329
1002 7838
2359 2991
5202 9400
994 6897
3588 3645
4684 5534
5480 6101
4335 4752
993 8020
4350 4677
5754 7855
15 9716
3928 5580
458 2768
468 6350
8492 9734
1337 8908
681 1344
312 3640
8344 8915
2192 4384
534 8800
6530 7628
1450 4388
4746 9753
3335 7054
1696 9165
1388 3561
8350 8796
1477 8099
682 8115
2808 3659
5133 8452
1867 4350
2178 7699
2070 7588
5485 7974
3057 8094
5338 6273
5564 6086
169 5683
3249 5586
2054 4428
3854 8135
5156 5911
1201 9711
3056 5388
4473 8277
991 1806
4556 7961
5620 8452
1976 4650
142 1179
91 6912
1948 9168
1971 4965
3002 5512
222 8275
1444 4610
2772 9244
8891 9400
2411 7818
2776 8488
6303 7380
8 3049
2035 2362
1572 6517
4729 9225
3704 8719
1102 9464
1422 8165
2626 9651
1916 5401
1546 6137
1250 4045
5221 5755
6129 6351
70 6200
32 2823
4642 6248
4669 8314
3083 6675
5379 7928
92 1229
2740 8026
1770 3772
1784 5110
5265 7381
910 3565
4421 7969
9395 9497
6075 6289
2098 6153
5062 7872
3244 4940
1361 6760
8213 9183
3826 7330
3531 5548
4416 8774
2580 2735
654 2533
1038 8292
141 5046
423 7598
4741 7977
3205 3327
3964 9443
895 4953
851 2804
413 3643
1391 1578
8109 9077
3524 8145
2990 4067
2408 2713
5602 6997
3661 3668
4801 6164
326 8545
1837 3094
7413 8090
1967 9075
3346 7220
3322 4436
2098 6374
2281 3932
682 8970
1329 4500
668 7573
678 4724
149 1783
7466 8745
856 1550
4031 7348
1284 8220
2012 7984
1161 7038
2503 6868
1477 7076
1515 7684
5134 8236
955 8337
8649 8708
809 1069
4115 7543
7200 7461
5185 7689
5482 5655
716 3244
5414 7865
1522 9620
2314 2556
2716 5187
1155 5878
4773 6328
709 1096
7782 9491
3280 7053
3662 9491
2675 8204
1804 1970
7111 8935
1505 8728
533 3318
8424 9674
957 2561
612 4288
1951 2644
5991 9701
160 2380
5 323
3005 3976
361 7261
92 7200
3127 6193
1036 3322
1633 7218
3526 8079
7453 9324
2218 8571
1605 6987
6557 6719
2101 7461
6632 7364
8462 8611
1362 2984
160 5742
967 4180
5463 5584
701 2763
4356 9121
6193 9260
5165 5820
1600 7370
2093 3241
2098 7596
862 4400
4305 7364
5628 6069
1067 3748
1229 4341
644 9774
1128 8025
4093 5986
4422 9125
3590 7156
3944 4276
3864 6386
4653 5222
2778 3202
160 3158
1798 8544
6985 9431
3884 8014
1531 9349
2015 7926
7450 8148
4262 5543
5444 7499
2444 8181
4382 7100
304 4304
1162 5912
1622 8304
2293 5436
253 1190
473 7083
1619 3764
1698 8242
2327 7140
3849 9280
1841 6249
4525 8358
1418 1436
268 5579
8443 9663
1564 5817
1161 6351
4630 7688
1458 9718
80 6581
1708 3010
5686 5911
6657 7073
2664 8946
4711 8627
1320 5940
1982 8028
6265 6871
6584 8503
1156 7089
3054 3663
4752 9361
1227 4966
2410 7951
1539 1999
4162 7050
5221 8512
1930 8953
7377 9767
8477 8908
3273 5680
6894 9386
1427 4725
5048 9867
6393 8689
1323 6228
2407 4777
6251 6359
1849 4630
785 2333
445 6129
2559 3659
771 3710
2804 9402
715 3020
7989 8191
3254 4054
4431 6798
4309 4457
447 5584
1031 3536
4703 9055
2838 9626
1987 7937
1138 1231
164 9586
1999 5556
3181 3535
2303 8310
2537 9659
7726 9722
7149 8150
4634 5467
84 5878
1370 5656
2049 9830
1272 5395
2770 8558
7349 8879
4004 9472
7935 9474
305 9501
1470 4260
1069 9602
206 7990
4227 8267
1462 5577
3643 5659
96 7233
48 4036
565 4228
1159 5841
2716 6895
9225 9317
525 6595
77 78
4585 5237
443 9261
950 5008
5704 6132
2637 5655
3327 7877
835 6868
3043 4994
1688 8157
4664 8212
3448 9519
3142 3976
5401 6736
1100 3434
2414 6178
1610 6250
2304 7571
1362 6194
647 9494
6339 7439
3691 5553
4102 6000
357 3448
1816 4883
5616 9285
1518 2676
7496 9213
3977 9018
2162 5132
3900 9690
3793 8769
2531 3748
5043 5925
5307 6642
2773 5212
5591 6939
3380 6582
3610 8165
2573 6010
3132 5615
1618 5427
837 8389
6335 9066
2485 8283
249 2556
5073 6191
1513 9727
2077 6920
5391 8555
323 1721
7877 9448
3745 3864
3057 5655
6737 9292
3793 7631
5512 9443
6625 8938
7665 7853
210 2910
683 9502
846 4041
485 6088
3761 8727
139 4451
2048 4101
7482 8440
1506 9579
2381 5862
4957 6765
1522 6146
1161 6780
366 768
4147 7548
6897 8029
931 3691
5122 7188
3357 6576
981 6351
381 1812
5799 9502
8181 8959
2560 7233
725 2314
6289 7840
3991 4066
2722 8456
2161 9662
3808 9263
957 5749
2513 4341
5352 5397
6439 6717
555 4610
2879 5858
916 2247
3718 7472
2356 6563
21 8976
2922 5442
3101 6813
2457 5365
5059 5801
8382 9816
1854 9429
1578 6797
144 2665
3641 6797
8267 8638
413 4132
2847 2981
4410 5040
3800 6362
828 4500
2179 2932
5991 8354
423 2314
1865 2402
1963 2822
3923 9589
391 851
3812 8564
6406 9458
1675 4388
5871 9489
940 1294
8881 9380
5156 7202
2561 5749
5564 6624
1828 5082
9548 9736
611 5548
3057 9050
4513 7156
3565 6650
7721 9092
2625 5652
3058 9083
1987 4610
3433 9424
1813 5524
4797 6811
7622 8488
3668 5754
3805 5045
4508 5153
4688 4802
3005 3631
4493 7935
853 8492
1085 6007
2716 7156
5338 6572
3043 3065
7417 7541
2470 4766
266 4930
3091 7023
1196 3280
984 5915
1406 9355
4565 7261
3066 6502
409 2654
5570 7919
2542 8661
1566 4278
6360 8182
1676 6001
3768 4002
8313 9145
3406 9014
2566 6102
709 6664
5365 7813
4358 5409
1938 2165
2951 4084
5025 9120
934 4571
852 1007
3171 9518
3982 9646
4020 4038
2311 6555
9073 9854
5718 8574
2797 3966
3621 5998
2436 5163
5716 6583
1229 8598
3029 6017
1046 9518
1977 9724
3613 5152
3046 3532
5131 6205
5613 9479
4537 5214
2481 6621
6950 8697
116 5940
714 8720
3584 9604
2638 8975
746 8298
8840 9726
2590 7827
5911 8029
602 3810
4644 6906
1167 1717
273 7099
252 5807
2071 8872
970 8641
3991 9337
3055 3648
2560 5365
7039 7588
9225 9602
323 1864
6496 9767
7707 8508
3044 3144
7076 8007
3370 3923
3759 5203
1148 2391
1923 8926
1742 9210
5012 6001
3650 5652
698 2941
68 8013
3327 6777
2295 2913
3987 9487
2382 3031
1700 8604
652 9313
2067 4572
3313 3434
7759 8680
3201 5641
1105 6083
8634 8866
8420 9273
1589 3092
786 6830
3775 8028
1713 7855
835 4335
600 2494
8166 9164
1388 2577
4957 6160
4017 7094
771 1318
3479 6657
1782 4653
6323 9677
4058 6471
8296 8653
2376 9664
511 3703
2297 8828
990 2077
285 3585
522 7188
6364 9302
2025 5196
4266 6957
5892 9489
8628 9127
3993 8697
959 8280
1603 2478
7281 7451
1522 1994
1240 8119
1941 8247
3540 8630
981 6092
2987 4126
8025 8452
330 1698
862 9716
1471 2281
1813 6292
439 3411
2056 9490
721 1676
439 8346
2644 5359
2265 6340
5663 7785
1979 9523
2885 3128
8499 9753
190 6442
2421 5165
149 1477
1999 3980
1797 4867
1851 7549
3119 4103
653 5253
2822 8291
164 1362
3905 6820
1827 5682
2785 7276
5973 8630
1502 4455
8055 8056
4319 9834
4756 5384
1246 7363
496 1578
395 2946
1876 3356
6574 8932
3989 5371
3362 9153
3854 9279
491 2489
7984 8378
8480 8931
1185 8814
1036 6620
8964 9230
3358 6764
75 8065
8629 9057
6205 6624
3531 3971
432 9273
6895 8686
264 1117
5560 7803
573 5233
991 6428
445 7472
183 5221
190 432
1224 6950
577 3582
3812 8433
4091 9839
1512 3042
2504 5418
3558 8687
2056 4180
3831 9273
369 870
1677 5693
966 6113
3652 8906
3288 7879
4851 8014
4689 8267
4611 5035
5885 9777
7593 8208
2867 9623
9094 9609
3078 7550
1578 6574
3966 9440
134 6151
6691 8156
1167 4930
2998 9813
2092 7173
7270 9448
490 1314
6043 8729
7969 8591
3369 5444
996 2701
629 1687
1910 8129
4421 8119
7288 9418
2066 3931
326 2716
2955 5326
3650 9097
172 6700
2430 3097
375 9189
8200 8649
1816 2372
52 8435
2359 6280
5806 9639
594 5401
32 7100
6667 8068
5392 8912
4793 7728
3185 9159
4733 9421
1922 7149
1057 7107
5909 7955
4660 9683
1266 6753
6474 7689
2324 4550
3955 4172
4111 7247
519 1700
1138 4773
3991 5538
1444 6201
7870 7872
1493 9190
2069 2386
600 6472
4473 5400
4840 9740
670 8919
3318 9793
7897 8245
423 8099
7359 7489
992 5797
1055 5479
5403 6881
2662 7534
1351 3624
2013 4356
904 5707
2566 4966
2540 9489
3944 8837
4452 8531
1332 7202
552 7502
6696 6996
2683 4022
617 8619
741 7467
3579 8613
1471 2000
5741 6211
3710 8237
7682 8445
3119 8841
6605 9822
1968 2530
3367 9260
1483 1582
1828 6780
6307 9057
5713 9530
2609 7844
445 9544
7717 9018
1927 7312
498 3506
168 6272
752 3399
7526 9189
119 2421
4314 9395
5386 7424
4196 4511
1930 9377
1944 4325
1635 6352
5742 9354
663 6279
8452 9361
2259 7858
1487 3805
6958 6992
889 2453
910 6912
6747 8545
1954 7959
5482 7989
6589 6853
786 4966
2145 2501
904 7229
568 3205
2164 6075
4870 5652
2795 6494
7855 8887
2320 6147
2506 8381
3702 6130
3372 3641
3049 4910
5442 9026
3535 9619
2965 8191
1977 3027
4017 9055
2969 8415
1753 7390
3483 7238
2524 5388
1118 1456
1980 9471
2000 2179
2535 3763
1955 5427
8661 8761
5679 9165
432 3892
5871 7389
536 7126
50 3902
3483 7537
232 4384
613 4489
2573 8352
947 8148
108 8724
32 8246
1569 5568
423 7593
1138 6597
2888 8206
1027 2800
1589 7512
190 9832
1840 5346
3043 4605
4614 9109
2291 4022
1582 3293
4103 7855
582 3849
4001 6010
1598 3476
2101 8988
3301 8989
5663 6605
3600 9620
4846 5624
170 4621
7595 8345
1473 6018
4206 8452
4045 7959
1068 8345
6297 6647
4149 5220
1783 6309
227 4267
765 8490
3082 8353
6382 8495
772 3572
3232 8532
3080 7926
216 6053
4833 9655
5979 6421
1893 8056
9553 9716
2335 3650
3903 7381
673 3945
4966 7917
3398 7699
6901 7550
3408 9291
5221 8931
1139 9668
5616 7893
366 2803
7379 8275
6236 7653
1753 5456
3479 6717
2016 9011
7083 7126
5959 7397
719 6547
8181 9409
542 5952
4976 6998
4681 6999
1687 5998
3785 9617
3055 3065
3926 8119
2016 2017
6632 8269
7585 7798
2239 4578
671 2367
3219 7916
1381 3813
2383 6010
2024 7485
6574 7271
871 5138
3416 7216
1473 2900
462 9703
785 5910
6147 6558
6296 6650
1522 9677
1229 6228
4384 8029
8529 8530
2713 7219
2831 2856
357 7118
1784 5318
4902 7658
6193 6350
1900 2164
416 4884
7 1312
4819 6987
4056 7472
1622 2142
3054 3670
2698 5923
1074 2967
800 5584
2559 6339
651 2092
6278 8953
2230 5044
4288 4473
3049 3057
4610 6712
3775 7357
2319 9400
1321 2935
6920 7233
1471 7857
2056 4003
1301 5934
1685 8068
2385 9442
4110 6192
6693 9568
91 2573
1869 6988
6595 9448
250 3712
2192 8352
2370 2577
2266 8995
2123 8039
402 6192
1987 3479
7047 9279
1644 2479
6486 8561
2153 7816
1330 8528
1175 7855
3627 3972
2850 7593
3550 8599
3434 8011
232 8029
2383 5156
2029 5852
1049 1761
2382 5386
5938 7076
919 1408
6060 7952
9386 9458
1948 8921
437 7125
1201 7791
6839 7662
3458 7507
6965 8012
1343 2584
285 2359
3616 4432
725 2381
1573 6674
3693 7827
5891 6625
7766 8653
4499 9616
2480 9212
1471 2778
5105 7996
3955 7596
2142 3831
7515 8394
8168 9302
1200 4056
8115 8323
4614 6350
2181 2808
838 2552
8553 8921
8822 9311
714 3932
32 8529
6473 9631
1589 5813
1301 2540
2281 4190
1808 7039
3446 5401
5365 8332
5156 6650
6630 9827
5841 8275
1551 8353
1932 6678
2965 6591
2203 8627
686 8832
89 1024
1121 8448
3598 7620
994 2192
3520 8229
1144 9342
3191 4579
4412 4572
2740 7760
2561 3561
102 5420
340 668
3088 7343
8307 8660
349 906
2451 9047
3815 3931
1375 8601
242 9629
754 7887
2116 9546
2324 5134
2925 7727
1287 5573
1728 5794
5948 7863
6896 8777
5611 8868
3040 8537
809 1973
8452 8745
6861 7990
2931 8873
1980 3517
567 9754
199 5630
7201 9375
1650 2259
142 6059
2597 4164
4646 8379
4473 8352
4066 4698
4455 5961
276 3132
707 6635
2359 7634
3936 7657
5862 9190
4292 5246
6563 8871
6405 9168
7603 8887
6323 7671
5615 5655
2266 6409
6165 7668
2633 3191
8212 8314
1743 3303
701 7171
89 2719
800 8953
3558 3932
1534 8234
809 9317
1256 2295
701 906
686 8239
3300 3559
2161 4783
7573 8980
1868 8123
2665 2906
2906 9769
1248 5390
2070 7039
4431 9662
3119 8296
483 4456
1600 6632
4120 9300
3448 4453
3253 6765
7583 9060
509 4587
5745 6463
149 991
2382 3062
1773 9165
842 1794
4574 5615
1702 2900
3369 8752
6895 7493
1506 9489
3797 9823
4752 8574
2476 7857
732 4297
4812 8350
3772 9050
1308 4254
838 6757
1280 3792
7300 7984
981 1392
901 9824
2902 4421
968 9187
2568 6426
2529 2541
2689 5142
7541 7994
785 5119
1229 5840
7730 8451
1614 9033
4434 6283
2687 4209
767 5397
3528 5760
3709 5110
4761 7183
5489 8878
4127 9104
4590 6459
3120 3693
4528 9653
1013 2447
1347 5856
5879 8603
6013 8119
9187 9268
1309 8641
6043 7518
46 8949
402 9409
3648 3659
3347 8883
2018 4791
2210 3223
5020 5412
2320 6650
5318 6005
5193 6064
3718 7597
1153 5161
2090 6249
7114 7593
2868 5059
2889 9424
696 6940
3652 5387
2439 2526
3066 3586
3436 8236
2637 3049
4535 8844
1391 4250
1471 8236
181 4805
7704 8236
3109 7025
6926 7569
5072 7886
958 8183
1997 8060
6249 7164
1443 6040
2305 9058
1215 4818
7649 8228
5548 9486
1782 8745
622 1462
1062 2682
2427 7938
765 2560
668 1742
768 8348
7707 8506
5219 6791
711 6121
4171 4516
947 7991
7144 9660
1450 4655
1055 4013
4084 9552
2808 4972
4699 6053
5556 7583
6768 7377
5119 9032
917 7123
5421 9429
909 3561
783 6520
4584 6187
2023 7508
1165 4752
7238 7263
3357 9706
6574 8509
4887 7600
7401 7855
6192 8486
6018 9490
940 9706
485 9822
1825 7442
1332 4001
3568 8043
1388 7133
597 5620
2931 3301
2019 3445
172 2861
5124 6988
1254 4147
4718 9324
816 7326
4245 9301
3565 5911
7778 9167
32 1687
6761 7621
790 1422
4934 9596
3666 4601
8992 9284
129 6438
138 7070
2476 5935
1737 3171
3205 3290
6269 8236
876 8726
1737 8931
4633 5959
1846 9726
172 6687
8634 9613
2522 4982
4899 7499
1506 9326
1057 4204
3640 4029
1763 3822
701 7234
2817 5447
2775 8109
1144 9321
7299 7576
2858 6359
3119 3965
1013 5630
4352 8407
7198 7424
4054 6921
5069 9767
8823 9771
396 4037
3556 5221
1737 5780
4893 6053
4001 4384
6861 7596
5202 6649
4038 7452
4163 9337
3436 7401
556 7470
2845 5695
1180 4430
32 6451
786 9797
4873 8249
1268 1875
6103 8883
3049 9083
1685 9834
7442 9790
5825 7090
298 5979
1159 7771
2192 4001
1782 2856
2969 6651
4473 6558
1864 2666
6712 7670
7106 7526
3715 4632
1703 4053
3362 8873
526 8769
1329 6538
5461 9728
1146 3876
1687 6133
60 7703
672 9795
3360 7079
3703 9732
786 1854
828 3712
2540 5548
1 7149
3015 3671
765 4242
3222 9124
4377 5983
842 7523
701 7117
941 2486
5857 6384
3932 8390
7489 8583
1973 8345
6247 9787
6034 9753
1539 5722
6734 9118
3475 8796
3967 9626
1240 1649
1029 6776
734 7628
1579 5279
4221 7717
6081 6535
3079 8641
1908 9373
4099 4100
4336 8719
2406 2644
2644 3258
8568 9616
117 4388
2280 2346
2726 4369
1567 6342
1994 6072
5703 6015
5705 5771
940 3724
7474 7522
1460 7275
3860 4775
4200 4273
2891 7308
6558 7202
1213 2675
5056 9175
1177 7895
1934 6409
1506 4230
1610 9301
1138 3996
5341 7759
5917 6160
1810 7099
1417 4217
1687 2815
2919 6868
622 7419
771 8652
973 1806
7526 8531
5250 5900
1177 5994
5284 7499
6650 7202
5581 9216
577 4687
3028 3507
692 3452
2029 8114
5499 6832
2743 6848
800 3646
3991 5661
7207 9834
1237 5678
3987 5303
6053 6631
8555 8655
6936 9767
3662 4180
5439 8271
2077 5786
91 910
816 1742
4945 8492
2644 6449
1942 2701
1939 6345
800 7514
1256 6187
400 4595
3483 7369
6199 6576
5492 6047
4103 8938
3347 6246
3298 4539
8843 9596
4422 5044
4128 6325
7357 9265
3527 8689
994 8763
1455 4101
8492 8730
6250 8015
2631 5600
3095 3546
3007 7210
732 6896
6 3659
2495 4968
2367 5221
406 1015
229 9440
3487 5225
213 5512
6066 7421
80 8730
1804 4297
1499 7406
420 1212
1170 6616
3017 8668
1340 3418
4200 6462
2817 6081
3280 4627
4184 7799
7899 9746
4773 5042
626 5794
447 1930
2281 6018
1828 4221
2591 5305
1938 3980
3932 8126
326 6033
5414 8106
5833 9369
7444 7972
4966 5821
2913 6868
5987 8748
4620 7126
534 1513
5866 6075
2540 8090
2917 9034
194 6194
3984 8429
1833 5618
2326 2335
699 5602
65 1642
1970 7553
4149 9615
1031 9660
1378 8940
1697 6874
1570 9489
1730 2125
4099 7388
8205 8314
4954 5760
1391 3662
2540 5918
4434 5152
3384 7735
5376 8049
3670 5660
2931 8989
8276 9606
966 3761
4430 6340
3996 7263
980 6911
4910 7357
3849 4610
47 5169
5767 9714
6646 8832
4761 6092
355 4681
6212 6502
6033 6673
117 771
3538 9269
5654 6496
192 484
3062 5657
2880 7538
4665 8194
5070 7396
2147 3406
2164 9834
8324 9371
8 3661
8556 9378
5754 6129
7635 8505
1385 9672
3254 4945
990 1531
3273 8663
2561 7167
673 7704
5125 5242
953 7112
2016 7377
4610 8094
4949 9629
2193 3822
385 4164
2751 5651
215 6601
1500 5062
7732 9176
2494 6063
7475 9439
4340 4688
121 5450
2999 3202
1238 4666
607 8214
495 5809
5148 8529
3450 8028
4084 5172
1080 6283
7819 8311
6864 7333
2487 3540
1598 7349
358 4088
617 8009
2914 8850
8179 8931
174 8531
3748 5554
2320 8352
2010 7160
4634 9275
3921 5664
682 9616
4252 6303
4046 5347
906 4657
2761 7938
980 9377
1024 2700
7198 8236
3377 9775
338 9642
6502 9382
4099 7872
2220 6081
904 2056
420 2191
2739 3070
315 1639
413 547
32 7395
341 6398
771 4388
135 1027
188 3369
1444 8025
5467 9335
1966 8191
3442 5084
437 3119
4170 6834
1192 4779
5062 8601
5187 8931
873 5212
1782 9576
462 5474
2822 9817
2132 2622
3120 6683
3816 8157
7144 7460
2410 7864
282 3092
1634 2512
6699 7920
180 3740
4699 9163
6407 7261
2983 4245
447 6911
307 5900
3331 7525
107 5206
7075 9153
3618 6839
1578 3903
105 7200
1087 5030
57 3558
2470 2494
8044 8225
2921 4045
8749 9602
2665 5866
4263 5853
2458 5005
1620 5547
3694 9667
8258 8450
1255 9159
2623 7529
3448 9827
315 1952
8457 8657
4300 6558
147 8208
7970 8035
6171 8983
7583 8094
2220 8539
7083 8545
1444 3081
3031 3058
5384 8966
7996 8495
9362 9408
612 3971
4461 6788
3452 8522
297 4315
2056 3932
2004 2604
2624 8921
4556 5652
574 1552
3119 3343
4388 5040
1531 1753
150 5400
2481 5112
816 9769
1622 8420
3721 7298
3896 9494
2640 3982
4998 9184
785 1728
3355 8012
530 8366
232 2320
6732 7916
3107 8508
1987 3300
3298 5833
1263 9837
4892 8244
6003 6335
357 6393
903 9240
290 3441
3847 8448
6060 6520
7596 8687
421 3639
1039 6712
1167 7462
4216 7503
978 8548
1527 7272
4676 8442
6146 9198
3427 5689
1750 4379
5563 9191
1934 2900
1849 7350
2084 5996
5964 6208
579 4270
94 887
5210 8050
1508 3600
1311 4627
1032 7860
2408 9294
3148 9291
3183 7525
758 7349
5202 8215
2325 3479
3054 5651
3444 8379
1644 4260
5085 5090
1175 8230
5744 6298
3487 4598
1335 5583
5404 9055
6632 9409
1147 5796
5911 7202
1930 8576
1510 5159
5856 8502
1172 7713
802 2965
4666 9840
6470 8538
2345 3483
741 1280
471 1270
697 6309
3355 9424
1039 4208
5600 5644
750 3158
1508 4076
3367 9362
3991 8011
5630 7634
6086 7276
1655 6803
1165 2258
4069 5061
3584 4042
1055 5384
5841 8261
1434 1806
1167 4333
6657 7276
4748 6558
1735 5282
4540 7529
2653 3375
1208 6712
2237 6463
3073 9059
5187 6208
3540 8634
1796 4124
239 4752
910 6897
1233 1805
7613 8249
1948 9414
2449 4940
4888 7148
4421 7855
5909 8839
1578 4321
1771 5947
1419 8453
8182 8421
7489 8079
1250 3291
2541 6496
1275 2262
663 2963
2559 7156
754 4564
1671 5221
7605 8318
1931 3661
4607 8745
765 5365
3418 3698
1377 9664
2136 7765
3123 9781
8255 9634
3372 8208
2870 3163
7081 7140
26 746
1068 9317
264 9674
1288 7241
333 4456
2624 8553
7572 9470
612 9458
5845 7583
3849 8821
1447 6138
6696 8809
4604 8006
308 1165
1957 2514
3976 8180
4298 4767
7194 8803
2246 7029
3585 7374
7451 8615
1131 9749
1160 8515
4262 9564
2249 7349
4081 5634
732 2784
1141 2958
7518 8426
970 3962
2071 8725
456 1635
7781 8561
3944 4067
1681 3320
1014 8500
159 1899
1229 4252
1698 6632
785 3125
3712 6689
6277 9631
712 2281
5069 7711
3447 8223
5212 8624
5744 5900
1231 3902
698 2267
539 7383
1700 5098
4745 6820
4150 8100
1209 5646
469 5700
732 1937
1207 8094
1285 8445
1448 5236
4802 8613
4481 7398
2621 8257
2785 3786
4078 8937
3517 9354
1055 6298
624 6160
5767 9621
1965 3635
6472 9186
606 7007
1209 8126
6060 6859
3964 4500
2292 6847
1610 4245
1391 2281
756 7016
5635 6921
2501 7190
1728 5052
1229 6593
4252 7651
3983 7442
5217 6572
437 4336
5401 9559
315 9822
4793 5451
3342 5444
1066 8012
528 5173
5491 6502
220 2007
4956 7964
1802 7917
967 4796
6344 7009
899 9583
780 7565
4282 5576
190 1249
5952 9669
463 6193
1374 6943
2660 7076
3815 4694
1937 3206
263 5807
6192 7496
1166 7594
1205 7566
4291 9190
3053 8176
3588 6387
3345 8594
4288 9458
1036 8452
4952 5587
1473 6591
5433 7866
833 4135
6748 6804
8596 8769
4797 9477
6725 9034
2056 4814
5803 8372
1385 9678
6316 7106
5762 6208
1026 6030
965 8423
3773 7044
2630 3691
3007 6687
4614 8191
709 1836
1522 3706
6278 9377
4924 8636
109 2355
5229 9331
646 9525
91 7202
7785 8659
3339 8762
596 2149
2023 6078
547 3313
2050 8368
3771 9058
848 2327
5853 8443
5730 5839
1235 4362
1897 7084
1321 6678
4402 9699
84 5877
1843 8495
5529 7699
2613 3683
3320 7670
2237 9504
765 1437
4471 7319
5701 8191
2736 8104
1917 8894
2540 5374
1777 5640
1773 6360
4564 4949
1224 8528
1044 3745
7961 9255
4408 9431
2343 6292
3122 9318
858 2595
4605 9111
6273 6691
2169 8702
3281 8453
2963 4263
3584 6807
3841 8080
710 9176
494 8689
390 7907
1496 5841
3215 5481
8706 8897
7524 8156
848 6980
8433 8564
2014 7522
981 8261
1443 6456
2411 3422
2234 9356
6323 7923
6 5162
7159 9514
802 6301
73 182
906 2937
1338 2776
1987 3849
1471 5241
917 8455
5524 9600
5756 8931
6971 8011
99 2856
6390 6883
780 2653
4300 8836
125 9393
5510 6574
4527 4548
5241 8443
1636 9206
2771 2828
293 5655
6190 6323
1550 9823
809 8749
601 8003
1685 6980
671 7035
8301 9726
5067 5100
3501 7036
413 9359
1052 1578
5489 8325
160 3544
6895 8980
862 5190
5920 8837
7271 8738
917 8853
1622 2353
7704 8738
2320 5686
2559 7030
3004 5145
9488 9546
782 1830
653 7638
6650 8836
844 8966
7076 8983
7942 8060
8359 8901
1867 2021
272 5880
3727 8049
8636 9430
76 444
5197 5905
3615 9472
7149 7349
7164 7170
4602 9400
1471 6442
805 2778
1461 4748
6965 7495
1851 6289
6224 7198
988 7406
2918 8317
3766 5399
3118 7453
2523 5401
706 9393
471 5541
1055 9678
4205 7935
1419 5641
1362 4342
232 6147
1201 9751
1633 7841
3816 6129
51 6241
4362 7942
715 7419
3765 9827
1507 4945
1853 5630
4771 7162
7496 8344
3279 6137
2150 9382
302 1455
5652 9265
298 6421
5983 7678
940 2161
3846 4389
4712 9822
2237 6957
3360 6971
2053 9270
1644 4221
1603 2292
1381 7560
3204 3444
1406 9170
3823 5190
3015 7473
4456 5510
7083 9316
5745 9860
4473 6912
380 7472
1516 2286
4802 9751
2138 5865
1523 5441
3648 3662
91 5156
1321 3725
4882 6699
6939 8678
4359 4989
2744 4296
7447 9822
797 5646
1208 6092
610 3402
4228 9733
6315 8068
2590 9185
6650 8029
53 488
6577 8564
5647 8623
948 9219
304 6353
1855 2619
5646 9679
1642 5920
2955 3138
2073 5729
2861 4832
4738 9681
2806 8403
5374 8165
209 6227
5041 6789
380 9736
1568 2913
7760 9165
6097 9414
3844 4553
2018 3176
6768 6974
1810 2077
2134 2297
1138 3824
4436 7988
409 1956
5624 8292
536 4026
172 7243
1031 9395
3816 9107
3020 9302
5663 9114
1460 7592
4284 6897
2567 5149
1416 1436
2924 3039
2405 5343
2370 2531
2374 2822
4111 5276
5380 6732
2327 6813
1804 5464
5152 7596
7472 9605
2184 5016
1093 1410
1085 4062
4281 7328
16 7148
2652 4966
942 4246
1551 7432
6668 7100
5047 8567
3595 9616
2999 3816
1043 1994
5981 8853
6550 9840
1895 6918
863 8182
785 5040
4033 7710
638 7537
7290 8109
1383 4812
2498 3850
5681 7008
1068 8537
2610 6854
3271 4123
463 1444
7196 7271
1496 3718
4033 6193
3515 7677
7514 8021
60 4557
317 3652
1444 3313
4084 4919
3985 6384
1055 5903
79 6789
4802 8812
1633 1828
981 7472
4091 9198
652 2519
2192 6147
801 3487
2912 4865
5839 6141
2797 9572
5030 7949
1284 1589
1926 4443
682 2559
4045 7910
732 8982
2384 3166
1825 3772
3213 4094
4045 4094
7315 9769
4247 7893
5948 9400
4953 6844
2309 8905
3805 8574
6278 6911
2663 4711
3567 7076
7713 8861
4325 4406
6943 8116
2320 5911
1343 8714
4135 5771
3412 7227
8919 9227
836 8640
6067 6289
4238 9651
1224 3360
4300 5911
108 8327
361 6788
8032 8564
1329 3876
3648 3650
1229 9467
4300 6897
4340 7320
1578 1782
2250 2810
4561 7650
1256 7974
701 6040
1104 9285
1444 5544
8762 9602
5766 7233
2797 9201
4299 5438
2732 9577
2361 6971
1144 1389
1632 2661
3558 7596
3245 9499
160 7825
2285 2291
5401 9050
393 8976
2227 4871
2195 7628
3750 9829
2211 4803
9134 9474
8432 8608
83 3411
6966 9843
2098 8564
1819 2849
942 1968
1728 5910
1236 6866
2249 5660
2588 5524
415 4627
3171 6193
3650 5659
6200 8309
4825 8526
1705 4801
3190 7405
7221 9679
682 6295
2230 8068
5444 9198
4407 8887
797 6208
1934 2055
690 2689
6803 9597
7581 9059
3938 5510
1389 1896
6842 7142
4509 5710
5137 8054
534 3615
3274 4917
2660 4793
5338 7524
2778 4698
493 1381
1965 8295
2214 6960
496 2483
6166 8289
2305 5781
4079 6832
724 9367
3327 8035
4590 5604
1078 6552
3652 7393
5205 9597
1126 4366
6167 9718
971 5638
516 991
4205 4401
2538 6516
714 1886
5556 8191
8058 8196
6258 7453
1654 1864
3308 8247
2461 8400
695 2299
2975 3185
1546 4939
5279 9241
2297 3408
1578 9180
7717 8631
2106 6213
183 3569
3607 7988
2266 2745
4720 7893
5554 8925
3395 7269
5200 9267
3550 8050
5738 8436
6657 7199
564 5095
4614 7948
7606 7671
1968 4427
3937 4605
794 8526
2162 5519
6696 8948
2740 6246
692 6747
5841 8179
5862 7039
4084 4544
8591 9621
2577 8879
6818 9190
3174 6034
727 5050
4771 6368
1886 3065
3205 6824
688 4186
1317 6972
2377 7153
4260 6422
6898 7917
2317 2834
3411 9550
4062 6996
515 4334
1209 5580
5446 8411
6335 7778
3684 4968
392 5520
1247 7869
5427 6876
2528 4938
7582 7920
5618 7842
603 2498
1357 7852
968 9045
2540 3483
1471 4171
1402 1817
5225 8709
8452 9390
3768 8783
4293 6330
6850 9767
3347 3585
1358 8424
2623 8826
658 2639
1614 6876
4556 4910
4000 7180
4974 6340
800 8576
232 1461
6408 9386
3763 9827
2785 3615
2447 4407
3590 3659
7492 7559
1479 5295
5595 6280
1118 8094
476 3579
3379 3696
2577 7845
1043 9677
3110 4164
132 9531
8451 9795
5414 8308
9415 9510
5745 5863
5037 6219
8556 9168
1219 9254
4063 4909
3243 8424
8049 8616
1005 9620
136 9421
232 4748
3909 8832
1381 3483
2785 3205
1464 6939
5212 6242
6922 9501
4607 5133
3073 7583
3665 7989
6199 7144
6303 9728
2228 7736
694 9241
8870 9009
1044 3864
4121 8529
3783 6027
5098 6325
2311 3386
6010 8836
3044 7534
701 8457
8417 8699
4184 8421
6364 6991
6863 6867
425 9628
8653 8858
5421 6409
459 4329
2494 6173
7477 8801
219 8295
1138 2349
1179 6059
910 5911
3508 9518
875 2918
1101 2840
4431 7460
2383 6147
2118 6820
632 7849
2867 4138
2487 8948
1625 7563
2665 8857
2077 8292
1229 6451
1379 7656
536 7326
3650 3662
7327 8188
2931 7639
8046 8145
8334 9276
4357 7984
465 2109
3057 9092
3659 9083
3761 7578
2307 3914
2383 6296
6053 7704
3875 9292
6693 8481
1934 3991
4438 6086
1578 2122
4170 5272
5236 5771
5976 8587
2435 4911
4773 9829
1578 7199
1248 9031
566 6067
302 8341
209 5116
2082 5828
4802 7142
1754 3439
1662 8244
5082 8505
3254 7864
2884 5679
32 9180
778 2887
732 9630
3536 3724
4314 7412
1832 7016
4825 6066
5386 8628
7316 9121
3348 7116
8531 9189
6371 9555
3385 6294
307 3772
3964 8585
3031 3043
732 4637
3186 8119
499 4388
4998 8224
8246 9477
6218 9520
4958 9128
1597 6272
1617 2012
6307 8629
3895 4323
5807 6250
7150 7195
4454 6137
4276 8241
49 7998
5577 9724
2119 4339
2251 3062
2286 7125
3318 6896
5418 6876
1025 1766
8403 9463
3755 6353
5740 8168
2588 6350
1426 6064
3339 8160
4072 9655
647 7834
800 5463
2559 9361
4507 9672
1350 9262
2671 5662
9461 9589
6796 9431
942 2245
6813 7396
3699 7290
1905 3796
1020 9241
2517 2913
7717 8248
2434 9768
732 6151
3450 8038
1895 6574
2921 5279
6055 7073
4469 8413
1825 9557
3244 4209
296 7479
437 6982
6632 8423
1167 5513
4797 6653
5556 9059
863 8261
518 7937
3548 6320
991 9316
597 5548
3486 8645
4815 5506
7036 9176
3665 5655
1709 2775
2203 2958
423 942
771 3883
465 1471
3981 7044
1438 2615
488 1120
3652 6611
1068 9225
7060 8794
4191 6076
3862 6269
2741 9043
4225 7530
3287 4574
4925 8412
6798 9706
2712 7865
6269 7413
3220 8348
294 3918
795 2759
3002 8763
617 6146
964 8745
5584 6911
1924 4761
8469 9691
765 3998
3260 4976
940 9721
3202 6129
302 4044
528 4264
4307 4632
57 7076
1435 2223
6249 7625
2382 9083
4661 5858
5108 6934
2834 9059
2192 4284
5326 6057
3976 4303
1522 8009
3814 9520
1577 2272
1968 6614
3807 5693
485 1065
4227 7396
1382 6571
4386 8348
314 315
2457 6874
970 7623
3574 9382
4747 6963
5780 7962
5202 8959
1471 5630
4025 4572
4771 7151
3848 9370
866 2539
2559 9605
2929 3246
6873 9083
1799 7864
4206 4610
2949 6873
1421 2164
8361 9490
811 5809
1952 5422
3411 8655
6087 9560
2746 3132
3852 4172
4720 4756
4663 9069
7795 9267
2170 9638
6267 9015
5034 7312
405 7021
2573 6558
350 5814
981 7038
3301 4612
1412 2501
166 8065
4740 5813
348 5133
7649 7711
7799 9135
3661 4605
1570 3551
3944 6053
1366 1831
1592 9274
3957 4742
1914 1992
800 9377
7486 8489
651 9588
1614 1955
3041 4022
3227 5679
276 3349
1900 8800
7872 9566
1329 6273
9497 9721
3852 3955
1184 5212
1381 2748
5995 9612
4683 7169
422 6487
2510 3470
5001 5313
2301 7316
2517 7975
2653 3982
3552 9061
0 1628
4272 9260
2092 5499
360 8111
3385 7565
350 3026
4469 9774
7198 7704
3205 7395
5269 8692
2043 9124
1294 6576
376 7599
6234 6490
3967 5548
4260 6658
304 4191
1506 3737
3573 6676
2237 9755
550 2073
3683 6217
4473 4571
1219 2639
2160 8750
3119 6246
7757 8435
5259 5398
701 8601
785 4084
8028 9755
1069 3206
5832 6226
1075 4610
8269 8657
188 8850
8591 9677
724 6939
6667 7201
1295 5126
4783 6576
841 2028
7059 9350
7746 8109
579 3751
210 1279
3227 5870
5282 6389
3703 8520
119 3505
662 8986
4674 9000
686 5588
2997 8435
442 827
6004 8009
8127 8847
1542 4673
7401 8938
2375 6985
8405 8686
917 6207
1061 1488
1507 2164
2709 5229
1621 6787
1737 5187
2350 5050
5835 8706
1166 8096
4095 6732
2777 4832
2627 7867
1753 4846
3197 5907
1159 4229
2194 7513
4957 6469
3218 9039
974 1310
2987 7146
4436 6620
6719 7186
2453 9393
6298 7091
1375 4887
3357 8774
1405 2995
6351 9736
4791 5359
3203 4045
2034 3040
1568 5246
1404 2215
6621 9606
5803 7592
1642 6127
3837 4735
1381 8938
2745 3057
447 8021
2077 6077
1139 9718
1546 9694
1059 7153
6057 8454
2969 7627
2161 9395
4960 6512
4660 7102
4135 5976
4099 5153
673 3849
2016 6876
2945 8021
238 958
4862 8327
3777 7769
2334 3768
4229 5184
994 8035
4585 6218
2776 9701
4252 6228
6340 7054
2706 6133
5482 7199
715 1486
1590 4293
1069 4729
2987 5618
350 6622
4493 5152
4270 5350
5574 7659
6109 7647
3227 7079
1662 8827
471 4733
1813 9375
1510 1589
7518 8729
5537 9069
8295 8552
4892 7671
5001 7942
1452 1991
5231 7759
109 6057
3387 5986
745 1172
1717 6003
5004 6732
7079 8697
2345 5524
1662 6778
1482 6474
892 1934
1601 7238
2281 9219
163 9664
6609 6685
6078 7872
9078 9829
4643 6117
1782 5754
910 4300
2077 5451
279 6502
3816 7977
4788 7201
2073 8168
1772 8641
3595 4254
816 2658
4066 5661
2541 7563
1506 3392
2251 5385
2595 3938
8601 8908
5900 6298
357 4088
6491 9305
1510 8078
3205 6033
538 843
1332 4284
8156 8222
1423 5346
1244 6815
1068 4451
4702 8324
5237 8837
6299 9193
537 3758
943 9143
3519 4702
4782 9646
2644 6187
4796 4945
2139 5833
2328 3221
2764 5040
5249 8703
3171 6496
399 6595
7080 8771
7981 8383
2983 3631
2775 5722
2101 4752
3501 8154
3982 4479
5959 7517
800 6911
162 5241
2120 7999
1149 6866
6988 7667
3724 9497
919 9528
1025 9671
2762 6780
715 9302
2404 5365
875 8127
1402 2458
108 5791
2441 9109
163 7727
7156 8260
4273 5464
6350 9600
3534 8497
946 1182
2184 3444
1557 3966
4592 6205
6208 8931
4802 6140
2937 5679
360 1170
406 4242
3539 6696
1633 7454
4687 7776
3659 8387
3029 4844
2120 3595
7338 8460
6190 8009
2432 3224
3344 5931
5187 5964
3002 3786
9154 9276
3964 5512
4190 4752
3765 3803
2098 3160
3038 6876
1893 8055
6246 6624
4090 9817
5047 6857
5412 9787
1667 7755
3668 4870
3073 3877
404 6975
2136 3611
1142 8761
4556 9266
5543 6384
984 4731
4329 7166
2554 4454
3202 4903
2766 8715
1367 6796
2362 5580
3770 6643
6601 7652
3640 5325
5385 5663
5081 8652
237 9617
5856 8505
1671 7700
3816 8720
1159 3718
7233 7540
1939 6889
4847 5187
4084 6513
6312 9361
1040 4038
2389 3505
484 3641
2083 3615
2882 7438
3644 5592
1190 6193
3073 8812
5850 9702
6697 9159
5162 8834
8623 9772
2580 7969
3077 7336
3227 8484
5223 8474
408 1166
191 9186
7889 9219
6861 9670
1687 8452
2522 5858
2487 5489
6942 8630
1657 5365
722 3772
5202 5604
2226 8661
285 8296
4870 7357
3483 3996
357 4151
1698 9124
1224 8697
2401 2928
2897 9481
474 686
9035 9802
5675 6595
3667 8583
4748 7202
1733 5977
1461 8352
9660 9662
6709 8274
191 6030
917 8225
3650 6249
866 1689
682 9823
1310 8400
5040 5634
6133 6988
1147 2294
4728 7577
3153 7774
6644 8848
513 6757
1107 5887
5548 6053
5506 8296
1216 3576
606 6605
1120 6164
6486 7775
8237 9337
6724 9748
2658 3621
3396 4194
3070 8458
5482 6868
4548 6651
3096 9843
1107 8972
6761 7177
953 8522
4276 6872
6184 6933
6010 6147
1487 7818
1142 6240
5789 7599
1052 6246
1828 6583
3646 5327
6737 8308
3031 6873
3376 5182
3346 7736
4200 9461
6300 7184
8190 9021
4304 5081
3794 4619
918 8798
2785 9107
2329 4912
3661 9083
3710 5040
2658 3972
149 870
7776 9526
4114 7785
8160 9317
7643 9446
1628 7049
6938 7149
1078 6046
1544 5897
1170 3344
2776 3823
6358 8266
1335 4112
2642 9002
1434 6793
1754 6064
5615 6055
3198 8236
1256 6739
112 4998
6269 6832
960 4746
4926 8981
1867 4677
4140 6144
2341 9384
4191 6658
341 6311
3661 5651
3696 4856
1137 3978
3124 7374
7106 7402
6493 6759
3487 7464
3329 6370
1754 4038
270 4170
1476 5745
7587 9785
3823 7860
5451 7076
952 9428
5678 8661
1066 2779
4961 5361
8941 9612
2034 3543
4174 8969
4956 8614
2125 3920
542 5938
1666 2763
3391 4426
3339 9225
833 4473
5463 8953
6146 8619
6339 6938
3293 7518
1138 9229
2528 3034
3026 3944
1453 1455
7163 7786
387 3002
3011 7126
2227 8699
2105 8448
5686 8836
4473 5911
5336 8840
769 4403
984 6182
5373 7075
2976 7875
3668 9318
77 7889
701 2785
6425 7174
5030 5592
714 7600
1090 9697
2303 5246
5440 5827
3717 4610
5952 6424
254 5482
2271 7912
1105 7649
7541 7625
1705 6164
910 8352
4793 7076
338 8400
8378 9055
835 3430
981 1471
2987 7118
1623 2327
1859 8609
4744 8564
7411 7904
5036 7833
904 4180
3254 7947
4078 6545
2887 3805
846 2009
1284 5774
2025 2489
9322 9342
3265 4224
6414 7872
3285 8012
5764 7695
411 7839
5397 9179
5041 6430
77 8374
3630 9639
77 423
3792 3932
2156 3543
6272 8006
360 6644
1052 7855
5052 5771
4748 6897
4451 9317
1161 1773
4783 9497
6261 6960
232 6650
158 9454
8122 9176
57 9669
2902 4815
1468 4041
3367 4319
1041 4147
934 4149
1241 7864
5414 8820
99 6980
2310 3492
3043 5000
285 6053
588 8223
981 7200
780 3567
2249 8879
4343 4377
2585 8553
2266 2856
2077 8047
2605 7459
8827 9226
326 6374
2662 7312
3777 6030
853 4945
522 5482
6131 8928
2801 7324
3691 8598
3844 3850
265 4721
732 8847
5221 8191
2979 5150
739 1418
724 951
5446 7083
3487 3754
1161 2371
6557 8332
2268 2788
514 9304
465 2778
9511 9731
383 2853
1655 9726
1159 1316
298 7715
4218 7668
5154 5853
2476 9176
4866 9318
1733 5193
2029 3729
938 2528
8840 8988
8160 9602
2547 8268
3102 7111
1752 5907
1190 3127
3822 8884
2640 4194
1357 1688
5205 5547
4448 6827
7565 9243
7610 8058
4048 7913
12 979
3313 5731
86 7477
873 9538
122 2651
27 4087
6011 8615
2566 3783
6473 8500
6798 9497
228 3944
3205 6034
825 6845
5548 7699
4966 7785
3659 6405
3669 5092
2077 7233
556 6627
2012 6868
5592 7996
1628 7706
3324 8175
2682 8361
6563 8932
5736 7992
3167 7449
2487 7380
1414 2421
1522 5954
4067 8545
7251 8191
8107 8738
4252 7200
981 9362
8438 9838
2866 4576
2199 2977
6574 6803
6009 8448
2449 7318
4119 5337
91 6558
7541 8400
2993 8021
588 8769
2595 5661
2673 8602
318 7539
2364 5365
3540 9239
7196 8931
3479 4273
3027 3387
456 4383
816 5045
573 4963
3152 9323
906 4388
4124 6827
3073 3792
7368 9715
6876 9033
4281 6947
4173 4866
5221 8275
1880 5436
1120 7426
3226 7652
7984 9038
3322 6620
3141 7774
3708 4527
3037 3145
1961 4287
4837 8190
1323 4252
5740 7653
1437 5315
1007 2926
711 8949
4777 9241
3399 4045
6143 6245
2752 6133
1671 8814
2689 8127
4943 9031
6627 9042
7144 9706
338 1310
993 3908
7336 8424
1642 2677
772 6997
3925 6726
4749 4934
183 2413
13 6393
222 3585
7896 8764
393 9283
682 5814
1494 9476
2200 3062
8980 9050
2317 7583
4566 5897
2570 8275
2090 8347
4271 7547
3272 5690
2013 3798
2448 9106
326 1773
5612 5807
7284 9058
5978 8531
991 9500
1942 9145
3899 8138
2950 6187
2756 4327
765 8139
4173 4477
4204 6461
4245 4634
2528 3214
4300 6147
3615 5122
4062 6696
6813 6944
993 5742
1284 1394
4264 4430
3128 8125
1145 2262
4113 9211
7281 7545
2017 9011
1185 7445
2802 7944
7381 8859
7983 7988
3558 9375
4464 6975
3717 5133
4725 6988
1730 5946
2817 4523
668 6712
5384 7404
732 7115
5942 7200
1896 6895
3700 7026
5870 6411
2806 7894
5069 5223
3683 7462
5309 6379
1831 8273
715 6525
843 1410
1446 1771
7412 9660
4054 6146
953 3623
3039 5050
4956 8314
724 1464
5362 9483
715 8653
1961 3443
2327 5333
2439 5074
4945 5793
4099 5273
622 2587
4074 4737
3728 9479
5031 9141
8296 9212
8029 8763
6605 7007
3641 9767
1094 1105
6696 7349
9031 9036
518 4966
259 9357
1294 3536
2936 9044
3585 4273
5335 8396
1284 2975
3437 8273
254 9769
3205 9455
5944 6660
1461 5911
315 6781
4438 5564
3650 9050
2455 5838
5880 9617
6214 8572
5913 9263
6556 9472
2726 8276
139 1069
1610 4802
9241 9484
287 8514
2844 7466
533 3289
1013 5595
4190 5125
3334 9843
409 701
2044 9724
981 4061
434 1570
55 3819
3211 9219
6115 9614
2070 3449
1579 7410
2567 8498
1930 4194
2649 3372
1071 1869
164 2030
1780 6023
2457 4886
1551 3843
543 1504
8160 8537
3687 3799
1362 8262
5463 8576
4578 9553
4845 9502
1061 9224
380 8515
9563 9678
6261 7789
1999 2537
2764 5582
2885 3238
6820 9502
457 788
1421 2832
291 5307
5018 5410
3710 4388
8292 8598
361 2778
1100 3127
7453 9507
1001 5150
8753 9648
1605 9442
25 992
2847 2990
655 6340
1900 5432
1345 6272
2900 6289
3400 5004
6339 7030
6593 7200
2700 4097
3018 5137
276 6393
5205 6103
6290 7762
7079 8094
3639 4841
2638 3772
964 8452
1274 5436
6278 7514
3467 7910
1655 6333
633 8952
3920 8119
962 7769
5681 7196
7101 8116
4516 9481
5384 6834
8443 9177
324 4197
534 2056
7605 9726
368 4266
2845 5918
3020 3144
2210 7583
679 8351
919 8991
2741 8097
3111 4968
7863 8185
792 5237
3565 8352
408 9606
5767 9642
6403 6724
418 7324
4187 4325
864 8545
154 517
714 7336
4067 6091
2422 7929
7009 9751
2689 6896
1864 5466
771 904
4641 5022
5661 9774
491 2900
6757 7536
3183 3331
1518 4306
2128 6338
1381 3066
1786 8092
2633 5320
922 9048
323 5158
1077 4815
1541 2165
2319 6308
4434 8598
1844 7815
1294 7460
6466 9379
3922 7615
3898 8210
1228 6496
47 2822
1765 8357
922 3043
764 1513
2035 2281
1987 4752
6023 8877
3531 6065
7153 9124
4761 7200
2175 3561
2927 7198
3177 7988
4336 6208
564 1438
7979 8155
1002 3119
4207 4217
338 2461
2877 6086
4407 7695
1952 9012
4082 4442
4286 6303
1707 2208
2937 5121
4899 6327
1951 5359
1841 8631
3645 6387
6225 7487
4980 8376
1854 7785
5125 7760
382 1854
1107 8638
4245 4252
6627 8260
5132 9645
3346 7371
5202 6126
4177 4602
4171 7036
966 7578
2993 4002
1434 5489
1088 8094
4270 5471
701 3475
2230 8480
7461 7553
2314 3673
732 7893
4837 9021
3945 4276
3444 4646
2983 9153
5125 8800
7 7430
2098 5221
1506 3388
1687 1751
2470 9264
4366 8376
8592 9861
5190 7860
3773 3854
7196 8275
7086 8158
4366 4980
1245 2152
6563 8191
1870 8147
1799 3254
2450 5401
4833 8630
2831 3932
2180 4349
1256 5485
7569 8556
96 3085
1167 4172
6356 7670
8490 9537
6409 8129
695 6191
2130 6359
91 4384
883 5587
5953 7389
2034 2156
5809 7132
1572 9274
1204 1659
3761 8975
4338 9057
981 9548
1027 4228
6576 6798
7106 8704
2682 8750
6599 8560
5237 6333
3886 4218
5034 8628
1583 4337
2528 5485
1553 2686
5841 6129
4330 6895
3479 8285
485 4185
2634 8623
2272 8058
968 9268
37 5507
350 7198
1874 8778
696 2650
1732 4554
133 4101
4103 9674
2532 3761
7451 7545
3690 6458
2142 9265
326 8766
1342 1427
5655 7989
3741 5804
1347 7219
6769 9594
1207 4455
1375 3857
7025 8849
3991 8931
2838 8931
1728 5995
5137 5934
1551 8630
2405 2501
2913 5028
2938 8777
229 9605
848 2665
7708 8158
6957 9588
2101 6350
5834 8472
3105 7295
2900 7326
1582 9481
3330 3466
1973 9602
4263 8443
6333 9726
1229 9477
135 1592
3538 6748
1036 4436
357 7850
1169 3753
1345 9775
226 2391
3367 6289
7759 8507
5709 6030
1002 9726
6939 9363
380 6129
3479 3585
4959 7717
4063 9773
5981 6191
943 9533
2331 3844
7620 7733
786 4132
3444 5195
25 5862
6111 7261
7668 8846
1358 3871
3803 8980
1542 5839
9269 9513
1578 7864
7729 8018
1452 9153
2965 3805
8682 8944
357 6854
2975 9735
9219 9401
77 3939
610 7775
259 6075
236 4389
4370 8771
610 4769
9232 9528
1848 2101
1280 8762
1357 8157
2586 6904
5505 5512
3392 7330
2666 6467
5062 8966
6508 8455
617 6004
6152 9318
5553 7596
860 1989
2743 3541
8877 9343
3691 4054
2677 5920
3615 8265
3750 9078
1075 3132
1148 8424
1736 4060
2523 3467
1363 6047
2540 5934
4572 9582
2656 5322
3800 3944
4384 6650
4752 8571
895 6821
772 9386
875 5444
4384 4748
4678 9118
3803 9775
2531 4227
1496 7597
1066 6965
1821 5518
720 7287
5731 9362
96 9241
3659 9827
8397 9269
5760 6028
225 4151
463 6201
5324 5848
4580 6807
242 4949
160 9189
1241 2502
2609 9104
2775 3699
2911 3185
6478 7968
3692 3953
3002 3426
632 1391
3779 7939
2179 2778
9050 9138
183 2763
3103 8489
574 3622
6323 8467
3855 4606
727 2081
500 7526
2548 3058
4661 5030
3717 8745
7003 7784
4127 6393
5991 6202
1404 8699
5384 8549
4832 6786
9214 9284
1787 9298
346 3453
629 3763
8094 8296
1321 7235
4337 7613
2866 6796
1201 8697
3602 8845
1828 8456
784 3408
791 5403
4114 7650
2118 5461
3945 6622
3648 5401
937 5801
2210 8264
1002 1161
3007 5067
2182 4609
3256 5004
170 2531
5130 5663
1754 6111
316 4711
618 1387
7020 7774
2286 3654
4815 7785
7504 9481
1369 1473
350 5612
96 3086
2633 4333
3508 9217
4877 7039
25 2077
977 6554
1085 3163
881 5554
4221 7541
4218 6268
589 4448
4311 9446
1050 4352
2795 9180
423 7563
6 4751
8642 9716
7848 9865
6384 7712
3721 8630
5556 5620
432 7348
3689 6294
5859 7904
6318 8298
3239 7946
5384 8853
547 635
917 9575
2267 2276
5212 5608
5510 8214
7010 8109
994 4473
1224 2356
8147 9347
7027 8812
4815 9600
5280 6360
9448 9782
3831 9265
1381 3171
172 5956
9383 9600
6906 8232
2694 9668
1294 7412
3872 9467
3105 5246
5968 8189
1782 6033
5062 9874
7649 9378
5493 8591
1834 3965
2487 6303
1264 3515
186 6939
974 7994
3768 4520
1401 3079
965 8776
1509 9220
2477 5939
4175 4609
2313 8028
4180 7188
163 2376
2936 4661
3124 8480
7568 9693
4320 7592
1179 7726
2269 7293
2009 4031
5977 6294
5345 6175
2241 2744
4299 9324
8591 9448
8562 9580
2359 3938
4638 4844
6135 7119
4321 9178
5128 5919
4958 9257
1114 9822
8749 9317
5024 5536
7541 8456
4102 9489
1687 2345
3683 4026
5565 9620
7711 9285
4966 8730
3567 5938
1588 3039
5122 7070
5322 7038
2752 6988
1402 3199
1781 3517
6184 6364
521 6328
7984 8312
9004 9251
3040 4451
5236 5442
69 8309
2633 6272
3550 6616
5322 5466
5028 6868
4857 4949
5118 6774
3849 9455
1381 6212
6135 7340
2526 6175
4401 9349
7181 8570
3834 8446
2083 2746
1069 3339
78 5904
3935 4976
9063 9187
1358 6691
4748 6296
2455 9829
3001 4699
1416 7889
5541 7543
1681 3477
6615 8214
3185 8755
2359 7867
3889 8131
1477 1733
2789 5473
435 7457
6030 6726
2399 2756
3534 5602
7832 9708
2751 9097
5482 5556
7957 8873
2371 7038
484 6129
3724 8774
7346 7502
561 5139
4204 7107
3250 8347
3479 4206
2277 4752
1977 2044
3506 6269
3098 4079
8529 9181
4353 7936
1031 9706
1207 5862
4328 6331
2155 9521
6324 8738
6572 8318
293 1391
2127 6943
3347 8265
3442 8283
6102 6682
7672 9851
5322 7391
4969 4970
4791 7323
2665 6018
518 8361
5400 8277
8154 8191
2156 3040
930 6409
5848 8937
1170 6172
1141 7823
4303 9481
1031 7412
1828 2661
9010 9265
9395 9706
4913 8073
3486 8158
313 9431
797 6402
1195 9551
3816 7855
7615 8520
1917 8535
2868 4935
1025 9373
692 4473
552 7477
3384 7069
1573 3903
5384 5744
1007 8818
6294 9243
229 6998
3151 6662
190 9124
2778 6246
266 6288
5418 5481
1138 9489
4475 4478
6622 6832
4001 6897
2008 2291
4011 7807
3717 3992
6101 8204
82 9631
7552 9400
7838 8095
6858 7160
208 3227
6060 6097
4966 8452
3336 8435
2049 8974
3889 9738
6490 9352
2573 3565
1733 8864
180 7637
3371 4858
7424 8628
2745 8938
1561 9155
837 1140
4783 6199
7198 7839
909 4934
3783 5761
1402 4847
1830 1886
1805 3705
861 1833
149 1569
7038 9736
629 2740
5784 8147
1780 8701
3390 9514
253 6193
3957 8051
3691 6861
9343 9407
2025 3377
3479 6974
4773 9541
1375 6162
6053 7198
2848 5000
2726 3720
357 8456
1198 8264
2281 7915
2779 2929
712 3230
3445 7977
1930 2993
3224 5604
5020 8058
1782 5556
714 1687
3859 7893
5204 6896
981 1817
5920 7537
9103 9494
4766 9264
3750 7599
3397 5383
3041 6820
3668 5652
3931 5196
3372 8107
7664 9431
8796 9092
6625 9783
2145 2405
3058 5388
1294 2161
1101 1971
5737 6393
891 4826
2130 9490
8591 9642
91 3565
1977 5889
1550 4510
5518 8310
2018 8823
3086 9241
3750 5489
2841 4135
5970 9410
2732 8944
3662 8820
8042 8382
281 9160
2963 4344
3242 6502
2134 6518
951 7229
5685 9546
6652 8570
1723 1724
4667 9119
285 7336
222 4321
7560 8327
3494 4605
2334 3778
2266 5615
285 8523
3448 7264
387 1977
1773 8065
239 629
4407 7855
2330 9261
380 7597
837 3596
452 6103
139 4729
2109 6129
2640 4782
2726 2864
5148 8182
6616 7503
1785 4199
2744 9589
3779 9283
127 8531
3254 3437
913 1864
8472 9616
2931 8296
3174 9753
4298 6280
1699 4912
4965 6018
3383 7101
228 6997
7606 9822
2967 3584
647 3363
4252 9630
297 943
7850 8201
2399 9012
4728 7579
913 6241
2856 9337
77 1477
5178 5330
6007 7115
2457 7298
9241 9568
1934 2856
6574 8191
7678 8505
3750 6871
2371 2408
4072 4833
3652 8531
4045 7333
9190 9544
4725 8237
780 3558
3058 3648
1264 4604
1929 2245
8122 8915
5365 7233
2746 6018
3338 6116
7641 9244
6499 6840
5052 8586
863 9181
2655 7853
3275 3305
2495 6035
2709 5901
1087 4584
887 4200
4221 6780
4533 8129
7284 9821
2534 6644
1331 8762
4132 9163
5421 5482
5524 6193
1769 2378
2055 4686
222 6129
2676 5345
8421 9197
357 8689
432 2353
1421 1887
3539 5630
2540 5695
1391 9178
2419 4402
503 9673
729 1138
892 3633
943 1615
1002 3587
6974 9361
7328 8570
254 8068
1970 7461
2032 6311
3081 8025
1325 9007
1461 3565
1062 7740
2965 3347
527 7099
2902 3132
760 7149
7411 8127
2806 9463
4002 4520
1391 3932
1222 8727
1385 5878
3448 3919
4218 6754
6111 8346
5 3510
495 6738
6972 8933
7375 8531
4083 8653
2637 9559
2644 5030
2016 2795
873 3275
4270 7378
1307 5007
1167 5942
1426 8983
3724 9395
263 5786
2404 9145
3289 6089
5132 5219
4326 6204
802 7480
1316 3718
357 1471
5610 5674
4621 8680
1687 4815
8774 9497
5388 6448
2663 8627
5023 8170
6143 6599
5833 8046
6251 7188
1906 5512
5890 6889
1118 2246
616 8809
6349 7196
323 2683
9373 9773
4029 6097
4171 4949
2778 5630
4327 5495
616 1158
2217 5246
5618 9801
1664 9275
1152 7156
4200 8905
6563 8236
569 3336
3511 7250
2029 9686
4442 7955
5651 9050
1628 5895
8735 9282
2123 5777
570 1648
1316 7598
3755 9151
2779 8563
1578 8797
4300 7202
6292 7126
4913 6930
799 2911
8062 8063
3921 6972
2405 8212
5577 5925
2471 6086
2073 8827
6072 9635
421 4841
1016 6819
3788 8117
6765 8745
20 1683
2933 5964
6060 6353
1473 5130
4796 6067
6720 8561
2228 3346
2009 4845
1633 9078
5427 8685
970 1401
5905 7133
2194 3442
1607 3674
3573 5212
5025 8406
3437 6766
2541 3822
822 1427
6192 9327
1074 5192
3531 5207
477 9189
7593 9209
5148 7443
5313 7816
6778 8827
3232 9846
760 6287
1775 9790
3002 8448
3519 6163
1532 5997
7122 7760
1419 9862
1717 5052
3368 9633
3585 3683
1236 2528
3103 8478
6813 8789
897 9056
765 4777
4416 6199
500 6193
1586 8445
4388 4410
3996 7238
2383 4384
1698 1987
6268 7668
1187 6737
862 1209
2239 7079
5686 6147
2009 3028
2847 8882
164 6946
8990 9588
413 3883
1551 5326
4835 7855
4637 7593
3920 8094
610 1162
2233 6809
911 1523
1777 5722
6027 8314
9775 9817
3291 7910
5333 7081
1498 5810
7455 8890
5058 8112
3506 4206
6179 6350
7547 7554
2311 3662
7650 8659
2680 4949
5423 9840
5661 6693
1583 3777
3300 6278
77 3041
1294 4314
1215 1733
5358 6879
532 9234
5042 6783
5489 7662
1809 6939
6950 7612
5787 6026
1804 8261
3859 4388
2440 5839
3394 8980
1031 6576
4820 4957
6047 8173
1105 2175
8456 9078
7170 7844
864 2408
2698 9809
3347 4273
1649 6289
505 6554
2051 9100
3913 4868
6640 7605
1461 2192
276 3991
496 6556
855 4825
163 1377
5359 9265
3915 7376
75 6129
8040 8344
3427 5628
5839 7490
4815 5539
7711 8556
174 2234
4340 4802
701 1444
1224 3993
8698 9539
3095 7563
1396 9115
691 7249
7270 9782
455 2580
673 3944
2018 8980
3501 7478
3785 5880
2077 4170
5760 6838
4439 5553
3729 4912
316 5155
5718 9775
276 3287
247 6572
1095 6343
6962 7662
5276 7247
1061 4684
2158 9869
7779 8652
2153 2293
7876 8158
5232 7670
1029 1305
423 6230
1633 7224
586 3016
2161 7144
5060 9631
4957 5780
509 7697
1518 5835
3357 6199
4492 5141
6495 8293
272 4229
866 6977
3174 6250
7483 9751
4913 5816
1006 7923
2778 6523
3054 4972
1248 3422
5731 6435
1786 8090
191 7385
3342 6083
3565 8836
742 3445
4634 4802
2855 3996
4040 8016
1419 3317
4 2174
9059 9375
810 4764
2671 7162
772 7573
4110 4889
2576 7653
5648 7553
1266 2878
1452 5951
5900 7363
8975 9557
4300 8029
6471 8419
5546 9631
7104 8855
414 3321
152 7041
3779 3846
3572 9663
4620 6205
776 5986
2078 3312
6542 6873
2260 7988
6798 9721
4480 7099
3086 8512
930 3759
741 2245
2301 6867
5968 9669
4592 8026
7129 8846
5047 7867
2161 6798
1649 4766
2640 3375
2523 6900
1027 9274
4258 4543
7335 8604
5473 6753
2778 9626
7196 8687
1330 5727
8061 9019
1306 8244
3311 8831
5279 9537
4054 7596
6349 9190
4620 7785
6096 8978
610 5912
2320 5156
7377 7661
1825 9819
361 2382
3434 4899
2823 3652
2887 8214
5623 7543
2963 4038
285 9779
3483 8094
4363 4677
3403 4570
3208 9301
5940 7907
521 7170
1900 4267
3717 6974
1126 8550
5040 6645
2672 9121
2230 5659
2077 3691
3944 9394
1498 5368
2297 7970
1461 6147
4353 5478
271 5267
1757 6356
2457 4961
1233 2555
4310 7196
8663 9003
629 6018
541 2305
5870 5964
4314 8774
5730 7815
1943 4325
210 9074
393 3779
473 8032
1006 6190
1728 5933
1188 8959
5692 7999
1456 8094
4388 9032
1209 3448
91 2192
6133 8806
3923 7931
1094 6473
4431 4783
1694 3982
1875 5374
6112 6403
947 7450
3512 4771
2889 7995
2661 8127
5122 8452
4 7697
3377 4580
2720 6060
7417 7717
1052 7126
981 6129
547 4206
5625 7472
2073 9226
1252 2457
2609 5612
7076 8864
4329 8714
1530 5214
1010 5082
627 2011
3656 3870
6737 7328
4852 5636
1210 7734
3691 7990
3057 5619
1381 5250
3827 6191
5333 7140
1577 7610
1471 2266
4002 8265
4761 8261
4164 5281
370 1942
732 3318
8236 8242
5489 7164
2892 6187
3432 7495
1838 9466
323 5514
765 8630
2774 4027
3775 4173
6597 9541
5064 5212
4911 8134
3914 5324
3401 9069
3886 7668
6338 7315
4131 7458
1418 8995
1190 6949
3266 6734
5115 5489
5159 8674
3255 5001
5654 8414
2470 7059
2598 9238
8628 9860
8832 8944
4779 8938
4398 7676
6035 8367
5652 9111
1259 4096
1771 6071
1295 4010
3185 3399
3975 7988
173 3932
851 8730
7722 8631
7503 9773
948 7563
5630 7857
1123 8186
6161 6992
4720 9780
3788 3915
8576 9377
2831 4561
1566 8032
361 9099
2466 6866
3686 9575
4229 5841
5734 7673
1198 2866
7436 8940
5188 6069
505 8466
3763 5042
5152 7390
4888 6998
1180 4023
499 9862
6249 9058
535 5814
2500 2878
3636 8917
160 7430
6029 7697
732 1283
2732 7059
1681 6018
7583 8264
117 5040
2528 9803
6564 7643
4004 8929
2596 3037
4114 9053
4416 7412
938 2506
747 7571
6866 9676
1592 4228
3123 6768
966 4686
6103 9491
5197 8814
7380 8634
1058 8166
8975 9262
3834 8531
4761 8567
2841 6497
4032 9554
8165 9751
4171 5064
1391 1471
6623 9606
6807 7145
3347 7374
2237 4637
6978 9350
2391 4181
5248 8392
1377 9511
2877 5564
4018 6864
7221 8049
2726 5255
6485 6989
1637 4221
1881 9129
5492 8173
845 8067
446 9828
1689 5444
1298 9581
5046 5267
312 7605
3807 5169
3701 7547
7981 8058
665 4116
3081 7522
3989 9240
1277 7117
1452 9768
3883 5732
2245 2280
6745 7820
1742 9386
6873 8161
123 4265
4151 6591
2411 7933
6354 6895
4127 6267
921 7035
1377 9476
5177 6113
2234 8448
1671 2367
5548 8353
1504 5795
7925 8196
3932 7785
1737 4550
7472 9736
3421 4881
4029 4030
5849 8580
4760 9806
1203 3174
399 8591
2010 8689
1315 1496
1719 8172
3702 7554
1570 4497
2391 3967
1959 3523
2813 9069
2658 6702
7153 7450
3767 9834
1914 9254
2320 4300
3457 9403
5856 7219
2754 4018
3206 6375
2820 7738
3584 5188
2389 3166
951 6306
4014 9360
4206 5792
5482 7570
1737 6193
3191 5320
8628 9048
422 3355
3338 4275
1069 3040
72 3927
3803 9050
3337 9757
7894 8403
5373 9153
2149 6738
1987 6491
1408 9232
753 4168
1473 6289
1670 5548
2556 9502
370 1237
5977 9243
4794 5016
1610 1813
3298 5920
2896 9034
2625 9110
2377 8148
1086 9813
3031 8574
3314 5021
986 1142
2745 7669
4666 7988
3479 7126
1421 2158
6741 7947
1671 6022
641 3850
9778 9779
2573 4300
6349 8074
705 5874
1573 2116
2211 7815
1164 7080
6205 6312
4252 4802
5082 5971
1280 5833
4200 4831
2149 5244
1019 9667
2381 5996
1068 4729
350 8647
1885 7312
1419 3522
5360 8436
229 4976
638 5221
1751 6057
4397 4496
981 4103
7923 8227
5159 6339
3280 6503
7687 8556
7671 9822
1510 8545
530 4869
4282 8113
1388 2175
8330 8476
6576 7460
1578 6047
1523 4594
6217 6624
5116 5786
2601 5230
780 7596
1974 4200
3683 7760
15 1021
810 9780
1565 4495
1277 3224
7149 7845
1461 6296
600 6572
2983 5467
289 3949
1804 9630
5509 7149
600 9336
1440 1626
4407 9260
5383 7433
3080 3838
149 9316
2647 8736
1074 5818
547 4815
2169 5548
7063 8266
7788 9750
998 6557
5482 9099
2281 8236
1953 8789
7218 7224
3021 9750
9639 9647
1904 9823
483 4336
1494 4469
2524 6878
4091 7149
7126 8938
1805 4298
6335 6891
4018 7964
3621 9092
2789 6753
910 2320
724 4298
307 7578
4898 7160
3063 9189
4556 4870
1448 6589
6753 9237
3656 9370
363 1280
5347 7864
3987 4323
1208 1280
1332 6558
2357 5133
2790 3171
579 5350
2105 3350
6626 6921
1337 6009
4200 5458
765 2364
4112 6309
1237 7241
389 8267
4314 9662
5538 8011
3054 9301
3723 6451
1685 6315
1059 1224
1598 1849
1922 7845
8497 8692
9237 9868
1161 1804
904 5040
3080 4329
622 744
4783 6798
804 6556
786 2472
624 1974
4084 6642
3306 3834
368 4411
4019 8745
5932 7691
3613 5137
5137 6280
2035 8019
3173 3650
3463 6462
1663 5061
9235 9711
3322 7988
3185 3237
249 5085
1424 7142
8021 9377
2255 8448
610 9494
530 7772
2192 4300
2679 6890
5014 5415
909 1105
3376 4465
7125 8772
7133 8814
254 1742
1052 6217
3115 9309
124 6911
2257 7806
797 2309
854 1088
1461 6912
3962 4749
7079 7591
2517 6750
3321 8187
8980 9818
6798 9395
4408 6489
6496 8296
6935 9751
791 2759
1093 2476
5612 6622
1052 6086
7259 7331
2406 4661
3577 6729
1733 6064
2436 8966
6574 7704
4416 6576
522 4752
3009 7567
4729 8762
1444 3601
4572 5341
593 8141
4661 8842
2383 8029
8009 9677
7797 9822
2531 5554
1130 8242
1828 5084
447 7408
4785 4957
5514 8556
2831 4945
6316 7358
4705 5542
5426 8637
4785 7016
2038 5028
2098 8965
5163 5449
7167 8556
3119 7489
6053 6234
1627 4796
3565 6296
1362 4165
1578 6292
8700 9417
4579 8241
2744 8667
3246 3306
773 4686
1229 6861
2958 8863
4035 9591
3615 4273
1280 5120
6097 7605
357 4127
1330 5863
3847 4561
1161 6360
2323 7113
541 8733
5842 7158
6591 8191
7006 9637
6720 8108
409 3572
5756 5996
1579 9241
1455 6622
6289 7549
3572 4018
1203 9871
2201 9087
8066 8529
2707 3844
1466 5188
4783 7144
315 6605
4151 9452
4184 8202
5307 7592
7500 8197
1477 6064
6053 8107
845 2912
5539 6018
1767 3965
2874 9028
794 2454
6102 9365
6980 7840
5359 6187
1544 9871
14 6035
3415 9441
785 6068
978 2597
2118 3041
3360 6950
361 4895
3141 9751
4314 4416
881 3363
6712 7200
2490 6276
816 1934
3081 8080
2531 6616
3191 8006
968 9063
1477 7563
299 3353
3022 3945
1988 6643
1741 4949
2952 6124
2746 7126
1671 3167
3636 4966
1780 2435
5833 6083
1737 7560
2098 2367
1392 7200
1502 5961
6748 8397
3661 5663
8536 9459
323 8846
533 5192
4409 6388
4524 7496
2958 5684
3131 7423
4 4038
3122 3450
4957 7416
5196 8814
1002 8261
631 1473
6850 9042
5863 9342
1070 8244
1501 7571
837 2530
6744 7947
5021 8331
3936 7842
350 2299
4694 5602
6139 9874
1106 6696
3971 9314
1391 3057
2588 2846
5030 7996
6289 7326
6989 7815
3039 5029
3587 6803
2329 4337
3805 8902
7235 9817
897 7284
3850 4413
1043 6146
2527 5259
7809 8406
8030 9587
4746 6537
1633 7541
4627 9694
2902 3615
311 5219
1471 9774
357 4655
3093 5159
3567 6529
3640 8202
3932 6272
1003 8035
655 3556
2779 6136
3042 7761
1827 4167
7869 9301
4196 6125
4900 6487
2528 5016
2984 4165
4227 8108
2773 7735
1884 7894
6517 9274
2701 8704
3043 3662
3712 9625
8345 8762
8752 8982
8288 8959
2887 5510
1593 3822
4634 9751
8659 9422
4560 4966
1737 7196
9065 9489
744 2587
3173 4605
4103 5069
1371 4404
2856 6289
8182 9165
7224 9780
840 8105
4045 9817
8730 9834
3471 5421
1922 8879
1327 7187
1388 7527
2987 7660
4659 8531
228 1434
806 9583
1737 3172
1461 8029
547 9180
4372 8480
6235 8181
6710 8221
861 5618
2937 5634
462 3190
8296 9489
2816 6594
3802 9830
5221 8474
1399 8240
5616 8812
875 1974
6974 8452
586 9175
5335 7643
485 2098
7625 8631
5977 6064
6665 9059
3191 5386
6133 9373
3057 4972
9229 9620
4956 6027
2648 5127
7389 9575
4614 5417
2671 5992
2169 9489
1616 1765
4605 9110
6209 6724
701 9438
6940 8817
2281 4966
109 6534
4528 7040
7220 8983
275 5835
1513 8545
395 2615
3472 8017
2659 2699
2609 6265
6 3249
4309 7143
7578 8975
314 695
2753 7140
8689 9104
6616 8418
2254 7484
6408 6927
4749 7623
3360 6439
5027 7977
9668 9718
947 7753
5835 9262
2262 9855
998 2459
3976 8729
2746 8574
7372 8194
2570 6225
4803 6521
917 6831
3134 4578
5245 9753
3662 5659
2916 9023
6693 9626
3613 6383
7477 7502
4333 7969
5069 7374
7149 9285
4045 9107
668 3227
1597 8452
4314 6199
4910 9255
2644 9044
1930 5327
1112 5548
3402 5912
7650 7785
791 6881
629 4752
3885 9687
5651 8191
4324 8604
6732 9069
413 8689
2188 8686
2848 3043
679 8260
3135 6102
1782 8296
9448 9598
2993 7514
4397 5612
8472 8568
6132 9534
2210 3903
1120 1327
1924 3520
6876 8685
3533 3850
1349 1824
7197 8802
304 3972
740 8465
3701 8040
1928 9155
2847 5612
732 1975
1236 2458
281 882
380 3313
5806 8627
5359 7323
4430 9554
664 3781
2850 7114
3211 7323
615 6667
917 7520
4084 6238
848 7081
1042 5725
1914 2180
7547 9714
1658 3964
5488 5630
234 9186
1536 8011
7290 8457
7207 8265
3932 4103
495 5964
2936 3258
1424 4802
1031 4416
349 701
4171 8681
679 6850
3652 7430
6234 9352
370 9145
13 7340
4346 7503
302 4018
4755 8391
2164 6980
337 2227
9007 9544
281 6035
1280 7692
156 5439
879 5948
3360 4131
1055 1385
4020 7697
739 4243
1358 5338
164 6959
4640 7453
1932 2226
1813 5821
4257 9750
6105 9753
4066 7168
9255 9265
7839 8840
2671 3330
5277 6080
1864 6958
2559 5000
1728 2559
1382 7079
423 4054
4713 5609
1847 8414
5090 7954
9395 9660
910 6147
707 6748
590 9202
1854 2057
7557 9634
7459 8667
57 106
8058 8495
5163 8966
21 236
2798 9424
5401 9291
2716 6053
2174 8832
5556 9099
5027 6876
8975 9282
2784 7114
5651 9114
6289 8068
1250 7869
6850 7156
1932 8629
6246 8957
2707 8975
422 6519
4149 9156
904 8635
159 8663
2540 9353
2556 3539
4511 7346
184 8745
1244 9026
138 929
8545 8577
849 5185
1507 8080
8749 9225
5620 6974
2161 9660
4084 5368
4920 8602
6234 6393
4895 7850
2918 7809
46 4948
232 1332
5385 8628
875 9155
2746 7199
8883 9576
6206 9674
9144 9288
1164 4202
5470 6986
3718 5841
1461 4384
166 8261
3727 7221
1575 7248
1622 3892
1685 7396
432 1622
2074 3063
1971 2840
2320 4384
3272 6819
3320 7200
2000 6868
765 3721
3128 5273
629 7681
6804 9513
2318 6053
647 3748
8512 9820
3761 7579
732 5859
1774 9190
6010 7611
9216 9518
5847 8634
6019 8901
5609 7098
423 1477
3122 5424
2958 8448
3205 7149
1203 1544
8383 9022
4149 7548
52 4732
1671 9357
5626 7872
1106 8793
2675 7373
934 5186
3269 4914
7642 8371
8780 9501
3347 3805
6622 9559
1310 7994
702 4524
2509 9036
3992 7079
2936 3218
1473 7276
675 8859
935 5694
5615 7785
1100 2588
2383 6912
4301 7183
1849 6347
2491 8714
723 3923
877 7200
2043 7991
191 8538
790 5256
4467 7421
7893 8850
1052 5564
3224 5260
2323 4232
5703 8202
1941 3308
1088 3920
663 2098
2745 7634
2494 8318
5239 6753
6732 9816
2517 3105
7126 7276
409 6320
2489 5120
3459 9034
9056 9821
2161 7460
6193 9518
8991 9232
3996 5836
1520 3226
5574 7225
6696 7164
32 7697
6640 7198
413 4336
6490 8191
673 6234
1506 1581
4888 8868
9069 9247
4870 9291
3876 8463
2967 5202
3134 7446
4154 8448
2831 8923
629 3847
1700 7738
3057 3648
3849 6872
6539 8208
3590 5655
1471 2359
3128 5157
1146 3086
5837 7456
192 7157
2152 9219
4998 8586
357 2907
9525 9618
6807 8531
1323 8306
4356 6744
2566 2808
4887 8545
5686 6897
3750 5350
1011 2603
1444 2164
6243 8267
2785 7840
3228 8068
1078 2370
4045 7914
285 8730
5569 6303
1269 5580
1201 7130
1951 7323
379 5185
3704 4263
4685 9672
195 6059
4353 8516
436 3029
505 977
236 3779
892 9846
1036 6556
7596 9375
367 4627
4480 7519
2281 7695
474 7059
4611 6472
2058 8720
2856 3590
3771 9293
4408 5957
4245 9153
7329 7496
2918 8752
5227 7953
4067 7648
250 9594
5668 8903
7034 8168
1511 1910
4673 5730
4002 6067
7049 7706
5221 7196
5744 7091
3357 9497
2461 9642
4192 5556
5502 5856
3218 3258
843 1178
577 9526
599 9718
3534 7923
4201 7622
4729 9317
6204 6503
4757 8292
326 4887
815 7620
940 7412
909 1401
9025 9279
1437 6483
1828 6249
3187 6829
1209 3823
210 1827
1100 9600
5216 5338
2540 2845
948 7889
375 3652
3233 8348
2603 2775
4873 7613
1605 4819
1110 4694
2630 6077
1094 9811
2950 9803
3630 9647
3148 3360
4012 9431
8127 9712
21 393
3162 5699
4321 9380
1169 3205
2712 2870
5709 8764
2878 7987
4013 5900
6050 9677
2758 4788
7407 8531
5025 7816
6597 6939
8201 9093
8619 9677
1167 2658
622 9370
482 9409
377 3301
265 5650
2383 6897
6310 9136
2495 8503
423 6891
1934 6246
1174 9696
4370 7080
3648 4750
5364 9373
5661 7064
2760 7928
413 786
5745 7110
8798 9428
3564 7760
41 6456
1450 8545
6927 8091
857 3369
4825 7231
3659 4972
776 8663
1428 4018
3235 8169
643 1820
1827 1967
143 6142
4211 7556
4511 6125
3277 4149
402 9755
986 8761
1295 5447
940 9497
2665 5580
4087 6193
5663 9747
2971 4168
4511 7477
2984 4025
1074 6898
7336 8677
2665 3022
7089 7100
3558 6294
2428 7812
5365 6383
3439 9310
6644 8325
2101 5237
5841 7100
5077 5985
3822 8095
1782 8938
5717 9762
8762 8842
3434 5617
6765 8779
679 2716
6574 8154
3599 9233
2458 3258
3431 6501
392 7495
447 2945
5487 7523
4388 8911
785 3205
786 7600
4610 8261
688 9441
4313 4849
495 7386
641 4413
5978 8362
6911 7408
2230 3164
4786 8058
4252 7596
1644 8500
3649 9461
6292 8938
5489 7599
4205 6283
2632 7070
4336 5645
1107 9134
5019 5518
7266 9324
2602 2665
6296 7161
4362 5359
5618 6309
3205 3902
1778 6819
5322 6306
3827 4434
4467 8203
1050 5002
1381 6502
6129 6349
608 713
1374 3383
904 7000
7057 8622
3652 3726
2775 4872
1566 8242
1334 7152
7230 7939
6780 9726
5695 6063
2932 9109
1450 3442
4397 5561
6436 9860
2323 5775
991 6335
4797 9630
3565 4284
3161 8581
1377 4053
631 2281
299 3029
7421 8203
3000 6635
2118 3905
2679 7879
2067 4025
4149 8631
2330 8975
3287 8011
4344 5798
4680 6081
1832 6401
1405 8342
2458 2813
3662 8027
458 6154
1954 2418
882 4921
1560 1940
1339 5593
7741 7752
1356 3262
2617 4640
679 7470
5170 8236
1847 6782
833 4571
3224 6107
1877 8114
1474 1689
3944 4893
1374 9455
1994 8591
5273 7808
5643 6590
247 8156
4916 7125
3636 3890
6987 9442
8206 8930
232 910
1291 4066
3816 4887
1 3659
3188 3448
4887 8267
859 2506
3199 6793
5049 6292
2206 5966
1611 2508
1391 6079
1387 5187
5601 5745
411 2927
839 1644
7482 7622
499 771
3662 6103
1577 7831
509 7830
594 4026
3615 4421
7571 8027
798 2513
595 9672
3931 7133
660 7685
57 8292
2931 9401
6444 9000
6558 8029
1632 6854
3313 5869
1904 3887
7904 9514
5609 6183
1 2382
4032 6328
2239 3328
3036 6744
866 8701
2234 2958
1662 8401
3543 9317
3015 7326
5539 9099
8209 8347
5013 5022
8914 9642
9096 9860
910 4748
4430 5173
636 5349
1973 8749
5035 5322
904 4302
1549 8923
5020 9787
1319 2540
3906 4388
937 4935
9621 9714
3280 4411
4056 6668
2986 4841
2538 5860
2517 7915
161 7686
2452 5450
868 3227
7436 8519
119 5165
935 2976
2314 8835
5983 8505
3244 5010
950 5018
1754 7220
44 8574
219 9671
3146 7953
300 1180
7222 9609
1655 7839
2427 2761
1802 6898
2792 4252
1577 7925
541 9265
2292 7767
8382 8975
673 3022
2555 3705
5086 9757
2471 8119
1425 4785
4580 9850
3205 8812
3691 3827
96 3637
7336 8361
1264 7677
832 2792
1797 7129
4887 9227
1842 9007
765 1125
31 8344
1209 7431
6293 9361
6289 8119
1537 5786
980 9688
1196 4957
1471 2404
885 2552
7290 9856
3608 7583
3367 5924
3234 8169
3068 3249
156 8271
657 9046
8217 8491
1098 3080
1091 7793
2665 5754
245 8759
2027 8593
3185 5271
1268 1330
3555 4345
4002 7514
2201 8006
4604 7461
4151 9827
1761 2219
6193 8424
4063 7503
3849 3944
464 850
1294 9660
2162 6915
4091 5444
1437 5137
4263 9386
1625 8099
4460 7199
3301 8484
2030 2837
994 2383
6642 9176
2761 5403
4748 5686
5489 6696
3372 9353
980 5584
1345 1597
7526 8150
3624 7042
1978 8051
1966 8154
4749 8843
8406 9105
1604 7453
897 2305
1445 4151
5252 7328
2135 4171
3937 7541
3211 4791
2902 9547
2057 4620
2683 7201
4180 4945
2740 3792
4240 7415
56 3515
3920 4235
1974 8905
5631 8748
5711 5905
333 7396
1864 9738
607 2236
1444 5336
2035 9769
5872 8736
3621 6319
8228 9285
2923 9014
7144 9497
6201 9362
840 914
6563 6574
2359 6574
673 6872
3492 3661
217 7715
1301 3372
5326 8454
7045 8844
4300 5686
3896 6486
3770 4049
4177 8512
6939 9781
6548 8000
294 629
5221 8965
2769 8243
910 994
928 5548
4114 7721
8239 8832
675 7381
1513 1993
2440 5058
227 7106
2359 5630
1358 9654
96 9568
309 3063
834 7275
6873 6988
1439 7621
230 9007
2785 5447
815 3132
8004 9210
252 643
3062 3661
8318 9489
350 6295
1979 6012
3364 9228
597 8353
1856 4007
4395 6350
4729 7595
6194 6670
3540 6917
764 7083
6456 8267
344 4329
5025 8315
2281 7160
4301 7402
5192 6089
1106 7754
1377 8545
206 1201
765 9241
5805 6251
2896 7813
3178 6605
6411 7079
36 6671
6627 8129
8864 8983
9179 9799
1864 5258
2381 8296
2833 9659
5237 6803
3684 8593
2817 3205
6636 9506
1570 6472
2792 3086
326 829
370 5096
5862 7446
4590 7743
7106 9362
4639 6027
2558 4694
6370 7504
556 679
624 5917
361 9764
732 2689
2541 7889
6364 8168
1031 6199
1921 7488
1700 3963
6007 8570
1061 6121
1482 4093
5434 8545
4545 4909
3607 7688
2979 3272
2263 3347
1358 8354
4190 7276
6199 9395
2540 3372
3501 4914
1280 2908
1100 2902
467 2938
1555 9546
2384 2389
617 9124
5336 8484
5 565
3614 7863
106 2077
1405 3037
3031 8571
5489 5740
887 9712
2640 3778
8034 8185
5612 8547
5446 6208
2089 8412
1578 1599
1162 6641
170 6670
3536 7460
4571 8587
7596 8550
9317 9602
910 2383
1888 3029
4342 4572
3054 5236
2969 3597
5821 6205
2910 5682
1464 5322
452 3546
3813 5892
877 9467
2637 6679
647 8925
886 932
2097 9430
2114 6381
4333 6265
455 7969
3661 8430
5401 8192
2065 3169
4478 7881
202 8494
1368 5341
1332 6296
3401 6732
5482 7276
8062 9364
3652 9032
630 8876
2266 5556
1118 5236
320 5566
5216 8362
2437 9276
1207 6025
24 8721
1266 5239
3643 9626
2249 4630
2295 3132
3377 9850
3391 9215
3869 9491
6467 8080
3362 3832
568 7893
1427 8223
2677 2783
1327 3748
2176 5396
6731 8694
1987 7785
2774 5605
3022 5510
1782 7251
1471 2239
1126 1138
4706 7334
1069 8345
413 483
6895 7178
534 2164
2314 8236
3750 7662
6230 8208
2887 9410
2382 5655
8080 8181
3206 8674
1573 6642
1831 2559
2000 4985
222 1280
4341 5703
361 7188
139 3040
638 2540
2074 4397
7506 8555
7290 8344
3750 9780
350 7389
847 7491
7616 8121
6155 8820
1437 3613
4314 4431
2983 5592
5516 9400
5873 7162
1102 8649
235 2148
3276 7444
6544 8870
3590 6409
8749 8762
7638 8945
4711 9639
1001 4099
1594 5934
1327 8391
3646 5584
5574 7655
499 3317
873 6173
6129 8275
4437 9638
1038 6834
4388 5634
457 9580
4937 8087
2922 9026
1161 9597
5605 6538
1644 7042
217 3561
1190 3205
8529 8618
1120 2290
5608 8624
1507 3994
6821 8630
3119 9085
5242 7326
4893 7648
4010 7727
423 8208
4793 5938
1177 6221
1358 6202
423 2540
6558 8352
624 5174
2970 4779
1057 6633
106 149
982 8217
3301 5122
5695 5918
8762 9225
5686 8029
6506 8199
4764 5925
8989 9386
1688 3202
2536 5042
366 3697
1610 4634
4545 8353
5282 7462
1357 3202
163 4010
7206 7774
9058 9293
3105 8775
1009 8832
2845 8395
5995 7156
450 549
2436 5384
2741 8165
2372 4883
2683 8275
3699 5115
6290 6755
2351 7699
3119 6506
8371 9095
350 6063
1694 9712
1670 5524
1087 6187
980 3646
221 2903
2234 7407
3815 5602
302 6400
2781 4598
320 1570
3729 8872
4227 6591
1886 5388
739 8995
7059 8832
1754 6105
4303 8729
6300 8845
1698 6830
906 5192
1471 3223
4245 8931
732 2620
3103 7486
3718 9229
6888 7686
126 4957
4001 6650
4341 7000
2918 4691
4573 6395
686 7059
2306 8725
1711 6393
394 3544
3800 6053
4397 5012
2091 8610
174 3437
1073 8011
4699 8825
6738 9107
7599 8961
3941 9401
2099 8634
3531 6014
3060 5983
420 926
3641 5208
1167 1737
4517 5507
5388 6677
797 2533
109 5326
2412 3467
6016 8202
3356 8533
4294 7924
2552 7381
2351 5548
3717 7733
1639 8476
2745 8452
8160 8762
2170 7077
6018 6086
477 4134
4620 5615
163 8267
7196 8107
2073 8919
1391 4966
866 9157
3043 7531
547 4064
5721 7955
522 5655
2521 7814
632 8086
2264 6993
3267 6765
3446 8172
5428 5613
4488 5257
5250 7198
6485 7815
1190 6208
1161 9190
4579 5320
9594 9705
2266 5482
2000 5482
5221 5816
1 9559
220 9378
7688 9863
65 467
4190 7199
2092 7061
4389 8976
2293 6880
6553 7704
7015 7206
6430 6789
2513 6998
1160 2109
1795 8611
1068 3339
4292 7820
4109 4464
4123 6259
4473 8763
7473 8809
2084 4626
1870 3327
3655 3670
7489 9407
142 195
4001 7202
1471 3964
5581 9518
2305 8739
46 6121
2172 5338
3119 8938
2297 2842
3467 5279
2887 8242
2841 4571
249 7954
847 1466
8158 8645
5464 7634
149 820
2778 3991
2000 3344
5291 6498
639 5139
2625 5651
5502 8399
4733 8081
633 8630
2035 6338
7396 7674
2550 9036
1453 4950
2709 9331
230 1516
8888 9796
3543 9602
2583 9495
6693 9190
2541 8389
3847 5782
3802 8722
864 2014
4135 4288
465 6818
4029 8651
2552 6229
428 7236
629 7070
3593 6630
3679 6018
1526 6960
2716 5802
4984 5244
1578 5564
4420 5171
2847 7432
2734 8898
1314 4006
918 3473
3337 4110
4564 6676
3217 6738
3357 9395
2299 8853
2694 9718
2417 3341
2013 6744
4976 6444
4409 7882
521 7662
5895 9439
572 8509
2270 7988
4685 5877
7596 9235
6926 8228
8296 8452
147 1850
647 5554
3756 6104
7839 7984
2685 4489
1407 2245
2299 4846
2846 9600
6225 7791
3977 7717
8402 9202
732 1449
1485 8210
2077 5952
2859 9219
732 875
3613 4118
4908 8479
5711 8814
2383 4473
265 8678
6540 7616
5941 9361
1875 8165
6950 8575
1038 8476
1552 5075
940 1031
7605 8202
160 6576
816 1167
2035 4103
7070 9152
158 2298
2050 9869
536 1676
907 5054
1180 6295
3716 7485
3259 7327
6074 7495
3719 3965
1161 9693
1520 4434
2907 4088
2098 3964
5243 6003
3337 9606
1569 3431
2963 3752
252 5561
3634 3937
2831 7785
2164 8683
2382 7314
5246 5444
4278 8271
8591 9730
970 3079
7801 8365
1327 8433
4033 4097
2947 3852
245 1047
6702 6974
602 3715
2058 4018
2471 3436
732 2580
195 1179
2035 8353
5612 6574
598 2114
3994 4180
2334 3982
4797 6070
8414 9415
6171 7220
6586 7142
3252 4908
7016 8574
2519 7553
6010 8763
4638 9303
1086 6586
1069 7595
6035 8503
948 6066
3558 3567
3001 9822
4001 4300
3536 7412
663 8165
3500 5835
133 2048
2528 4360
3058 3659
3802 5077
2441 5421
4949 5904
2083 6018
1855 9628
5115 7687
7100 8526
473 2559
882 8387
450 8792
3460 9533
2292 8002
1281 6170
91 8763
2633 2932
334 6035
5235 8245
647 1082
540 3761
472 1628
6508 7872
1535 8191
1313 7097
32 2314
5695 8208
4887 5716
2290 3411
6289 7358
2682 7740
2044 7321
2098 7398
5422 7981
1345 4580
184 1077
785 1448
31 6577
2025 9299
3517 5511
3644 7466
1930 3646
2391 4932
5221 9096
4416 9706
7600 9769
479 8919
631 1471
3724 9660
2895 3096
57 1147
2630 7596
2501 5013
771 9431
5843 7051
4630 7349
463 7201
7526 8270
5560 8761
1892 2784
3074 8845
2359 7560
942 1316
800 5327
3682 4615
6864 8375
1737 5134
6199 7412
3954 5227
4773 5498
579 2026
3822 9727
3920 9736
3058 9559
991 6801
1493 8414
6596 8454
5910 6035
3227 5869
3016 8457
4262 4758
5338 6194
6622 9619
2701 6465
4619 9270
2104 5979
3350 8267
5163 7935
885 1399
6831 8044
6225 7196
3125 5119
6296 7202
3936 5618
3254 5929
1063 1214
2903 6215
447 5463
990 4828
3963 8348
2085 9516
5285 9325
980 1930
4664 7959
6040 6316
2173 6957
3375 9646
3724 7412
2067 7759
2266 8201
7563 8389
1847 1882
6405 7424
1163 7009
6910 9219
4819 5700
3546 6103
802 2673
2271 6744
1693 5964
2220 2817
1846 4585
6938 7877
1934 7583
3057 5590
1470 6658
1687 7336
5541 8534
4549 4550
2646 9045
8435 8698
9265 9318
1832 9096
448 7874
3965 5345
3353 7902
5996 7196
5948 7806
6322 7523
5046 8296
163 6708
2620 2918
3337 9327
357 4893
3205 4862
2281 3929
5689 6069
4306 8869
4106 7454
1814 3845
5615 8201
1593 6936
3112 3711
3065 7821
3804 5169
199 1854
875 3884
9165 9181
7104 9306
32 3765
1828 7635
7009 7774
6897 7202
339 627
2302 5439
5302 5704
2286 3850
1477 1625
280 7166
1069 8537
2749 7598
314 2299
8706 9262
5006 9019
3261 3553
1160 6129
4982 5351
3489 7783
1721 7153
5206 6181
2239 2603
2059 6244
778 8242
4271 5693
1924 7261
445 8275
5683 8854
2111 8931
4260 9351
4815 7126
932 7003
2826 4081
1330 8762
3677 8572
1189 4945
1236 4668
6865 9069
5495 9012
4527 6651
716 2425
2234 9189
2573 4001
2994 3007
3346 8792
1105 5889
2983 4802
1466 3367
2470 9350
7314 9083
979 9115
1110 8967
1383 2262
111 3787
5821 8414
7889 8434
99 7353
1144 3369
249 5091
4541 6368
2827 9337
942 6644
1643 9583
3607 6620
920 7081
1304 4457
3923 6164
2821 3650
1196 9194
633 1146
3487 6228
5024 6878
2936 3112
994 8352
3086 3721
5830 9693
2061 2067
8452 9547
4868 5384
6010 8029
197 5489
2632 5122
622 4458
3448 4839
4063 6810
1066 7495
2746 3717
4473 6497
6960 7789
2732 4717
6393 7340
2878 5239
160 1870
9198 9813
2172 6164
2164 6316
5655 8512
919 9232
2658 8452
843 6387
3253 3719
6900 7515
4360 4938
2565 3753
3757 6630
1540 4534
2734 3715
3400 4095
6260 8967
2741 8273
2746 4815
409 7573
4267 4776
1101 4965
7813 9033
3066 3813
2937 7064
1391 5590
5322 7106
1200 6668
8474 8626
5740 8919
8854 8985
3043 3055
3648 5034
2571 6311
1693 6478
1198 1934
5219 9423
134 732
3568 6933
4788 9059
5420 5890
5661 9529
803 5500
2620 8752
774 5837
6496 8480
3641 7377
1354 1357
3132 6482
2281 4653
1392 1444
3042 5249
4087 6251
439 9753
1164 1785
3057 4250
1119 6674
765 3923
895 7555
3613 4918
873 1204
8471 8826
6482 9853
6213 7845
6687 7186
6077 7596
1497 1730
3271 6259
5322 9674
1570 5871
4206 6958
3787 8720
267 5800
885 9636
3346 8983
2831 6980
913 1557
6574 7198
3049 4605
2250 8842
9497 9706
3966 6241
6621 7660
2615 6873
1138 3108
885 3906
184 1817
447 9377
1800 8561
3540 5638
274 319
1846 7839
5357 9145
3054 7312
4229 5883
1040 8832
3931 8814
863 9165
2443 2771
5125 7126
4084 5567
6818 8074
3878 7775
2626 4238
2435 4218
4174 5948
4135 8587
5098 8734
3945 5401
286 1711
4226 5765
1421 4789
1013 8458
523 3269
5775 6724
2249 3670
3040 8749
5316 7805
4018 5632
2292 3545
1065 1500
3972 7903
1754 3338
1065 1570
1494 4542
5084 6267
1024 9518
7472 8275
4738 8433
6627 6850
2000 3648
985 5914
4762 5991
285 8424
6936 6950
851 4002
975 2535
3367 4796
2902 5998
3608 5556
121 2452
1395 8072
3644 4999
4171 6866
1022 2165
6160 6357
917 4495
6479 8632
1161 2408
2412 3399
3434 4645
3923 4876
5073 8853
5640 6924
6811 9477
375 8450
3646 9377
3615 7401
6461 7107
3769 8736
8477 8601
4482 7562
275 9476
3606 8360
3760 5683
2411 3089
1681 3479
3439 4029
111 2254
4723 5128
880 1715
6416 6655
4103 8450
4101 4205
3937 6409
1048 3225
6835 7616
2996 6586
163 8524
5156 8763
495 4376
16 7160
2359 6918
5767 9565
6262 7603
4272 9518
8201 9055
4164 6791
5193 5977
1479 6143
1910 5336
9085 9576
1745 4572
1782 2130
3448 4279
2081 5050
5984 7233
320 4445
3944 7021
507 579
1238 2878
5676 7600
4345 8487
7793 9476
2969 3708
1172 5350
2158 6276
142 1043
6644 8569
4427 4747
2732 7019
7785 8938
2262 3411
6171 7076
529 9575
4342 8427
499 3522
3054 5652
633 9786
4910 5401
5176 9051
7572 8627
8168 8919
5652 9110
5878 9678
2070 3681
2712 3156
1134 5541
4854 7334
1269 1406
3363 3748
2167 3420
3119 7125
648 8672
2067 4880
904 4341
3965 6337
1780 8583
3649 6164
6463 9588
3144 8169
1513 7126
2504 4641
2320 4473
1859 8427
7432 8202
2591 9168
5799 9209
1160 9736
560 1871
3650 5651
5631 6946
4968 5438
2821 3670
4434 6077
1170 5931
2015 3080
8372 9728
1671 6075
1193 2544
3994 7840
1704 5695
4517 5745
3944 8738
5517 6765
3768 3906
3041 5799
5062 8174
381 687
3372 7598
2517 2848
5539 8296
1671 5324
9031 9119
3248 6006
4379 7489
3362 4612
75 7374
5753 8601
4744 8108
1161 3718
5050 5246
3205 5179
4431 7144
3226 6456
3168 5511
1410 9368
877 1229
5419 5557
1900 4945
4252 9235
4071 7446
298 2104
9266 9291
1391 7915
4907 5652
3062 5387
3115 8511
603 4413
7329 9213
4651 7741
1265 2528
1015 8630
49 7592
6781 9163
4419 7619
2575 6267
3612 3944
364 2616
4679 7703
4748 8836
344 4019
1929 3894
214 9176
1082 7834
1391 8702
1319 7537
9189 9668
1197 3355
262 7381
5 835
8433 9681
332 7347
422 4900
1114 8913
5990 7125
4895 6251
1229 9650
2816 3131
3590 3650
4484 9437
1318 5040
597 7699
7972 8464
2216 6643
5365 5902
3559 9659
2736 3496
3043 4892
7472 8526
2081 7663
1954 8212
8722 9296
1250 2412
844 6414
2554 8233
1319 2314
9118 9855
7395 9633
6075 9165
6589 6949
6618 9544
3355 7495
209 4495
5767 9598
1967 7261
227 6316
958 7079
5655 7073
3971 6065
1477 8094
3293 6043
6782 7838
810 7541
3040 9225
4416 9662
2666 4930
5602 8692
966 8424
724 8006
2681 4103
5660 7533
89 1046
5781 9143
1280 6344
1731 5974
1381 7864
3043 3044
5839 6521
1075 9073
4284 6912
1445 5940
312 5661
1282 3953
3814 6218
7637 7674
6402 8454
6644 8714
384 5843
2161 7412
2766 8748
172 1827
8164 9073
3568 6184
2160 2682
1569 6428
2180 8386
1916 2450
2125 8119
2297 2517
1467 6805
3054 6866
31 8564
2564 4329
899 9599
8114 9656
3346 6064
136 4299
3132 9854
3289 3318
534 7401
4860 8502
2840 4965
6252 8601
5492 6123
7059 9734
2234 5978
160 4840
3410 8670
5965 7471
574 9274
3444 7865
4255 5851
997 2785
1461 4001
863 6360
163 8531
2118 9502
2092 6463
1973 3339
961 982
9073 9206
485 1570
824 8293
5892 6502
1679 4397
6478 8028
1351 1730
6520 8654
3204 7926
190 6866
4623 5800
1875 2494
1749 7723
2587 4458
2122 2795
1681 4190
736 7087
3664 9830
4029 9441
1087 6155
701 1507
3266 6731
4063 7689
1167 2666
59 5655
3808 9373
4221 9631
2642 9049
1654 6184
522 5999
491 5482
130 2373
2683 8480
9052 9263
9327 9606
6125 8801
5133 6974
2249 9168
5388 5569
4154 8663
466 3755
7076 7220
534 701
5282 6251
5911 6650
3205 6208
3198 7634
5171 7349
1816 9230
1539 8315
6472 9489
8722 9629
535 682
2887 3891
3652 6785
3849 6693
4310 8273
9153 9197
1153 7715
240 5268
666 3703
4799 5541
7923 8692
2210 8094
1049 8512
1190 4336
6738 6745
1161 5841
4870 8028
2251 3404
3678 4934
2495 4299
906 6896
3321 5813
2715 5822
7935 9189
3170 7248
2513 5840
6906 7759
863 8065
4697 5967
1280 1987
6310 8810
2658 5202
857 9321
1332 8352
1038 2077
4314 4783
89 4032
7354 9149
7119 7238
1114 8654
4748 6650
5273 9566
2827 3318
2716 8260
1085 6996
1478 7216
1722 1725
2523 8394
1129 4607
2716 3944
3337 6621
7598 8628
6147 6912
2556 3976
809 9225
1993 2309
13 8957
2785 3816
6963 7085
2176 7864
3877 7583
361 4461
951 7882
1687 3077
4212 8528
573 6036
32 9176
892 3861
270 9717
3850 9255
991 2829
3766 5562
4641 5013
1537 2077
1343 6644
6950 7199
172 5940
5351 6738
2620 9126
200 878
858 1895
3849 3982
958 3202
645 4149
2200 5657
4618 5415
7599 7662
1681 6563
4288 8587
473 6849
6065 7064
2251 5663
906 9438
497 9198
563 8274
981 3313
3202 8157
920 1277
3506 8452
4314 7460
4672 4866
2461 7541
8325 9837
2164 7840
732 8578
2580 8127
3944 9271
2679 8203
8988 9414
2701 9464
4668 7980
6902 7521
498 1018
5652 9097
2489 2877
1159 9620
1538 4184
4966 6193
1036 4206
7209 7545
6018 7401
3550 4315
1117 9674
4397 8730
184 9166
7674 8448
6585 9276
3796 5837
1359 5244
447 8576
1197 6965
288 8582
1388 7149
8413 8527
2401 7936
4148 6570
7865 9023
4572 7058
4531 9032
752 4942
1473 5318
4473 8577
3866 9675
1773 1804
8009 8124
4829 5101
8907 9711
2996 4107
1616 8357
3536 4314
968 9295
483 4144
3872 7200
3996 9489
477 6766
5040 9140
89 8612
2830 2929
2095 9019
4266 6765
4945 9635
2181 3099
2282 3610
3000 3332
765 9537
3362 4634
1391 8236
5204 8982
2665 7634
9248 9274
910 5686
4748 6147
1388 4444
8933 8961
358 2735
8007 9243
3448 9656
104 5452
1681 1987
7188 8011
8177 8251
4991 7822
1126 8262
1569 4447
149 6088
1855 6420
9277 9466
2521 4048
4229 7038
8450 9674
2533 2834
5402 6484
1019 5981
6448 7533
273 6355
4802 9153
207 8626
2817 4035
2259 2931
2242 7869
1881 5652
4691 8752
2021 4350
7649 8556
3655 9083
4877 8543
1553 9639
3850 8083
1737 6818
2776 7622
766 9679
491 4653
3787 4067
1826 9280
2675 4183
3283 5602
268 4329
7641 7645
3564 5800
6228 7846
4396 7605
2359 2716
5 8433
3336 9539
6850 8260
4478 5604
4321 5170
2900 7207
6650 8763
5205 5206
2949 4668
7845 8879
2391 6193
5150 6819
3786 8431
4775 5512
4384 6147
283 3662
4872 8268
6193 9210
1343 3533
7968 8911
4416 7144
2654 6320
7230 8738
960 9827
2592 2671
3930 8080
168 4752
1374 7101
1781 3168
6935 7774
6023 7869
6136 7709
2050 6179
7824 7990
6340 7071
871 1545
2409 8225
1297 9361
7674 8267
3896 7041
947 6945
489 1181
5073 9667
4478 6459
1746 2230
4651 7752
739 2522
1875 7670
3646 6278
7988 8325
1553 7550
3057 3650
4029 6640
4966 8917
312 1161
3670 9057
1752 3197
5737 8094
1406 7774
3002 6563
2286 8772
1471 5833
1196 2870
3066 9373
840 2098
1787 3428
2726 9606
724 5386
1444 1513
1219 3854
6699 7582
3918 4190
6440 8798
3933 8526
1846 8840
1203 5897
4661 5023
7569 7649
5178 5442
191 8914
786 6696
2637 3058
340 9616
7849 8638
5327 6278
5246 8310
1527 1588
1002 6780
2834 9375
534 1507
2950 9109
5810 7414
3233 3963
1271 5259
1189 5282
1737 6208
2778 6129
1929 7516
4537 5491
2435 6966
9201 9572
5122 9301
7306 9165
4766 6035
814 9830
1832 6337
172 8167
3793 8705
2328 4316
4411 4490
1161 8065
247 7165
1830 8736
2581 6851
500 6938
1295 7573
2993 9377
4572 8252
2286 5552
3699 9077
1477 5938
1961 8897
2995 3037
2765 5114
534 4180
4788 7942
5659 8658
5045 6289
5660 9807
648 1535
5650 7919
5745 6323
3849 6234
2609 5755
6814 8384
3321 7018
8026 9692
4037 4655
6023 8583
3254 7624
4585 8840
428 6788
782 1886
3031 7312
2192 6650
7729 8923
5520 8175
863 1158
1871 7488
4926 5969
2987 5643
6668 7038
9583 9599
3467 5382
600 8653
2207 4694
2913 8313
616 9032
2230 4627
495 811
2010 3805
1126 6597
5856 7678
1694 9545
6502 9067
136 4799
312 9166
1223 7583
4407 6849
673 5434
6646 6975
5935 9409
1118 3609
4357 7332
6755 7762
518 6456
3661 9775
6801 8525
1754 6171
3585 6918
5463 9377
5335 5512
3648 4605
3636 9518
5741 7490
1775 7442
5630 7867
3582 5157
153 7106
383 5743
2443 4799
1085 8570
413 5732
1039 6092
7382 8483
7706 9439
1327 1705
409 8457
4462 7521
7889 8099
1087 8744
1453 5618
1456 4895
8980 9827
3176 9219
6866 9301
1475 6185
6570 8845
771 2817
853 1910
3717 7196
2098 4604
3054 9114
368 1087
6667 7855
3648 6868
707 3332
2276 8974
2554 7475
1813 8938
774 802
2458 6733
981 6234
5345 7930
1932 2542
8414 8884
3590 6868
4974 7071
8345 9317
6060 8611
6067 8265
1585 5322
1187 7778
5345 6886
423 7537
5751 9711
866 1474
963 5444
2320 2573
3049 3054
4362 4788
2775 5957
6576 9395
1161 8182
409 668
3763 8938
716 5261
3614 7161
708 2665
241 288
3668 9110
1567 8013
8507 8680
606 9667
620 4495
3049 5651
2594 2831
536 1240
108 3849
2969 8207
7466 7646
138 326
6730 7927
1295 9350
7293 8628
5419 9279
1864 3533
2239 2291
3095 6103
6657 7760
1131 8800
1127 7196
409 9177
9466 9822
4492 5283
3369 5204
5164 6083
337 9494
4273 8905
4614 9058
7313 7588
1006 5745
1410 3374
2903 5310
7543 9188
6152 9291
2654 9177
5125 9749
975 5042
534 2785
6328 7662
3932 4966
6271 9665
1610 9146
220 1730
4570 9837
2 6448
2166 5183
5702 9848
3054 3668
8029 8836
1227 6321
6669 9003
1973 9317
1849 8890
3691 5272
1043 4457
5799 6230
3556 8022
5212 7778
1483 3293
1782 2281
2165 3980
787 7175
3956 7002
3584 8557
1039 6190
4901 7170
533 2937
1901 9617
3931 4694
7816 7822
3206 3430
1427 2642
2558 5622
904 6350
602 2208
285 8241
3701 5599
7413 7918
2539 9157
5695 9516
1698 9795
9753 9871
6534 6596
1478 8845
1358 4342
8236 8547
7444 8464
1994 8619
1776 9142
3565 8763
2060 4180
1818 6595
40 1672
3602 6390
254 3361
2016 8171
8243 8865
8005 8006
2314 3539
3119 6982
2987 6621
2327 7131
3792 7583
2912 8067
2279 7503
6404 6998
536 721
764 1111
6393 8414
8295 9671
1294 8774
2361 4004
5052 8224
3523 8720
6343 6764
8656 8827
4399 9196
5152 6191
310 6500
7560 7982
4367 7817
1171 2819
5934 9418
3492 3653
2288 3931
4815 6974
5590 8702
6936 7336
3043 3648
2979 7170
106 7099
3360 7458
1900 7499
3105 7915
4273 5917
9163 9466
3751 9765
3644 6694
7585 9361
2572 8946
2108 8075
402 9631
2023 5221
1160 4610
6772 7703
1100 8621
1154 3355
942 8919
9285 9856
2740 6086
1090 3423
7088 8627
1879 6776
3971 9026
4815 5524
5652 7357
1747 3285
3774 3844
7075 8873
252 802
638 2367
4771 5859
3987 8472
2403 2644
3615 7276
3232 3633
1410 7494
1734 5299
5666 9600
1578 9380
1720 8310
206 4252
4410 6823
3313 5964
8571 9358
2572 2664
2186 3790
4149 9690
4824 7001
881 3748
1823 5054
975 2536
447 3646
1106 5740
