5388 14128
4003 4694
12795 15332
10170 12101
6554 14701
1239 5006
12664 18022
2598 11659
5576 11242
1726 14346
1834 4257
11440 17906
2685 10030
10524 17190
504 918
3865 7525
5661 8386
6558 16124
9489 18002
4351 5152
12505 13342
7295 11518
6890 13960
14049 14150
5957 13355
1643 3362
7840 16300
2905 11973
8139 16493
7616 8981
3457 6730
13575 17434
5759 12197
10925 12505
9447 16830
4211 9498
8627 13755
1131 6649
10560 11352
1422 15654
3013 13029
137 3520
7234 7507
8632 11591
2651 15778
8285 10404
13924 17502
4773 9396
9744 11935
6957 10769
8239 8716
7951 16213
4762 7719
3258 10452
5438 12054
3826 12822
8646 15210
9407 15966
5181 17880
7483 12132
2351 9666
8324 17470
9558 17150
2048 18044
3289 14662
6715 18061
227 10958
12060 16379
7441 9112
2369 4609
593 11094
2142 14869
3520 6307
3951 4427
7495 11764
6046 11619
8762 9277
3455 12467
2184 3820
2972 11787
4511 8459
2904 7202
12179 15335
817 14346
1729 9465
12081 15419
10277 10439
685 2610
54 4510
1040 6856
1479 8378
5014 16798
3980 16247
2010 5148
10170 15297
5349 10536
6562 14627
5845 9011
13253 15619
1033 14023
5887 8215
4631 5289
7877 14976
2511 8990
725 16468
5982 9214
232 11910
12664 15526
16456 17984
4437 17087
4743 15962
4576 5657
15271 17981
6872 15238
12611 13171
7840 11999
13299 16806
7613 8568
7868 11788
8445 9390
1953 5863
1789 8689
10442 10592
2161 11185
10206 10669
10008 16539
9859 13329
4929 6361
3865 16162
7914 11725
2776 10536
6467 11242
1986 3999
2999 5906
6849 7367
7155 12798
95 12889
116 7102
12190 13444
5901 8249
5931 9181
99 16329
6773 15241
1687 2547
12460 16629
6428 7245
759 8568
2488 14114
4819 7394
5739 14864
546 4153
8258 14734
1716 14874
5006 10224
10619 11235
10311 11530
8648 13698
9251 10307
7832 14525
5424 6888
1193 6628
10317 13227
1557 18006
771 4899
11623 13982
4332 14025
6619 8911
3818 10294
4528 13549
9552 13000
9638 17082
10561 16853
5645 5701
2676 14851
8369 17043
11288 17835
1063 2038
1752 10628
4964 10402
171 10024
1992 3731
746 5886
5093 7108
2014 8886
5626 10755
1654 14233
13167 13459
10179 12638
1540 12542
6343 17711
8237 13515
4587 12432
2685 6895
5454 12290
12710 14233
10367 17513
3111 7692
7969 13584
5818 8143
11717 12776
1420 3866
2341 2776
16699 17465
12386 12775
9925 13436
6095 18065
2269 13153
1702 17941
2160 8168
3758 9920
3865 14576
11716 18084
4401 13003
12303 14671
2510 9268
7689 15653
950 8089
5660 5688
2264 17469
76 16870
3814 14953
10017 10566
9038 16331
6793 15397
5255 10421
654 17046
9217 16748
10974 18022
15731 16618
5402 15003
8046 15534
9073 11238
5787 17214
962 5289
788 5326
1319 1924
6065 8107
5852 8204
4910 9440
15580 17120
17046 17114
4109 17642
5683 10420
8249 17865
8418 8555
15694 17246
10710 15765
2701 14499
4514 10926
14631 15621
680 10586
2228 6500
9277 16343
7008 14182
5704 13041
8995 13361
3755 12945
12169 18010
7285 8290
4030 10523
328 13862
4767 13894
6921 14426
4161 9541
2865 16541
4140 8769
6594 14118
1512 11307
10598 17672
8870 9733
16250 18097
8568 13499
9732 17950
4723 13007
3909 14267
1704 13674
4166 7868
10390 10745
4546 16493
10801 11842
8040 16898
3080 17284
15171 17524
6349 7365
2003 17606
2851 6375
5806 7594
6973 10395
14096 17447
9685 17499
3349 12905
5577 8632
1036 16324
4380 13763
14332 14947
5246 16083
934 14898
9662 15298
6361 16715
1771 12155
9927 12159
3083 7339
3658 3659
2470 11457
16761 17788
8135 12933
9112 16604
9676 16540
6437 15512
1720 14123
1035 6811
9558 13924
4351 8270
5731 8154
79 6794
1404 4044
13404 14076
9471 10769
33 6740
817 13545
6012 9741
9313 10714
554 1324
3333 9638
2820 6946
16316 17695
9228 11107
3865 4590
5800 13498
1603 13669
9220 10782
3417 15213
14473 16755
1368 3129
10486 14701
14081 14234
6188 7343
1192 10318
13492 13493
73 1217
13083 14662
1520 4952
8380 12980
13223 14360
9574 13589
6025 9907
3475 15166
5925 7332
583 776
862 9443
1112 16956
519 14982
7794 10350
585 10960
7392 10137
7762 14624
12877 14965
1731 7449
6069 8695
1962 5601
14667 17871
3708 5095
4880 15898
5995 12953
359 8459
1124 11231
14976 15836
5498 7840
2282 9725
13741 15952
8461 12692
5105 14691
3472 6354
9589 10138
7655 14254
6693 12878
2299 16161
11507 11985
10656 17912
7509 16316
5869 14780
4958 16013
5222 10505
1992 2505
448 8928
1415 13585
733 17250
4206 14046
7136 11402
8905 16547
13329 17643
2085 6004
7481 15887
4393 6889
1518 17072
5491 9599
814 10964
14320 18008
7444 14140
934 2085
246 11443
9332 15219
7637 8544
7056 8467
5067 10520
7895 16859
3165 14341
4393 15590
4082 13422
3404 7717
741 9466
47 1070
7254 17287
8019 12442
2046 4310
2417 13739
3258 17925
8637 9897
4622 8568
2814 9552
1505 4310
2850 14536
2248 10442
3173 12852
13111 18015
3864 6258
5079 7663
5470 9555
1964 7216
2110 6312
814 10307
2365 5919
1852 11413
7433 8955
3892 14116
7477 11116
2141 16267
11340 15230
4137 6176
657 8336
853 12098
12463 15471
2890 14013
3792 6959
4535 8489
3520 9769
11809 12894
3698 13279
8149 10651
2975 11012
1862 12743
17333 17751
5259 6735
940 9190
8634 14463
7126 17419
6666 11554
6044 15677
10173 16762
4536 9733
2953 10419
4843 16678
16739 17448
6865 17199
9625 10829
4476 11841
7047 9253
5002 10224
1411 6959
1185 17154
50 7330
794 7718
5486 14555
1996 4402
800 4719
2407 8383
5931 8859
2480 6668
4160 7102
8652 15520
13944 14118
2814 7650
11535 16416
1479 14631
1353 4312
2471 17061
5610 12335
14204 16202
10026 11952
575 14204
9900 16816
4967 10172
1415 11657
3132 12446
2620 8790
9626 11623
2494 17678
9312 14673
10767 17052
609 12837
11386 14136
5806 14129
13896 15620
3013 8244
715 14319
554 6327
9928 17262
10421 11705
6306 12219
16569 16819
2830 3814
5160 12152
2117 8193
238 8271
7650 8980
2883 2895
3407 18002
6617 14496
7032 10529
2818 16675
14940 16418
10417 17376
2635 3390
4542 7815
8228 15744
1715 10426
13401 15546
3093 4478
1353 4249
5078 5845
9595 14203
7666 9877
8046 10643
7498 13782
1819 8925
8927 11802
9220 14471
1786 14439
5806 8656
6661 12240
3736 8113
7 13761
10886 12971
1721 2480
3865 5134
4984 6060
3013 10963
13317 14071
3606 15953
49 2862
159 4519
575 588
5334 10901
4173 17696
5168 9052
9634 16221
5091 10780
778 11787
2153 8496
14842 15328
15241 16637
8342 13357
1754 10385
6745 8363
11091 15615
5149 15654
5798 13166
4398 8842
8666 9277
15870 16459
6208 12496
9793 11964
1428 4386
12313 17188
2845 15573
5911 9253
10419 16373
5280 6730
2073 8328
11810 12700
4684 7177
10947 11508
8281 8446
12571 14992
5178 6294
2276 8237
3617 11288
4543 13204
2714 6116
6619 7872
10679 12347
6411 16212
9498 14611
4408 10251
4213 16086
5106 16634
9931 12847
5036 9558
4221 6066
3907 13703
322 12505
2727 5806
5211 12176
7911 14053
6496 10446
929 12128
991 17972
2722 5877
1529 10342
13681 14716
3105 16970
5822 17409
14426 17477
6886 9155
9 14734
3445 8995
4657 8752
1423 8479
11621 12259
2066 7487
2474 3468
10328 15408
2821 14070
11668 12963
13461 17852
1834 13861
757 13990
5011 8156
6467 15018
6801 16083
14855 17745
757 12460
8637 9865
9897 17379
3811 6622
1378 10246
832 12140
2674 14855
4301 12210
1844 11592
2807 12062
4793 10290
14987 16650
12248 17470
8715 9471
4022 6405
3031 4261
11032 15654
11470 12889
11200 14426
2862 3132
9052 10063
6467 8416
11876 15729
4055 13246
4310 11504
5077 5999
778 15937
5197 13669
8099 9828
482 9683
8043 8881
3496 13135
72 742
4892 7525
441 17712
3353 10620
8654 13386
7 14631
1684 12476
4758 8600
11444 17350
2137 5090
1707 7047
3716 7684
2604 4661
5344 6458
6707 7507
4136 17498
10958 12386
3494 11626
2015 13651
4089 11810
8237 14650
5152 10264
1920 11238
10209 14761
2961 16718
4746 16768
3976 16094
6554 7717
8645 13874
9823 17794
5684 15959
10821 14128
1805 6051
4625 4707
3671 16162
792 12169
12370 14855
1389 3044
15685 17998
4699 13982
1624 1953
5024 16819
10979 13301
5431 11942
2018 13729
3294 14353
13293 14128
10622 16872
5865 17702
119 3516
5891 12852
510 6053
682 15506
6932 7291
5473 16342
10926 18089
7790 11924
7397 8848
1687 1998
6092 15947
2017 3773
1805 10817
9319 12058
6574 16652
4514 5541
4631 15124
482 7328
5974 15848
8145 10925
11528 15543
1595 5168
6617 16005
5176 11477
6057 9497
12078 15032
8897 9159
4838 17849
11825 15174
2777 7339
4676 4760
1913 17120
12362 12575
11294 13250
581 8050
6039 10948
1705 12781
6697 11477
8568 17527
6315 10304
8838 15917
14106 14131
8048 16652
4714 12073
5183 14940
11433 18022
3135 7497
1436 8272
5424 15332
5986 6003
519 5866
10449 10484
16493 17485
7570 11495
3933 16765
1358 13499
2029 2273
5489 16830
13494 15740
7462 17095
555 5760
5799 9828
1185 5456
7776 7933
7659 9541
1697 9518
6294 15569
9622 10202
146 5787
1765 9607
6684 6986
4784 11925
13361 16329
543 6131
7845 12667
3865 4067
5997 8239
3354 15927
12986 16267
504 15446
3727 17170
203 17460
5295 15059
759 9378
6456 17975
14242 17514
606 14935
8710 14367
441 16513
1174 4477
14662 15655
991 9865
5149 12259
10800 14872
1023 10098
2590 12391
4859 10895
1786 3604
9950 12289
4776 11178
2110 8128
1846 4100
2553 16196
1805 16316
5424 6093
9685 15761
18029 18096
2966 3428
3132 16885
8496 9224
2905 17368
4199 16927
2722 11619
12885 16589
13177 16179
2248 11401
2176 5437
11629 11664
4389 8988
6490 7444
4714 12550
2982 17230
664 7333
10284 11237
9473 10767
9775 14027
15588 17979
1512 11692
1774 17907
9898 13104
923 10241
6619 15826
10571 17980
13019 13848
6241 15173
9971 14538
6940 13814
1192 5554
11839 13299
8975 13836
3704 11872
4513 12285
4175 8632
9691 17227
2253 10692
2436 15332
2590 10609
10354 14346
2516 4623
3494 9615
13703 15698
2391 8839
8213 13568
5092 5705
1208 4481
12776 14981
1652 2358
2291 15032
5049 5461
2009 15830
4191 9407
5261 8328
1455 13478
10886 13612
8632 9769
1074 13820
5155 7435
9053 13909
196 2441
9258 10596
5828 12861
1881 3344
6161 16861
16528 17029
55 455
3773 17634
3333 17816
7717 13896
11967 13763
1926 7541
4907 14060
12662 16494
11936 15826
8237 15870
14304 15470
2559 4722
4404 13672
6368 8328
3583 10701
12248 16391
8208 10971
506 16383
2970 13658
6244 17447
6693 16678
814 10318
15328 15812
2526 3392
3496 16588
14889 17158
3333 9662
5920 11620
10170 17226
5901 7711
1369 2795
8897 13272
8604 12284
11108 11145
6447 18006
4050 12517
14757 17152
5999 6288
2466 9625
3811 10929
12549 14647
6622 7381
9969 10863
2990 15836
262 535
1857 4634
8799 9501
6304 14023
5355 7183
7418 9675
13578 16875
12172 14439
10565 14732
14507 16748
11157 11877
5653 8290
7840 11537
4114 5727
9518 15151
9195 11463
3855 14009
9793 10351
5327 5699
2962 10958
4001 9482
6385 16811
7580 16830
5197 5374
7415 11043
1526 12094
16560 16837
3599 13034
1119 16650
8478 11926
3847 17131
6225 8594
196 13318
9913 16174
13077 17437
15739 17827
7380 10764
788 816
8115 14473
5134 5906
3496 14410
322 9055
2884 13784
8687 13763
13270 14357
12517 13739
6420 13480
10606 11886
5501 7295
4000 7601
10289 12788
13011 17311
2606 15401
3095 5542
7711 10432
1035 9741
304 3379
1480 6244
11148 13398
2752 15569
6554 16363
10529 11528
7638 7644
8145 15166
8568 10474
7374 15032
5202 11963
13051 15473
4118 4391
2811 16315
797 17788
4053 12505
1368 6843
4508 8707
816 4766
7633 13531
2635 7870
1338 7545
8915 8999
6617 13212
3907 4124
2010 16648
4165 9754
547 18099
11491 18005
3108 12934
15827 17483
3173 16382
9119 13173
256 14322
3032 17556
2153 11591
14382 15237
2206 3617
7008 10383
8905 13402
5317 13059
2841 14105
4455 12639
4038 12630
7451 16957
5864 12430
6859 9198
11174 12770
3279 4855
4846 17762
5731 14486
359 17430
7971 16540
3878 16243
8977 15989
6681 8429
12117 13213
10997 12240
8425 14187
1064 2049
13279 14761
5936 14982
4929 12600
1114 6128
7374 12517
2322 17831
2373 16761
10597 17096
3851 14410
2377 3574
6467 7882
2026 10076
2447 10317
3407 6535
1939 5716
3353 9277
12805 14238
6198 11623
8687 11802
12805 16312
487 5005
14116 15339
2417 15097
8859 12476
8573 15868
76 11146
15258 17310
11198 17258
2917 3780
1373 9921
3052 10367
4777 11861
958 8172
5433 9897
2600 11079
5845 15305
2376 13753
8180 11584
285 12780
8646 9157
10431 18024
2620 4663
817 8091
6413 14701
1265 9191
9370 11967
14346 16269
12638 17214
1721 3363
5717 14392
1573 9377
2210 13361
12155 16521
751 13354
1496 8113
10870 11237
2583 4635
16940 16947
1259 12925
1782 14868
1230 10895
11219 12552
13227 17888
5473 13425
1557 1924
15868 16541
5095 11231
8285 10835
2284 12798
9115 15300
3392 15019
8717 16702
1119 13698
3945 16519
6312 16827
5609 10529
5403 8369
2506 3353
11273 15452
5798 10076
970 1949
15442 17312
13168 13833
7943 9286
2471 4775
4540 16246
4773 8839
891 10857
3215 13421
5684 8579
5541 8328
12019 13154
1401 17890
1554 14668
1009 13821
2620 11048
4681 13602
6345 8159
952 9059
10483 13697
9558 15046
1143 7298
3999 8325
200 14650
1778 6938
5141 5852
6329 10687
7953 11528
2290 17627
4109 8632
7213 13584
3709 13960
3095 14247
4892 10778
13982 14426
76 3674
1479 6619
534 9715
10628 13361
4337 11047
14844 17226
11476 11872
8044 12095
10474 18096
8635 9195
10996 14267
3520 5577
8241 15525
111 9228
15837 17978
2389 15428
13832 14988
1283 8036
4625 7939
259 1430
7673 10173
5991 10321
5854 15189
600 3136
5726 9258
3279 9961
640 11579
7267 9950
12430 15408
880 9649
14012 14874
6199 7174
7924 9169
383 16177
7725 13837
6280 17531
6053 14662
14572 15898
2273 4760
4755 15351
3740 7075
9961 10381
2378 14809
13215 15351
3677 17320
2109 9996
10428 16142
9518 16269
5023 13201
9178 12711
10450 12877
8682 9295
9759 13207
14056 15159
5350 6347
4424 14276
9538 12711
6777 10896
1469 12098
10311 11623
8710 15826
2979 12505
140 4880
4310 9769
5649 7507
3390 4322
1849 7655
6467 16863
5352 12809
15481 17046
3124 18064
11472 15110
13856 14268
2827 4306
4099 10413
6527 7017
1505 10959
17919 18116
2583 4634
2535 8536
2535 4671
5982 11621
1299 10095
993 12273
2999 12613
7633 10224
3070 13337
3740 12776
5986 9589
4267 7267
7285 16340
7982 14263
13173 17643
12661 15989
13910 16989
907 14465
2510 5426
5394 16397
8096 16393
12023 14380
13213 17485
2263 4952
7838 11889
2886 10170
2745 6012
960 15378
949 8984
1304 9251
8195 8555
6210 10579
11230 13669
3869 9651
12467 13272
5776 16316
8680 10731
444 14662
1720 3095
1612 15294
9058 13539
4736 13478
1408 3238
4065 14068
2921 4199
2562 14384
3457 5554
3961 12377
9099 15873
7533 16383
4377 14592
2494 11690
7150 9534
230 3279
14624 15959
2948 10796
502 3406
7978 15834
8328 17692
6769 9256
4075 5732
5096 8328
11290 12264
5851 14603
939 10400
8171 10628
2420 12682
3029 4257
6065 10886
11379 13834
2487 14631
6783 14144
2048 14812
4173 12780
7590 14119
17084 17917
9732 14097
3974 9503
10451 10855
1526 18087
9758 10195
8613 14591
9308 16931
8203 14248
8297 9318
11445 13775
3274 16743
13637 16789
4370 15956
4349 6445
2762 17812
682 8629
8482 10359
11235 13893
12050 18082
11776 14238
13389 15213
3716 6208
2187 10706
5419 6498
5822 16316
6173 15340
2972 11362
5286 12830
14398 14637
13035 13585
10204 14170
11038 15333
11139 15927
4535 10600
8212 11504
3362 10861
1912 9056
945 2886
120 5554
6392 13640
2009 14017
383 797
2413 3844
7190 14496
10122 15519
5783 15455
1837 8400
8030 10747
617 18031
838 17233
8180 18062
2277 14049
8484 13471
947 13143
3270 13442
2436 11624
2282 6500
3396 16302
11251 14431
9668 17474
10488 15232
4919 13354
4093 12326
4775 7155
682 8568
1221 12508
7178 10833
7143 18096
920 5779
8751 11724
3584 9865
2939 10600
2557 7719
4776 16101
16143 16586
6266 16342
14486 15582
4557 16513
4957 14263
575 4772
5603 17148
5008 7556
12211 15820
1244 6317
6681 16324
2116 9709
1707 14631
7790 18022
3832 7191
11538 13453
8131 16927
11532 12456
7610 14947
13697 16411
5386 16013
5046 16998
1940 5931
140 4808
6619 15898
10857 16684
2686 4496
3130 15529
1331 3250
5764 12467
2192 4602
1641 6295
8496 17072
386 3386
6503 15761
14518 17292
1195 3917
610 5417
9718 9881
633 14457
2497 6928
6327 17790
3258 9868
4316 15444
733 15016
11512 12240
9766 15265
15018 17226
1358 15898
5240 9649
934 3454
14937 15786
10855 17678
7006 12682
4067 13711
5388 17120
10414 14631
14206 17808
8579 13111
12166 12246
9268 10526
2249 8237
7968 17823
10369 14619
16132 16817
9056 12295
4251 10430
5193 7745
545 2324
6902 17284
13007 14543
1321 12667
323 12455
4514 8328
4502 7692
45 14655
2976 8470
1720 5341
3152 4879
11075 11237
12147 12290
2928 9052
10008 14103
419 3758
5049 17447
10571 17432
10286 11179
1777 11622
1455 16956
154 2953
5827 11224
1165 9659
2031 12841
3633 16363
718 2127
1815 9052
4762 16297
1498 8330
13355 16890
3814 16151
2948 7717
4301 15894
6619 14557
7380 12041
14436 15345
16324 17211
14104 15865
789 16009
9332 17679
4743 11591
10389 13635
11525 13441
5569 10954
600 2635
11200 17696
5255 16601
5861 16927
15534 16240
3173 14242
3917 15481
6818 17282
2376 6620
635 2155
6760 9898
4163 16434
7692 10628
17698 18009
8666 17639
6792 16250
4250 15187
322 669
5585 9897
6789 14881
528 1398
12184 14208
3007 17283
9056 17081
5155 16966
5097 14860
10760 15366
1001 15515
4964 17949
10529 16711
8596 12364
3402 5639
2753 18022
3228 17339
11829 15968
13575 14634
6847 14339
4969 8922
10524 14391
1900 2074
12519 15837
11078 14624
8568 8853
13223 15849
3165 8814
11915 14655
4135 7447
4140 4699
12050 18120
11198 16734
1555 9056
14088 17614
1217 10187
14937 17007
15915 17439
15563 17333
2575 15887
1946 5855
9060 14538
6576 12493
3923 10898
11547 11803
12347 12576
4786 4965
1428 9685
9199 11511
5726 15070
4602 12572
2310 16489
15777 15833
11501 17700
8285 9105
2159 3673
9571 12489
10270 14543
10158 13352
11693 11886
3650 13593
9918 16170
5230 17855
15384 17523
16581 17981
5164 10260
4735 13059
1009 15987
16134 16223
10483 13578
6334 15382
3713 9558
14517 17697
10600 17686
2745 3440
2163 3964
5263 14473
2508 16262
10772 16924
410 8054
10708 16034
8622 17543
5184 13803
1479 5489
8322 15527
2153 4050
10844 10886
598 5408
7378 12507
3022 4760
776 15073
5577 18010
11898 13774
5642 7567
4692 4822
8273 11999
313 16541
12489 12503
7682 11619
988 15422
5539 7427
8513 15841
42 3250
7120 13045
14128 16962
4900 8568
14576 16269
10895 13484
3089 10648
2469 8798
459 6681
1192 10849
7616 14030
1290 12347
851 6745
16652 17547
9178 9268
2506 5919
8240 16408
9082 14331
13019 14131
8342 12476
7138 10376
8710 14128
2430 3390
4256 11470
3132 8579
2298 11327
14525 14757
11593 13592
4837 8521
4072 6754
9518 10414
6178 10622
9776 14303
6617 13060
4662 13388
2562 3413
1177 11075
3525 11383
132 9817
11091 15534
4109 17079
6447 10698
3022 11476
858 3346
9277 11860
11623 11793
4958 12216
6717 12259
3768 11221
12873 15457
5579 9212
5973 9725
7381 14774
890 17841
8788 12549
474 3169
12505 16658
7779 14982
7230 12510
1517 7089
11942 15253
1336 13669
2557 10239
9790 15013
2207 17189
12885 14231
15179 16619
8101 13261
351 3499
16913 17502
11335 15320
13250 15545
12835 15812
6430 11804
11708 13762
3082 8791
999 18025
8218 18026
11860 15644
3165 10191
4779 11872
9598 10296
903 14199
2038 10960
8490 8604
2471 8369
8715 17185
2273 8587
675 938
5028 10753
9336 16931
10852 15473
886 6874
9378 14242
1290 17606
4459 10937
10409 10442
8489 16794
13026 13174
4706 4982
378 657
2127 5915
2739 3482
6100 14467
1359 1495
14800 17397
5923 11977
8185 13834
4832 7523
7979 14823
5541 13868
7378 12521
146 13337
14104 16067
1061 5014
4398 13117
7089 16996
788 14766
8965 12971
7143 10191
5763 11231
10219 11876
9861 10403
611 5106
9788 15271
12155 14525
13272 14947
9228 15739
2501 16699
9556 17629
884 16375
5783 10976
4055 7823
8948 14058
7243 17886
2857 9366
5509 8048
1051 12706
3333 10755
9391 13026
13702 16175
11872 13987
1673 1834
1188 15886
4127 17790
3289 14360
12253 13205
5684 18015
2700 3143
1733 15947
11438 15748
9027 17158
7306 15166
4629 6682
5708 9098
7348 10992
1 5927
6355 11444
11622 16084
4663 14944
5919 8444
5449 9644
15873 17857
1543 5739
1098 6426
3781 13648
10288 14444
3266 4239
406 6138
5696 16119
16383 17134
2351 17696
9789 14617
1765 8240
1378 7394
1985 5993
8400 10781
9634 13051
13334 14665
5612 13424
4714 7629
6208 9241
455 2676
5435 8117
10852 12847
1903 16037
3907 16437
13976 15985
10993 16650
12272 15547
602 10515
9631 15887
915 6127
7477 10367
6649 8137
12155 13753
15258 17712
7172 13711
10976 16391
9774 10505
7549 11906
2621 11247
8995 14412
253 8682
1835 4590
3391 10604
49 1299
923 17888
9249 15987
6585 15744
2635 10367
3819 4339
8710 10342
11209 15116
4536 6107
593 2593
6447 14264
1928 5605
14756 17985
650 14240
4168 12459
8710 14460
4918 6469
1577 8287
5354 16508
2310 15506
7355 15369
7323 18092
1668 10767
611 4536
10390 13885
177 9178
5782 5914
11238 12706
10458 17706
1315 12638
1215 2186
5852 6496
15 7562
3951 16684
2682 16806
1138 7613
4439 14552
862 15279
1946 16734
8607 10173
6173 15192
6765 13880
5198 13028
7823 16241
1707 2845
11335 11786
6460 13674
4038 13373
7747 14874
5647 14593
7859 18096
2510 10566
3740 10369
6307 7601
15047 17235
3814 4255
934 17981
13237 16743
2510 8727
13692 16181
9424 12273
2625 16177
1408 15110
4667 6538
10038 12106
3865 10993
10628 15058
4418 10974
10622 14341
6100 12446
11129 16267
9692 13764
7089 13051
15166 16659
3029 4055
8046 17949
56 5685
10654 15812
1922 7655
5904 15215
12889 14331
2857 6327
2593 12412
8209 9593
5832 9607
5442 15789
4024 4730
3820 8021
365 5564
11985 17280
2597 2953
310 17206
2753 14233
4676 12925
6883 17252
1234 16963
8853 14400
100 11104
1669 6622
1338 9591
11962 16264
10191 17914
5031 15987
503 9540
5642 11440
11998 18081
9559 10328
13213 17336
11542 14302
3811 17860
8585 11760
5207 7754
8012 8049
12455 15722
12116 17556
7166 10006
12885 16631
5148 7760
6714 11326
11326 13342
3113 13141
10311 17695
3425 4958
8515 14398
2471 10199
11928 16303
10215 13316
272 11653
4535 12171
6631 13813
7753 12592
6649 15419
4437 6560
8285 17427
10702 18082
2257 10796
2038 15507
4948 16875
8762 10611
8386 9846
14360 16807
4385 15301
176 8299
4534 15755
13874 13880
2133 15285
3363 4363
100 2831
6371 13708
10055 13882
367 13159
14441 15936
2563 4668
5852 15334
710 16580
3658 10515
3712 12951
602 8218
978 11751
2698 9178
638 3274
13872 15908
2051 5040
4283 14782
5083 17477
2024 6018
2467 4229
2967 16998
5029 7307
13714 14578
7460 14524
4306 17872
3520 14119
4257 15047
3079 17914
7051 12414
1023 4879
6460 10206
1329 10561
2583 4675
11038 11290
2798 6963
4978 15412
8237 8710
10513 11003
5198 8371
2999 4310
1844 12285
5710 16702
4385 12874
4311 8046
11996 16650
787 7441
15154 16829
3380 11680
9 1168
2504 14314
2423 15932
751 16561
8369 13813
10191 16827
8485 10106
7882 9347
8769 9897
1922 8195
1119 4523
16114 17607
4367 9052
6327 15966
886 8872
7304 14934
7580 10486
783 10625
12985 13698
4117 10351
2177 5183
11149 11681
13299 14517
273 15994
5720 16901
4623 15181
9812 14483
6795 10712
9541 15456
494 11185
1290 2253
4671 10743
3827 6752
2 4855
6756 17376
2060 5906
3421 9122
2436 7926
2884 8478
8670 9564
4506 11649
2785 7247
8890 15328
7032 10563
351 7646
2036 17928
1505 11509
722 16505
3549 6208
9538 17246
3677 17292
8534 8666
2855 10597
5973 10449
810 16507
6285 10025
10637 11047
5397 11527
6765 13746
4539 16823
6861 9336
12155 12974
9883 17858
7452 13295
2563 12486
759 8555
10972 11493
4760 15672
10692 13818
9631 16257
9775 14528
5904 15775
3232 4815
3520 10390
1807 14100
9922 12266
15740 17972
6132 7013
15016 17548
1818 9887
12095 16684
1931 17036
4493 12336
4620 12502
6051 7019
1987 11290
416 5640
8942 8970
260 17209
15870 17487
6550 13321
5028 13698
716 7381
7434 11408
10960 15080
4671 14447
1853 3153
4777 16137
4332 4616
1428 2962
1033 10449
4456 8683
9710 13472
14513 16078
11819 13903
9258 13885
15620 15939
8842 13548
8046 13051
1195 10566
15332 15661
2313 14588
1033 3713
4241 14898
583 12876
24 7796
3875 14370
6312 8568
10438 16061
250 7409
4363 16133
9522 16004
3543 10132
4056 5982
9522 14688
5855 15171
2572 14885
11874 16441
1712 2261
9113 14444
5708 13061
797 1095
16547 17485
6745 16189
1537 14209
6435 14386
7062 7549
1455 11413
17287 17901
5252 13578
4424 7952
16850 17770
4351 8214
814 3153
6447 8362
1 14071
8159 15016
441 12521
8756 12312
7150 15837
1696 5433
2512 8209
6027 8994
1731 3712
10922 13818
2236 8134
7196 17677
6432 9987
2059 17400
10803 14671
11963 17376
9374 13240
11257 15917
12053 17485
2685 3466
8874 14521
539 15446
5078 5986
6295 10106
11717 15911
2510 5684
7175 16678
2941 8235
3907 17702
6973 16387
2209 13842
7599 13640
2741 3624
12587 16769
7413 10628
3496 4685
800 2407
11526 16002
5318 7435
2263 17890
4068 9060
1715 11230
462 13207
1563 6907
7335 15419
5597 14367
9962 16999
2483 5861
10986 17828
7355 17981
8292 13123
733 16560
4929 11509
4332 5344
11882 16101
3425 5341
8080 12102
633 5650
8094 16903
4333 14136
13558 15289
1916 7891
7347 9619
4475 10662
7545 10429
2712 17166
15635 16196
210 8690
462 4340
1032 10420
4252 13386
2676 6501
1479 17943
4256 10897
1818 17120
10844 12624
1798 14051
6405 16016
4334 4531
5260 9583
745 3833
12480 16468
1520 8495
2651 13702
8046 8511
6466 17358
8342 15770
4952 7035
171 10311
10886 11234
10626 11356
4521 15830
2776 3238
12505 14027
16903 17642
2502 11904
3966 17817
4561 13429
2452 2652
1358 4785
1667 13200
3917 10024
123 13794
8141 12730
923 10772
6852 13362
10849 16298
1011 14053
100 6248
5386 11967
555 6883
8742 12561
219 11618
576 17990
9637 15135
6327 15007
3549 3594
2186 11352
5943 8601
1119 6317
49 1705
6071 7677
126 17214
3289 13384
4349 8526
1214 3971
7999 10845
1195 1261
538 9518
4130 17488
1589 11380
7245 10520
3966 12118
145 3984
13342 16859
2474 5261
6915 16716
2419 2600
1946 7202
6047 8769
7097 13189
7726 17710
11413 16157
691 10307
6560 14525
6884 10294
1922 3021
381 10222
9769 15989
4031 9112
4413 8485
10478 13383
7427 13711
4707 7475
3353 13990
10536 15678
1290 15869
12432 14965
10878 16117
4952 9789
3831 4538
98 878
7 6715
4001 8875
4488 11107
9028 14251
2060 13479
8502 10899
4424 12216
13097 15764
5814 9643
3997 13669
3889 5308
7212 10571
10116 17199
123 14744
1126 6792
25 12978
1919 8166
3975 16298
2414 12716
11698 15081
817 6244
5433 17419
2352 7459
11423 14541
11045 13231
12328 16157
10960 15164
10900 16597
14740 15021
2221 4231
8568 16880
9582 17702
3594 4065
10486 15573
9093 11478
10295 10429
1443 9052
1087 14940
13389 17989
10367 17376
575 10286
5635 8549
9525 16495
4880 16352
6295 12968
1726 10354
2514 11253
3574 4031
814 8218
8817 15949
3759 6883
2862 12664
16402 17959
10723 14898
759 13514
12748 15193
4880 13227
2380 5701
6100 16541
11659 16297
2376 14974
8499 12505
1715 6758
1317 13934
8844 17266
2492 8007
2328 6852
2921 10367
2039 4936
10414 15774
776 12762
12977 15217
13969 14782
593 12664
5731 13294
6457 13814
3019 15820
7762 17358
10289 15678
1169 5701
6810 7646
1926 12175
6754 17541
3279 16675
11574 13213
571 9725
5581 9031
8004 9052
3052 8710
6057 7860
15332 16379
1924 8739
3423 7461
14593 16870
4124 11461
1911 15680
15426 18093
2423 15348
7796 11253
7068 14503
118 10573
2365 4714
12117 15678
6204 16682
11684 17550
2552 15164
4109 14339
13342 13558
9139 17084
10351 11307
4785 6327
6469 8937
10974 14701
20 7805
4714 8842
11822 12500
9052 11990
4118 10670
2966 12795
16805 18079
4193 8217
13558 13607
843 14573
11539 14593
4255 4982
57 16927
5764 6255
13916 14436
850 15384
14302 16078
13801 14581
2942 10993
3882 6397
1547 12281
1835 8780
1986 14881
10076 15258
6657 16286
2452 12050
3658 6892
4736 9583
9538 16469
7315 11974
230 4331
12537 17642
9769 17091
1455 8716
816 6727
1469 3363
541 10672
1095 2605
2471 14819
4118 6897
1966 16521
2483 15987
10430 12224
1322 15130
13977 17835
7871 12608
1184 3173
6299 9501
2908 9967
7019 15953
12795 13903
11903 16924
1881 10705
12267 14222
1479 7355
14041 14397
2148 7763
507 13764
1957 12752
1274 2212
5732 17007
886 16756
11809 12711
11415 14267
1779 6413
12925 17721
3606 12285
3074 4538
157 1121
6362 12072
1459 1749
1726 10900
1707 4540
749 13489
16 9604
14131 15812
3931 10617
2365 5822
12240 14781
9897 10038
2221 4361
11554 17502
11477 16893
4135 14820
87 2425
4561 8184
954 8645
460 13876
164 12091
7479 10038
10921 12527
14385 15357
8547 14297
3870 4439
9518 12613
11477 13193
4520 6313
10842 17514
5748 15464
3175 17447
9210 14322
231 16521
8593 13729
13910 14123
1138 8270
517 556
5727 13337
14239 15323
17297 17841
13741 14812
9617 13707
4549 12901
1519 10764
1114 16286
2057 17136
3970 17334
7220 9258
3690 8218
3369 7709
1974 14860
1332 12114
3671 12229
8362 13814
3391 17390
11530 14160
945 17522
6241 15812
9519 11726
9616 15926
6012 10802
10292 10563
8264 14738
3023 3238
3175 4907
1734 3357
7380 9944
9535 12730
3040 15983
7529 10182
7639 9054
3520 5919
9651 13009
6451 6924
757 10182
588 792
43 15440
6464 14812
3267 13160
17477 17989
15486 17696
6916 17614
5130 8710
2340 17269
6226 10134
10561 17336
5425 5975
196 2691
6478 16702
8949 9374
525 5538
13927 16496
12582 16375
940 2483
9651 15629
2309 10520
7396 16148
4055 4116
8325 13379
2753 3976
8195 14193
1815 16402
5841 5855
6348 11746
3606 5629
8871 15294
4692 15662
1427 12900
5877 8046
9229 15147
7573 12696
8781 12760
853 14701
5986 7185
11480 13246
8389 12828
240 4622
8404 17572
1256 16580
12653 12780
13384 14778
171 15032
14151 16734
1142 3426
8804 16216
2796 4612
11356 15884
908 12432
8004 13429
453 1347
856 16626
12669 16224
11352 12712
11909 12326
12457 17052
6437 12189
13207 14662
13293 17695
14365 17170
5295 9865
7231 13698
2685 8141
7458 16838
1934 14555
10131 14731
1619 17075
6402 8232
4475 4966
2253 4481
1931 14471
4229 9545
5330 13711
747 4249
7285 7802
4249 16549
11947 16340
8276 18021
7631 17914
2251 5794
12254 13151
862 2688
1499 3507
7612 17957
840 3248
2504 16560
5258 12165
10702 14587
5983 9148
1291 13104
8902 10621
1008 13774
2714 4493
7393 16440
4031 5479
12089 16898
14049 16495
3643 17020
16483 16912
9052 12253
2722 9715
3964 16880
9467 13714
867 15621
8664 13133
4662 12161
3633 13619
10468 17097
6061 13059
7853 14627
3865 6413
2891 7699
3250 6564
10918 14091
5078 12259
6246 16764
5148 8328
2534 3594
494 1519
12259 14496
778 16297
6573 9885
8048 11094
836 15417
6666 7185
1612 4032
7115 10065
934 9595
12182 16174
6128 18064
4114 16553
9853 16104
262 7800
6327 9887
967 5782
11850 11851
1635 5255
5649 12058
2073 13868
4057 9195
5806 6640
1877 5664
1080 12255
4137 8465
10563 12971
4351 10414
16908 17614
1401 12520
1929 16829
5919 13252
10149 16650
9504 14882
4690 13952
4666 8652
381 7358
227 2999
4189 13793
14005 17678
5811 14734
10023 15873
6217 10682
1778 3492
14220 15005
6813 8193
14105 15770
14528 17376
1400 14428
5159 8645
4256 9651
7355 16880
6883 15802
4655 10290
4068 9619
4252 13322
14412 14608
7100 8594
2153 10513
1064 10331
8640 17366
11557 17154
160 10417
960 1903
3865 5806
105 18081
12942 13237
9366 10960
3930 5777
5717 14823
9419 15176
5257 10260
8007 9986
5358 12809
12505 12838
4625 13209
5395 12374
4260 10112
988 14971
4670 10733
6668 13610
1271 2059
5054 5438
9525 10586
5459 8690
2928 7513
2035 8107
11553 15460
1309 2017
4936 7275
6437 16411
4670 16420
5863 16339
14593 14820
11822 15332
227 8715
11906 16166
8149 16352
4163 13698
524 9643
5737 14357
1962 15044
4699 10105
3821 14412
993 4952
832 10023
5106 17559
1485 8682
5172 7036
11008 11676
6354 8149
39 14708
3506 15538
3869 17052
11960 13459
3184 13741
14507 16274
10162 16488
1178 10290
1768 16411
3425 4261
778 11857
13847 15032
8218 10972
6466 13849
1996 10756
7384 15555
16754 17635
4541 6403
2542 2691
3907 9789
3212 17389
6884 12371
3434 17914
6475 9844
4140 15697
20 14631
5013 10796
9820 13086
2066 7999
132 11705
4392 5401
8849 17774
9312 10705
2844 3809
13003 15917
11941 12546
9983 11703
227 8115
8145 10191
3323 7114
1175 3363
8064 11679
11803 14148
9685 12682
5684 13003
2283 11844
4932 6696
2858 13784
13389 15396
4818 10580
2351 6771
593 1652
1682 8911
2772 14716
3241 8890
2447 12579
9556 16657
3657 5148
6727 17704
9637 14232
2602 8811
9518 12505
1590 1591
2376 13226
1710 13152
5152 6413
1178 7475
5341 17120
610 14221
153 7706
3492 15376
11714 11892
8928 13543
10006 15073
11622 17489
2974 9726
1824 12230
1234 13706
4952 10153
1187 7701
6694 16303
814 16859
3708 10389
15171 15730
3287 7299
7926 9896
10871 12776
8046 15569
1583 14572
16444 17914
831 12984
8390 16484
11936 15479
5874 8911
8362 17571
6354 6565
9275 10294
2622 12668
4161 14766
17092 17135
3153 4370
4590 14238
3187 9834
2621 11122
11956 15122
7663 13286
17907 18083
3909 5026
1009 13957
4936 10083
5143 13881
4845 6490
6656 11748
12081 16588
12459 15787
2693 16672
11092 16196
1009 3907
3496 15898
6827 12711
6513 15944
11014 14751
256 12062
2167 13232
12090 14004
6671 7509
8342 10150
2000 6906
799 11585
57 14756
923 4332
5731 17409
1396 5999
9931 14855
1193 16570
3288 7384
8000 16061
9559 10421
6715 7008
8220 16651
2273 11009
12259 15046
12058 16963
10191 14589
8350 14611
2209 11683
784 11818
6295 13717
3690 16262
17230 17825
1357 10202
11170 12549
16722 17612
832 10276
10340 12468
3129 8087
5461 5631
8083 8859
3958 16743
5681 9258
3391 11726
1869 7533
2551 10758
13616 14403
1152 13698
7075 10992
3127 12714
254 9141
949 18059
9725 10802
934 11275
3984 11047
7580 16159
5265 14148
14143 15032
2177 12888
161 12590
9064 11505
6013 8509
1787 14144
6057 16303
8061 16373
4046 6538
17572 18037
14536 14756
10352 17763
13107 16488
856 11145
2795 6047
17216 17485
10833 11528
903 4546
992 7536
3811 17154
12484 16047
13711 14962
381 8578
1519 8019
2110 11198
8590 14521
793 11473
8763 15085
15774 15947
991 10065
1095 8656
260 9857
5574 9635
3386 16224
1312 3792
751 10161
2890 10951
8638 14290
9198 14457
2941 16126
5499 15765
1705 4382
6916 13023
12717 15127
8476 10136
5470 16818
3753 17601
3528 7239
642 11250
8875 13271
138 5637
2691 10744
8601 13263
154 3769
8547 11356
13741 16514
3379 5344
7434 17951
259 14360
1033 13252
830 6500
6327 12576
14127 15947
7468 8481
4787 18080
15837 15947
1791 12146
3890 4407
13767 17214
8093 13822
12319 13354
5931 14114
8103 14806
14301 15668
5181 11507
10652 11547
2547 14482
4916 10731
4762 16230
583 16203
3407 4120
1385 3022
7922 11483
3974 5288
12523 15273
4758 16957
865 10408
3812 9178
10758 11712
1684 3865
10438 13051
1587 9063
1331 14242
7355 8808
9318 10875
8139 16165
5304 9055
862 4030
660 9303
5374 16148
5683 15413
5500 13803
9649 15401
8975 12302
8956 15508
6047 16581
7745 15884
2918 9685
9956 14819
218 9933
11228 17063
1415 11887
8531 12868
6207 15329
5155 16911
5713 6131
6408 10679
2291 2417
5509 15340
5301 6997
776 3340
3780 3855
4982 5031
2635 9469
4370 10886
8682 16262
12642 16164
6694 9482
4731 13267
4097 11529
9669 14130
10177 12441
4625 15409
5046 14937
2810 11003
2916 12442
2676 17163
8796 9609
6622 13062
5675 16626
3917 12981
6688 17333
2195 5009
3123 8449
1786 3882
1806 15934
16416 17376
2722 6949
8744 11793
1803 13911
2354 4173
15550 15826
1119 1731
3756 11817
14872 17255
9166 15384
4335 7281
2807 6340
219 6178
11152 15293
5489 14990
5943 16332
7438 16344
6447 17505
9356 13542
6 1119
11513 12259
4662 10619
3301 7850
3084 5788
1765 5877
7487 14922
10895 16817
10606 11887
13880 15379
1119 13341
6478 14908
2924 7641
2748 8468
12787 17302
9628 14268
5880 15742
15778 16762
4911 9230
8710 15487
3687 13930
1732 10855
57 2496
1499 15274
11657 12060
12927 13970
2376 16541
5288 7155
11747 13467
8696 17852
7268 8644
10692 16075
4392 12321
554 6177
17698 17797
460 12422
2291 15787
4202 14473
11161 16060
9229 17367
4186 7646
5806 15608
15316 15639
7699 17886
6442 17402
1457 1619
6537 12941
6719 17416
6684 16026
1734 3040
11528 13511
685 13014
2438 4803
7277 12363
15285 16903
13385 17112
9388 12281
5049 8132
917 14548
2508 11839
10606 14450
7374 12117
4623 15615
6469 7539
918 4475
15490 15837
1778 17120
6712 12240
2543 7663
811 11950
3904 12999
3495 14682
9769 13821
6779 15830
10446 14585
1684 8046
3929 14989
57 5760
7255 7717
3353 16213
2386 12548
2424 11658
10105 15837
9944 12505
9961 12711
5597 14619
4050 12078
1575 10756
14486 15481
7882 13009
5919 15812
3248 6606
7328 9743
528 2583
4505 7124
8948 13675
8925 9374
3107 9680
1299 2010
5984 9022
303 4113
1707 15515
14343 16151
8485 11966
2682 7920
8511 14247
12767 17610
7876 10619
14235 16650
5450 13849
4549 8653
2807 15742
4944 9870
10318 15995
8363 14735
13958 17526
2967 14025
4148 6882
3132 17120
7991 17129
8915 14503
1175 2474
2127 15720
15677 17596
635 4558
11183 15164
11659 16230
6681 13993
6064 13235
3095 14982
6880 14098
12155 12460
9303 17232
10636 14562
11389 17470
762 4831
14061 15584
5093 9434
5353 10441
1894 17196
12769 14489
3810 4794
1914 2084
13389 17154
812 977
17 3477
1033 2719
9607 10772
8449 14026
8769 11011
9967 15406
131 11265
5395 17300
10706 13401
13813 14552
5417 16536
1054 15446
15959 17879
6937 8534
8755 11857
4779 11256
15419 16325
375 12957
8571 15475
11937 15884
2052 13729
6230 12896
10474 17714
10692 16815
6467 7339
6467 16503
7380 8669
10002 12505
6670 8769
10559 12253
1371 17893
4762 16465
3468 4011
14063 14459
5864 9143
8495 12532
6178 10705
1612 3265
3339 8429
2060 12653
4307 13090
1654 4114
11410 16321
6998 13048
1750 4222
6831 13752
6137 8594
3865 4053
4692 10285
6453 14589
8444 13085
7165 8592
2749 17001
1940 10963
1853 16262
12611 14023
1748 5954
11440 16626
3865 3958
9748 16913
12905 16905
8578 15284
2039 11893
8053 13959
4958 15480
11151 13437
2939 8984
14032 16157
9319 13885
7622 8237
17 334
11352 16521
5197 6748
307 14398
2133 12101
16657 17215
3132 3141
8842 17633
14335 15524
13527 15938
4244 11401
16986 17087
2084 6325
4853 6748
7744 12018
7334 16683
4475 9696
16853 17300
5931 10170
15996 17007
15435 16080
9253 9504
6271 12505
1190 2061
10373 14532
9518 10067
14445 15635
14839 17865
922 15837
10560 12971
10262 13698
3704 15487
436 3050
8371 18112
1778 13618
227 7220
2510 3451
2762 10823
11785 15268
6032 15361
12920 17619
6442 8357
448 13672
4215 9296
4895 8651
11157 14347
5695 5764
6909 11594
593 10279
10276 12804
838 2285
13589 16736
4322 13385
5152 8732
1001 17827
4761 8749
3111 12460
10414 16252
3574 10685
10524 13672
13743 15902
517 3584
650 6087
5329 12155
9891 14364
8944 14694
8344 12643
7950 15472
10150 12240
606 16356
8485 15947
8715 16109
6138 17914
14008 14761
5822 15449
4373 12963
2523 5845
1488 4537
2221 8651
401 16102
11306 14123
9295 15285
2955 13711
4900 12711
2553 17607
4906 7339
14882 15931
8692 14386
8113 10215
10663 13271
1431 14489
9 1734
2998 9467
609 8527
2054 11611
8973 18026
6572 7726
1853 6488
2785 14443
9391 11162
5609 14386
4199 12872
8340 9093
3740 16503
524 3931
2553 14426
776 11663
7047 10992
905 16665
1369 12925
1707 3425
3304 7745
8280 8601
1584 1715
4647 10311
14631 17154
9802 10356
10755 12112
2006 5541
4282 18030
1346 16165
10925 12244
3349 10599
11568 13928
7332 10694
3165 14239
5091 13389
6811 8975
4561 18015
5649 12895
13512 16383
4114 5388
13909 17460
5160 6294
8808 15573
6299 15787
7117 9131
7649 13529
5685 13343
362 2031
6297 6343
11906 16409
5006 12570
8710 9547
1723 13895
13672 17194
2529 11881
2300 3094
8789 9954
9282 16760
4413 6715
586 16343
8796 17612
1723 8965
9967 15812
8856 16624
1654 17026
6841 13182
851 10860
8061 15175
5579 16619
8720 10882
12925 14664
1105 3425
6884 13640
2010 10767
2282 5275
9196 14918
227 8139
2945 7153
12048 14471
3428 12664
10403 15373
5806 14026
4964 18087
14068 14727
7037 10948
10529 13299
314 1511
5919 8729
2830 6030
8707 17551
8328 16524
3988 6367
7168 13738
10606 12876
11458 15884
5697 15612
5402 6787
4338 8682
15662 17607
4401 12776
9741 15740
49 10065
8952 12230
15192 16657
6910 15391
1718 14114
5642 14064
7858 12781
10769 11558
5101 9664
5433 11836
4086 17872
4798 14757
956 4794
14701 16565
4940 8592
3417 9139
2048 18080
11118 15622
9676 15340
776 3337
17083 17938
13325 18022
9528 16567
1707 9556
4632 11013
12613 15151
16560 17548
3409 4699
2213 14762
11383 13899
12620 13384
7859 14393
12505 16827
11973 16840
5507 9471
5574 13784
14159 15765
763 6715
2547 3507
9812 10222
6744 9427
10948 14157
6619 14841
17523 17657
8842 13151
630 6101
5423 6726
9220 12254
453 8328
5815 14076
8578 15068
1290 16303
273 2113
6457 14536
7072 17625
2845 10748
5005 5200
1943 15046
9661 14962
3904 12711
1124 4597
4303 12050
10316 14386
9310 10870
556 10696
215 6627
15050 17843
2009 6447
9947 15173
1781 9843
137 7776
15723 17052
13383 17285
3577 17148
12412 14426
12973 16956
4228 9236
4286 12429
850 3781
8099 16250
1548 9649
862 10277
5574 16105
9731 12581
1479 17094
1173 15137
5546 10773
7135 7194
13045 15792
3671 10571
3853 12383
2648 15584
12333 17307
8400 10191
6464 11198
11948 13741
13164 17461
8530 10631
7355 16763
1731 8258
3464 10295
367 4755
11268 14666
574 5678
11003 13711
11117 16798
5371 9767
1056 13255
6435 15267
4920 13227
1404 16343
8814 12290
9769 15032
888 1298
13361 16648
2542 11874
10996 15920
11839 17052
5064 14914
595 11657
11924 13317
2719 15455
5726 11494
3871 4491
1881 8977
3687 10486
4793 16194
7008 7531
5546 14570
191 12316
14839 15411
2108 11495
15770 15878
8640 12090
3498 16698
455 12622
2983 15070
15118 15241
8829 17869
10445 17326
4870 15479
1698 16995
16066 16422
3266 5822
6684 15534
10030 10796
2088 3695
7378 15839
5569 11363
8649 9243
195 7717
9501 13885
11495 15600
4723 13928
1793 15550
9224 11185
12872 17886
10566 12927
13495 14711
10170 17216
11243 16242
2745 16230
11137 11745
1930 12227
1707 18043
10260 17899
3119 11621
7741 9444
12537 15014
14407 14527
2351 4817
633 3085
8727 12240
1002 4401
10219 11827
6298 17498
12486 15620
8856 9602
304 1654
11245 16172
6 13341
98 2680
6078 16672
8154 15582
15097 17696
14263 15374
10648 17872
1490 14608
3222 12527
14403 16870
4674 11245
14649 18064
160 14812
2276 5609
13325 14059
9336 17007
756 10794
933 16073
4118 14659
9278 15812
5143 17567
4670 5697
4535 13105
5742 14089
13909 18099
2948 4488
14800 17092
8218 15351
6330 16495
8400 11834
8971 14593
4161 10420
7566 13977
6178 9518
14574 18065
13095 16092
419 12574
1864 11157
1529 17401
2905 15194
4789 16650
4957 14303
2377 8358
1684 3078
9670 17951
4918 13200
4672 10124
3119 6684
10076 10991
6385 15996
3175 17596
3902 5943
1001 18025
975 10580
15027 17364
15175 16560
8184 13003
13439 14888
7172 8700
5725 10687
3687 10857
6057 7098
14439 17013
9323 12081
9666 17511
597 10285
6952 17376
2947 15861
6061 11035
195 664
5306 14937
10198 15406
1687 17763
5919 14088
1734 17614
1936 12332
797 10014
1 11228
3587 14684
10284 11787
1823 17191
13890 17841
4413 10105
1778 3865
1707 2635
8261 16996
8918 12398
20 4997
6104 10116
1344 1934
6619 15582
2386 6492
16806 16811
13135 17796
4804 7228
8862 16083
1457 10579
3818 6622
1678 11458
13226 17574
15251 17837
2775 5717
6272 7480
15989 17120
9756 17548
7906 14867
2895 16834
6012 6811
1482 11509
1966 14232
3847 15529
6942 7996
2958 4715
2580 17352
6546 17785
9685 17525
2961 14552
6491 17443
9055 18096
1466 8781
8717 15875
10932 15254
1277 3904
8912 14638
9470 17972
4561 17635
191 13338
350 3322
13166 13931
2620 4625
6325 17612
8549 10500
3202 11770
6610 17922
76 17730
5726 9558
6447 15830
31 7754
10563 13354
127 10503
2583 4665
3842 6173
1369 5181
2986 13676
3454 5541
8180 15380
9228 17629
2081 10468
9073 14138
16 16678
2983 3496
16324 17120
5499 16133
4349 8661
4392 17430
5308 8108
4880 11975
13207 14671
7869 14932
9789 13962
4567 13698
757 12096
2058 3902
1754 16684
4393 6212
3964 6090
748 8254
2297 13501
381 3482
8420 9785
1491 9851
5511 15087
3022 10960
4512 6295
3646 15917
1588 12050
8145 10958
5368 12246
5988 8590
307 7935
4991 11462
2276 8079
10877 12656
3930 13832
1229 5395
3814 5782
4546 13555
14335 17026
962 14631
9114 16194
3579 11734
3804 16678
4785 9484
4789 6839
3123 6805
814 6684
4132 16843
16626 17668
962 6177
6959 17404
382 8632
15181 15615
10283 10921
962 4255
15435 16699
6161 6500
515 14074
7190 10056
3756 8798
14630 14648
7339 16827
10254 11295
2228 10021
3814 16827
8965 10483
1803 11872
8666 9922
2817 18050
10581 17117
4907 13994
945 15261
1168 10753
1416 7393
1715 4336
510 1834
960 5176
14682 18072
16629 17007
3132 9212
3637 14825
8258 16258
9507 17443
3300 12849
6551 16908
5489 10172
14136 15029
17674 18085
680 1786
13291 18025
7289 16541
1838 1844
13086 18108
862 6649
3533 10538
14028 15139
1105 9050
4590 9767
1281 12002
3819 15885
4536 13360
6178 9839
5091 13952
938 16145
6640 11421
9744 12570
4161 9285
9819 15285
4085 14940
5965 6153
4237 17372
8549 17477
3865 10960
4349 11910
3755 10157
8238 15044
6199 16154
2694 10802
10860 15819
2161 11431
7517 15868
4767 4777
2826 13060
11650 12052
11122 13876
4868 6657
4765 15116
1190 7862
3653 15368
6761 12528
5308 5442
510 9055
3503 8007
10263 11065
11542 14357
12942 13004
9323 17673
4173 9378
5931 7372
4870 14593
2132 9393
2458 13418
416 10954
4730 15396
2214 8521
16628 16998
6715 11960
13739 15654
14031 15869
2230 2591
5828 11705
4747 14433
13755 17202
823 14233
9328 11562
3631 17067
2807 6707
5943 15135
10932 16000
15685 17869
1234 15802
4982 13484
1127 16626
4124 9205
4693 11641
9713 15091
10414 15154
2358 12078
4136 11528
2425 13949
1192 7600
5571 11352
10196 10360
6834 11266
9590 13173
8602 13565
9378 9501
5489 17581
6206 7638
1234 8449
758 15873
10207 14761
4651 11245
2037 17325
4760 15732
4952 18022
2761 8659
965 11415
12664 17120
10334 11840
1540 6451
8269 17852
7514 9061
9168 16657
6820 9996
8223 13241
5976 9574
112 15230
11862 12985
865 10679
1901 14761
1889 6340
5988 16047
8632 14782
1229 14300
1146 12226
10658 11170
9504 16540
664 7255
4770 11239
6910 13295
922 4413
4982 10224
2566 14426
2212 11649
1922 3657
1988 4470
2606 8717
10925 15578
3115 17195
2923 12588
8587 13469
5758 8715
891 15573
1853 7206
4758 9767
6562 13368
1702 13271
4982 5712
3135 15765
4882 13741
1518 11844
2557 2598
5154 14187
7245 17464
14461 14494
5877 10782
102 5442
408 591
13565 14625
7263 13937
5846 8403
5393 6208
11819 12060
14496 15305
12445 15159
3521 7739
6814 9402
1734 14352
14841 16589
2160 14380
7029 16675
14727 16034
12762 15116
5697 17010
11201 14521
7218 17465
10113 10622
2542 4114
3266 3379
8786 9819
6188 10565
3690 17187
13553 14507
2072 7127
10214 13051
654 10511
1776 16992
5719 8254
14703 17402
4854 6900
6340 10860
10382 13786
2351 11713
6937 8859
2605 10224
1463 13193
15888 17882
13851 14649
15018 16702
1258 3635
2722 4341
1442 6694
1029 13706
556 11413
754 14193
11444 17524
8233 9844
268 3940
5794 18115
16657 17366
381 1131
8555 15273
9641 17897
9443 18087
3740 5885
2696 6198
3107 8371
11937 18081
3865 4587
12281 16027
10991 15731
4011 12216
3859 7092
14204 15969
4837 8568
3567 6749
2326 2516
6200 9727
3187 12486
9212 14367
1567 3065
1343 9038
12215 17170
12432 14114
7567 10523
15519 16137
3089 13069
2000 5574
8623 11401
6941 13009
1526 9026
1721 7243
3390 5445
4535 16927
1375 8567
827 8113
1290 2698
922 7150
4015 4411
3671 7212
9296 11918
1113 11960
3650 6564
5985 6665
4202 18059
2635 16324
2249 8710
12477 12776
5759 15129
13569 15038
10245 14443
5078 13084
8965 9160
4903 8899
6302 15680
4459 17467
6634 13669
10434 15569
9375 16824
1638 12767
7687 12399
46 12149
12550 13646
8915 16513
1114 8604
11230 16250
14536 16649
3386 17531
6501 15549
6748 9088
1724 11038
140 8139
7187 16898
4755 13280
13586 17673
2103 2351
2942 5394
1057 9662
4565 13385
9219 13325
9887 17031
7050 7334
14985 16911
98 2160
7631 16444
7026 17549
3763 4535
10633 13746
5459 11383
9685 13750
459 14151
14290 18019
12414 17046
7805 16260
4317 4377
6340 15258
2444 5082
12254 15595
3697 15689
9670 11583
12311 12391
4278 8700
4863 16490
8083 16551
4067 11628
9116 16634
10989 14982
6811 12254
8710 12610
9050 9772
855 16503
1627 16938
588 12078
6246 6524
13083 14412
3827 11028
11343 16648
8495 12926
5650 17596
8604 11063
3496 5579
3440 11644
184 15130
5637 5702
1309 17634
8154 8400
6564 7796
11383 17178
12303 14662
8915 9524
11220 13494
9406 16034
6002 6128
8814 13629
5931 8710
596 11692
2861 14973
9372 9831
6748 15525
4982 12818
1737 8498
1479 5760
4118 7854
10468 17438
3537 14840
2831 10597
3645 4452
10863 16765
11326 11328
2377 13086
5012 15160
1881 2006
3293 4785
1668 13877
14412 16816
5988 10585
2776 4691
7917 18050
876 3731
4067 14962
3234 17569
963 6408
10002 13908
10670 15629
271 18081
2425 2583
98 14882
10796 10895
5699 5988
5931 12266
14585 15041
8915 15731
8270 15573
6022 6340
3537 6222
3831 11356
5230 6693
5040 9954
7372 8956
2727 14701
2216 16109
6327 17134
6542 10971
11703 17002
9262 16018
2908 15952
8975 17276
11595 11810
5362 14694
2884 17120
2537 14447
9478 13660
4545 10521
277 7462
2983 5083
1420 17514
10191 10468
2809 15685
962 3811
10191 11980
1503 12598
9000 14151
664 7655
3496 17796
6591 16375
7005 17146
5096 12089
12476 17485
9205 17300
4414 14458
3491 10707
7862 7863
9866 16135
2085 2144
8279 8495
4257 18037
2846 11416
7250 10651
3132 3961
11802 13295
14593 17730
203 10800
13455 13542
5276 12542
7335 12456
12991 15504
1404 10038
11623 14450
3425 12500
9916 10755
12542 17300
2711 12966
7051 8482
12542 13455
16195 17188
9659 15213
4261 5011
1277 5748
873 13765
2972 15105
7709 10797
11745 14026
6390 17120
3673 9828
3076 15908
12240 17784
8596 15835
3475 14947
10204 15798
2530 6128
4000 8203
5982 10031
3704 6518
5486 15327
3365 7299
4650 6252
3132 11060
10113 10960
7220 12925
6455 14258
12089 17554
1748 2444
6442 10956
14170 15506
8656 13338
4471 13391
11120 11394
7411 13821
8965 14845
6036 11420
4202 14452
10960 14557
3379 17970
3963 5337
13848 17774
8021 16013
482 1837
6368 12895
6451 13881
678 6177
4435 10021
1644 11948
10188 17977
901 17148
2441 4253
2228 16947
3789 10076
7968 17341
10383 17789
10191 13459
1684 17989
12290 14023
7692 16588
2484 8715
6406 6979
1192 10774
3740 12600
9878 18005
5395 12460
1443 11135
5335 8431
8977 11691
19 11994
10512 13635
10908 13177
4176 13385
5168 11084
2000 6844
1480 10030
14937 17332
10172 12711
850 8369
1324 10972
10583 18061
4791 14573
10288 12064
1909 15791
11511 12257
3368 4088
8644 16777
5726 17696
1290 4981
8568 8765
5950 6334
10895 14649
10401 12861
1449 6203
4699 7150
5944 12908
8415 15645
1867 15018
15136 17989
4723 10801
2046 12505
4982 7480
792 2103
4000 4767
6103 17905
48 52
7790 8388
2088 14466
2681 13453
7320 7674
12243 15822
4936 8963
9159 14544
5078 10134
1404 9533
13598 16013
474 7530
5727 12254
691 3958
4961 17661
6330 10580
10150 17120
4089 11649
2635 5896
6732 15787
5554 8786
9113 9887
8859 16880
3047 17212
12884 13637
7053 9394
2590 10038
9279 9554
5623 16948
6742 12978
8046 9569
5919 7615
962 10276
9715 15787
2811 3152
2869 12078
1338 3964
6910 8007
1023 17744
3191 5637
21 4294
3907 15917
2942 16541
13287 16871
5950 8981
14701 16658
1026 7982
3708 9176
304 15252
7275 15868
3028 14304
359 17156
9877 16302
696 7185
4332 8350
5822 14611
934 2291
3241 6986
9685 10172
13821 16902
977 5964
5455 13354
8495 10735
5904 9578
10507 15812
2884 9528
3855 9756
346 8218
8436 14029
2322 17835
441 8363
1186 2052
3908 4392
14304 14838
2682 6178
8455 16361
5164 8216
12872 13347
1711 17635
4917 10390
9736 12108
10249 11558
1731 4557
7517 15401
12457 14412
14035 14701
13958 14792
6328 7243
919 9757
3132 13003
3917 16316
2547 13902
4157 5865
3555 6099
15273 16956
4767 10279
2711 17790
3740 7348
4068 11966
6539 17477
1028 13624
2022 9244
2438 10669
15487 15870
4001 4349
11866 13946
153 8534
2456 6359
2781 13379
2939 11458
12517 18010
8549 9290
2153 4884
5877 15334
1715 9310
554 8859
2961 3485
4255 10426
5455 14247
70 13019
3625 14131
4590 17030
4002 12931
2177 8369
4641 16070
962 12253
7326 11095
4246 13146
25 12865
6531 17255
1490 6467
1128 4818
15464 17438
6230 6328
3363 3931
9828 15870
482 17097
6312 15870
6980 14304
10172 18022
889 14047
8403 17838
2401 2877
5290 6291
5906 16162
4034 13753
783 8358
3292 5183
3387 15552
9407 13911
14283 17715
5605 11872
8179 16806
6163 6368
1867 6390
8222 10475
1818 1966
6565 16839
6500 9763
1932 15528
554 14851
10367 14557
3860 16546
3829 14543
7898 17872
3866 15437
10492 11841
7090 10586
5617 16008
227 1835
2681 14189
2961 5045
3379 9743
1309 7871
2483 5031
4477 16145
6578 13397
9007 13779
10457 11684
1968 3294
100 11003
3033 15713
10325 16489
6604 9027
4590 11326
3132 16924
1660 13725
6377 14149
3797 17002
16148 17226
2625 11861
5678 9756
16626 17906
10367 14239
7520 9052
805 10046
9558 15599
6035 17864
7169 13847
810 7615
13107 18031
2474 8476
5919 6239
8476 9666
2342 14451
2441 12486
13660 16913
6724 7334
3407 13827
1505 6349
5059 10513
554 2380
4664 6413
795 2351
3967 6691
351 6488
7815 12537
2508 11003
5486 9805
314 3289
4351 6554
5851 13774
9113 16026
3905 12844
11444 14343
8665 16982
1386 3917
8736 12226
11022 11375
8385 9831
1852 4370
35 4461
2529 11836
15977 16340
1404 15697
6125 17466
1180 16196
4918 13764
934 14525
4696 6694
6544 8203
749 9725
696 14220
294 8933
8720 12259
5649 16092
2341 11874
4508 15289
16950 17635
7301 9205
8284 12803
5661 11370
1994 14160
7025 13069
7631 17872
2845 5304
12925 15697
6721 15778
12054 12186
3740 14233
5405 14568
2380 11649
2748 8079
4865 16021
4541 12523
9097 13297
7705 13498
8677 11837
5911 15192
4783 10758
6345 16024
1518 17887
8436 17366
1964 12828
5579 9000
9027 17466
14114 17048
1532 9475
1839 4401
2939 17498
12278 15668
771 16991
4817 8744
12128 16029
7426 9969
5938 7246
4917 5786
425 11541
5097 8238
1944 14553
3270 17948
14343 16777
9128 14557
1835 16459
4766 7558
8710 9685
5594 16375
4652 12099
5936 10417
10226 13246
5149 10622
11252 16227
3621 16635
1479 8237
4766 6727
9251 12221
14710 15980
4332 9182
858 5737
11818 15387
1690 9052
5018 11147
4118 16169
2557 4044
4370 4519
10727 11557
286 14106
14872 17460
4561 15911
3885 12426
4133 17137
9331 14230
2177 9205
4952 5168
12427 13555
1964 17994
7714 16088
7102 7997
4481 11525
3428 4040
9295 9512
3745 3889
2983 12078
2154 2363
6874 8975
3597 5542
2727 12505
10701 16735
14762 14932
4873 17915
11413 16846
5982 10405
804 1561
5 4587
2376 10675
1995 4337
13435 17763
1754 18029
6827 15333
1291 8481
817 7285
8568 9420
8171 14412
7524 11414
4349 17085
1678 11770
7978 13059
8273 10130
10871 13361
5782 8768
9919 12182
4255 4422
5498 17082
1216 17824
15575 16668
3917 8552
6327 9403
1443 6811
9053 10359
13672 15531
15019 15989
7517 14581
6671 16384
1754 10172
11469 13082
3510 11673
1368 9061
5488 11788
8048 15192
4549 14800
11883 14016
14747 15078
8608 9732
5011 15032
14493 15131
6633 14584
3132 16056
6554 10264
6354 15500
38 4011
2714 4567
6381 12394
2386 14071
7392 14391
5987 17785
11568 17689
9249 13957
5123 7480
12106 15664
10262 16146
10513 10705
2003 10464
5546 16329
2918 11758
8890 17519
160 16620
710 16541
5713 15500
12145 13534
10583 13389
3891 12978
4228 15453
5880 7794
14567 17801
6217 10420
862 17696
3105 8505
8527 9756
12505 13226
8846 16198
1035 13453
1229 5106
11880 16050
1992 12861
1422 3361
8083 12781
2657 11822
3552 7680
6241 9112
14619 15917
1479 8732
13367 17411
9064 16692
11119 14922
1734 11862
922 5433
2858 3003
14341 17639
8687 11985
2160 6100
3125 13706
10030 13706
1589 14622
600 15509
16628 16702
3451 16541
2575 4676
814 8099
3052 9268
4986 10028
14467 15018
4723 6466
10597 15454
12770 15081
2259 4778
4929 5623
2376 6537
5128 15219
9000 15770
8483 17697
931 17080
5976 15869
13486 18093
4206 15391
941 3974
213 1148
1178 2776
246 12542
482 4032
2108 6343
3289 5973
5733 16230
4615 10166
14343 14401
4822 14426
6539 17696
1707 9504
3089 7025
4386 16927
2167 4055
4439 5154
13876 16419
4401 14263
14412 17194
2465 17040
12712 16119
2279 14515
14393 16488
10947 13370
8520 10030
5538 8784
1195 7675
1411 17481
3132 8416
299 18030
1361 11237
3238 4765
2203 17338
3173 15087
4140 8965
4755 10879
12240 15323
2530 6932
14679 17543
14371 14695
5603 14947
8578 9298
710 12805
5950 15748
4644 9423
4066 10460
10501 17916
4349 4696
12692 12727
11855 15135
1824 9846
15155 17220
8185 10311
891 9055
949 6500
290 4932
15014 17509
9696 14419
1924 9278
5646 6937
2928 7520
1174 12610
1416 14540
4358 14360
4855 10497
1867 16541
5288 8194
7406 12878
588 11801
3889 6650
4696 8438
16282 16287
10843 10960
2225 11401
7378 12281
1922 14164
3030 3601
1420 17809
3958 14525
9982 12667
10622 15007
1996 11268
3139 11835
2365 10166
11542 14503
10104 11508
6089 13237
7093 15387
3814 16702
610 2961
593 2722
8594 8961
11263 14398
1125 10515
2134 10070
5160 5482
1674 7928
6002 9947
3469 4130
2276 5134
5563 7268
12664 14624
7237 7243
15097 15526
13379 14157
3549 3716
2365 15382
7145 11825
4065 10708
5178 7155
3023 3340
3604 13555
13411 14702
6087 11010
1817 17819
10503 11505
4927 13671
4755 10023
8534 8890
3679 4116
10940 16702
2496 14060
1444 2686
9989 18005
854 13842
11803 15366
2377 5270
2879 4692
11081 16361
9703 16880
6066 8104
16556 17401
1504 12985
10196 12798
13874 15253
6594 12884
1723 2174
111 17629
3015 8691
7646 8218
2452 16316
2902 8617
15406 15812
292 5026
1336 17419
1445 3103
2056 4921
8362 10626
1117 12944
1052 2391
7853 14771
4523 8342
6619 15464
6622 17539
112 14367
10290 14136
733 8610
9699 16608
2857 13357
4837 17633
10767 16063
4398 4402
5091 10673
703 9646
13911 16269
3293 15810
4069 14624
14412 15559
10292 10972
3170 5498
6854 7344
10747 12638
316 1834
8143 15018
6084 6665
3340 14340
2376 14595
5033 15824
8458 15174
10414 12505
8984 16112
10238 11787
4926 9522
15046 16411
6611 16560
13813 16503
3671 11792
6001 9437
2497 2799
11620 17959
10796 15821
3557 3736
1127 10131
2466 13982
946 2458
12872 17376
1229 12999
1720 9501
5830 16678
11839 16159
12467 15703
4062 13189
8834 9743
4558 5583
10991 11542
1636 8842
3294 5869
2555 12795
6309 6984
2625 13151
7933 8632
10224 13223
2428 15526
4776 12175
11116 13338
16946 17837
14267 15153
3138 5864
2864 10115
6202 8139
8627 14205
3004 10172
9715 13110
1058 11380
5706 15587
14777 17695
5194 18081
2916 13980
1290 16250
6127 8403
3754 11539
3836 7971
3503 10131
2204 15506
10895 17970
6381 8400
883 17872
751 5683
6719 14223
817 8487
6182 10581
10780 14690
14329 16021
2687 14677
1164 7026
2282 6792
11015 17889
13878 18064
3318 12102
7574 11595
7190 18118
283 1270
12523 16684
9685 14794
2000 2686
4456 9655
5650 15561
1070 8157
10172 14982
9 3617
16503 16588
1548 7472
438 13536
11723 17087
9298 14662
4130 7000
6981 7507
7856 8476
6755 15046
1098 5235
14171 16148
4832 15812
6561 12856
2390 12706
6401 7583
4257 14114
1753 2515
1232 13144
2079 6190
3340 11629
334 960
6684 8965
14077 15869
6844 15487
2110 9000
14118 17817
3971 8839
5142 10024
15345 16242
4040 7926
6760 13982
8733 12752
10002 13227
7613 15462
14195 16341
7249 16071
6617 9646
2622 4047
7705 12154
1126 7805
171 5577
2612 11426
4556 9205
203 9053
4664 4665
3133 14662
515 9864
14982 15989
490 4538
3165 5748
9897 10164
5438 13062
12927 15582
5542 13576
2276 8400
12412 15110
9735 17047
13515 14367
1229 9116
1290 6413
1182 4541
9505 9946
7355 7783
1159 10168
2834 18000
3713 17161
2472 8666
3379 7328
5748 10622
12893 14455
120 1535
4085 16604
6551 16282
381 4140
9112 17280
627 5686
150 12897
990 7734
2108 9396
5910 13804
2967 4332
289 6490
9093 9882
10895 13881
5527 9178
2714 17136
1924 13778
2542 16989
3690 12748
5931 14768
8145 12775
6199 11538
5579 7016
12290 15105
4496 12397
7567 14731
4497 8578
14482 16069
4332 11808
830 16393
3379 4114
15069 17422
804 2054
5583 10947
16041 17376
11348 12057
2033 4290
10053 11791
1632 6670
10008 16913
9887 10622
3449 13219
4332 14608
2210 8346
5489 16565
4251 6513
7002 15278
4651 16297
12476 17007
2939 11937
9736 15837
13610 16947
10230 14908
7150 12625
81 8573
6359 6500
1304 15772
4310 10002
5168 10012
9967 14304
11102 16262
367 7199
6413 9064
3469 13002
1321 11854
5717 14360
4864 7805
4435 8393
1474 4876
14812 17483
1115 15293
10960 18022
3801 15013
6327 14444
3738 14128
9002 12062
6940 16624
8461 10367
6249 12410
8629 17145
10764 12036
4665 14427
10199 12798
9288 12081
3495 5891
10567 17046
267 16687
1288 11462
4301 15775
4377 12997
13965 14695
682 10692
2282 2657
1838 5822
838 12090
7745 16137
9611 12724
24 7794
1124 11956
6512 14302
940 14126
2497 6763
5348 5758
10944 14937
2248 15697
3390 12161
6346 16604
8880 10215
4441 4531
1780 11698
4398 10150
161 10166
6775 9635
1316 4561
14976 15541
6176 10770
1697 10307
2147 4197
2526 11695
962 14759
11745 13624
8219 9826
2494 10992
33 5447
31 5380
12429 13352
14646 14867
905 9033
10970 16446
7441 10974
1707 6327
11244 13904
2714 11525
8739 11860
816 7558
778 15940
14624 16950
4332 8328
3796 13596
5093 6327
529 10999
4050 8744
1292 1779
9233 12144
5726 13114
53 10060
6622 16169
10622 11321
2821 3530
7825 16074
7232 7686
9556 15192
7692 11080
9264 14527
5144 17806
7243 8717
6622 9286
9224 10538
7088 14406
10638 16934
4815 13523
11642 12213
6413 9661
965 16544
4318 14277
9705 15746
8763 11251
3498 16376
934 1721
13807 17170
2085 13413
8050 8511
11192 16101
5368 9212
10590 11263
9296 16303
1288 4616
5256 6847
7310 14702
9011 9558
5576 16419
15323 17914
3539 4967
4037 11309
3106 14689
2088 3055
11041 17618
10823 17689
10800 17563
565 6418
7760 15559
3445 16634
4093 13674
7190 12081
15770 17327
15975 17335
4000 5240
3390 12984
5183 16092
12817 16788
6513 10150
13361 14566
4773 16695
8721 17384
2982 4256
1734 15820
8523 12259
2795 14631
5896 14529
1185 8687
9128 16927
7275 15173
3786 17967
4488 9350
7451 8276
5388 5475
3080 12302
830 4435
3716 8369
9276 14838
3378 11964
2010 8715
2006 12730
15758 17875
16948 17335
3508 16702
9685 10597
771 9305
9191 15820
4240 14572
7709 15612
5860 16987
3331 10597
7718 8152
4772 10606
7556 14710
1748 9961
3738 5877
11648 13768
1723 9042
12542 13819
5796 17350
2425 4665
582 15971
8302 17893
1467 8087
7909 13730
4247 5423
8756 14436
6537 7237
3814 14988
7019 8530
10162 16658
3086 15083
2638 3070
3695 17470
9774 10008
6406 8687
10392 15822
2685 7633
14180 15567
8461 17096
7062 17562
5982 15605
5159 6435
5160 11939
1292 1547
5259 13982
5683 17984
4631 6500
6633 9056
5031 7355
8973 13060
6084 12050
14634 15978
449 15189
4774 13680
9558 9953
9057 13962
6521 13563
16722 17148
6986 10870
13901 16361
12336 17268
7483 8237
4362 6499
11808 15821
13338 14987
2736 6131
15582 17633
6573 7267
2996 15654
15507 17120
2637 17852
160 11590
1721 13558
31 17590
13807 16270
13669 14798
595 11209
6212 17023
1797 7253
6681 7576
2650 9947
1298 4874
1900 14149
5579 14104
7612 17618
10899 17514
4135 13776
8346 13942
7179 8798
2085 7699
13929 14054
10972 12101
425 10986
5653 6520
6318 14148
357 17961
14462 17373
12648 15791
13177 13430
3045 11256
1033 7732
4665 14426
4857 12226
839 16769
11325 13714
3192 3658
3031 3381
3274 6937
5387 11342
4201 5949
13028 16620
4015 15284
9595 16274
8043 10905
10347 16109
3917 9220
8215 10307
2700 8083
89 890
3768 3780
4868 15417
8531 10863
4099 11786
9743 14486
1453 18016
100 323
6198 17989
1926 14623
15487 16352
5822 12050
2884 17848
9043 10701
10112 12751
814 3918
3132 16503
1945 18025
7267 16937
1721 7168
1793 7875
2081 10821
6222 8796
3881 4422
3055 4826
9725 10325
46 5055
1519 14627
1091 17105
5431 7363
5538 12278
215 9924
1532 17848
5111 5320
4336 4513
1980 12981
7378 13669
4615 14380
12611 16843
6997 11531
1953 4888
5907 10448
11683 14494
3454 7533
4461 5623
6 6684
5201 16490
1708 6066
7860 14598
375 15225
13008 14222
952 12235
4579 7736
1704 10206
5181 15634
4755 13459
1359 5697
9950 17498
934 8555
8717 15363
1794 7429
8111 15812
6413 17866
2892 8891
631 5641
3674 5753
1625 5073
15047 16389
3913 11119
551 7733
1290 9016
3076 15935
4895 5729
1142 17042
5218 17494
1857 8748
10702 16553
3289 17170
682 5782
6792 8229
8588 9617
779 10606
2010 6500
3119 9374
4587 12505
5118 16502
5108 5683
502 15245
5570 8310
4957 13353
9268 14019
6199 15246
1446 14114
8768 10698
213 9433
17043 17226
10660 17887
6762 17823
6173 9676
1529 17763
5646 16829
6272 14991
4118 7263
8287 16597
10468 14367
6623 11356
1612 4349
7259 14511
12089 14662
5538 11477
7285 17562
4140 8122
891 15462
8568 9518
4182 13227
14462 16041
2153 5143
8154 15481
4340 16831
6241 9985
909 1234
11211 12070
4118 17681
2501 4404
575 18093
682 13881
2657 14240
11791 12187
962 15987
6338 12748
9 10076
4213 6813
4665 11251
2575 16257
10671 10829
5128 16913
14208 17127
7483 13325
1773 15814
1526 7008
11537 14597
4136 7157
12073 14639
7613 12134
6278 7511
49 3454
8091 14881
3030 5646
12664 14426
6880 17696
13149 17619
270 856
3520 4743
9021 10885
1265 4557
664 15966
3865 10778
908 14131
5954 10421
758 15830
8214 10974
3267 3690
8099 13982
9261 15292
4558 12625
5031 14149
6018 6577
13703 13906
8495 11573
3846 11726
5184 11844
437 14806
328 5135
4001 10663
1344 14555
5861 16010
7549 13880
6128 6447
360 7409
5146 5683
1709 7279
12003 17589
10628 15569
2863 16637
2446 10960
14386 14713
5943 16329
6681 16421
4965 5626
11346 13876
334 6285
2471 5095
11469 12640
9676 17744
9670 14552
4351 10204
9060 11966
8290 8727
7339 9176
6230 12591
7675 13293
6895 15674
8040 10767
8601 13455
9773 15720
5983 14555
9340 10647
1290 1779
6251 7218
1304 7500
248 6040
5036 5788
4951 9105
11705 12984
2504 6345
1820 7846
1805 13756
10637 14734
8485 15515
9178 9828
11855 13650
9561 12420
404 5675
12222 13927
2218 17120
4825 13173
6676 16174
5072 17579
8132 9137
2983 4951
8897 17389
3128 7451
1928 7243
8484 14987
10743 12664
8897 12467
12537 17345
3754 9303
3569 13389
6327 7107
5333 11599
646 17889
13290 16736
7301 16094
4846 10049
15046 17868
13317 14650
10833 16955
8856 17604
1149 14127
3681 11383
6327 13750
8915 14877
1005 10661
13876 16956
4232 8870
14426 16761
3096 15346
5650 14128
7267 11528
13446 13615
1490 3716
362 14572
5336 14766
3604 6684
4065 5868
12852 17079
1866 11487
12897 13401
5176 16893
1736 8776
6598 12884
2667 17462
7517 7691
3931 17419
4031 10227
1733 12925
4730 5300
3624 14831
9555 12090
11144 16009
3793 7858
9772 12882
5811 12081
810 13591
2792 14756
7991 8373
5973 6861
8328 10065
8601 8710
10179 15382
5927 6582
9288 14064
5253 14268
6051 13186
9595 14965
5782 8715
7858 10857
838 4087
2776 12078
1178 3520
13994 14505
1178 14242
13263 14119
8398 17470
7099 17215
1455 10849
8984 11745
5141 5475
7186 18104
4615 13294
6131 9285
2009 6619
15287 16130
1269 3583
5243 6469
7953 16955
4880 17249
9064 12274
5312 17942
6298 12112
14544 15703
1057 9950
2407 13730
355 811
4761 16470
3805 14062
14812 15044
650 8751
13592 15983
3865 4163
13427 14254
5321 11288
10418 11230
4332 17970
8380 14160
12049 12776
4506 12933
73 332
6496 10012
4249 10706
3121 5414
2749 3898
137 2354
1926 6064
2757 15327
2404 13363
10429 12456
5859 15406
15593 16498
1303 11808
15461 18031
7 10583
430 2178
7978 14462
8903 11708
13806 15619
15582 16800
10359 16496
10276 13866
1 14473
10747 11893
8185 13114
3958 16949
12021 12155
4267 9883
6401 12582
8361 14010
11320 11358
4113 8842
7 8099
14423 16127
10191 15846
7840 17538
8296 14908
7524 16945
1940 12711
2714 9985
14240 14482
6769 9865
7456 9837
8645 11890
6297 10059
2758 8602
14883 16109
866 11922
9607 16924
2180 2862
1448 5748
6860 13808
2441 11116
6906 14931
9528 15365
5096 5811
5507 12571
2054 11185
15821 17435
5327 14527
3971 12706
5711 8645
6500 11960
3095 5287
16324 17170
2287 9282
14665 17590
891 3697
2680 17215
8549 9969
8099 11462
246 16931
4582 17168
14780 16330
7580 8808
7844 8504
9067 16112
8303 8635
10875 14090
8808 10172
1777 6312
1512 16686
9096 15487
2748 14093
203 931
4005 17170
4340 10692
11960 15712
1924 11211
7009 9961
9484 17943
2865 6894
10046 13784
303 5474
6728 14185
642 14730
7441 7717
14616 14985
8185 8466
3674 11146
6176 7877
3755 8416
5691 11458
1290 6013
543 678
4002 4735
1632 13073
4173 17007
2291 13213
8247 16740
550 9968
11431 16104
16029 16239
10379 17206
5938 9571
3918 9853
14218 17642
6325 17915
7099 15300
877 9330
965 6500
8403 17025
928 9524
6986 16419
9446 10769
2167 2223
7185 10056
4665 8763
3095 3734
9386 16524
5931 13913
1691 15878
4395 7576
5183 11808
1720 5183
1238 7092
7613 10960
7301 14025
11169 15651
15966 16629
1996 13295
12610 15154
11533 15494
7381 17521
157 10277
6582 7625
2786 16402
1805 6115
3871 10796
2153 3902
7997 8682
2074 14096
14148 16732
15678 18093
6031 14780
547 4383
5272 11094
13164 14800
9925 13475
10067 16827
12984 17872
3691 8915
13542 14054
6380 12612
604 6785
11449 12628
65 12781
1501 10622
474 13621
2237 8753
9733 9786
3748 3855
6194 7863
11230 15873
4937 15868
8032 14724
3807 14290
6754 13567
1731 4337
14503 17331
14889 15501
8666 15184
1115 14966
6449 9528
3289 12567
2480 3071
6732 10931
1687 12240
14426 17696
4149 13732
8632 17336
7717 9230
6361 10570
5806 16459
2742 6619
1693 6777
4615 6496
2861 13825
3145 11909
4113 12590
5 15593
757 6346
10756 16999
2190 13810
8608 10948
11326 16696
7221 10861
4541 13596
598 7989
12722 15917
6198 13277
9151 10483
365 6805
5181 15711
5579 5790
3520 17477
6997 16908
11318 13014
5760 9898
9777 16006
8784 17524
12222 17460
4422 5419
7636 17316
4158 11748
949 7355
2185 10078
2745 9518
5011 7593
3453 5741
11200 17989
6312 15214
13093 14693
1731 13958
4551 16831
2282 13990
1215 15895
6532 17907
10574 14631
8123 14735
6653 6750
3544 16698
1654 10177
5620 8396
2966 15348
15085 16361
3232 11476
5310 10947
6317 6916
5904 9138
4471 14462
11288 12985
7166 15166
12517 17990
1913 13217
4349 10005
2436 2555
5579 9198
9431 16267
11262 14206
3944 15154
16913 18026
5925 10694
4007 12665
8485 14380
3677 6172
8461 14150
1297 4145
10188 16570
7711 12156
7709 14023
11443 16634
1724 3931
7971 15931
6640 15898
8304 16149
9532 17751
2225 18092
6374 15915
6792 9307
3135 8104
14825 15000
227 9518
2676 9869
13019 16139
14823 15849
1873 7704
2472 15980
7032 12186
7971 17629
13059 16675
10325 16902
3355 16223
530 9258
334 16037
3429 13396
10046 14648
8064 11498
759 7355
4050 16202
13727 16487
10365 11065
7709 15830
6924 17256
8343 9649
5087 14954
555 14346
10727 17981
5501 6100
3500 13437
13764 14933
10634 13784
8061 17699
10311 11354
6299 6537
1521 9264
8659 10918
11822 16196
597 6298
12698 14634
12090 14029
13083 13763
2038 16162
6327 7433
4865 18111
481 2040
2425 4000
17823 18079
11173 13990
10750 17581
2727 10475
8525 14781
2022 3567
5631 9853
12155 13429
64 1547
9052 10175
3034 8523
1479 12134
4126 4791
11555 13764
4363 5374
3289 12127
13216 14155
16570 17514
5095 13212
2056 12925
11262 17397
4332 10772
246 5183
4255 7924
3065 11593
3526 9631
12576 14872
14336 16137
4725 5538
10024 12927
11808 13226
2290 16879
1654 12927
16257 16657
8149 14933
7870 8490
11505 12767
658 11780
603 5380
538 11421
7019 9318
10972 15121
17045 17422
15254 16908
9372 16434
9442 16333
4557 10991
54 17428
1 16075
12889 14386
210 10651
6124 16102
4730 15947
4726 13544
1526 8395
2403 16379
7077 11252
3199 12916
5806 10144
1986 3507
10496 17828
12878 16272
8418 12486
9137 18087
1435 11854
1 7462
3340 16441
9956 16541
256 1022
3472 14254
596 1385
14116 14756
10831 13538
5168 14093
11288 13463
9228 17669
2012 3143
9343 11288
2365 12050
5506 7282
748 14160
8237 17216
11751 16084
2376 7705
310 7533
381 1122
2212 12579
741 15187
11433 15569
3279 7570
4653 16048
1721 7002
9555 12023
4158 10056
18029 18031
13766 17164
5649 14148
1812 9588
7235 16471
1315 13299
5403 5579
2358 17050
7815 8568
3730 6244
7243 12108
1654 8400
10796 12542
8821 15837
15559 16731
12804 15634
4691 5732
10628 13231
4332 15582
3023 6413
11705 17010
10132 13105
2908 4066
7196 14869
3152 15152
9394 13154
6346 10948
1131 5155
7219 9323
2354 9863
2925 16142
3865 15654
3462 9977
1490 8717
5683 8046
7534 12270
6077 12321
1781 12098
13164 14196
5209 12187
6717 7709
2552 16239
15401 15875
7556 15980
1002 12569
7103 13796
6944 10158
3898 12706
2908 5097
12491 13899
8356 15351
15678 17007
4932 6519
8666 14710
3070 7020
5336 13476
4880 15487
1720 10367
2432 2915
1721 1966
4765 11886
7637 7699
353 14953
3726 13958
9375 15869
12932 13949
65 16329
1862 15644
4400 6340
1522 4801
264 8808
5806 10485
7008 15272
9785 17908
8601 13753
2762 3931
4513 4765
6294 13189
10963 11383
7380 7525
1943 5370
4386 14088
5095 8328
1178 6406
13453 15095
3517 13877
5178 17706
1038 5414
13111 17635
8573 14937
4778 14427
2161 12456
224 15255
9789 12561
7113 15778
1939 13648
4984 15046
7416 8121
5261 13361
7355 9484
811 15952
5978 15820
1052 16470
4050 11808
5328 7718
1485 9891
8756 15654
302 9055
8691 15319
10163 10513
6597 15657
1703 3801
3423 14428
4387 13803
3353 15620
3496 3970
10172 13600
10661 16872
592 7946
140 17007
2714 7378
948 9725
1603 13874
10774 17817
6244 15342
8478 14922
4885 12559
948 4015
11622 17010
2210 11649
2482 15494
6368 10383
8325 15228
2620 12084
4899 5005
2857 5168
255 2206
1261 8831
5931 15401
12084 15868
1462 13366
12930 16859
5481 14528
11957 12296
954 2417
14983 17269
8237 13227
14233 17633
6554 13184
11729 16682
455 4830
2908 17514
11380 15531
3917 8167
1178 7393
1503 11440
2502 5609
10628 13928
3865 5646
1931 6665
5428 10180
8055 14067
11278 12990
7776 12102
9774 14220
353 16319
5578 5899
192 16884
4199 16220
2781 9035
1195 2160
934 3013
1138 15573
16455 17704
57 13774
5866 7655
6811 10702
7633 16806
12435 17989
3980 12082
2857 9222
6271 11580
2282 11045
9828 14149
8632 15526
1178 10390
2578 12230
8956 12134
2922 6707
2351 14297
4647 17862
5416 15087
474 14701
5183 14412
7514 16302
3367 13489
657 15152
6385 17697
260 18090
6779 8612
6732 13887
3581 5672
14267 14772
5308 6967
190 14249
7160 8716
3381 12395
759 15870
4743 18010
11646 14566
5306 17793
4298 9945
1108 3755
4728 17890
4011 4958
10342 11820
797 4777
6190 16831
6501 12134
6538 11425
8099 14800
7853 14026
11851 12502
4647 7374
2593 8046
15830 17143
4448 17068
5641 14385
3266 15012
4386 5374
6157 16690
2563 18022
3690 13159
9595 13029
8007 10558
11071 14916
10826 16650
2417 14386
1853 9819
6012 15569
5181 9534
3231 12666
3149 13011
2289 13050
1198 16608
15786 16998
7149 16015
2884 14641
2153 14242
1775 13899
14346 17226
2542 15677
5029 16724
1667 5647
5120 11996
2138 15154
10150 15323
2905 3658
2729 9528
9064 15749
10172 17714
1348 14611
12320 14297
2218 8568
6740 15223
5661 8663
5727 14286
657 1020
5095 10030
1526 8258
6792 6853
10071 17658
2351 10311
14589 16303
9181 9743
15526 15962
9178 10566
7939 10796
4041 16009
870 9526
1629 16256
5523 10553
854 8877
3058 6628
5431 11025
13299 15272
1583 7004
664 4163
6204 13179
10438 13453
15309 17449
539 13472
1404 15937
10677 11919
482 4418
1113 1369
4292 13909
4011 11883
3058 11340
3187 15955
11528 13942
6361 15366
9451 14100
351 11413
2972 4774
881 6988
5068 9672
6903 9785
1712 1940
2351 18063
1029 17256
4070 5895
7533 10063
5992 14610
4957 12541
5304 8808
3549 9406
4435 10513
17480 17719
5817 5826
13842 18087
11383 15723
5649 5973
1253 10132
5726 16650
16540 17744
9505 17453
11657 16208
3250 8691
132 5333
2762 15744
2737 11263
680 2144
621 13651
7426 13189
6916 15203
2230 14000
6897 8645
776 13946
1234 9703
10822 11261
6897 14386
1114 7803
5569 17822
541 1814
4430 15194
5515 16678
4856 6886
12889 16986
11383 17523
8975 9314
4769 16209
4351 16692
1097 7780
2688 11961
15045 16824
962 15798
4963 5451
2733 13964
13946 14340
12527 14436
3793 5927
5938 15609
397 8222
5299 13871
1734 6512
9375 14211
9 11360
1126 3811
8194 10438
4478 9889
1913 14247
2436 16196
13694 17371
7687 10290
853 8459
4247 11879
850 11146
10420 15775
8837 16923
5923 13998
9667 12749
3942 14606
4208 10736
8573 9198
7462 11533
11478 15225
2092 9451
2425 15936
126 2365
1964 11226
547 17460
4356 15607
16592 16671
378 5852
3237 8807
8535 16604
5051 13123
971 10955
14838 16352
6358 12362
11621 15409
1296 1991
2781 4393
1414 11886
6327 15186
758 16375
13177 13379
7418 10215
10778 15980
11866 15009
6222 12332
2780 4853
2064 5748
889 14213
8094 9607
1165 11509
8250 16716
12763 15118
528 2259
9295 12611
407 10515
6263 8743
12889 13556
8369 15812
4382 17793
3503 10871
3662 5391
462 17912
2483 6792
7301 15821
3111 8690
1777 17120
10819 11618
198 1569
11282 12939
2146 14031
1785 11379
8442 17045
2613 9647
3778 11451
7655 10947
11288 11617
131 3890
6609 15629
6035 15166
8215 13354
10818 16999
17212 17680
16086 16597
8687 10426
8540 11004
9204 13648
5760 14360
11259 14627
5725 15378
9999 17914
4337 7680
6251 7153
5148 11528
7687 10622
10831 14663
5198 5788
3814 6336
6681 18113
11568 11649
8115 9484
14528 17002
7815 17345
922 13389
1253 6467
1518 8244
16175 17531
4477 15608
10036 10771
4558 11508
9051 16806
9685 16162
1548 11606
4746 12345
2762 14232
6454 17230
2760 14762
13660 14496
7845 16601
13374 16890
3425 3976
11061 16491
8937 9841
1749 3690
8305 9627
4719 14023
6724 14473
17578 17636
4346 12320
679 8079
7434 12319
8377 15543
4392 13962
14367 17226
5646 10379
4809 7862
3250 17154
255 8192
4394 10420
14021 17235
11808 18063
15081 15091
2742 10307
1115 5860
1936 14332
9138 14258
6094 9268
1127 17057
2683 16805
1707 16511
6913 9678
9212 13003
575 13585
9289 17973
4774 15425
4952 7655
2177 14412
4910 9439
3664 10273
1779 17680
13337 13538
6212 12874
13343 14331
12328 15780
7463 17677
1652 17801
7704 9282
140 1707
1535 5554
6789 9733
110 12830
5623 10734
12139 15373
5701 16551
7614 11690
4040 12060
365 8549
11808 16628
5029 10215
4885 9655
2777 5633
4984 4991
11494 11623
10656 12197
6612 16325
617 891
10929 11985
2253 9275
7517 8717
15831 17710
4530 17384
2067 13391
6178 11708
1248 9685
7418 16076
966 6057
4870 10487
6932 16471
2028 10766
4736 17945
12456 17990
1857 15073
424 8604
7339 9769
6439 16634
1448 16788
8931 11167
6750 11288
11366 16521
15962 16202
453 9116
4510 11302
2276 8139
8727 14128
260 13562
9107 16119
2594 11734
10687 14785
6778 14958
1087 7745
10194 12467
2153 10563
4395 8512
14242 15654
10741 14773
6665 12003
132 13001
713 7853
4755 14798
14446 16761
5738 13949
2685 16179
9 11288
2625 15932
5063 13655
10504 15382
1475 5344
3976 9770
5128 8232
10122 11822
1032 2195
590 7518
6368 10687
1707 9366
5128 18118
2865 7887
6697 7026
10895 17072
7167 8903
6478 11505
3379 10434
10191 15898
6668 14991
6694 15012
299 14386
4542 11431
3111 17007
6777 14364
10311 14567
1250 8658
11518 16866
1873 3158
14619 17763
10876 13434
1255 12992
522 11836
2681 10124
2494 2680
4458 17046
7570 9961
5647 13834
11084 11352
11238 12309
1567 14280
1824 15291
8717 14360
624 1082
2883 15422
15965 17851
1180 4663
6447 17183
7860 13867
12889 13299
922 1712
2846 13262
8578 9812
4628 8229
5388 13151
2114 13999
787 10351
3842 14005
8218 15005
213 10434
399 8586
3125 15186
9916 16776
11829 14000
12348 14585
503 3250
15711 15837
6067 12767
7477 8418
5042 17194
11122 14084
4631 5729
1684 6997
1258 16868
4661 15101
3520 16671
10400 16161
6511 8476
5981 10760
9832 10769
1408 12762
5155 10272
5771 16864
10194 14840
8697 9915
7481 13453
4370 17087
11203 15769
12987 15812
4579 15557
12858 15573
1584 2613
8814 11820
5095 5605
113 8369
1945 15219
2421 8353
548 2901
12377 13119
3847 5764
2035 17473
8899 14671
4392 12600
10137 17887
2937 6678
12072 13784
11855 16329
252 1158
3637 6897
6327 16629
10351 10974
14536 18090
3590 6464
12935 14101
5776 8530
11218 11574
10838 15122
4188 17811
7633 16880
6376 8824
1907 13742
9685 16174
4010 4394
8975 9741
968 8239
6730 8218
5729 6715
934 15135
9669 15239
4392 11505
6226 10008
10469 11802
10660 12612
9196 14075
4982 7150
2003 15056
100 10524
5767 10842
2635 5123
47 7182
1029 11906
8258 11411
14129 14844
6298 12285
2552 5347
1419 11476
3951 12971
2466 11038
13605 15118
3814 7153
9869 10191
2547 17049
14366 14914
4736 13241
12245 16844
16597 16827
15766 16308
13911 15734
1701 17175
5976 7616
2510 15230
8993 16505
2452 12254
5114 7005
5433 6973
5986 9866
4571 16431
10716 18073
6897 10316
7089 7686
2943 4389
16162 17049
1270 3302
1555 4894
14473 15647
1986 9486
11135 16402
1119 16013
4093 11639
3610 11609
6619 9268
4295 14675
2354 7185
6347 16964
3985 12460
7960 10712
7503 16163
15820 16513
5300 13389
1800 12404
10735 13338
246 3671
5630 12386
3019 12698
6377 12600
2187 10269
3865 7339
5374 9778
5426 10196
3338 7234
16565 16841
8180 11413
4506 8135
160 8049
9343 15742
6619 15044
6554 10974
2468 11617
3390 17120
2029 8555
33 2691
2146 6334
8563 13885
11237 15937
7687 13144
4181 16361
4775 12798
5605 10822
15725 17774
12985 17912
1267 1401
4435 16763
1291 14985
2213 13231
2376 4583
937 15352
9403 15966
10745 14426
2282 8194
6421 9861
5253 11027
12208 14165
8809 11622
6737 15293
6469 8421
2058 15765
7888 8470
11822 11861
5685 7841
8710 10030
4257 8645
12111 12851
5399 8218
2852 11844
127 1702
288 15018
20 3110
11856 16448
9127 13109
441 14352
5950 15869
13455 17628
17226 17521
11955 12621
9080 11445
10419 11505
7595 9090
2648 8988
4040 11624
2560 6413
4951 8632
554 5260
4578 16426
1001 15300
5877 11198
7339 12058
1765 13435
6562 10947
4676 5799
2435 15054
4398 17989
2167 12639
12785 15900
898 17376
1775 11257
2483 13209
10281 14428
7066 17876
7968 8046
8275 14116
4773 5954
14882 17744
4853 9591
2277 5228
2585 8163
5368 16702
5976 7512
3763 8007
6649 14627
11623 14383
10367 17422
1692 14610
1176 4502
1778 6346
8110 9673
2856 9419
10011 12872
6413 16316
6810 10318
7157 13827
4135 10925
5861 8656
8700 16133
2522 12090
3621 16794
9212 9864
1469 17972
1324 11649
4621 16650
3466 11470
1053 2652
9332 16539
15870 15902
9185 11138
2682 4477
3425 16419
13144 14498
4870 5197
6933 14756
1404 16230
3161 16721
7493 11411
2473 17499
3105 13112
3748 17250
9769 16459
6241 7823
14206 17397
17702 17710
6051 9220
3999 13379
6909 12569
1824 10898
1838 11592
3656 17300
7913 10871
7599 8217
186 4403
6775 10629
878 7047
9952 13007
2954 11246
671 8899
3468 5545
13562 14536
757 3918
6419 17364
278 17483
2228 11003
7891 8270
4776 12743
10024 14380
2470 11230
946 13418
1595 14028
8290 13413
15328 15537
13898 17171
10796 12270
7954 13156
13475 14607
879 13847
6084 7908
14554 16979
9431 15292
13849 15264
9112 10450
5326 11985
7823 14965
13534 17084
6131 14391
5123 5712
95 13556
9313 9620
4536 12684
11211 16196
9105 13445
4747 15618
363 12530
5877 9212
5993 13589
7983 17669
14629 16595
8495 9743
6094 15805
626 7730
5091 14267
10898 14966
4282 10249
9331 12985
7348 9168
3175 14365
6140 16875
5169 7177
2261 13730
2365 7758
12942 16588
6617 16913
5731 11988
2707 16434
2719 10312
5980 15223
8185 17571
10381 10692
4519 12294
6920 12978
9945 16065
5216 14702
253 15351
6431 6963
9444 16188
5148 14965
6779 12318
903 2384
8601 10367
12749 16493
905 6412
14684 16136
10483 16457
11200 13982
2417 13982
4000 17992
10383 10698
2722 5388
3734 8534
8804 15105
4911 16702
5154 7241
586 11872
8339 12853
2409 14965
6806 7323
6158 10585
5264 8786
5459 16551
1356 17508
5607 10635
3710 12083
10631 15953
614 9352
10972 14046
5222 14280
9061 12509
9096 10997
2386 7329
15351 16157
3449 14795
8434 14990
3241 3333
3690 7997
1291 14624
9725 10220
13166 16513
2466 9099
8350 17970
6791 15227
1469 4182
14931 16980
4634 7166
4556 14937
6546 8826
11417 13401
8689 12742
3704 11198
160 5752
6668 10173
9308 16773
9310 14452
7525 11461
8085 16303
9037 13007
2174 14647
15561 16505
10194 17608
3035 8217
2159 3184
4439 11527
9961 13308
1610 4943
673 8955
8805 12796
4130 15422
12732 13821
3662 4919
3036 13671
12603 15241
13885 15426
8206 16757
1827 5268
7348 16540
13470 16762
10707 17288
5134 5806
6715 10414
10270 13191
10260 11982
8585 15946
1748 9559
538 10974
5181 10692
9288 17130
5454 18023
14525 17202
4011 11844
1416 4623
10289 11657
7393 13763
6873 7019
962 14798
5421 11533
4728 13014
10377 14841
13876 14235
2425 13901
902 1600
15462 17481
14985 15289
381 13385
4690 11881
7103 14267
4166 9743
6463 10765
854 8496
3576 7218
7939 15474
2859 11509
5395 17980
3406 8466
11903 14123
10179 17681
156 2508
962 4870
2423 9896
4202 10823
3378 17026
3040 6900
7840 9352
1936 3131
6619 9620
441 3161
9093 15225
8568 10515
2059 14023
11376 12093
6554 17404
9469 10359
11985 15873
2369 6060
12461 17591
2374 12095
15332 17569
11490 15706
389 8894
4231 11413
2987 8554
1654 17970
13119 17972
10162 10798
2253 16489
10378 14206
1512 11292
15366 17427
8993 13636
9507 14136
6792 14543
6435 13712
3146 8715
1707 8270
5862 11898
404 10131
6978 7020
4057 9514
11913 13193
5210 13480
650 9607
7539 11366
3814 17154
2742 13354
9632 16133
8629 8878
7165 10066
12253 18061
2394 15927
5887 11116
10087 13393
5711 7505
142 8707
4622 8856
137 9757
14346 17007
3923 9009
1745 12934
45 8088
838 5720
297 4488
397 494
6535 16955
2248 15122
12749 15652
2270 4100
8237 12326
2563 15620
807 15203
4065 12452
517 6769
939 10413
10065 17145
2687 16588
14046 17230
7891 18029
848 15425
5874 17226
830 10202
5639 10324
12244 13750
6244 9956
1903 15378
10935 14453
6516 14053
8762 15524
11380 11937
2378 6912
3731 5386
9759 10224
13137 14128
9685 10067
7405 9871
1087 11724
3268 16340
1035 5936
5993 9977
3409 15837
2064 12805
12414 14381
4055 11617
7019 9647
1715 1844
4772 15933
13755 14012
2537 11045
13189 17158
3769 5678
8222 11326
4725 9418
519 17402
10461 13227
3262 6317
6198 13114
965 14631
260 8768
16279 16314
11326 16583
11950 16596
12318 13455
10692 14631
748 5923
10279 16177
4743 4817
9056 11102
7642 9819
10134 10996
17394 17695
4484 15737
561 17895
15873 17981
4951 12509
12259 17130
5973 9002
3517 4282
12739 15569
5733 12089
2600 10038
953 11238
12259 16389
8632 16291
12377 12740
4549 4965
5891 17112
5788 6934
4120 5623
10144 13911
3130 6222
1138 5927
7859 16488
5661 17120
11808 16931
6481 7733
16071 17629
6554 18031
7134 11898
1626 9607
3871 6986
2676 8369
969 9897
2678 14367
4545 9524
1682 17226
595 12788
10168 16966
4651 11383
3141 16604
8258 10991
5318 9093
2417 17695
166 16969
4363 7832
1796 14914
6498 8977
2886 12684
3319 6932
7314 13338
16029 16191
8632 9224
2203 14473
8527 14625
12233 15843
11666 14160
8280 9595
15873 17143
447 4706
12798 18044
2110 8237
2494 7348
2291 4951
323 9685
2684 9336
6469 16116
9109 10777
12165 13038
13531 13553
13337 13767
13610 15846
4622 10030
2279 6501
2286 3494
3158 14399
7243 10383
5453 9224
1087 13990
7919 12592
16132 17980
3931 17087
4305 16699
3267 11413
1765 17635
12245 14731
9931 17100
1319 14302
8154 14726
220 8572
12457 16092
4978 16383
9756 14493
203 17873
5731 5852
3417 17917
2972 6012
7124 13011
2593 15332
4401 13435
5388 8167
4173 17996
10947 15173
4631 7549
140 14538
2137 2541
3793 13930
10197 10982
4069 5623
3933 9552
4093 10706
6431 9903
3814 6668
8710 15524
3132 4911
5906 6327
4240 8710
2279 7390
6997 9052
3753 16512
6467 7275
680 11570
6859 14937
1590 2540
8079 14759
10116 12114
3564 10798
10158 12279
2799 10454
7372 12303
7088 9723
10317 15289
10593 14049
1124 2794
606 1526
5511 14662
2855 10878
11170 11435
4743 4951
6623 11380
11209 11874
3856 14303
6087 10734
1547 16140
865 1916
2748 5597
2904 2987
12073 18082
2105 4608
8728 9589
13702 15778
2753 14624
10294 15342
9779 12309
100 9558
8385 14346
308 12824
9288 11748
999 8485
3842 17227
455 13542
12926 16324
5461 6128
5998 10600
4879 10591
4067 6924
609 4928
3963 14274
3520 15526
1490 5094
3123 3674
3153 10972
14691 17992
5110 5426
2417 17562
10414 10727
792 795
7815 11431
6467 13064
6861 15499
962 10204
3763 8717
12112 15328
8048 9168
3013 15273
2206 9955
9926 15754
6178 12126
13060 15219
5542 10452
46 2862
4357 11964
4882 17108
10206 10415
15832 17857
1707 10367
2274 6560
15223 15820
10903 17670
6451 10560
4579 17962
15320 15373
7372 12519
3183 6241
15741 16989
5168 7296
14584 17590
16442 17551
5072 6610
15782 17015
4889 10086
13778 14086
10072 10563
6198 18063
8078 14274
776 2425
9620 17226
5931 7517
2412 17216
575 10606
10452 17912
1754 10960
6657 11084
1265 15820
1227 4158
15834 17438
2253 3409
9159 12027
3971 11238
593 16177
10222 14782
609 2917
7249 17547
2890 5392
1230 16329
8217 14455
15020 15186
4853 7533
5943 18010
11173 14447
16885 17822
2157 16711
8328 14538
2570 3099
12117 15426
5067 11860
374 14543
3287 7220
9846 17957
11175 15660
197 14863
9105 17614
1124 2300
1343 1721
6622 16763
14962 16880
2700 16937
3871 4021
3293 12024
8717 14552
8046 16921
6633 8568
10759 11014
12866 13212
4361 16551
1490 11588
6938 16743
13079 17907
5106 16931
4722 10409
15271 17419
1449 9394
6327 17056
538 8139
10046 17910
4625 16343
2446 16383
2291 9848
5986 8218
10194 17915
3028 6100
7243 13531
1326 9786
3593 17250
13389 16376
10993 15122
12576 17563
6104 15725
286 14131
862 14672
10206 12279
5060 5218
2676 17838
11622 15834
6717 15837
304 2547
988 12638
7243 11231
6396 8376
15481 16316
2990 12884
15988 17031
126 10179
9389 13212
7595 12364
2058 10710
2548 12290
5678 11221
8579 13902
4089 4136
3136 8710
1234 8573
6244 7413
2430 11881
1192 7285
3111 14412
14733 15312
2430 9060
14211 15983
12925 17981
13470 13969
171 12078
7098 8437
374 758
127 11700
7968 10011
1196 10796
4116 6551
2054 12076
9683 17185
2009 2534
752 9885
6283 8870
5324 15899
3132 17763
6298 6873
4512 10584
15464 16938
2921 11197
3413 6761
13067 17838
15447 17298
9064 16084
2079 16008
8127 17060
8644 17206
4303 14471
6128 7444
1555 11383
11593 15045
4957 14471
3819 14160
2040 10241
14631 15481
7355 18037
2471 6681
2542 4609
9479 11618
3521 3584
12934 12990
1119 6080
8856 13227
11411 16447
14132 16734
10498 15656
9169 14507
6986 8099
10059 10970
2742 12149
7194 9676
14077 16667
6340 8417
3392 4749
128 4535
1644 12171
8418 10904
5822 8552
6643 8084
8046 15058
5376 13384
12941 14242
4482 14105
6721 14555
5716 7610
13226 17485
15947 16250
4255 4699
11684 13439
9575 15183
10209 12426
3713 13291
300 16688
10504 15983
1343 4755
12098 13241
2282 4521
4055 14662
2085 14593
10295 17345
6391 15918
3386 16821
642 4953
2687 11723
1702 10663
4774 14466
8043 15986
3360 4937
1547 13698
2447 5847
4596 17660
10149 12505
3280 14904
554 9769
7926 10123
2144 12711
9767 13177
2883 4130
10021 13763
11458 18081
15097 17990
3763 7517
6367 16550
2983 10390
7198 9210
5120 10097
1803 12442
8139 10974
8079 12684
4366 14801
4341 4647
5539 6413
10045 11703
5986 17679
14400 16063
618 5210
4561 13530
1709 3808
6500 6704
8079 8988
1733 6715
8387 13669
8632 10745
14978 16035
2798 17231
535 3046
17170 17596
13025 16490
4398 14611
328 8634
1768 4729
10704 17255
16953 17462
11642 17026
14138 16161
4240 8568
7022 9595
13402 14663
3659 10558
5410 11789
718 5915
12842 13020
3917 6811
14812 17495
6670 16250
1296 17312
4826 5791
13847 13986
8485 17366
1312 6554
12060 17569
12592 12597
494 16490
6778 12247
10230 12269
1922 16653
7382 15384
9595 13227
2865 13750
12560 16156
5546 15044
4046 15337
4920 5755
3985 6439
10918 11502
4921 9275
1297 3771
5794 6325
11623 11712
6812 14116
10593 10673
11602 14764
13317 14023
7153 8578
2441 10874
375 836
17207 17871
8682 15285
10637 13963
7805 10426
1707 17366
3837 6309
383 2879
10030 14482
5787 10179
9410 15647
1393 16650
8358 13684
5826 13267
8762 14447
381 5540
2858 5931
7446 17797
7558 14359
3030 13028
6607 18099
312 6086
5387 6844
6447 12062
100 15325
4453 5751
4173 9056
3781 9201
2722 8536
1158 16963
2942 12505
10383 14662
3211 11580
9596 14684
759 17376
5144 12861
461 4095
7943 16751
1511 9415
814 13161
4406 10076
593 2351
2791 10425
865 5304
10116 12544
8859 10367
10745 15032
4387 4592
9095 9176
11910 13256
3628 5982
3889 9343
2046 17120
2719 16391
16382 16927
602 12213
5280 11539
10381 13531
4678 15520
12557 17664
10107 16711
2085 8715
3123 11842
9236 16105
5691 17686
6620 16015
11876 15469
12133 18091
5197 7687
10170 11642
3268 7284
5416 10224
6317 7740
2046 3390
3520 9558
6826 15546
4442 6965
4477 9627
7406 16272
4556 6050
1368 9319
12762 14450
441 1731
302 5304
10209 10707
9637 16329
9037 17702
2023 9725
13531 14525
2417 3262
4864 7066
6108 12247
2967 17559
8612 9915
1097 11882
6596 9617
8708 17456
9427 14338
1654 8831
4757 13071
5380 16734
12671 17689
754 14744
9644 11224
9631 15323
9071 10129
3415 14269
8328 16329
787 17226
2760 14334
1343 6810
10660 11936
8905 10179
3549 9241
320 4543
12488 15194
1114 15284
3268 7285
11903 14128
8115 11352
4870 14573
5931 8672
7219 16524
1248 9868
7020 18035
1182 17514
4060 5856
865 16490
9725 15830
7177 14466
163 17306
10233 12603
1964 7581
4854 17614
10960 11918
1193 13703
9307 13714
5919 8913
6378 8383
5950 16268
17056 17981
4124 13165
9139 10937
11975 17373
3704 12805
10871 13263
1139 3242
4393 16880
4136 7677
1637 7626
6640 14573
8656 11642
4783 18093
17364 17462
15050 16330
2365 13293
4433 10580
1926 14013
4032 4349
108 4739
113 17226
3684 4055
7714 8241
5731 8350
13894 16761
6812 8064
2836 15839
3388 3625
4088 13075
2063 5709
2276 5168
1829 12798
1715 5256
2827 10480
11363 17315
1112 14981
34 5021
8172 15411
8568 16684
3820 5865
14978 15271
4005 11080
2020 15999
7451 17026
10487 15328
12878 13246
3690 6810
5286 14328
8859 17981
9471 14400
6713 10960
1985 16824
5954 9982
5999 17376
99 4332
9774 14031
10960 16629
2054 6317
3472 17994
4336 6051
3709 13995
1684 2865
265 6393
8171 8328
4868 8810
4002 16588
4664 15933
1765 9789
7912 11210
7876 11235
3743 9394
12078 14426
20 15697
482 4359
3964 14800
12622 15044
8244 10660
6330 15099
5732 8050
6760 13557
10761 16650
31 2216
362 11646
6914 13433
9558 14731
1447 13543
17089 17808
704 4344
11623 16208
4758 12276
15464 15608
633 8579
4062 10586
1033 15821
2067 5178
6174 9520
12077 14671
2849 17819
2517 2972
2563 8237
1961 3902
5936 16768
5699 15607
2939 11548
3367 10224
2600 15732
907 3999
11964 12527
2273 16650
865 15461
4305 14201
1834 13343
8555 13932
7007 7241
6591 15291
3093 10375
3953 12246
6005 15366
5347 12128
8194 11045
8632 15070
381 7812
757 9666
11576 17831
6003 6651
4116 7334
11832 16150
2010 7413
602 3871
5417 9812
75 1058
7845 8628
2753 13003
17253 17416
6154 16289
2967 16628
7018 9415
1740 7156
8007 16957
278 11804
4252 6366
11906 13881
7285 16986
865 7143
3165 8215
2060 2962
7758 10224
2006 17092
1703 16132
2472 6748
1684 5620
3266 16316
3138 11705
2859 6983
14812 16702
5540 16282
17300 17559
3358 12128
1314 3931
3454 4892
5685 14300
1926 16411
8054 16983
1719 7221
9944 15151
6281 11718
14881 18037
2155 7624
710 5650
3541 14104
10860 17119
5999 14242
13082 17398
3038 17964
3763 13141
11623 13885
9342 13062
2056 8387
4010 14401
13648 16549
12711 14235
1707 16684
8258 10618
5734 17514
2342 13357
2962 9944
278 17706
3004 14982
9533 10284
3050 5612
1347 12611
7762 11653
6439 10796
14947 17608
2619 14181
4892 14287
2466 4382
2613 6671
3985 13263
2155 3031
15440 18064
2153 17590
6811 14639
5240 10586
2110 8834
3713 8232
5999 14838
2378 3942
8717 15401
3633 14461
5344 13294
1698 16876
7600 12678
4146 9169
2379 12654
1234 14222
4323 7882
10622 16402
7983 16546
1119 9251
13104 13613
11247 16193
2184 16956
2033 3158
9210 17614
2102 15484
3080 8834
3055 6101
6617 12081
601 5731
9636 14232
9518 14341
6081 15542
8139 11084
15572 17678
7514 9969
9042 15999
14471 15848
6832 16008
6291 9617
7856 17052
10483 16996
12867 14060
11047 16618
12505 14838
10390 17007
9394 11580
12505 15301
10191 15507
3004 17430
2688 4271
378 5822
13784 16486
4729 16811
13684 17478
10562 12859
1356 6619
909 8506
4755 9897
5832 14467
1248 16500
1518 1987
2742 13029
4066 16505
323 11066
2600 8804
5737 7509
722 11642
12711 17796
4337 14877
3391 7487
2195 4403
9268 16702
11876 12770
484 8892
7409 16995
24 8666
12598 13164
3988 10699
14398 15316
6270 8313
2143 9361
12711 17581
3859 15698
399 12462
11066 15870
12483 16236
5396 7601
10821 16754
4040 10285
14855 16576
8672 13950
8459 11307
4237 15406
9757 13877
4140 12091
12931 17087
2471 16514
12359 14515
10563 13455
1720 11903
2056 6500
758 12062
862 9252
3821 17007
7818 13158
11022 13093
1153 8046
8369 9249
8578 16963
5216 9090
11251 14436
694 3055
14128 16885
626 15154
6345 15016
17255 17460
11591 14828
11048 15654
4002 13366
4322 8859
6779 9915
1952 2000
1321 10328
7355 10414
6100 10782
1004 12086
983 11229
1644 2110
10191 15573
12467 17389
8097 10029
813 13834
2566 15654
4523 8988
9789 10188
8975 11231
11748 11974
6413 17336
5877 13003
4578 8328
2655 4776
10610 11829
5394 12149
6672 10312
13105 15593
6255 14544
8046 10767
16786 17572
14336 16761
386 6377
526 2547
12126 13750
10191 18029
12235 17412
8241 8863
1964 17841
9110 14506
3942 11927
5301 6400
11512 16514
816 13791
7355 14096
2148 8328
10056 13924
5068 10098
795 14383
1035 10515
6474 10023
988 14120
11653 17007
2510 7732
4082 9284
13425 16819
4964 14881
11820 16767
7002 15652
654 10464
10992 17227
4607 7644
10132 10161
6523 8315
6747 10546
5512 14483
3898 17001
484 7492
7172 17199
978 2676
1588 4336
7250 15811
519 16751
15873 16861
640 10690
12610 16702
2159 4535
6693 6908
8955 14724
4168 9113
5920 15043
12244 12523
15487 16702
5792 13813
7804 15143
2742 4519
227 2309
13765 18021
17226 17513
16302 17155
1296 13816
1301 12793
10526 11622
6195 10107
3626 9572
9583 15285
303 11988
2865 11745
1805 10880
948 12171
3418 12250
492 8490
2119 17850
4332 16629
15756 17436
8666 15284
2216 3496
11274 17056
3680 15873
4202 15826
6649 13921
3070 13113
6051 8552
13391 14494
3028 17185
5105 9059
130 14671
5890 11618
9607 16503
1900 9035
6640 17198
4031 10220
1793 14237
581 682
359 6811
7847 17112
5978 7231
6997 12259
8935 13438
10129 10727
1124 8027
7243 14525
13703 14144
13166 17119
4856 9929
9251 10172
2282 15271
7477 12739
2657 2748
4560 14302
12740 16989
6564 12256
3004 16866
6658 16075
12319 14247
7953 12738
9649 10042
13 16490
918 17068
1277 1583
1443 12109
3177 16994
5963 11388
4982 12005
6894 11421
5851 13494
4582 12662
11761 12194
1368 5404
1853 5264
127 8104
4066 5717
10173 17087
5885 13813
1980 8168
4952 7477
3165 8555
3657 5165
6486 14071
5571 15875
6684 8171
11809 14482
2677 17026
8832 15539
2865 5620
4046 15164
949 4723
8547 11966
11705 16875
3931 17945
4310 5896
6453 15911
10769 13877
6553 14391
6466 16898
12254 14471
4160 4519
8270 10191
11479 14105
2502 7762
2575 4530
8267 8880
878 9504
6481 13469
3564 9659
10108 17586
1701 9967
11882 15534
203 15287
3327 17063
6496 15582
11985 14464
8821 9473
8237 12134
10390 12169
5207 9109
2978 3122
1490 8369
2722 10745
1870 5657
4590 16645
2354 12102
8842 15595
2734 4523
14671 16061
1234 6760
1383 10611
3111 13868
2527 5757
2510 12576
11518 17485
9181 11352
2060 9769
1707 8342
6354 14239
12388 15768
5794 9159
10978 11745
11185 15014
11329 12882
11731 17169
3627 14864
2620 12291
5445 14999
6560 8863
6513 9610
7016 12486
10755 13672
14360 15584
2749 3368
132 10278
9878 10085
7289 14466
2447 8965
8636 17848
5748 16788
10534 16216
1298 17848
517 3652
9051 12897
12738 17498
1112 14128
9866 17067
4140 8395
9464 15784
760 1086
1368 15032
6244 12711
2760 16941
6066 10560
13007 13429
88 11108
2046 11326
6623 11537
5026 10580
4530 9743
1959 15382
3764 10970
2088 10403
17567 17887
14931 16759
2975 4755
2541 7519
8905 13213
4843 13188
98 3860
8145 8287
6447 10272
5184 15044
1020 8350
10246 11178
8531 9389
6574 18043
482 14611
4249 13043
9740 14574
4561 16408
494 17351
8710 9222
7721 12266
5178 12123
11844 14761
6586 9328
2023 9061
1081 14360
3865 10826
2085 4318
2557 16230
8046 17435
4361 14023
6261 12180
2879 14426
5954 8227
12585 15427
4331 4852
3169 12523
7374 18093
14932 16121
9326 15981
5149 8237
810 12673
12229 14816
965 16861
11947 14587
1018 7215
179 5341
6275 15129
12442 13980
5545 14400
13338 14170
12290 16827
1547 16843
7086 13286
17527 17914
1778 15376
3360 17226
6651 17502
6228 7959
6271 9052
1697 15987
303 4398
5142 5731
12600 16016
3865 13750
9545 11839
11483 12249
7 8687
16565 16882
14457 15812
12116 13794
544 951
4313 15547
2093 18101
6373 16830
2326 12483
10947 14756
6012 15325
2947 15385
2365 9743
10761 12805
8290 14536
654 17563
2368 6054
5852 10166
4392 10351
6660 7933
2209 13168
10772 13119
1834 6053
3814 10583
10628 14400
3464 15419
10138 13662
137 5726
1119 5004
4359 10188
11537 17686
1234 6916
13583 17010
2821 17790
6897 14624
7841 9622
14815 17547
1734 17075
5674 7827
6537 15486
2026 14722
6536 12926
359 6342
5031 7802
9403 10705
6681 9178
5155 15996
8750 14343
7243 14572
4179 8273
238 13246
3771 4241
6189 11230
12964 17907
11476 15732
6115 12170
8682 11413
6449 16294
3809 13503
3842 7348
1047 14171
6251 13060
3173 4212
6248 6598
10168 17562
3951 4116
3763 15445
4598 8617
6084 8530
9580 13742
361 17011
7124 17197
5079 11417
873 14310
3820 14671
2845 5927
12244 16650
1022 13878
8530 14090
6883 9138
12377 14171
3807 13596
2566 13226
5165 14881
4998 5323
4335 10378
14624 16329
573 7715
12149 13317
8880 15402
9259 12319
5178 11240
9169 15365
3365 10030
9635 11809
4332 6811
11620 16287
1628 16969
5942 8533
11170 15584
1312 14662
3034 6932
8104 16680
6222 10194
965 6161
14975 18083
7196 16036
14470 17155
6208 18072
5049 11558
9310 12326
1555 8043
2024 11581
6527 18075
1592 7590
3865 14538
5840 9345
10367 12872
7275 14860
15827 16794
10429 15419
6740 10960
7545 11883
3931 14391
6466 15849
6916 13921
2510 11340
3362 14726
5806 7595
13365 13434
7655 15694
6420 11041
482 15549
9056 11068
576 11800
7477 9855
7 8345
5496 9454
12748 14333
902 13949
3645 14614
1926 18097
1720 9649
6327 16286
11124 13613
8418 12505
4723 10021
1290 15499
6811 11380
6028 10689
8237 12276
6327 15573
8254 14151
7249 17678
11881 13689
4212 8780
1805 7486
628 11446
4526 4549
9863 16302
4880 15870
230 9817
2468 14719
15207 15870
9961 14841
8601 13338
5107 10976
5516 14662
10529 17562
1778 11754
10464 17681
2169 17103
6484 10069
13064 17763
14881 17835
3165 12505
3111 7212
650 6467
2858 12727
4325 5696
113 2110
15653 16184
5507 13280
526 10622
6792 11003
3814 14023
7737 15108
8741 14544
3820 8890
886 15325
8104 16133
4246 6902
1482 16762
425 3378
4665 14450
7576 15500
3789 14386
12114 15135
4506 12853
776 13901
9766 12625
12081 14731
1775 11792
11263 11655
802 875
16988 17564
7273 13484
14180 17906
967 1172
909 7243
6906 17416
10573 10972
5292 15384
15226 16648
5578 8610
1895 9107
4409 6704
784 886
9703 16831
3391 9579
6670 14215
9244 12474
9332 9389
2273 2857
376 9625
1369 17379
12460 13910
2133 14595
2417 10715
2510 9212
8873 15044
14611 17970
526 10342
650 14419
14346 16459
15885 17437
5330 6802
10727 14631
6385 15588
922 10105
11081 11251
7384 16711
13664 16126
11941 15470
9210 13204
1331 14618
6322 8973
3479 14262
4155 7663
12505 18031
7614 15572
2376 9258
7997 15286
7243 13494
6483 16253
14331 17793
6414 8573
14400 17300
5260 10840
6453 11820
1114 16870
2137 9564
12991 15168
5545 9637
4255 4380
16021 17670
15376 17840
9454 14045
9710 18042
5688 16829
7192 10833
4338 16331
2864 10915
5231 5447
2285 15870
1485 7346
10787 13640
682 10622
1416 12391
1035 4439
3915 14016
8369 18113
9042 10114
15896 17431
3970 11161
821 5178
8629 13782
13338 17376
1178 15942
8555 9538
13456 14872
4158 4629
13885 18063
12460 13821
11307 13784
4000 4778
8780 14185
5688 7869
15634 16250
1303 10628
131 14245
6210 8384
13880 15996
1125 9725
6060 8195
5943 8280
12638 13538
6413 15056
2983 9378
4066 10224
526 3671
4047 12105
12058 16702
2153 2417
2101 7950
4530 14248
1721 7956
9709 16194
3502 11146
4092 5859
1721 13119
4256 13250
12081 16898
2676 13706
2102 6453
1721 10534
4114 10702
3704 8911
2403 14336
15442 17718
12257 16924
4725 12812
5999 14462
5574 9743
11611 12456
8926 17195
5515 6469
17673 18097
7613 8270
7951 12313
17543 17998
12132 16650
4471 13325
111 12023
10750 15573
13487 15227
9752 13384
10023 16411
2088 7040
3293 17056
10153 18051
7997 14620
10857 17404
3055 6610
10874 14486
7985 16938
8083 14391
5695 17915
154 5899
2510 15805
7393 12313
9789 14672
7762 17697
5786 10666
7824 8297
4982 12319
3942 5253
4631 14543
14366 16503
8237 15989
7704 9656
14448 17499
6413 11299
5217 12674
1968 9267
7613 16684
3988 13139
2635 16597
1099 4984
8215 13314
12491 17959
7499 7726
2420 2472
947 12125
7876 13388
5661 17838
2781 6039
5319 14918
2513 5335
2866 4360
13814 17232
969 1066
8050 8083
11988 15334
4880 4906
9939 15176
5431 15685
10974 15573
11544 12696
12590 14611
12248 15489
4471 13338
8449 15309
877 17238
12099 16048
5036 8254
11274 12101
918 9710
4665 14436
6641 9388
1184 12523
8350 12927
3071 6030
5261 12445
1702 16157
10289 10817
7566 15563
7517 8993
9178 14129
6273 13675
15678 17862
5741 14915
5374 17376
12205 13031
7249 8485
15110 15409
2210 5507
8169 9887
5318 5400
1081 15777
381 5763
2310 5289
3563 12130
3448 16458
256 1924
12362 12889
1368 12102
3713 16913
3964 9878
2209 3290
4982 16419
4783 12456
1835 14345
5631 11349
1331 5119
10405 13640
8984 9309
12249 15257
16272 17614
11438 14211
474 9855
11063 13868
14023 17702
10863 12868
543 2376
10860 14722
8607 18092
3656 13711
3870 5571
6619 8369
4361 9799
11804 12108
4892 10475
8842 12050
5683 11165
4435 13361
10755 15674
2084 8897
4991 6054
1785 13131
7222 12990
11047 13698
1986 6657
11509 16561
6811 9174
10383 15584
2291 9595
10527 10769
2001 2569
10618 13166
1687 8579
3917 6949
6467 8369
8142 17317
12254 12474
8416 16324
11567 12273
13621 16648
13531 18010
4322 8710
5374 6633
87 1705
10137 10660
14104 16106
6633 14825
16344 17566
628 10348
2483 4000
11691 16246
2112 5026
614 6701
1752 14632
12050 14639
7075 12090
11391 16702
4491 17670
8715 9214
6327 16882
16340 16382
4762 16343
4100 14325
13177 18080
1033 10063
12253 17437
1712 6313
11337 16148
5997 6997
7985 8461
6622 12781
6090 16886
5527 14552
14611 16015
105 7487
10611 12664
1149 9060
1699 12808
3047 15827
8328 10767
8416 12711
3013 10065
1170 12549
5808 8228
13596 14631
6325 15529
4539 9702
6298 15635
8417 11424
1058 10161
9374 13361
11470 17052
12240 14791
2651 9005
1996 14666
228 2761
3328 12886
3017 6176
13984 15085
5446 14689
7719 16172
7802 16010
10948 13379
2110 14512
6467 13990
9236 12065
16658 17404
6708 10972
12720 14361
3428 4777
10694 14587
11975 13784
4356 14999
2508 14677
7441 8829
13911 14341
13518 14238
9064 12966
7689 16184
3129 5540
7900 16083
8787 11498
4366 12101
4311 12926
12128 16239
6362 10927
2712 12722
10618 11047
5181 6406
15573 18029
7328 9244
11623 15097
934 5814
5095 16026
6098 16036
6677 13910
7166 16424
3024 3228
2471 8489
1149 9619
1828 3175
7846 15576
9840 16505
5645 16818
8136 14221
365 6707
3814 14798
2750 11658
4211 6633
8239 9956
3234 7745
15 6934
12754 17116
6586 16435
795 11881
17481 18031
10228 15755
1983 9059
1795 5386
1178 17862
1612 8438
6748 15225
10290 11386
1106 10878
2153 15097
5822 10702
1119 11003
3332 4482
3674 14536
1447 8886
4460 14171
1161 12038
1290 13763
15877 16448
3907 8184
949 4830
6271 13079
4755 12523
2742 14046
13459 15846
3253 14189
503 7762
10606 15933
362 8551
2635 11004
4899 9171
862 7853
787 14235
7355 9378
7019 11506
3903 15493
7512 8509
381 2682
5447 6012
11804 15808
12699 15720
9897 10021
14257 15187
6577 16324
8401 12523
7372 15837
5999 12817
15515 16657
6728 15253
2086 15161
322 15461
9595 14507
7252 13632
11007 11963
9268 12776
5661 6346
1855 4759
12854 17260
913 13013
1707 7075
3061 11618
1012 10895
6065 14595
3333 13372
1921 10414
1900 13648
5999 6354
7868 8501
5685 9622
2222 16075
2300 9277
3865 10514
9877 10918
1928 7372
14400 17559
1313 7358
5388 10566
4920 17662
10113 10705
745 11539
538 5806
11000 17684
9455 13314
137 16936
2722 11200
1 7832
10191 10598
6453 17312
8915 14361
9378 12711
1532 6998
5287 17447
11860 16242
2671 12398
810 2599
15550 18060
4287 14701
3713 17502
4623 7475
11804 14703
12920 17314
5572 15503
11745 15366
5008 14130
1479 16235
13542 17120
3440 10239
10534 14942
6362 12821
8842 15582
2213 12125
5586 6772
4256 7633
1867 6100
10222 11956
6732 14023
286 8083
4261 16989
17387 17452
1031 8696
10628 17596
4528 11271
3234 15519
441 17912
7939 16343
1639 7272
13024 16699
865 12523
17280 18064
13153 16703
8870 14689
14019 17226
6298 10631
1526 12256
8326 12395
3704 6844
11642 12123
1114 3123
10960 12653
14457 17352
4308 8715
5453 7769
7978 15694
11591 12169
8853 10170
1411 10385
3716 7243
8894 17678
16223 17013
13471 15450
569 11210
16503 16956
8029 17046
5096 8715
2477 4582
14441 15410
2613 4303
6140 13177
2523 14267
1058 10974
2048 10199
9436 16949
2998 11491
2328 15408
710 8237
3245 8426
1014 10442
3763 5231
2781 3781
3865 14276
111 16652
1343 14364
8416 13813
3831 5853
2602 4750
2999 10900
4700 15622
7126 8715
10763 13103
7381 11146
9743 15401
5026 7804
3499 3690
676 1807
14367 16956
3483 17759
7037 14585
6012 14419
9230 13845
4664 15614
682 14391
4186 15285
5107 14936
4068 11713
10515 14474
5685 9312
8061 12837
2211 14218
2014 12610
15319 17324
10277 16416
6564 11795
3039 9977
5066 8632
5178 13391
14528 15080
991 6769
4257 6622
6380 9725
9635 11170
8843 8915
2354 14053
2722 10390
6500 16113
588 11179
3115 7531
2891 8449
100 17880
118 6777
11370 17840
17238 17897
1529 12442
4161 17002
8621 12505
703 6036
10061 17697
2466 10692
14179 16373
7779 12215
9105 10430
441 1265
3634 16349
13291 16539
1193 14128
5982 7384
11657 17607
5974 8297
2564 14084
10483 11509
9967 17170
3481 12249
8870 9075
6327 14987
4511 12098
5177 7740
4358 12313
8115 14650
3365 9953
5075 15114
10245 11045
2417 11623
3058 7075
1781 9284
6973 10483
5676 6745
9805 10622
9190 10895
7823 13252
6651 13711
3671 9116
8602 14314
260 8290
538 2962
5739 9082
15406 15770
1230 2684
7799 16535
4920 13868
2687 4067
1042 2908
1290 9961
1545 1891
3944 12505
362 15284
9388 17601
239 810
9886 10637
241 2982
3713 8873
7531 8244
7002 13169
2468 6368
2502 9323
3400 17527
2028 4546
8270 8808
7567 12938
8418 10193
10097 15887
11155 12774
769 9675
10844 12874
9733 10628
6313 8588
6062 8831
9182 17194
10325 16365
13425 14833
1406 4043
7492 11881
6748 14616
6521 15175
6094 12319
3288 6707
6671 15152
10843 13819
14400 14662
9980 17949
981 12215
751 7571
1455 8709
7027 9896
10529 13342
6467 16511
1835 2376
14927 16538
934 15419
3734 5455
9126 15196
7209 9108
1176 2384
9649 14412
2657 16205
3811 7805
4723 10870
8312 17802
2010 5146
14240 16816
4898 14234
1598 14624
4186 4338
14314 15134
3852 9090
8328 9374
757 795
13009 13813
3716 11804
13533 13584
1447 9195
1234 17886
7325 17402
6622 17793
1295 2700
6467 9293
2073 9342
1479 9611
7619 15041
2204 13763
642 10821
3266 8400
137 1368
5716 14524
76 3084
1173 15433
6769 6938
3390 14538
8387 14391
745 7381
8055 14893
9027 10948
5021 12925
6389 14328
8295 9203
5349 15678
3541 14928
8632 14858
2105 12416
8186 15960
2010 14112
4392 16866
5509 15515
3175 4775
5731 10166
4000 4810
9240 10561
6573 9275
6924 17006
4393 7499
5710 11391
2352 2864
6345 13565
6198 13982
5650 17170
1291 13558
5760 11231
2742 7285
940 4521
7126 13851
8573 14149
4920 10241
9143 9480
315 1373
4467 16859
6245 12561
3440 7719
4762 11659
4158 13060
526 17635
12952 16614
12087 12826
10222 17710
1315 9667
10132 10204
776 15110
633 16503
7860 15795
5168 14585
1816 6347
2110 3666
8813 17715
4783 12117
2159 15812
7864 16984
4199 16272
612 16054
14302 14503
6340 16027
2983 6880
2064 5341
4918 12547
6894 10529
4722 13177
6424 9807
2664 17194
1908 14071
13538 17214
10744 15110
8808 18096
6578 11834
3708 14149
4053 9863
2737 9524
4207 6513
5199 17127
6668 15154
5999 11963
525 11913
246 4000
3132 7348
11915 13793
13898 15655
13383 15812
633 12888
3951 10710
2569 5806
5631 11145
8975 9128
9010 16715
1570 8009
9507 12981
8137 9569
2009 9407
2501 10711
10849 13280
8534 16179
11658 15160
7176 15358
12974 16159
1734 14430
8710 11421
4337 15393
2884 13636
9369 16383
10430 11562
4587 10378
12190 14723
13104 13774
1119 4252
1989 16181
13235 13698
2160 15334
8080 17869
2134 13702
16597 17376
5134 8046
10727 13783
7150 7805
4699 7008
2948 3871
5675 11440
6420 17618
131 10576
187 3904
57 6916
2940 4984
778 16230
2684 16634
9524 11047
5541 13266
15333 16746
7594 12831
16905 17437
8007 8717
576 11091
4714 6811
9926 13401
10325 16644
2701 10563
3673 17514
644 16678
3617 7068
3336 6581
14336 16210
8061 15994
1684 5168
8511 13801
2167 4116
2620 15929
3831 16678
3717 12348
9224 11063
10405 14541
5589 14845
16078 16420
10584 11713
8894 15739
10665 15200
3681 10622
11458 15674
1914 4873
3590 7260
4634 12099
9105 14965
13298 17485
4332 10918
1353 13372
7153 7576
533 14632
967 10224
14336 17862
256 10698
4899 17274
7705 12155
11359 15154
7150 10692
1954 13476
8194 16375
11084 16311
10357 12984
10778 16597
11808 15426
16076 16371
286 908
12223 12630
11539 13015
10821 13111
13982 16887
246 12611
13531 16274
5210 9009
4691 5726
11421 14528
1177 15615
1063 8814
10311 14160
6562 6961
3470 12861
12866 13711
4000 13901
8527 8610
680 8449
6757 9567
2177 9947
7085 11876
2157 4377
4964 8007
12505 14701
4272 17587
519 11580
5726 9061
1234 9822
4797 11262
4918 9667
7243 15316
4282 8651
13555 15856
2167 10209
3669 13280
6340 14302
12850 17112
4287 16015
3518 7514
5393 9241
2617 11148
2555 7926
195 15043
5799 7968
7059 15063
5051 17000
166 1155
140 13083
10972 14621
16320 17605
4332 14457
7925 8756
6280 14573
8715 14026
832 4481
5273 14890
127 2428
3276 13635
12216 14761
75 10772
1124 2497
20 4044
8254 14309
8778 12255
2983 7514
2586 16440
3140 9303
6359 7355
5044 11686
907 13042
5920 15092
4257 14975
8973 9389
3780 8061
7895 14601
6684 12259
386 4394
2048 10360
4907 10224
752 11924
4969 12722
2311 11764
7231 15223
6902 10191
9210 12878
2299 11238
6018 15146
1983 6395
555 4386
2687 16319
3904 13361
903 10209
5779 11444
931 10359
7813 7932
8004 14541
13644 15245
8988 10428
8258 11643
7030 16084
5646 13385
6467 14096
17358 17908
814 16903
5851 16803
11849 17287
198 4464
4161 10598
3167 3680
10773 14581
4116 5540
10743 11173
6542 10172
865 17404
11574 13147
5496 15791
11734 17414
5561 16648
2430 13227
10739 10768
14990 17514
3406 16264
14240 15295
4625 10030
11242 14240
12285 15953
12985 18039
14102 15157
2892 5355
17007 17862
7051 17080
15501 17158
6710 16463
4614 16512
8117 14142
601 17025
11727 12095
1936 16722
503 13874
9613 14087
757 13739
5829 6501
2212 5561
863 14344
2680 17366
3375 9999
8395 9947
2913 3319
5948 9514
3294 18064
2211 12537
3964 16430
7529 13842
2445 4558
9547 11255
11809 14630
9009 10215
127 11505
13480 14966
1288 2368
1721 15322
8101 11516
5395 10895
13213 16671
1718 2777
2093 8585
10414 15870
7549 16696
122 12079
14584 17562
1206 16334
7249 8640
5355 8151
1890 7691
3093 3890
915 3814
2221 12712
1398 7166
8644 16870
519 14304
15293 16371
5738 14308
2411 10724
1986 12012
5371 14400
1219 14436
5301 15998
6178 8715
873 5931
2153 3286
285 3524
817 15868
4590 17226
12567 13741
14439 14442
10886 12149
11584 11649
4880 6581
1120 15346
6927 12395
4730 15729
11541 16008
16402 16541
14336 17788
15376 16722
2711 13318
8328 14412
6413 15933
2304 10420
2645 13799
927 12733
981 11646
3681 15917
8054 11582
8300 10903
14346 14818
5128 13711
8710 15580
11693 14426
12152 14365
10505 14280
922 10692
7008 8655
2354 8632
784 2524
4853 10249
5852 14486
3951 4519
6342 9793
6328 13227
4353 10205
160 4865
10960 11004
10849 16859
12739 13231
8589 9927
2306 13376
2535 13987
7075 15300
5642 14180
2517 10239
11108 16975
8844 9132
4146 10586
3958 6594
10200 16915
817 11512
5176 16920
635 5341
2173 10796
2238 9098
1274 4532
3492 12839
10188 12477
9950 17686
11121 15942
9685 15524
1611 8871
1368 9258
9805 10529
5123 13484
8004 15091
3931 5701
162 8728
1167 2472
6745 10108
10389 17994
5876 8525
232 1693
1944 3454
4652 15073
5732 17477
1022 15830
10960 13338
9210 9524
13421 13948
4100 10889
17363 17632
5142 10782
8956 12108
635 17809
9685 10598
7769 10191
10199 11502
1052 13075
450 11106
9319 12102
2012 6895
9237 9675
6649 15490
810 3679
12117 14206
13612 14525
16513 17310
12361 16470
6619 15654
3704 5380
2161 10295
5637 9178
112 10369
10292 12101
2104 13991
8328 13990
3581 8944
13503 17158
4183 7507
1219 13984
1343 8356
4383 18099
17120 18097
9498 17409
7717 15620
16354 16626
6843 8171
1479 11063
609 3748
8414 11822
14198 15030
5794 15529
4519 4796
1909 16681
2780 16819
1398 15085
11231 14088
15284 17332
5277 16805
5446 14474
2776 15654
4118 12781
10454 10598
1192 11584
13711 17300
5721 16426
3944 7380
3679 14731
5454 6327
7396 8115
14782 16751
320 16880
4602 17537
8549 14267
3321 12145
5683 14462
8710 9469
8832 17614
5657 15040
6481 16064
1818 9060
4002 11722
4053 14202
8555 8831
6670 8687
6250 9268
4140 10483
6002 13814
9146 11383
4894 12155
10481 17453
9607 9828
3530 12328
11745 17120
851 17119
12829 14128
10082 15644
2217 14458
3904 6439
1313 11904
2722 6771
10354 11421
5545 10461
1985 16667
3974 16411
811 9725
6551 9863
10354 10778
2510 7075
948 6661
5597 12600
999 2680
2282 11507
5701 13847
11593 14031
1479 10857
4587 15998
10895 16998
4880 9518
5574 12986
5368 16352
5523 14544
14694 16859
1731 17310
9533 14439
6988 13030
4398 8204
6883 13507
8456 10717
5716 14947
3865 9469
15267 16911
203 8482
3353 12505
15219 17130
1316 13003
748 13187
5176 12278
12082 12087
5174 17337
10710 16133
3537 12332
4635 15073
126 17702
3106 14474
4092 10227
4976 14595
9051 11231
733 14179
4882 10458
6611 14625
3353 6209
13874 15124
153 381
15839 16027
1327 17895
7448 17470
1634 10127
1101 17860
2606 8834
6707 7641
11380 17898
5686 10664
5426 12152
1408 11657
10430 16689
1628 5699
757 5929
12134 15461
6012 12302
2048 7919
10414 16599
10707 15824
5731 15595
1641 13717
9685 14838
8185 12882
1612 10005
16369 16383
17907 18094
14975 15819
2355 7018
7226 14893
16018 16121
7153 9828
1696 11960
11121 11887
4962 10482
2253 5433
6883 13370
4039 14439
2685 3386
10772 13007
1881 16329
15582 17513
3877 18045
7739 10585
8350 17409
5864 9817
12048 18120
171 17696
1638 17790
14663 16547
1962 11904
8422 16174
2306 11462
4706 7363
196 1714
8287 10354
1245 5208
1678 9528
1595 12505
13595 17768
3294 12381
7143 10385
1178 1290
14267 18080
483 8171
8194 10733
7745 10285
260 1886
9318 16316
4098 11688
7441 16859
153 9105
8977 9614
1070 17324
6289 16162
10907 16434
14005 14380
5780 16991
4584 12862
4332 15786
2501 16831
2206 17523
179 3425
529 8779
13447 17774
1343 5265
5712 17572
362 16900
1666 10173
2209 8907
10529 15996
4648 15623
4140 8645
1031 12439
715 12087
13911 16541
1527 7908
12001 14726
7882 9268
2042 3633
8237 12476
1945 12081
3573 4392
5072 15500
13990 16213
5973 10224
15219 18026
8511 10803
6198 6307
2417 17696
387 6777
11479 12707
1716 10795
12117 17007
2417 8472
12253 13982
8890 16831
343 4775
1122 9105
6508 8573
9780 11551
9549 14518
1658 4639
576 15105
2328 17001
3107 9155
10519 13974
5485 18093
9764 9794
8583 17831
1219 14431
7051 10359
7347 14297
1250 15308
7074 7737
7613 7858
793 8811
9528 16672
3329 5729
17841 18022
757 773
10317 17869
1996 7903
2786 13452
2355 15198
7047 11690
11745 12488
2188 16037
7052 17145
1771 5261
4062 16495
9840 11357
5885 6467
1687 16056
2849 15953
1024 7523
554 14962
8417 13698
1230 7301
3175 12261
929 5347
4674 11237
1390 16164
4958 11844
1114 17447
7613 9284
6600 7220
8350 17695
8272 17822
9647 12050
1913 6709
9424 13383
5764 16722
13133 13704
7299 14572
6327 15524
3631 16218
12171 15705
3022 15100
10224 10986
4853 15525
16895 17801
1886 14514
6754 12355
2833 3966
10277 12889
3140 9605
15065 17521
5545 17007
11063 13913
806 7811
515 9268
4551 8890
3013 13542
2085 8312
15284 17614
5899 6345
13003 14482
17586 17712
6843 12144
8814 14851
6039 13960
1227 9558
12078 15526
14254 15151
5748 8046
3964 9611
4882 9336
8632 12075
9423 13765
10947 11742
49 8629
617 7613
3690 14220
1588 16316
548 17452
6097 15474
14146 16678
1434 5337
11042 15419
2452 11552
10710 12971
11413 16903
7089 12362
4929 11926
8113 16076
11511 14470
9620 11383
4791 10430
11438 14031
11988 12927
5637 16493
9067 14114
2171 11197
3235 14484
2144 9251
12155 13263
11386 12172
6251 13291
1995 10327
3814 5017
5301 18030
11808 14025
1025 10638
5925 13789
12930 15687
6905 7770
8981 15048
4146 18060
2795 13982
759 9127
9329 12215
11444 11790
5780 8866
10591 12254
555 12505
8099 11808
1325 7284
16771 18065
1124 16678
273 14625
4393 14163
4349 7328
648 6953
9386 13385
9619 12653
3187 6023
6195 9052
2376 16943
1009 7386
8083 10963
965 3814
9178 17763
5049 9608
9703 10918
3543 16825
6880 12075
15116 16203
8505 10676
10290 15105
1684 5155
3370 13385
9395 13514
2351 4783
2818 17577
5822 8297
8045 15472
4523 12805
2921 6883
525 11705
4906 10960
15009 16208
4363 15740
8215 12505
11312 14360
14615 16761
14419 16026
73 9167
3507 5597
4617 7063
3600 17249
14060 17416
12244 13459
10172 10191
405 5646
7143 7172
7364 10536
6856 8967
1281 17420
4351 17508
8348 15310
1601 6431
4484 4628
3382 7919
11380 15298
8416 10904
626 16541
16393 17539
7514 13110
3072 5716
2058 2702
6789 7292
1853 11584
3571 17895
5287 5470
5901 8172
7533 15253
12101 14595
4361 16831
4286 9060
2530 3833
923 17358
3118 12253
5845 10397
969 2253
5095 12925
664 9518
10249 16870
4310 12613
1867 15173
9186 16311
10162 12134
4513 9647
1 4826
4596 10029
8792 11860
6172 10465
8827 14131
7887 16287
7762 16911
5387 9096
1097 16213
1532 7124
11380 14715
4050 6921
15218 16126
4010 13530
7754 13096
6230 11829
10086 12865
4538 11449
3294 17523
6704 14662
8706 9359
12084 12379
3223 5956
2253 4368
7388 16520
6916 8573
7355 8237
7481 7778
6341 8585
304 9607
1111 6242
15300 17744
1479 2047
3907 12682
1835 15654
3124 9172
554 8710
4060 13360
1105 10974
8549 17394
7433 15887
8856 14768
12109 17185
2296 4776
2742 7531
4310 6619
11518 14128
6986 13171
14450 16203
4797 5637
5046 13365
1702 15765
1362 5206
6348 7620
8091 12712
4301 13784
6121 15824
14747 16105
7339 15233
424 12460
8775 11662
745 5287
1889 12281
2547 13962
3052 17120
3737 11433
1485 9819
8270 17714
1781 5152
294 17170
7882 17156
140 6811
1669 10769
4982 9295
11886 13946
922 7393
583 15009
4808 13359
11121 11866
5986 12081
6080 15696
7705 15561
1002 6554
3690 17502
10772 17338
2948 16088
307 8417
8856 12290
4880 14585
4111 4894
2354 5529
6909 14880
5861 13990
6176 12478
259 9460
2580 9608
14838 18022
4067 12614
4218 7323
4202 5334
3140 8055
1618 8832
8769 15120
1715 5822
1803 10778
1526 7493
6779 12520
2022 11988
3796 18095
10452 13576
8145 14346
2310 8687
3298 9597
15470 15770
12576 14701
2159 14889
3224 9896
7381 13332
3495 5767
3412 5732
991 9595
3851 12633
3691 10860
954 10316
1134 2891
3697 3793
5993 13290
8977 17087
4925 7359
5877 6467
2386 3013
1256 15770
4534 5816
3701 12111
6057 15446
5732 17862
3042 3099
5397 18064
4832 5067
45 8007
2423 12167
2991 10245
14143 16023
555 14088
7295 11512
10736 12273
12827 17925
1719 6619
7655 15464
3907 14053
12696 17235
5976 9134
759 3904
2508 14584
3449 7066
3964 7654
2679 9631
3657 5263
11084 13672
10895 16862
2766 18085
5950 15983
8115 14023
8573 13834
1913 10922
2480 18061
6309 7213
8238 17358
9134 14663
5134 9578
10451 15572
14908 17995
11643 13835
2748 10097
3154 16696
473 2153
11237 11644
993 11567
2359 11187
4954 12171
14346 14538
10161 16955
10952 15474
3474 12221
228 2760
11469 18056
10676 12860
13932 14572
9676 10992
10778 16773
4140 7089
15507 15966
4635 8455
6619 15207
12598 16353
3743 17196
8469 17706
2026 4567
1299 6503
3847 13272
3510 9519
13651 16311
10960 17520
13605 15471
839 9241
12075 12460
1749 8682
13870 14038
5293 10528
960 12278
2598 16230
2563 6565
12638 17681
6677 14128
2052 15370
9064 10960
3673 9002
10628 12459
5835 7743
797 2593
15346 16015
1186 2063
12231 14876
4734 15705
725 11289
619 12417
2688 10272
9455 15580
839 8400
2680 14380
99 11808
5678 8602
11702 15095
10188 10821
13077 13543
6559 16124
2485 12109
5178 14703
13934 16590
2263 8049
4920 10871
3076 17071
4303 11592
9314 16693
726 8700
13859 16012
1986 10622
1803 2712
10295 16325
16817 17980
5711 10468
10286 11121
7599 10441
15136 16774
5661 16759
11421 13542
6521 13565
10191 13328
1598 14457
1095 12412
10687 18010
8640 17629
12270 16761
593 11663
4046 12128
7770 11925
3690 8180
14601 14976
5368 8416
5845 16539
6331 7738
10 4000
7856 17007
4743 11793
6619 17789
6636 10960
10144 10236
6467 14457
4631 11512
4347 9661
9113 17226
4760 13325
905 1104
696 1945
7863 15979
2370 4306
405 6668
8624 16244
4557 17712
13774 14455
15443 18023
11533 13880
15668 16893
129 17900
2213 18021
4978 13173
3294 14299
10895 11988
15816 16997
1192 7080
1062 10260
4468 12342
3241 12084
3565 9949
3721 12334
4430 7534
12027 15376
1500 11194
5585 14331
46 11933
1913 6619
7754 7780
9518 12244
11985 14719
4647 17050
12642 13215
5985 7923
9769 12240
2641 13637
4870 13851
100 967
4078 7336
922 8099
2471 13009
9360 17617
9407 10598
4635 16347
16300 17498
15976 17788
7117 8117
4016 9467
4032 8875
3250 16250
9649 11622
1189 12083
17120 17763
5608 8978
10772 15401
7047 15572
10749 16159
13992 17736
10473 16397
4053 7050
6805 16434
8870 9731
46 4488
13247 15685
9809 11149
8803 9501
5403 17919
3789 14302
1966 16329
10023 13167
4173 5999
9396 11705
1835 8412
2322 15563
6681 16021
8244 11936
7514 9501
9999 17809
2060 5166
999 9115
638 8094
4755 10972
2601 14427
8892 11167
1064 4198
365 10863
1455 15545
2441 6565
664 16629
3347 11224
9571 11585
5584 7865
4590 14346
1131 13874
5588 10491
9848 18093
1969 8157
7485 16920
8046 17376
10276 17477
7172 9558
8640 15515
3678 6172
991 16986
5245 5277
1379 17424
7043 12930
4734 17013
5886 13692
2446 7533
3811 3814
2845 13107
2655 3287
2931 4755
6306 9310
16126 17656
1150 11299
1033 6294
4817 10311
4372 7155
1853 5770
4513 5822
5822 14240
14329 16899
1096 16092
3250 3409
5152 16159
4911 5650
5176 9418
6344 12404
11811 14482
10008 13711
5637 15283
14556 14671
6013 15539
1754 16488
9952 13429
11313 14756
1249 6845
5049 8971
13836 16013
1385 12699
9649 13009
3769 15131
7758 13104
55 6449
3734 4790
4024 13059
3063 13341
2355 16888
588 17862
6617 8846
3224 7745
922 6937
5216 8360
7613 13930
1175 8044
1234 16927
127 14446
4560 17835
1368 16000
5486 17437
140 17120
10260 10832
1926 5323
9394 15720
7160 8239
6622 14500
6003 12081
14437 16009
9441 16092
1063 16162
2420 7556
5584 12774
10677 14790
5283 16352
11683 17897
5783 12486
5763 14088
10148 11962
1591 5358
5926 16315
5155 13908
4543 6693
2039 4457
6312 18022
5207 17647
10173 12221
2965 17569
748 5295
2341 11179
2345 7684
12947 16459
2884 8382
8956 10620
1771 1966
3970 13488
3673 15173
6776 16931
940 6241
64 6910
2471 12798
7381 18037
7256 15427
1966 10687
6622 16683
9572 17827
206 15766
9186 10839
4387 17052
9916 14965
983 9507
576 16216
2687 17590
4213 5465
1362 15322
7615 16016
12692 13232
8632 12117
6247 13816
1234 10222
1084 10241
8220 8416
13470 16406
7 4037
6030 12258
11935 12570
11585 12489
4880 12132
6064 11263
9956 13813
4496 13651
9259 14774
10250 12889
4261 13624
682 12749
9946 15124
2838 16504
4623 4762
846 5974
2942 15885
2759 5838
10670 16489
3704 7339
3669 4116
362 16902
15230 16069
5095 5511
7745 17569
10821 16069
9666 15032
6607 17873
748 14343
8194 14500
10420 14258
1175 11275
12792 14242
8616 12266
6909 12026
2105 2880
12234 16003
2845 14701
4004 4839
2523 15387
6481 18065
13086 16034
5511 16927
9545 13341
5945 10880
8271 8823
6299 9042
1368 6198
11636 16193
14361 14735
993 14857
14590 18106
642 7089
255 17586
5910 10304
8141 17808
8711 10740
3871 11588
9987 12607
7612 11041
4077 17620
10925 16599
6607 12222
2430 6937
633 2510
5950 14280
9802 13246
6921 10311
5725 8983
171 1980
3333 12973
7374 11200
3319 11231
4310 16494
1443 16088
3690 9558
2786 16287
4734 4793
6666 16539
864 4257
3411 11489
1380 15645
2074 14157
2521 13988
4255 10000
13813 14662
2017 17751
2259 11081
2986 15481
4664 11887
6075 17420
8196 14769
5321 13982
3336 9743
2283 15979
2862 7937
2999 12244
3143 6534
590 5178
805 2321
983 4349
7475 15962
3094 13774
16232 16308
2483 10426
8710 12711
13384 14270
1636 8167
6651 14496
964 17105
9046 10031
1336 17721
397 2446
10 305
12780 16808
778 11245
9431 15812
9 14361
6312 10367
510 14662
4417 16220
5152 10486
3138 7845
1002 14519
10740 17120
1762 16672
49 5703
4675 11081
4349 5344
6201 17022
7355 14701
4752 17936
16409 17857
7270 15509
2306 5046
246 7212
9866 17656
2864 14598
5240 9651
8568 14631
2015 17335
8312 9321
5896 17002
2986 15978
2864 17202
3821 4439
12023 17227
7008 14121
1316 16069
4685 8651
475 2921
6393 12627
1957 8518
2153 9595
11306 15657
1097 2995
367 9819
2326 11119
7805 13763
1321 9559
3175 13851
5650 5848
1063 9518
7983 18043
3573 12240
2352 4001
1416 15181
758 3289
8294 12698
6340 6745
9756 15134
13648 14096
10260 14267
3173 11918
20 2310
13445 16272
11158 12278
8048 9504
4055 8514
3526 4676
8846 15351
10444 12150
4755 13089
4015 13494
4546 5634
3804 7175
4136 5507
10214 14448
1261 12927
10123 15932
9926 10439
137 5529
14585 18022
5642 9288
13167 16947
3863 15213
12638 14592
8965 15391
7483 16541
1839 8377
10696 13389
4292 13456
7913 14222
5374 7355
2477 4914
5049 8362
8123 15258
4620 11849
6012 6218
2796 5263
5263 17089
4514 13068
12483 16473
1844 8530
9896 11624
7517 12805
14308 14918
7218 9833
3789 5045
783 4066
5024 17714
9931 16859
10524 11084
1987 17304
6062 15544
16023 16588
9220 12474
4386 16541
2058 4270
17206 18037
11748 13061
4032 10005
89 2491
8237 14382
13461 16045
6916 16618
26 11924
8629 9470
15931 17827
8666 15878
10173 14510
4611 10066
8853 17981
8285 9450
8299 9155
6538 12128
9956 12805
2023 9733
4920 14595
8414 11624
991 10558
8184 14367
9107 17797
1980 12073
4001 11928
196 9052
11705 12569
2813 15723
2603 10076
11421 16162
15569 16092
7970 14536
465 4848
10017 15334
3111 15135
873 6908
1178 5181
9638 18081
3379 7660
16324 16365
8328 8821
2144 8237
9775 15143
9637 12445
5800 7705
3066 16546
4765 10631
9649 14671
12931 13753
545 2440
2846 9708
1393 11235
9506 11829
5626 11458
254 9046
13957 15987
1787 17933
10325 13256
5975 15411
14343 18114
8977 14232
13348 16667
3917 17105
4605 17158
7339 16324
11587 14370
3468 10895
12716 17741
4583 10823
6466 16075
538 10778
9685 10958
262 2154
6640 11820
41 5599
4044 5181
15550 17562
2942 17120
4261 10375
2383 9596
9161 17681
5976 8981
4424 17288
1611 4001
6732 12611
4241 8280
13357 16650
7882 12109
15124 16272
8154 10861
8915 9926
2547 11717
4920 11798
7008 7022
10747 17401
9673 14106
3773 17835
317 2739
10856 16148
7090 14412
5931 14240
1408 11874
5732 9715
4067 15599
9774 9819
10239 16172
5733 8821
4120 5597
9878 10227
4863 12505
6466 7187
4341 17990
4646 16304
757 2562
6916 17856
361 4937
76 3909
65 11855
13427 15607
9 17119
1586 5406
13456 18099
3576 16936
3353 16472
1825 8480
1710 5008
2391 4088
2353 6527
4140 6519
10796 16763
3520 18063
9649 12519
1693 11942
2030 15812
4085 10288
4743 8747
8422 13672
10191 15461
12060 17607
6712 16490
8239 13499
8149 9211
3144 13808
11402 14896
4966 12651
13881 17383
1771 12080
5349 6921
576 7719
15970 17105
7725 8224
9178 12058
5168 8621
1178 4817
8651 15488
2211 11185
12571 17036
9524 15379
8769 13083
11230 11960
12309 17001
6657 11255
6844 10960
2902 7002
8391 15368
7339 12888
8498 12216
5055 6192
962 6004
3250 9534
6385 16911
1404 3059
7862 17609
1705 14525
10560 15369
12664 17569
455 5079
8380 13844
2705 14171
4135 6485
10628 17983
4635 4660
10367 14703
2542 16441
9858 13774
299 9759
4118 15849
1703 1941
6665 7908
7815 9673
340 2651
5125 9840
5588 6788
3657 8141
5354 13306
4053 6275
7680 10521
3812 15230
16365 17134
13380 17631
3327 16298
4764 8237
5806 9944
1725 11528
5164 6241
3123 16751
4873 7171
14130 16262
14662 17614
1854 6285
792 5726
2400 11689
8975 10030
12743 15644
10220 15987
5261 8977
5945 14263
1519 15166
519 2112
2147 14817
2238 11440
4859 13868
7726 16434
1926 11802
11948 17170
8768 17419
373 7650
6717 13453
346 3690
11299 11997
922 1696
1678 1698
9994 14559
627 8126
4655 16134
4455 12164
15998 17397
4233 7616
10648 14184
12353 15641
10758 17862
9759 13957
3102 3426
9278 14019
5748 8476
4394 4762
2417 2688
12367 17131
3720 16698
2110 8038
12489 17901
7355 17789
9113 12888
4561 4952
8578 14543
1771 12628
4487 8773
13051 14734
8237 18047
1126 2253
4140 13669
5078 6226
4233 14030
2884 16650
1252 15654
5806 16827
1531 11280
8237 16148
6133 12814
2858 10150
13389 13549
12318 14127
1688 8821
2332 11705
5228 15639
6562 11319
6946 7256
15820 17119
1853 4519
5304 10486
3480 11649
6666 13212
3423 7144
1527 6084
2657 14129
588 779
15563 17831
4361 13847
1712 12460
5168 9174
1265 10860
12885 16003
1001 16657
10432 13074
11344 13605
1719 11812
13925 14267
11691 14533
8977 16671
6100 16702
4745 13271
5629 10631
8049 16021
5867 9291
6872 10304
10598 11540
4762 4774
140 6577
12857 14518
3525 6657
10996 12866
2544 8273
12664 16241
1026 5928
7052 8863
7933 14053
6435 13413
7953 8346
5986 13711
4036 8203
12984 15989
2753 10369
934 9374
10318 17719
10215 10898
14820 16870
8099 12598
8132 16751
1115 1496
3321 12859
3358 11183
2545 4829
9471 16827
4755 14978
6689 15283
618 6420
16352 17483
1912 7967
9450 15637
951 13874
11011 17154
9579 11726
13286 14887
13385 17692
13763 15697
9224 12265
11882 14439
2038 10705
3258 4116
8210 13020
6218 18027
1304 13276
6136 16251
7396 8237
5715 7358
3690 5729
16490 16781
2544 3170
4556 4612
227 10067
14095 15734
8392 14974
1712 5719
1331 14631
4797 9685
6709 11396
8132 8496
6036 6810
4271 13342
8312 12979
7859 7891
6816 11508
13002 14610
4050 14426
16239 17508
17287 17920
8086 15131
8933 14319
10622 14346
7181 8721
8180 16198
14559 17537
4797 16541
9105 15787
2958 8419
1644 7882
452 17695
8237 8328
13816 16541
1584 1588
9473 17554
2635 11528
7847 15391
10619 10648
1992 4257
49 5541
2235 8017
4816 8380
14987 18089
1702 16303
4477 12613
9332 13084
7771 15196
7396 12147
334 8046
977 9082
2683 18079
5911 14882
11939 13741
8578 14965
304 11506
1404 17302
15519 16196
3440 9533
2497 10918
11243 16213
5760 14624
9407 12711
3300 13012
517 2417
5869 16169
4478 10310
4870 6467
1731 6745
3289 9004
4332 5650
1185 12303
10561 18105
486 8866
555 6910
4347 11723
4435 8346
8952 9846
3520 5732
3067 10959
5709 11038
5641 14934
3152 4362
17189 17729
4244 10409
2081 6496
10146 12658
8077 16010
9305 17274
11057 14678
1564 10417
1654 15561
5442 12428
5845 7190
6483 14149
1835 8859
11829 12179
13051 18080
2589 10826
9938 15013
1739 2716
1505 6998
186 17127
253 15285
2855 13232
9662 11157
10414 16541
1329 13731
3789 5417
1334 14727
6730 9038
12336 13463
4755 10038
351 10972
5155 13342
10166 14611
515 12133
14494 16021
3457 9038
3130 6256
6413 12550
1411 10486
1723 13986
2771 9468
2494 9555
7505 17690
1479 2635
8476 14240
10272 10529
15726 17255
10661 11895
2711 17485
5822 13987
2077 14407
1114 14756
2953 14314
1290 7737
6118 15957
7848 16258
9725 17596
2110 9828
10900 13911
2185 4861
9484 9649
5147 17401
12611 17007
1555 14203
5680 6215
4783 11830
6101 14343
8645 17562
4015 8656
1001 9253
6997 18097
7236 10632
2445 12379
13671 15784
5069 11096
54 6204
13463 14877
110 10080
12534 14070
8640 15300
8859 17508
4714 17114
2684 14300
16325 17351
6941 15186
9228 13673
14947 17915
814 9224
15520 16232
5610 17105
14585 14701
5486 17006
4021 5109
1281 12597
5727 11542
294 12777
11851 17287
157 3167
7512 13592
6435 9323
1750 1959
2299 12706
4791 10570
7695 17942
9317 11977
11950 15437
4257 4918
5091 8233
962 13453
3333 10130
7355 10856
1520 15223
3812 6467
3449 12751
5756 5783
6195 17155
13952 16213
13899 17177
6513 14838
5556 12313
4580 6469
5350 14812
12872 13019
3111 14400
555 16272
3023 15009
8977 10773
5097 17908
8821 12096
16805 16980
3656 10561
3907 15230
10749 16488
10400 12706
7008 11063
2942 15989
1256 14392
323 10414
1035 10908
603 9285
4984 4994
2127 10628
10895 17007
3111 6368
6874 13453
3267 4519
1184 2487
13240 16253
12927 14611
9498 15152
988 8505
2862 14128
10214 16302
5716 13799
120 16157
4359 10097
9926 17092
155 5796
235 7516
1654 15582
11937 17498
2228 15846
2739 10316
13741 14392
16159 16684
8113 13480
14357 17376
8154 10195
4660 16347
227 13629
7923 16015
11966 12318
7922 14478
8366 16224
1290 14719
3141 7289
2025 6916
4373 10573
1717 10947
1422 6106
5806 15186
1693 3618
735 15166
3401 8301
10901 16840
3292 16634
7434 16061
6350 6647
11843 12488
2625 16137
1437 13671
583 16208
4225 11683
1815 6295
3152 16315
4272 7782
4247 6727
2411 16560
4111 8043
12075 16151
862 2501
2972 15639
2436 15348
12374 17170
12600 18068
2277 6361
4394 11247
13314 13986
2687 6183
9046 13299
9657 10632
12391 16440
7978 16410
934 8082
3958 8534
2964 16326
6181 16035
8915 17586
3716 4079
885 8965
13609 15921
179 11889
1020 4398
3740 14937
2417 7549
3294 9541
2079 7695
2862 12874
7099 8485
11245 11659
2807 10991
5999 17477
3303 9643
244 11658
4512 8485
1234 5513
1493 13068
9207 14966
2807 8915
6327 16650
1762 8019
7475 8804
6396 12247
3976 9607
3652 9012
653 9137
4497 7709
2869 4050
2566 15678
7848 8309
886 13207
2649 17226
5554 15285
501 3250
5054 5260
4392 17763
7198 13703
2508 6401
5441 11756
4271 4377
4863 10191
14272 17701
4361 7285
5990 7311
13750 16383
6897 13299
5650 6844
7296 7345
817 14457
5057 16650
3567 7675
10168 14584
13007 17610
7 16250
13441 15319
219 7687
6844 9831
1926 5386
7496 16041
166 7103
4015 9347
129 7332
6619 15524
8807 9599
6359 7285
284 6575
3809 5920
6327 8385
11164 14976
6682 11145
351 4186
4926 11498
3780 8602
15992 18037
7364 17862
7248 12393
1296 4359
2962 4587
6359 7114
1344 13685
2155 3284
11275 13868
3503 8575
4882 15958
8299 9929
2388 11391
16743 17226
16030 16626
11576 17333
8632 12265
16831 17743
4060 17729
5579 14791
8915 16027
4113 5344
1458 1987
2354 13291
1786 11012
10960 16239
3379 8842
7062 13746
8977 15355
566 10210
823 12477
3541 17447
1912 10147
16302 16908
15116 15614
5678 6345
1414 13946
389 16257
3671 6854
4306 8638
5646 7869
5605 16179
3111 4011
9109 12850
10464 12347
6811 10172
9529 14072
4691 11494
3230 15939
8136 14185
4951 9969
1940 9595
11128 12098
3865 8710
2625 3234
1668 4282
7868 14240
1479 17216
12776 14612
3904 10628
1002 14401
1295 6218
1926 4545
5096 16063
8555 10742
13994 16635
4 3279
2161 7815
6649 12184
4699 10172
3183 4870
11861 15526
3165 17031
4590 14042
18 12315
2852 6183
1253 9293
10425 16908
3351 11081
4032 15795
13043 14799
3085 5031
7984 11643
9844 16434
4255 6735
8195 16490
578 10031
2329 11246
10782 11552
14105 16088
9296 14990
13003 14128
3355 14498
12964 14087
8459 17995
241 9449
9 14722
2107 15156
4842 9512
252 6844
11542 17357
9312 17318
3054 6715
6769 13753
16796 17261
12170 12876
10209 15168
11623 12170
9828 13608
9551 11528
12827 14472
7917 16683
10381 14593
16093 16579
2259 4000
5760 13774
9056 9071
260 15992
5326 17280
16723 17610
8845 16258
5475 8350
11510 13784
5184 5500
10417 16586
16905 17801
1214 1920
1443 16402
12477 14612
1124 13774
10781 16882
12776 13435
6534 16464
1368 5920
1818 6668
9113 13231
5650 16863
8083 16886
7236 14524
16 5515
7446 11622
8489 14662
757 10746
227 16165
8980 14252
8055 17793
603 805
10290 15705
9685 13629
7882 11307
5734 11950
10881 15533
7440 16502
8915 14734
8437 10915
17036 17904
10832 12149
1550 5055
1234 14624
10643 14046
1968 10171
8220 10367
9518 9887
8890 15479
12078 17990
6040 13671
11389 15744
3408 8131
7718 13988
10204 12925
4969 5006
12268 12732
2110 8738
3253 8050
8436 15931
2304 11147
7498 13076
65 2474
3842 7047
3892 14403
1707 11372
8732 16830
6124 14715
6057 10915
1805 15936
6406 10023
6053 13672
359 12711
4507 10456
8787 10168
2713 17869
7970 9286
1895 2274
6294 11350
4629 17150
10400 12344
2777 8911
8455 10006
45 4759
14701 17485
11084 17045
5304 14760
5395 17007
8578 14466
6344 6581
1192 8682
13060 16539
3000 15937
1298 5646
1857 11182
4560 17586
8313 13333
4062 17690
4084 6810
12563 12633
1965 6905
15539 15748
14688 16004
9275 16648
2516 7475
1994 6158
4305 8273
9406 9773
14299 16944
2665 16446
1636 9498
8717 11588
5702 17654
14559 15198
8192 17925
934 2386
588 11886
4997 13361
7134 8576
15889 17875
545 17833
5546 15301
3175 3727
2110 14954
3058 17763
10483 15527
5927 17581
5670 14272
308 15416
5920 15254
5927 8270
10489 14270
3569 7347
12078 13739
792 2291
1095 2537
12805 16363
7300 14235
3776 4417
8460 12692
3465 6208
198 5507
872 3470
9143 10174
10507 12075
6055 10192
971 15773
7417 10481
6538 16239
1178 6921
903 14263
5195 8301
179 14171
45 6299
776 1398
8715 11161
4512 11713
7807 16633
2886 12059
12670 13893
6163 16165
6666 11748
3577 16643
1940 16723
8669 17346
11800 16230
15654 16743
4665 4778
2259 16424
6541 17702
3263 5865
6844 9212
2167 10819
2557 2745
8300 16088
1369 7263
3819 13508
13774 15044
788 3505
13741 14322
7484 14267
3708 15173
4952 12805
6879 7152
14612 15917
1815 15729
1622 6505
3593 15016
4868 15225
288 16963
4777 14615
5240 6733
3251 9892
5461 11146
8476 8956
4132 8417
9308 12623
4109 17509
9559 9961
10426 13669
5068 5475
879 11533
4880 8956
370 1922
3627 7480
13291 14103
7145 16915
10442 12114
7477 12669
5168 12053
870 1271
5808 14267
15565 17849
9747 13492
1835 17249
3266 9296
2101 3289
9891 15285
8180 14346
73 6205
359 18080
12073 12254
4932 7921
10374 13357
3047 17680
5821 8533
8030 13625
4401 14331
7187 15419
8563 9626
748 6349
8936 10478
2377 12705
17832 18005
3068 12478
4310 10191
3951 16166
161 17695
2064 4237
955 16732
5154 7646
8984 13105
246 16634
6499 16316
8046 18006
3546 6203
8440 9776
13348 15045
253 4084
3028 15499
7745 17607
1458 13621
2517 6761
5648 13995
13293 15449
12213 13317
5935 11306
6715 11507
10733 16815
6289 11383
1968 8568
757 9725
15044 16351
3114 6286
2159 4937
8549 15147
4118 14023
12081 14496
9219 16541
313 9518
633 5848
2477 2488
3866 8502
13418 13536
4776 11213
6665 6758
504 1054
4767 6400
7725 13627
227 10705
13284 16010
1132 8099
646 17892
9504 14029
2858 11619
6754 8680
13202 15539
2417 18010
1933 4436
6665 12050
6412 8687
10975 15873
3013 5289
946 15194
5394 8690
5207 6789
2635 5748
7074 10487
7823 16302
5181 6668
7926 11211
11899 13213
5070 5085
5222 9774
16753 17333
14823 16075
1694 10248
1377 10747
3080 6012
12395 14860
4892 9944
9715 11494
10987 15590
11095 14752
4362 5974
989 17656
12020 16479
10038 10290
10011 11383
2137 12356
881 16815
3569 4413
1583 5999
5919 17302
7953 11810
16434 17143
11502 14088
120 15351
6202 11161
2249 16459
1916 10486
474 16794
5157 7655
9302 9739
8258 16189
783 5786
2152 3215
2341 4772
12429 17511
12711 15898
5612 16618
10300 16086
5232 10643
3363 13119
7871 11489
893 10655
1702 4231
6406 11960
4951 5919
991 4363
11499 12296
6096 6724
10136 10523
126 14030
4134 12642
4736 7124
9430 17052
333 5922
14239 14678
7317 9747
14069 14677
729 16845
1534 15051
7717 14954
5445 10810
1838 6671
4032 6057
5787 16547
1107 16650
6241 9190
4389 16325
4629 11748
15048 15869
14149 16010
494 8499
1479 15369
7737 18006
5931 11804
3274 16829
9652 10367
2534 2679
1416 4707
7282 11012
6619 8856
1588 15848
1707 9052
4231 13795
6696 7128
4294 12424
10622 10958
7492 14343
7714 15992
4492 6475
367 17017
484 16015
14652 15494
9278 13354
1693 13247
14383 15654
830 8229
9607 14123
3507 13452
1922 7009
7 11960
7030 7717
8292 17000
5095 10802
12517 14426
2155 6826
14639 16942
1712 14732
6412 15873
1033 3331
510 14393
797 10279
3346 5697
4520 13895
8115 10586
11472 12664
11063 11936
10325 11230
14322 15818
9613 15319
111 12090
817 8369
9518 9831
6619 12326
12247 12362
17953 18037
1611 8438
1685 1917
10342 16408
2166 14976
3004 10351
9011 9774
10974 13167
9 1731
10849 15285
6013 15382
1707 17376
12399 17013
8713 10248
3023 16208
5183 6861
494 3970
14884 15953
748 8044
1411 7858
554 4067
10946 17230
3916 8069
15070 17477
1185 15873
618 9846
2635 10826
6883 10224
8749 12668
4706 15224
2054 2977
15905 17640
2182 7891
3186 6063
5881 16859
7098 15012
5024 9284
10311 17437
1035 10044
10895 12981
1707 8160
5876 6622
626 7525
13613 16272
8239 16304
2983 12117
4332 17226
1978 7677
773 2166
9715 15426
10494 12605
6150 16074
8418 15939
2845 5489
11851 17387
3353 9789
5394 11278
88 6682
7124 13187
299 10220
2555 11211
362 17069
9268 15959
163 8347
13008 18037
8924 11567
2635 17485
6409 10659
11807 14346
8227 17466
1962 12416
5993 14077
2753 6496
12742 13969
1291 5460
962 4351
777 12292
8209 14222
1288 4556
3111 16886
6681 15179
586 14940
908 13354
5095 6631
2852 12201
4303 13585
156 16262
482 1991
586 9277
8796 12332
9756 13565
10706 16302
4747 11689
6873 10880
1707 3495
5051 5408
5256 10415
978 4418
4040 10123
12155 14538
593 9896
2734 13967
2904 11201
2497 5763
1455 10211
5507 8661
11849 17387
2286 11626
13714 13843
4755 14664
3132 11440
4261 13910
16282 16908
8674 9989
1734 8618
5999 17394
6628 15911
8269 8696
5109 7517
9676 18025
13908 17178
5090 5271
308 10224
1443 9113
1368 17587
8856 9595
9329 9703
11494 18093
1504 14734
10900 17251
14182 15203
14060 15870
2144 7285
1178 6198
2514 12256
1945 2522
576 2745
4863 12134
3969 15323
244 329
8194 12582
3764 6343
2554 9052
8568 16352
4477 13038
6853 13982
2228 10191
886 5240
6447 13874
10351 17376
12363 13386
1208 3532
9651 13455
49 5545
5329 12974
9558 16775
7052 14525
7351 16666
600 17120
930 11553
7795 8209
5840 7405
1534 5514
7364 8744
16540 17669
1128 3055
6873 12285
5923 8206
5806 11198
5173 14026
98 14005
8007 10209
4583 12925
7355 15573
140 2942
4870 5049
15186 17635
3672 11918
6389 8022
1480 8583
10300 17382
1600 11444
11860 14443
10960 17581
5049 8185
5194 14597
1707 10702
11661 12291
3886 17240
1223 12141
1528 14513
4755 12925
20 11960
15380 17480
13629 14528
1710 7737
2377 11920
524 862
14400 15154
940 3183
444 15837
7285 7982
8046 10685
3294 17280
2341 11209
8714 9080
5095 5717
5541 7909
660 9286
8167 17120
9434 13211
2884 10692
1954 16982
1315 8604
2496 9105
4446 8685
12244 14254
431 11756
788 6132
2354 15219
5597 14123
2836 16960
7758 12877
5978 12211
3617 11411
1428 4892
280 10203
12184 15174
11313 17419
1128 14227
716 5896
4775 4907
2657 11193
5181 10583
1765 2748
8434 8710
4290 8687
4346 11326
11283 16330
3594 6208
3286 10660
14719 16127
3348 17169
3258 13051
1505 14999
15996 17561
2865 10414
1479 2685
4055 15426
1624 2285
11861 12167
1408 15942
9969 16904
1229 15821
3748 15016
12610 13911
7890 13988
11435 11766
1643 9595
4163 11807
5260 9455
11210 11244
15968 18005
3058 3358
5884 13878
8215 9251
6475 15827
10690 16267
5346 14868
5028 10414
7215 13184
8774 10971
9424 11567
1259 9323
10367 14844
5767 13167
1035 5094
9555 13507
481 8476
16997 17325
4163 13581
4952 14019
4048 14430
8214 16692
460 11140
2358 15969
4783 9378
179 1720
11887 15936
575 6771
6812 14593
2545 4442
11502 17706
10895 14400
4237 10367
9870 14829
640 11038
9052 17610
2557 4674
1378 11882
861 8369
15688 16970
6671 14471
999 16546
7605 11906
5091 8690
7528 17159
4322 8237
12098 17945
10745 17007
8458 11825
4439 5683
4060 12254
1818 7692
474 13397
10289 11887
7093 11554
6207 16178
4011 13363
751 9406
2742 8651
3111 12229
5936 9999
8881 11063
8631 17209
31 538
6569 6907
2510 13902
601 9743
6198 13885
2538 7296
11304 11691
9625 15873
2101 4055
9071 16102
8083 12074
6381 16250
2110 14838
835 5973
2892 12090
10346 11797
10410 10729
1485 15545
8856 14631
4255 14662
9467 14570
17376 17977
1694 16235
5758 13706
1821 8917
2009 5557
2405 17888
4114 9178
3594 7433
8279 10468
10580 14049
4843 7663
9528 17635
4652 11872
11121 11209
813 17007
4413 15837
2064 13911
7174 16104
4252 16957
848 3691
4199 8604
4536 13266
8228 12864
3635 13618
7868 15875
11850 12502
9182 13672
9119 9775
1303 5046
1474 14838
3396 16218
10342 14233
11928 14589
452 6921
5976 13290
11252 11881
10311 17862
24 17735
6696 11871
13741 16505
1712 4719
8859 9222
3683 7191
49 15298
10772 12460
3793 15689
5644 17566
2497 13774
2981 10209
4443 15227
7279 10526
1704 5784
5084 13421
962 4699
10961 17975
5289 6047
3170 4022
10097 12505
5164 9725
2146 14077
8578 9868
10367 11638
13187 13241
4758 16524
8461 10011
2905 3963
6354 16974
7467 15910
1186 5709
10289 15614
7717 12836
3907 5008
6199 12095
8344 13763
9608 13708
1479 10543
7062 13342
8021 10041
1731 5045
17119 17716
8402 18089
6255 17915
7483 17120
1132 11796
7040 7878
3621 13785
2253 3241
5152 14701
1229 10895
6905 14154
3289 8783
10485 16383
5597 9051
8295 9199
13154 16769
2251 8796
13290 16824
3677 13184
3523 7050
1864 7921
1707 6959
1112 14367
792 2983
8916 12604
2151 14267
1837 9683
4120 14131
12463 13605
4565 5454
316 17523
4767 11822
4815 15768
6223 12030
940 17447
8644 11315
3187 13973
1083 8511
7166 14436
6997 16000
11866 14426
4772 6413
1731 11411
5419 8432
215 10545
14724 16827
2676 14528
2807 7699
13455 13818
529 13708
1913 14572
2564 10288
7220 14851
6823 17221
12488 14972
1178 8747
6195 15201
1277 9769
5241 10226
6054 16889
15013 17980
6131 8992
2054 17345
10335 13830
8736 17977
2326 16236
6413 9389
5069 16502
9331 10860
7238 14501
3584 10840
6286 11791
1895 7052
10611 10743
3617 15258
6198 12517
526 10369
9964 16309
9284 15461
3085 7802
12920 13703
15175 16373
6762 12075
5027 10478
5816 10796
2211 4483
14048 14869
9369 13379
15258 17835
2663 18007
7291 15339
10199 11948
3468 12445
1393 16541
8456 14343
5806 13038
4707 6412
5701 12547
1477 12636
2720 4762
1824 12150
848 3789
12523 18029
5869 17804
7813 15880
240 16221
5500 9902
2510 11518
12708 13042
11710 16992
601 3567
2091 6108
3222 3230
3492 16868
15173 15805
8446 9888
11653 13998
3690 7199
6294 10097
9926 13166
7549 16409
14966 15293
154 2758
8079 14164
1907 17739
340 9005
2052 14049
1651 12149
12240 13012
10948 12134
2273 9366
3360 17105
7655 9022
4587 15593
6562 14838
9564 9606
10162 10960
15898 16239
1913 9471
4672 17376
11218 17485
6684 16456
2103 8744
1867 9831
7732 11808
7758 17689
6934 7202
5672 7714
2739 13874
1834 5374
8747 12078
11233 12401
1177 11787
4506 8339
9295 17642
9706 12474
7732 14025
313 10960
14359 17704
2752 5095
650 9178
3256 10356
2258 4293
7078 7594
3214 3760
7009 8195
9391 16076
4114 10017
1193 2471
322 1707
5169 14402
6833 9223
1970 17376
2982 8870
7136 8194
1721 10183
3462 15748
4477 17096
15561 17525
82 3907
3308 8258
9551 14715
5248 8700
9828 10011
12937 14839
4826 18037
10707 11525
4255 17461
744 12501
5757 10453
5999 15464
9443 16092
13232 17096
8605 11934
10772 13621
9498 12927
3713 18118
7383 8975
4978 14119
13542 14881
258 5421
13029 17087
6370 14193
8103 15532
4832 13227
11887 13585
5308 16013
4747 16258
13637 14472
759 13697
49 9662
6357 13832
14719 15697
6531 8482
2102 16084
10224 16650
4183 4546
2291 10687
4666 15642
8999 11542
12798 14365
362 12841
6466 6649
2437 6095
3059 12290
574 15134
1736 16114
1714 10974
45 13112
881 10733
1873 17651
13578 17184
2555 4767
5597 8328
4765 11592
98 14380
2473 7338
730 6616
3289 13813
6375 11842
6096 9395
11957 17887
890 7363
6650 15272
4048 16812
5095 17521
2526 12175
328 13473
8915 17860
2745 3230
127 11663
5242 6447
1329 10140
10798 11449
5092 17941
5155 14386
800 6304
11653 13746
8757 11092
4467 15812
11620 12491
10738 15136
6229 16118
1329 5486
991 2274
5067 15780
2282 2468
2391 14138
5222 14030
8774 10039
1775 3681
6909 17142
582 4716
2212 16133
2972 9533
9685 16650
4068 5300
1029 3408
13487 17071
10960 16257
1195 7629
14865 17401
745 2110
1652 17437
362 9877
5950 14077
10170 15705
9598 12872
7093 15305
1308 17617
1511 10753
15137 15878
9343 16996
4911 7477
3593 10058
15798 16947
10359 13456
3613 13871
4523 9366
7200 14597
1589 6298
1347 12999
14811 15252
1758 14882
7308 13383
3520 6537
8450 9865
10735 14838
13813 15173
1707 6554
9545 17958
5688 13028
13876 14128
669 8270
6377 11247
9897 16489
1626 10100
16723 17045
5447 13866
4587 16756
555 8859
4389 8111
3814 16530
8924 13346
3907 15878
13542 13702
126 5148
6271 8729
12544 17012
4774 5424
2006 14391
4361 4685
3346 12711
962 15711
14424 17109
4830 16213
13693 17317
7629 9178
10191 11717
5986 6651
12426 17105
854 13818
9473 15837
10849 16262
10567 13962
4535 6734
2687 7427
3251 16279
814 11668
733 14314
6328 14757
9558 15426
7532 11354
11642 13698
9583 13753
9064 14701
4094 13119
2026 8843
4767 17569
11954 14300
7372 14240
6786 14825
9836 12533
11522 15143
1731 10860
2438 10206
588 10606
7426 15366
14297 15947
7762 10529
7255 14931
9370 14198
1733 15873
11584 15285
3604 14718
1238 11404
6362 13745
4450 16588
4065 6208
6198 17336
3443 9914
9507 14442
6368 13227
8511 13630
9491 17849
2682 2714
5183 8111
2471 9725
5906 15154
3154 7549
9718 14772
8287 12244
1642 10660
6649 12081
3984 10108
4847 7490
2146 5993
5433 13669
2441 14838
4513 5629
6294 13079
4789 6501
5665 13123
2155 5623
1771 4859
8099 13763
6413 13660
1332 10014
9757 11230
11624 11861
4783 17990
1996 5018
11653 16806
8988 9329
8715 12386
199 1736
8541 13650
3976 11208
5209 15129
14023 15342
909 4581
8232 16913
7153 12102
1234 14756
10242 13825
7633 12426
11757 13975
13270 14361
11622 13816
4945 17111
453 2177
11328 14285
2103 15962
8842 12073
10161 14976
16118 17288
3907 13559
1966 13361
7411 10957
10523 16775
15061 17824
2617 9392
8237 16882
4692 15526
5245 13694
2129 14205
9407 13328
2466 14719
2905 6693
3862 14104
2225 4244
3302 10521
4882 9999
11209 16208
4571 18096
8146 9195
576 11237
1720 11952
779 11121
1786 7282
9567 14774
14240 15677
1381 15934
9249 14096
5597 16924
12711 15548
7518 12270
2263 14597
1250 10729
16 9258
13434 14789
2826 4158
6677 14153
16133 17590
2908 12798
4952 7717
11094 17678
13341 14746
166 6008
1736 8588
6732 17435
404 9098
3866 11873
11574 13402
1500 3289
1529 1973
7953 17792
5945 15498
2685 4789
11861 12795
9331 11900
11959 15885
2046 8237
1277 4508
6198 15033
3147 4497
2213 4394
8239 17521
2351 12456
1295 2678
12711 14331
13179 14694
4673 12508
519 6442
5805 9423
8012 17527
7794 15493
10698 13385
10705 12290
8167 12254
12657 17566
45 4791
853 8400
1231 5269
10974 14393
3058 8579
814 2133
3958 10065
17422 17744
14239 14841
87 4282
320 9105
5152 16760
3691 17586
7999 17408
6897 14627
3854 12779
949 13366
1931 10591
2530 15047
6340 9926
4416 12479
10172 10749
1280 6980
3161 8123
1538 6011
12254 13548
8829 17185
4483 13784
3520 11494
510 3793
2326 7719
5783 13079
927 16683
4615 5344
925 12600
10960 17251
3289 12582
2483 9878
7539 16648
4118 14823
4055 9297
10918 11084
5228 6772
4616 4814
886 991
555 2635
10514 16650
585 11214
17758 17872
5095 17438
140 18097
14324 15064
13413 14487
10417 15849
9467 13110
5388 15582
848 17119
1765 2858
6327 12653
7 969
1319 3674
5491 10559
3396 9757
5715 15124
5097 17850
8563 17696
4736 10886
6568 15487
17130 17730
14885 16517
2811 4362
7694 12026
10702 15515
5763 16806
5812 16148
16286 16751
5078 14496
8019 16403
8220 8710
6346 14812
7614 15515
1805 8297
2749 3971
10863 12102
12653 13226
3183 13606
9241 12452
2052 13279
5629 9220
5782 7393
5631 11275
14473 15826
895 988
10413 10873
3537 17612
2144 6368
13965 15509
1985 7512
16498 17912
10021 15593
9169 14160
3266 15011
5725 6648
8568 16658
11999 17082
17052 17868
3431 8753
6577 10625
277 16575
1504 2807
11443 16931
773 14165
1672 7229
778 15664
15534 17521
453 17007
6356 10524
2291 11808
12642 16157
6771 15654
4682 6140
2685 8188
9858 16272
200 14071
14254 15482
3462 9574
803 10464
12473 16047
2153 4363
4002 17087
6100 18022
5446 15419
3814 5576
15481 15582
16007 16828
3055 17625
2849 12050
7763 8487
4602 15851
4011 15604
5925 16382
10175 17809
4664 15009
4134 4519
4066 13813
7451 16524
9578 10759
14611 15152
583 10289
3651 4386
928 16035
5623 17763
13343 14572
322 7858
17751 17835
8270 9055
4873 17148
3455 12367
5646 11390
6808 13218
2060 13078
4310 10514
203 4292
6064 7378
4692 12060
4689 11715
6883 18037
6496 17046
6229 14238
5078 6666
15104 15105
6682 9288
7150 17154
6683 17180
12248 16990
5290 5719
75 13105
7243 16267
34 13862
759 15479
1315 8276
4628 9037
1230 2967
10776 13448
14071 14716
10100 14607
2504 5578
16383 16541
2552 3358
6983 7969
9176 9372
1559 3599
2762 3904
10426 15837
576 10239
5647 17232
4743 12117
11820 14093
11808 17477
8905 12681
11449 13753
146 13767
2566 5732
8856 14023
9791 18021
8141 16815
7531 15091
8075 17531
2073 5545
8710 15233
5574 13746
7882 15018
9378 17981
6500 10777
10202 14568
6671 12048
4596 16822
17123 17590
6880 14242
5512 8449
8512 17113
15635 17607
4184 10335
1789 16762
1997 11925
10378 12847
2085 3819
7615 8873
3809 6532
5931 13982
5833 12156
5514 7485
962 5028
5987 12562
10229 16376
7172 8732
14555 15122
9011 15219
389 7971
10443 18045
5982 11003
9579 18081
6381 12244
7239 9924
4055 13906
3313 13110
3985 12374
1804 13738
4629 11108
10278 11854
5798 9191
6670 13083
14123 16273
3181 9931
11713 12318
5240 8583
2722 5142
650 16989
5442 14766
5685 16235
10571 17559
3753 4733
8180 17187
6494 11161
787 13385
9178 15959
2022 6949
1142 17496
2753 3284
7335 17079
6327 9831
9865 14521
6002 13616
992 1194
4692 14445
299 1924
284 1334
4818 14971
3594 15323
3039 15539
5341 15470
4459 4818
5406 9108
3674 17465
949 13869
4688 15729
9182 12603
781 15646
4387 7882
500 4442
11513 11527
4127 15363
582 1375
12254 16077
5936 16697
4519 10849
8783 15198
1164 13810
2377 5806
10702 15481
519 9785
1707 5168
1887 6740
9984 16158
5880 15493
9375 11438
46 17419
4207 7487
13086 18072
11121 12876
5438 12905
2859 4585
5587 18048
5245 5453
9473 13385
1087 4044
3770 3850
12093 13184
6784 9634
7836 13566
8877 14823
2877 8423
9060 12476
9868 16823
1687 4311
10736 11567
13274 16528
9631 14059
5214 12937
4724 11459
2503 5757
1346 13569
4069 6769
556 3656
2391 3898
3593 6611
1047 14123
11411 16811
10974 17156
10262 14398
3135 17521
5454 17349
7371 17274
4762 11075
8607 13177
4067 12851
7684 12816
2620 16240
2707 10454
551 16164
1714 16597
4163 16843
1230 15768
6631 15018
4262 9643
15475 15562
8717 9112
8050 11063
9863 16218
10483 14165
8280 11383
2282 5650
2859 9637
7978 14798
9470 10534
11227 11764
10513 14825
17091 17297
7272 10704
1697 10960
12627 17774
9524 14045
5183 9595
11859 13583
6437 8565
128 4092
1176 1709
2869 13486
13799 14947
12066 12865
12432 13105
6381 6549
759 14631
12074 15561
12549 14648
2221 8965
2566 15526
1754 2845
11535 12872
10134 17502
13164 14978
100 164
206 16240
10566 14868
2020 9042
361 9793
15289 16449
5177 7699
1771 3013
9769 17477
299 3294
5287 8534
7737 16927
11146 14403
5806 7259
5368 7244
13540 14855
9758 12248
6481 16676
6631 8717
10721 16434
7509 10098
682 1137
7089 17523
9598 16416
12416 16976
13378 14481
5485 7433
9900 14703
5148 13083
12816 13086
600 8715
6012 14036
865 1411
1192 16157
14331 15026
11337 13645
1261 14200
9176 16342
13943 17989
6772 16391
4728 5936
441 5798
3931 5198
14420 17651
5931 12454
6717 13952
8248 13244
4275 4361
4065 13086
16638 17595
22 10622
8937 15802
2869 14119
3505 6132
547 16130
12606 15925
8169 13455
6478 13601
5202 17376
2428 15932
7713 11794
10197 17872
606 5185
6661 17338
8328 17702
10849 16164
2282 16193
5975 8249
13114 13213
454 6754
5046 12374
8975 11421
8629 13868
5072 9617
5066 10934
10515 17026
3581 17453
8834 9649
10974 14235
8171 9785
3280 7878
10948 17158
5758 10057
10974 14589
797 2879
5449 16133
5748 14528
5144 8949
171 15582
4471 14240
441 9191
776 15009
7238 17536
11280 15917
4037 4468
4614 4786
4078 13578
4665 11081
13062 17212
11657 16203
4338 9038
1796 11680
949 8229
5523 8897
15328 18030
4530 9631
9703 13774
15506 16145
9443 10922
7692 17373
8830 16280
5931 15826
11041 15904
3979 10218
2457 13394
3635 6347
2939 11380
2441 9789
4984 9961
4175 15426
15561 16061
5732 17695
8055 9605
8573 14483
5304 9669
6083 15118
8793 16923
9174 11509
4631 16723
4587 7380
4707 16230
183 5783
3690 14103
10702 12073
10692 12253
260 12259
496 1331
10147 12684
3454 16383
2583 4000
5515 16008
6537 16908
1368 3520
5806 7097
14449 16232
10339 14665
951 11904
4187 15755
6946 17368
13226 16324
12711 14588
3124 10294
5704 14874
8427 14285
14346 15166
5919 14965
5374 9595
4010 14013
9115 15516
4218 13969
881 7509
5168 10620
2048 10224
4282 8241
13610 15873
8567 11210
13443 13889
3974 9624
1940 4386
14715 14922
1033 12611
4211 15152
4743 5349
1926 2340
255 16513
1744 5127
7 2253
3031 3425
13703 17933
150 6430
6327 10948
2370 14788
2388 17415
642 16022
10778 13911
5865 14041
7348 16071
4387 14119
3942 9143
907 12012
53 8449
1215 8515
7504 7627
10559 16957
1719 1959
2276 9769
592 9840
5301 5806
2376 17972
8715 12925
5433 6670
682 4381
111 16540
1138 10385
2393 7360
4221 5499
10696 10886
10378 16112
3763 9649
1773 5477
230 4856
14035 16882
140 12476
5333 12430
2417 10745
2011 14928
11408 14036
497 10972
7481 8955
4664 11657
10194 14332
9421 17926
7019 9220
4422 9666
7477 17481
894 9046
6412 11108
11887 12170
9626 17862
2428 12167
15300 15340
9956 15173
140 4322
2862 14573
7333 9071
2578 7612
14346 16684
2340 15588
3788 14134
2173 8300
6389 15384
7418 17957
76 14820
8012 11555
12348 15655
2942 16895
13391 17706
13741 15173
7909 11224
6367 13515
10692 13325
581 7531
11306 15889
2635 10705
4158 14731
6066 13693
6633 14570
3227 13952
1533 11373
6684 13952
4952 17120
6199 10129
7249 14029
6693 7334
13354 15787
12108 15875
6619 7275
1734 14237
3708 5297
2578 17618
4873 5764
14467 16963
16218 17656
8656 16171
911 13490
2006 3013
92 2858
10432 16344
294 1098
1531 2748
475 5896
126 13337
15755 18063
10162 10486
2622 2750
3896 9757
2144 14094
5561 16153
539 9696
4088 13362
5155 11259
4546 10864
12254 15614
6550 16726
10915 15795
1338 4542
3944 5630
1768 16875
11713 14725
787 9956
11664 11693
9830 15027
506 16330
962 15634
1325 11947
10974 16650
9469 16130
8417 17601
8239 17949
524 17351
4383 12464
12653 14127
10320 15614
776 15410
10256 17827
1313 2682
4696 9296
15134 16560
919 1114
5917 11351
8304 18049
2216 14412
962 10105
7320 13104
13500 15890
10245 13989
15526 17569
4439 14240
1031 15818
10160 17702
8601 9518
2749 13075
1805 15953
8328 8555
6313 14732
3333 7487
9251 16047
5341 10632
4786 11471
4586 6914
5005 14009
2348 6124
2682 9625
4118 16862
7334 10310
1914 3455
7841 14331
944 6685
6534 16014
7155 16530
13239 15077
2794 10911
9275 9947
8130 9082
7249 13031
1627 16350
9105 9378
2407 10207
9518 10948
6084 15031
15285 17256
777 4671
6100 7732
9540 18064
5181 16940
1793 13029
554 6732
9052 11084
5198 16702
9697 10223
681 2685
5301 17808
788 7559
7351 12191
1731 13424
8913 11577
8117 9131
1941 14947
12351 12789
2192 12572
15308 17467
29 3153
7844 17822
1292 3105
7027 15526
10821 16150
2072 6175
4880 13385
1338 12072
17391 17555
5152 12523
1703 6035
10023 17154
3794 11571
14332 17131
5973 11996
4223 17765
9052 9410
12172 15029
8862 9954
6711 15537
991 5255
8083 16521
8110 16139
3039 16736
362 14164
506 2858
11700 14336
4078 8626
14426 17990
5457 14860
3671 6776
7259 17202
1812 15503
2351 5726
11232 13952
226 14447
8834 8956
3495 8656
13019 13354
1178 14336
3507 10188
6671 18120
2446 8540
12501 17452
12996 13570
474 10524
3944 7355
2144 7008
8380 15885
6732 17536
6113 12757
2291 9715
10487 15384
731 14053
3883 11862
703 1343
5605 10908
11070 11702
7413 12460
9378 15097
5043 13436
967 17230
4120 9178
16737 16871
2242 5788
11245 16230
9378 13667
8485 9504
10085 15406
1720 2186
2510 12254
11845 15682
1193 8238
6660 12102
2206 13166
3521 9805
3333 8195
10461 14232
8346 11528
2827 9137
1035 14982
9658 13438
2962 12505
11231 16272
381 7499
5811 16898
2007 2607
6989 17026
2674 9564
14489 15773
1125 4224
1178 18010
8300 11479
10687 14186
8913 9863
14233 17194
3235 4672
4561 14110
11895 13390
8650 17110
2276 9469
6270 7231
4413 8547
31 9229
45 10580
1505 7046
3266 8842
4777 17569
9685 16363
8555 9127
15812 15868
6812 8524
657 4211
3206 15656
13877 15525
2834 6177
137 4173
5683 13164
4011 13177
3169 13397
2213 8328
2417 3518
575 2566
7231 12211
6883 13248
14353 16871
9061 15419
588 595
3632 8963
9097 17656
784 2474
1520 11415
1707 14890
5486 17120
14030 14280
4481 9897
8369 10450
12155 13259
5255 12667
12416 17924
8768 13562
10750 10857
1482 6806
16257 17827
3480 13455
7616 14280
3625 10947
12816 16388
5719 13959
5920 7435
1667 17571
8579 16950
2948 17670
6053 14868
5871 7004
9545 11967
9666 13213
6619 16938
22 7679
3415 9068
12259 15387
2859 6619
4093 14567
776 1805
13231 17226
970 6563
835 14361
5919 6843
7463 12724
10260 14595
11404 15698
10342 14710
9052 16221
230 11705
10486 13930
8097 9667
12293 12668
120 551
5936 9808
4036 18054
11933 17622
11033 13893
10796 16094
455 15584
3409 10426
84 9524
4957 15848
962 6715
7435 7853
2691 10286
1794 12809
2999 9944
16385 17618
1221 14650
7770 12158
3723 16292
811 3289
4338 15351
14782 15525
5806 7583
1479 3964
6730 7733
1368 9378
12711 15333
6651 15387
4030 4774
1266 5241
919 5049
2201 4402
3141 6346
6554 14240
8480 11686
3241 15479
14343 14466
246 4984
3736 15293
10863 16302
6430 9926
2542 3341
5806 16434
6413 7799
6327 15798
1639 2138
8168 18082
2311 14316
4037 9788
2948 3173
1912 13842
171 12780
4921 7089
6412 7805
517 4290
7594 11066
6812 14267
216 13555
2762 10617
5019 10880
2282 16418
4842 10801
8046 10288
4822 10123
444 16957
1815 14297
8416 13960
4961 16102
253 9038
4494 17975
361 787
10170 10960
14330 14982
13507 14616
4922 17249
555 4880
978 17485
8628 9961
6671 9318
4126 10586
4853 7355
4189 16157
12050 17681
10095 13119
5235 11250
2781 3541
5891 17260
6745 16721
7249 9168
1028 15365
7646 15744
3708 8976
8644 13877
8057 15892
1063 10960
4036 6081
399 6232
4464 7953
10038 17154
5180 17981
6447 8185
7157 8135
11119 11625
15479 15569
12091 12623
8632 13667
5078 9332
15812 16980
1507 12769
4798 15154
7492 8750
1455 7160
9169 11433
4351 17404
11646 17105
15292 16364
617 8732
421 4996
3507 10622
13452 17049
2895 12842
14062 16711
1295 7692
2052 13478
11346 12761
16792 17159
4531 14326
2534 8861
4941 6230
1936 17148
2319 2662
2676 12805
6271 17226
8923 13366
5878 9883
12931 17628
4783 14426
6304 13640
6435 13746
4935 16513
783 10220
2153 2722
3865 5620
13864 17133
9666 10745
5421 11622
9545 17370
9982 12984
1707 8434
2079 14684
10829 12963
7532 12603
1611 4349
5076 12990
2606 10161
9528 9643
9967 16505
11558 15710
6447 14627
11539 14403
1290 4936
8269 15437
1648 7009
5346 15152
6307 11562
10960 17790
10636 15380
81 12888
2783 17975
8814 14026
2799 16434
4255 6500
2756 9241
12874 14743
7008 11617
6719 6906
8369 17120
6639 7869
2112 10907
12259 15005
9627 16456
2291 9666
8179 8258
10290 16134
6683 9528
13927 15287
5355 13537
10669 11924
9258 13852
8432 15273
967 6700
4066 5973
3763 9670
16066 16659
6333 9379
2256 13974
9651 12446
4387 4409
6693 7426
12547 16859
1198 16666
1354 3105
6092 6295
3087 5092
10997 17919
3066 8485
6327 14812
1874 9340
5051 7989
4089 7677
2942 16426
7019 8297
6629 17934
6294 17300
5644 16052
783 10899
10598 16434
3567 10566
14222 17639
3789 7068
6255 6413
1081 2399
16272 17449
10360 11948
1482 13470
11907 17549
33 7481
3147 9828
6459 15309
3865 16459
11413 14098
4911 9113
310 4853
551 4519
682 10170
5906 17422
4368 12362
12168 12805
14537 18048
14042 17120
792 2358
8696 16045
6345 14179
5851 11842
3364 15918
774 3132
5847 7474
3047 16968
6129 13246
12950 16377
1665 17479
12505 16659
13389 16250
8486 14807
5095 16702
2452 14471
1061 8950
5344 9706
381 6704
3914 7655
15500 15886
2058 7032
2776 3340
5600 5809
3716 12108
6087 14128
10383 11705
4031 10460
1952 2686
9407 17981
6668 16250
2237 10965
2253 3811
10880 13756
830 8004
1964 17094
16597 17045
13572 14205
9061 12780
5273 13388
1579 10056
5999 15470
5647 16862
16253 17447
3152 15474
7019 14879
10823 14677
6590 8568
13365 17202
11250 15777
5806 10974
9685 10622
991 12155
2153 8064
602 17897
45 11961
8172 10432
16020 17428
5753 8290
1899 13067
2253 10583
8385 10191
6591 17614
9715 17336
6004 12732
600 8710
6124 10751
1939 5862
2547 16541
2273 11307
6818 8958
4668 5806
4532 12173
3137 12866
5147 12320
850 14820
7172 10748
7983 8048
4240 10960
3743 13424
4361 9689
10960 14528
4233 11438
6062 11455
7719 16025
9896 11657
1704 13772
3908 8328
8910 17687
3084 14151
4191 5168
5424 11993
6792 10204
8568 8732
4435 13263
6554 10385
4965 16890
9171 14009
15110 16025
8163 13821
6717 7853
4856 8726
13937 14581
7976 13468
4116 7823
5713 10379
7285 13007
4327 16252
5540 17614
4166 8195
5920 16000
2676 15988
15582 17696
1734 14734
10960 17074
5515 6217
2340 16074
2417 4783
17634 17751
6359 9617
5258 17358
784 5128
16548 17382
3806 17295
10989 14494
4055 7458
2687 13542
5732 12638
135 16914
2786 13177
6906 14648
3495 18072
5637 10922
10011 14288
12941 15426
3593 4928
13725 15542
2680 17678
3043 15510
3063 3685
5935 15657
2284 3175
9937 15874
10958 16659
1739 15158
2206 12985
1718 12662
2620 14457
10005 16303
3755 11642
967 9286
8099 10105
781 2326
4854 13274
1624 8039
2351 10584
4481 12499
5740 16764
8917 13708
1980 14611
6847 17989
2110 8416
2762 17394
14594 15096
9244 16553
2173 6229
1987 8106
5906 10191
6591 6783
15046 17949
5634 13342
6047 14664
14981 16950
4535 17194
865 13930
8237 16827
5609 15550
1052 2390
14457 17603
4766 10926
787 4911
4398 14469
8814 16827
11402 15755
5919 7153
6814 12520
158 5992
381 5683
2681 17376
5120 12259
778 11091
4561 8107
11764 18047
5260 13478
7509 12985
5541 12749
1365 6309
481 10989
10571 12229
4867 16819
3141 6467
9212 16963
15382 16736
2510 16885
4211 10566
196 5919
3749 15474
1771 8977
12517 14242
5388 6458
8573 15718
939 11335
783 15095
3708 7275
9637 13227
9956 15018
2685 14588
6294 9308
4024 4286
865 2182
4257 10402
7907 17743
299 6622
12616 13663
7466 11435
776 12876
8973 10134
12259 12866
4868 6487
11872 13863
3141 6100
5447 14898
8375 15738
1704 2184
11352 14189
16751 17130
8350 11988
10963 12160
7802 14572
10800 12222
1814 5008
10947 14627
6241 17907
7511 13026
4286 17574
6773 12603
12523 16250
7709 10895
3672 5489
10483 16387
15477 17468
519 3470
7243 8007
10620 13542
9160 11802
3978 6124
13207 15512
5852 10895
9551 10496
10442 12596
304 5068
2047 10556
2504 15134
5822 14471
3322 3363
865 891
3039 15748
4313 13949
2928 4543
5272 10855
3873 16777
16777 17196
7155 11512
4140 12253
7153 7776
3902 13881
2011 3541
10398 11870
12146 13908
8893 9956
6150 12675
3455 17915
12834 16085
3367 4124
11788 15401
7355 9509
838 3789
1907 6619
5449 8629
9694 11983
9398 15824
9105 13960
9743 12927
2496 13960
2727 5896
10960 13610
7580 10474
12514 14821
16578 17926
5318 14994
8104 13455
10369 17635
2986 3019
5091 15143
2167 15492
6109 9194
6811 10566
8038 17525
9831 13038
101 5261
7135 9676
8644 10379
626 8287
7047 7135
8468 9593
407 10707
12240 14982
10378 15584
2691 10817
4783 13885
8579 12776
940 4152
6500 13429
3959 14627
2354 8218
9146 13908
171 6496
4310 4797
8748 16347
9607 14457
8786 12642
2001 16597
12779 14838
7855 14885
1029 10586
1505 5988
5697 10034
883 7631
4900 10665
5691 10600
3332 15833
3322 12098
5748 9518
3147 14412
3904 10989
5877 10767
6959 12523
1691 7576
12984 15408
962 13596
3130 6413
10215 11041
7113 7618
9052 13325
7320 11627
9838 16688
362 13051
7339 13486
1642 1725
13050 14461
673 5557
4767 11663
4015 13095
12501 12502
2502 12889
12261 13172
4691 7364
7374 15097
3951 12095
4310 16165
2635 9652
1714 2276
11380 12112
10224 10723
6607 16130
2028 5019
4483 7549
1420 9828
909 14800
5194 12976
459 10938
913 2113
5141 8168
1290 5703
962 16235
8814 10705
6293 14326
8955 15323
551 4084
9452 16698
3956 15590
9986 18087
228 8290
1715 12050
111 9253
5245 9427
7646 15375
10150 16882
8002 8829
1347 14412
9280 10584
3847 10995
5727 10024
4664 12762
6549 12281
6327 12394
6861 14128
2995 10758
10919 16525
11809 14235
7692 13019
629 17443
2052 11844
9715 12792
5263 10692
12261 14734
15983 16824
4750 14430
212 13848
161 601
4366 13455
10758 15655
1290 16252
8328 13427
1063 16827
9675 13480
13645 15606
2800 13836
10583 15873
6550 9626
6876 15128
9420 12711
3577 15703
10072 15419
2542 18054
2025 7097
5068 15474
9307 13866
8111 15435
8528 13755
1137 15172
3870 14671
3494 8513
4882 15812
10880 15498
10698 13697
5369 13173
2725 8949
5579 14105
2575 5485
1097 4776
966 7459
13987 14128
7182 12964
2466 17105
7576 10964
4400 14387
2441 15524
5080 16129
140 2921
8952 16385
9420 16235
5306 5853
6617 9774
6745 17835
9232 9810
814 15380
5421 15834
15977 17900
1984 9775
6116 13698
14273 17872
3671 10948
865 15419
3637 10000
2864 8085
883 12984
10133 16456
1404 4674
1529 12722
814 10849
8385 9372
2178 5086
2687 10561
9767 16060
4536 10147
4387 8872
4446 15325
2710 5858
2441 13954
13597 14053
65 1966
12927 12981
1290 11438
2368 5184
10243 13051
10199 12152
7824 10875
2150 17836
9625 11038
8454 11782
1729 8952
13903 14426
6057 8085
2153 12971
6756 7699
9817 10328
9469 17226
8796 13272
1702 12278
2310 11230
11886 13585
10359 12222
5168 5301
10137 10402
6367 12844
3690 4256
4783 5577
14151 14494
7243 9470
2842 6707
1731 13235
198 7953
9961 16148
10107 12997
3250 10350
5054 16969
11025 16629
3102 17124
3250 17419
6295 12603
4327 10414
1577 14254
7513 17741
9743 12084
3752 9920
46 6567
15065 17383
14267 17428
2795 6715
6270 9892
5919 7758
923 3902
14999 15500
13337 14663
13674 15937
7743 16266
639 9096
6499 10098
962 13205
6742 15411
13885 14119
7654 13926
7076 13179
2417 6765
4000 4036
4664 16208
7235 15725
11252 14384
13784 17416
127 10710
12930 17519
1272 7939
3264 7108
8218 8232
5332 15330
1540 16617
2391 12344
9643 17284
10960 14038
2342 4815
7355 9631
4304 8534
4332 8511
7047 15515
5683 14088
4549 10918
2879 15635
12905 14521
1697 17120
2803 16831
2401 8353
1968 14631
444 16063
650 12377
5512 9460
10013 14267
8387 10524
2137 16631
11820 15252
8865 11201
4994 11462
12925 14463
12413 16082
9649 12108
1945 9558
7249 16257
748 6657
4402 6640
11810 17886
299 10769
9070 15532
1035 8831
2765 5313
3406 5569
2635 16162
3265 14598
1275 3853
2464 5330
9577 15994
157 12261
2566 15962
5149 13908
2236 2688
16596 17372
11751 14589
4523 8620
6118 8523
11170 15812
5650 14552
3123 6748
10277 13238
9605 15203
11872 17499
2864 13867
1526 15710
2821 10970
5927 17714
2279 6453
2353 13869
8632 12941
5159 7853
7913 12266
3847 14544
2862 6229
7088 9667
3763 4332
9523 15562
14527 16905
8894 16657
6138 12337
1256 13813
517 3865
2655 11473
3489 15569
12332 18115
3070 13767
1966 11732
230 3138
15992 16010
710 6100
1975 3975
3093 12488
5891 13577
5816 8930
4660 8763
784 15219
8812 15047
7690 8160
4163 14398
5584 10599
5026 13067
3690 9026
246 6439
4541 7150
2758 17699
12682 14710
8905 17214
8237 15312
1073 13240
3333 17686
5934 11896
12152 17170
11936 12290
6743 16882
547 7051
4707 14429
4372 11622
7732 17983
2635 11745
5461 6002
11537 17498
2898 9916
10655 15163
7002 12847
4356 8590
4135 6401
6065 11808
5777 17774
2676 13542
4118 9082
10628 11808
1087 4666
14346 15507
1844 4513
14637 14667
4378 10230
10766 14199
1234 7499
1124 2862
10319 12639
8461 15464
1419 5485
1754 15689
2966 8414
1661 9631
903 1737
10278 16601
964 6567
1694 16763
9972 14123
10744 11874
503 2502
4969 16345
10464 10679
6536 13396
745 3541
5623 15911
4647 11830
4765 11657
9611 12410
2649 15487
7570 9982
4059 4324
6944 10206
9685 15154
365 2172
13934 15913
13337 14286
2056 3597
9315 12177
11831 14684
6244 14965
3177 16016
3918 17316
9716 15872
7549 9725
8859 16821
4967 9649
1987 6304
2982 9651
774 5877
12414 12952
4269 4488
3748 12837
1925 11803
12081 12089
2264 4856
5852 6100
967 14881
4735 15694
7776 8235
9088 9555
16643 17131
9012 17336
6998 10959
922 2310
590 15173
8318 14305
14597 17506
10272 17007
5166 12244
5094 9649
3622 14547
10162 13325
8380 10442
3904 15042
5049 16286
7853 13342
12245 13282
12249 15605
260 3754
4688 14725
2160 3066
4870 9947
6226 6617
3293 9961
1164 12562
5683 11417
14472 15744
5919 17696
4000 16890
9062 9195
7364 10311
2496 13217
3294 14386
8420 17908
1238 1734
1746 15091
864 11842
10690 12992
17253 17391
4556 4789
11045 16389
4254 13044
15769 16670
6564 8209
8048 10992
2870 4436
13661 15481
2103 2776
3799 12697
15013 16817
2676 6844
2133 4231
8682 12611
11528 11937
991 10137
820 3084
3059 16230
5945 12427
9567 17697
132 9982
3517 10249
4699 16581
2761 5897
5788 17032
9826 13376
11274 17981
3976 4000
1142 9966
4015 15757
9412 14572
2402 3182
4159 8194
164 8345
4130 14049
2354 7514
17423 17904
7576 10342
6787 12075
4561 14482
1710 9047
4341 10758
11940 16991
5026 8037
602 4507
5758 15580
4623 11245
10236 16021
14010 16072
6047 17981
6045 13197
6113 12483
2491 15069
9068 9105
10520 18005
1175 15604
759 5462
11394 11658
2480 13612
9002 15087
1102 9917
7135 9556
1818 8859
154 609
2104 4275
616 15143
6412 7378
2552 6538
10925 15166
10628 14443
351 4084
2274 11224
4873 15376
7812 14088
8903 16518
7135 11690
12377 16561
7010 16954
1885 7588
4830 10534
2029 17785
10097 16241
1610 4010
12505 13542
14439 16240
6549 18097
8079 14093
8266 8629
10260 12931
10236 16088
1214 12344
9026 13250
5717 16927
4757 8489
872 12861
2609 9906
548 3626
8644 12830
2613 16316
16316 16553
6576 15715
13277 17007
7079 10141
3483 16352
4542 8632
15135 16641
9303 14182
7679 16015
5865 8328
2965 4040
10475 11328
602 3153
11065 16743
4933 9635
10755 16300
7882 14235
7080 12642
5685 10801
752 9275
3731 6739
735 14436
7481 12092
2052 16332
14838 15524
8437 15012
1805 10875
5149 13227
2310 7285
1684 7355
8833 12290
4451 18024
1040 14919
4422 9334
588 11657
7839 11824
10989 16088
4951 16650
11804 15401
9012 13711
8300 12707
6199 9853
680 14541
4253 7016
12389 16794
3625 14222
13478 16011
5301 17045
1547 15168
7531 9595
7846 7873
2886 16761
8893 17043
3250 8927
15327 16618
13616 17447
7719 15940
6638 15437
3198 17671
4716 5332
747 13648
8436 16652
9273 15342
697 12046
14803 16853
8804 11245
11820 13003
4092 4237
9212 16324
15334 17970
2048 4775
6748 9555
2921 17069
2714 3745
1702 12671
1291 16449
9691 17215
3344 16246
10311 12517
2238 11108
7208 15171
15153 15750
1398 3351
14206 16756
6002 11146
8899 15051
9444 10131
9969 17007
8481 8965
4558 10383
11081 14427
15373 17758
10220 13741
9715 17696
4661 15938
3440 12757
3468 12628
15365 16302
4692 12412
7739 13725
4120 14233
2420 8666
9865 14028
8681 14263
10558 11804
6757 9669
15206 15736
10577 16340
11886 16441
3161 3691
586 12527
6730 16164
2153 8632
8828 13594
1315 8132
5344 17918
1343 15564
5263 14206
850 3123
1925 7426
2877 9405
7477 8555
2441 7622
7 12872
5675 9558
10969 17247
407 3963
4398 16678
11861 16241
2017 6134
11417 14470
1270 1987
1982 17824
7113 15122
5066 5539
541 6725
9374 12735
4573 17189
6496 15152
5441 17318
11505 13876
5942 13269
841 4809
9670 10132
756 12326
11042 16436
4966 9951
2241 11327
3258 4067
8859 17056
8113 16371
2018 2052
14240 15559
1431 14168
13961 15194
8019 10592
6370 11813
10388 14457
10648 13388
14546 16582
2160 14128
5344 8336
4335 16111
300 15008
7573 17092
903 10880
9411 13184
10286 14426
6469 15802
6619 17376
10702 15334
7845 12430
4978 12126
16013 16456
4561 12776
5184 8019
7946 11642
2781 13503
886 4536
13212 15095
7580 14701
4446 17503
8375 16975
9128 14088
2313 11999
14803 17300
2987 7161
11198 16021
13 6496
227 4310
11787 12483
14581 14798
8183 9137
1490 11346
5763 7499
2441 2491
5993 6027
682 7355
10426 16940
1693 10646
13503 14097
5936 12805
10432 12865
8040 17554
11378 16330
957 5131
12560 18019
4136 17373
1165 9139
884 9967
8377 13849
10595 17743
4286 8485
12610 15870
8194 14447
778 11736
4243 9310
2948 17890
8161 16732
5695 15703
7166 9384
917 8971
14239 16565
7198 8578
14671 17698
2553 13894
6633 8237
9685 15214
599 3093
5693 17738
2511 12030
4249 13672
7779 13807
524 13746
161 8350
3890 14706
6418 7071
11567 13346
6900 17365
10631 10875
10820 17466
7471 17601
7687 16194
814 6810
4500 10692
9412 14965
7282 15281
5355 17439
12377 14128
1022 7709
1924 6127
1651 9310
6865 14465
13173 18073
4380 9666
5927 15461
812 9705
14298 16047
352 9450
10458 11642
1401 8459
10413 11786
850 7355
13898 16009
1479 7613
6031 17793
7613 10750
8787 16075
3194 14418
9631 10414
12423 12617
2543 11102
5489 8621
935 14412
8856 11449
130 8511
17014 17462
3971 17001
11804 12457
11549 12362
5623 8079
10584 15729
9589 13660
14118 15257
10285 12795
5431 16383
1055 1266
2428 17788
519 967
1540 2216
2853 11446
14030 17214
17006 17939
5777 16004
10426 15798
4306 14890
5094 13793
11352 13689
8489 15100
6682 7567
6317 15068
1347 2869
3817 8743
1477 4069
4558 14627
1733 12244
8044 17123
4899 9305
6202 9052
2166 14823
1358 8859
5721 14160
2148 15824
4402 6327
6328 15740
9725 9967
2778 5719
9504 14380
172 6198
1367 11844
1841 15416
4398 10313
9313 13641
1710 4271
260 14536
9011 9389
7355 14570
7270 8272
15884 16504
453 16628
6256 14332
2291 13029
3888 5542
4592 11462
5055 6014
11801 15614
1651 12435
3095 9484
5341 16151
1818 3274
8416 9001
5516 5861
5758 16551
7157 11649
164 10426
2593 11724
2891 5931
7958 10588
1569 11528
13076 16411
5029 16371
1526 3701
6538 14351
5395 16132
1107 12505
5731 10782
14267 15827
469 5818
8167 13151
6346 8578
9790 17980
9534 11230
4336 18120
13814 14062
120 1192
6296 14391
8578 14066
1612 6057
963 8294
174 6007
2836 8915
8739 14436
2820 11898
9061 16650
5449 8043
10459 13583
4573 17470
4728 9402
16514 17957
576 1177
9715 12078
13226 15947
4729 5308
10024 10782
12505 17249
8687 16250
7762 8510
8915 15258
11161 13165
5486 13731
9300 17348
4765 9318
1416 8811
4951 13277
5954 11495
4953 7825
4404 15328
11095 16052
9319 11487
5229 13247
7092 11404
7075 14128
13793 16521
5685 6359
9378 18010
8511 14246
10948 11250
1857 8763
12832 17199
3248 5298
6045 12052
14120 17748
108 4011
6537 13114
2885 4639
11095 13804
2879 7745
10972 12542
1176 10186
2038 5481
5318 15414
11793 17862
5542 10912
3740 13003
6978 11542
12060 15635
11146 11379
1369 7378
14711 16656
75 17498
4725 15378
4587 16827
7384 16859
2291 14242
4029 16411
4248 5383
13578 16411
6413 17612
13689 16325
902 4382
6666 11818
3298 11586
814 15765
3814 5442
12399 14442
526 13902
2534 7433
10766 10880
14128 16963
1441 12997
12415 13972
294 12121
404 12938
12170 12788
7982 9446
5047 10078
2009 13726
1607 6428
4957 9220
5417 14221
5210 9465
4028 13600
4870 5287
4870 9198
10951 17974
5815 12603
873 16110
9819 11554
1854 12812
11980 16516
14715 18081
2417 10316
8632 16114
3132 12664
6668 11235
9691 14882
5424 17453
126 13147
9449 10527
10519 12865
12976 13464
1895 13365
12749 14601
909 2497
920 4161
2483 12005
12971 16133
6937 14538
3820 13180
6100 17879
4361 10201
11712 16202
13813 17763
13789 14587
10024 12590
8111 13848
6619 17943
2625 12664
4772 12762
7153 13176
8285 10760
20 6047
6065 7301
1195 13548
1290 11985
6907 7725
4497 6100
13325 14528
3492 3635
941 12422
2884 10769
6241 8369
964 16119
4870 9208
7009 7281
4818 14181
3763 14247
3241 8244
3287 4010
7380 10191
7434 16747
12098 12293
1996 13105
4538 7299
9335 10598
3294 15528
11830 17862
2251 10995
9647 13035
5457 11771
3111 17702
12253 12804
16302 16904
13474 17262
15 1694
792 2153
12035 15157
2565 18028
2761 16941
13111 15959
2126 13864
1 17610
640 7334
864 1357
5352 17237
4982 9113
2942 9637
14118 17078
9198 15171
12837 15131
6298 7824
6327 16541
3340 10606
4624 8211
8420 9442
9461 11231
13167 15582
9805 12980
14302 16721
151 7812
7411 10643
6177 16235
13385 16324
886 11161
9636 10586
12488 14455
4377 9629
745 3496
8988 15584
17029 17619
10723 15561
1306 11759
3388 16508
4755 6730
12418 13073
9745 13475
7135 17366
1724 2153
110 4067
5494 15361
15770 16021
6651 8973
5919 6023
2259 2626
8173 16857
16657 17678
5541 11449
11121 14340
7887 12491
12718 16147
7728 11367
2417 4050
13003 14981
6760 14624
7009 7762
12561 14015
5205 13173
1941 13206
4722 10993
11360 13322
11646 17376
13982 14631
642 4917
5141 17681
886 13672
11230 13761
7475 8755
8387 15873
9524 11521
5833 17905
137 3631
4547 9430
5095 9828
4514 11925
3800 14947
4189 9819
13565 14314
538 10925
2457 17907
1718 4231
3508 17852
934 5545
4305 8975
56 1694
1186 6955
10238 11800
2859 16246
7374 9715
8552 18120
5304 17404
5541 8816
5806 10520
2976 13341
10702 14639
6054 11174
4255 9334
8461 8601
3472 5827
2862 4511
722 12058
14114 17216
2343 13168
5028 10426
8437 14598
1158 12610
6128 6490
1980 10566
1178 12106
2972 10238
5584 7899
381 4953
8111 16339
160 1583
11903 12075
474 3404
8123 10618
5486 6349
1720 16989
3238 10817
10367 13486
9868 13200
2006 10461
3013 8496
7859 15461
2436 15662
2560 3023
1178 9378
4783 4951
16549 17949
10112 13628
13741 16333
4758 10767
3165 9869
4257 6989
962 16230
9378 11274
9547 15032
10056 14220
3891 17865
4292 12222
9669 14760
1505 13739
4821 14428
4743 11623
1715 4401
7594 8672
7851 10642
9505 11255
9010 15640
9852 13135
1610 8925
10166 17681
2858 18015
16391 16990
5181 16145
11242 15375
10328 11854
12313 15105
16376 16972
4496 16105
11274 15369
4484 7295
7119 10893
3268 10577
2933 12971
3537 8897
688 5574
8072 14491
4620 9571
2075 6027
2597 3855
7267 7840
3496 8715
7531 11957
5811 17692
4519 8534
2213 4411
510 14572
12093 17292
260 16433
12332 17131
12711 17989
5289 17087
4826 12124
15406 16382
13745 17941
2249 8416
523 12582
1805 4665
359 4911
1737 5704
1786 11157
5891 10960
7243 7285
2326 11701
3304 4295
2423 7745
5231 16794
12167 15332
12038 12935
14361 17310
3496 16743
955 1071
9555 11146
6047 10727
14114 15582
2351 11591
2869 17990
4400 12281
1540 8225
12060 14426
1844 10875
2048 12240
2046 11235
10224 11231
11591 17989
12414 12576
8081 15432
763 13784
8270 14701
1865 15916
4126 14049
8489 10921
8975 17226
1787 12920
5578 15131
212 981
153 2383
4307 9784
664 13338
10426 13763
1087 3404
13453 17481
8501 17276
4549 9635
4182 10534
1652 14204
8328 14119
7946 16505
7231 17601
4673 13495
586 3235
7199 13250
10121 17456
7824 15953
13648 17138
9044 18057
9646 14364
9840 14419
4880 17120
573 1180
6657 7994
8328 10871
5852 8536
6684 11661
9828 11448
8717 10161
3482 11904
10631 12252
5461 9947
759 6327
4880 14346
6458 12927
2836 15322
7334 9450
4135 14536
8547 12318
10011 12613
15300 17678
2438 13112
15458 17963
8007 8965
1401 14908
3055 9617
10974 16597
3970 4590
8977 15654
1105 3132
13760 14823
14856 15416
8984 16756
10974 16488
3468 8977
510 12889
49 991
12155 17494
7975 15210
14429 15664
11509 12970
8915 13698
11982 16456
8229 13135
14233 17763
4120 9607
4773 10278
7395 9223
2845 17404
4755 15798
1065 4467
12749 15091
12290 14650
15873 16250
2722 9607
2144 9595
1697 14662
11624 12795
7660 15814
4699 6406
10268 16751
1914 18115
1652 14567
9736 15561
8506 9819
5791 6313
597 13903
11463 13213
1757 10172
7381 14937
11288 16513
9291 12934
10045 17002
6251 11197
5920 16008
1975 4189
6997 12505
2907 8318
9285 16698
2253 6406
4037 17419
12602 15484
3013 10172
14931 15044
1290 6715
6467 15173
6097 14240
9061 12117
399 15450
6503 8715
814 4338
5155 10107
9176 17120
13389 14049
10947 12110
5353 12821
8180 11294
12303 13878
10915 14589
36 13651
4853 7381
6754 17623
3333 11458
10378 12432
9372 14576
4880 10993
10785 17988
12344 17001
10591 12050
2684 9703
2121 7940
2765 7807
5678 8086
2173 17670
9501 11957
970 12149
1778 9580
1684 4390
2161 17351
3462 4233
1986 13173
5160 5426
4676 17520
3935 13951
1992 15742
5288 13813
10452 15223
16469 17026
6090 7855
2059 7441
532 12440
2060 10925
5089 15143
6381 13338
12886 15057
2484 9512
11126 15283
850 13834
1701 16702
5571 11804
11003 17590
949 13007
14832 17822
2557 11800
9055 17481
6100 8369
1714 7655
15041 17297
15437 15812
1024 4487
7745 11528
10105 10583
2982 16588
15032 18014
7503 17087
7447 13620
3637 6447
8195 15323
7243 9778
2282 5853
10378 13840
11431 17345
333 5245
7355 9474
2417 14242
6399 6410
7629 8536
362 5301
11038 17288
4699 9558
1177 16025
2841 6229
5027 13659
3175 3574
3617 6340
5029 14966
8099 13669
9241 16034
6810 12328
4785 17376
1841 14855
10342 15805
8141 10378
9512 10481
13813 14129
4231 6973
10224 11800
5123 8644
4166 10960
12615 17277
9627 12259
3900 5924
16722 17131
4182 9256
3907 7556
4331 10278
10504 15045
235 13737
6307 15787
10995 17612
8552 9220
6094 7295
5943 11691
10320 11121
7913 17185
8083 10060
5222 15983
2517 15105
1001 18043
14357 16498
3802 13188
10352 10821
4409 4631
3132 16702
2886 13890
5301 14662
3211 3594
3827 4503
2547 13111
524 7034
10106 11876
7882 10161
5341 12257
5421 8768
2547 12477
1130 14798
4982 9736
8287 16599
7509 15474
14940 16702
6412 16626
258 17981
6980 15416
8973 9819
4711 12046
2120 15806
3661 14734
3390 14042
46 8115
2365 8578
6986 17897
3349 10001
1851 17314
6427 17464
8809 13813
877 17803
4982 12064
1296 10468
1002 2840
5579 7114
12795 15662
1913 14461
5880 9567
6873 8530
13834 17571
16546 17744
8205 13873
8040 8328
7470 17907
2502 17007
9134 10179
2691 10908
5934 11575
1740 13354
4809 8101
14496 16539
599 9969
10783 14471
1714 13726
1707 14618
2056 2253
1983 3970
120 3457
7002 9047
2409 10563
8715 12749
3455 14840
12460 13227
10134 14220
11926 16718
14527 17470
3581 14118
2434 12559
7123 9657
983 16149
4305 14597
1663 12499
13876 16903
4182 17972
5574 13651
4031 17435
784 9405
11752 12570
575 11874
3169 11834
14380 15334
696 14103
5315 6699
2436 9896
1001 12090
3416 9743
2273 4253
8179 8719
1535 16198
4058 8582
1455 14128
4989 10755
482 15437
7982 16419
8185 13183
16081 16696
6034 15183
1707 5075
9863 9969
1254 14629
1723 14263
2018 2483
8167 17633
15368 17518
8428 16307
1 5719
8700 17300
15588 16811
6591 13202
14612 15911
5352 12191
5877 14552
4662 15661
304 6732
9966 17496
1234 6317
3803 8209
3907 4304
4066 16382
6173 14005
11879 17704
2127 13995
2403 14615
8579 9607
3455 5661
8284 14801
8717 12979
6327 14393
680 5704
9743 10191
4830 6317
2480 10750
7358 10316
2148 13821
10742 12404
5026 15827
606 14497
5730 9064
2310 4723
9114 14442
9105 13217
7531 10524
2542 5877
4037 14631
2253 4921
3976 5095
5168 14987
17345 17642
12905 14527
1035 17373
362 14096
15285 15351
8123 17712
8300 9713
13219 14855
1479 15826
4338 8218
3904 16629
9795 9967
13816 16702
949 11170
9580 16983
11257 16162
12638 13767
7356 12263
11307 16866
131 2480
3353 10150
5151 9712
9064 12134
8751 13876
6632 9448
1711 8240
10140 15833
5987 7026
428 14531
13816 18113
15 2242
6177 8890
5909 14742
13246 13445
4349 17523
2682 9598
739 6585
6640 8568
8601 15870
2968 16467
6090 8489
3748 14314
14148 17334
713 7664
7297 7589
3123 8091
2182 10486
2079 3958
1234 14483
4247 10926
7267 8273
9205 10944
16997 17645
6090 17508
2177 7301
6738 9210
3894 17617
12610 16383
2605 12395
4359 14486
11872 15323
57 680
11655 12336
1327 12512
1279 17689
10409 14555
18 17747
575 4665
273 10419
4011 8490
2722 15595
2508 14069
1348 4032
8700 16376
5159 13051
10556 11153
9507 11229
12681 16547
13231 14240
1158 6209
8795 10800
13361 14300
2177 17226
15011 16303
1721 3931
3958 7531
5507 8215
2347 7415
2056 5542
603 8936
17774 18099
10676 14971
3375 10881
10191 13167
3710 4641
11848 11850
10150 16324
303 378
1114 14782
10180 17319
3865 11084
4032 10915
2382 17762
5228 16391
4280 9125
6266 7331
15085 16048
763 12711
1619 14230
6335 13703
6643 17900
13683 16884
11673 14685
35 12936
12502 17387
5049 5280
12491 15917
783 11357
7171 14840
4843 10626
8924 15950
4504 10224
3095 15820
1734 14927
9061 14165
9006 10021
1368 5919
14351 16191
16263 17805
5811 12751
8568 17581
10566 10702
9332 9819
6795 12366
8975 17811
634 640
381 15697
7427 10561
7221 11933
3891 8172
6700 17730
2762 7299
7150 12253
4869 7355
8123 17835
6439 10895
1331 10137
10367 16365
5697 7709
9595 14572
3573 7496
8732 18096
4538 8065
11702 15201
11329 13183
7441 12623
4921 15697
8710 9348
5306 16943
8981 13348
1358 3346
6661 14128
13402 13538
153 15068
3404 16224
1877 5291
6499 16384
452 14422
2601 16361
5531 8666
4522 16789
1720 13511
2678 9956
9469 13456
14242 17226
6312 6390
5152 10570
498 9482
3425 12446
13969 17989
5545 12628
299 9259
13991 14437
9393 13073
5358 12191
14671 15868
3905 6376
5445 6158
8350 15152
4590 16898
352 10934
4631 5589
5159 12261
4911 7030
4249 5079
9736 16179
3533 9283
5202 12006
12998 14389
5455 18021
12805 14987
3298 6653
7865 10247
8808 12134
13 10012
6134 17751
4699 12219
2685 9278
4755 16157
2376 7832
3129 10435
8489 13686
1983 11668
20 11012
5898 7965
6128 14500
1033 11996
171 1636
4040 17607
16 4249
10974 11470
1815 11876
7114 15179
4218 13470
633 14096
11510 13865
8369 15561
12109 14781
10316 14662
14254 15812
482 1296
9261 12469
4957 13186
1357 17539
621 4601
11839 14462
5830 7827
3935 5434
3388 9673
15192 15300
2948 13012
5159 6447
2555 2625
1716 4121
4676 8955
6916 8055
13589 15539
6129 14723
4390 6466
5090 16065
519 6562
8534 17702
4335 17675
1290 6054
2834 16588
13930 15461
6062 11458
991 13029
4351 15461
10245 11383
7580 10749
4403 10848
6614 18018
5060 8075
1975 9651
6792 17154
5394 15503
8363 12985
2428 13903
8568 10974
8046 15367
100 14119
9736 14240
6271 8710
2761 3720
5889 8956
894 3289
11941 16088
12542 18080
2620 10604
14466 15989
4944 9489
11925 12990
9584 13958
2110 15870
1308 12560
14082 14648
2917 16560
7218 14053
9637 13650
9270 12339
2210 3407
7733 16364
3606 13035
15293 16987
2279 2676
13612 16943
6949 9706
10600 12289
2605 4276
814 16325
3400 16659
2858 4402
33 12925
3080 17811
1644 12240
780 11119
6413 11723
15512 15998
14981 15911
907 15512
1244 3408
2051 9954
8007 9004
1234 13445
1526 8344
9205 14937
9953 12696
10991 17331
12375 16083
6467 15479
1785 9088
4199 12284
3428 7926
7451 15837
2048 11731
6309 15654
6715 10023
10170 14201
12872 16220
7745 17788
8096 11658
4019 8717
1654 11619
6298 9220
2878 4398
49 15135
351 16164
2840 3942
11666 16755
2025 16241
2376 14757
8911 16827
3674 5049
4896 10591
6649 9386
1712 5101
2391 9073
8215 14614
5294 13559
1721 9163
7717 16525
8568 12276
735 12099
5277 7343
6126 6199
12290 12454
6047 12523
4258 16272
1178 1404
14281 17684
3355 4734
741 9460
4374 10632
7760 17052
8415 11178
10842 16800
8312 15365
11280 15284
5654 7072
5931 8555
5943 12628
137 17696
20 13868
10194 12367
1290 2466
11611 12537
1931 11709
2046 4880
5631 10778
8507 17040
3489 5075
3931 5758
6938 15870
8195 16088
543 8163
8555 12861
8455 15936
5642 17057
2417 4290
5806 13911
12991 13105
776 2877
1477 14844
2081 3058
1774 4545
12318 12653
907 9225
7802 10698
1915 8254
3111 9374
6294 12623
2022 12981
2394 15649
925 7181
5935 15362
6067 7345
2446 8222
13909 17873
6298 17569
6062 14447
2073 3111
9069 13533
10556 13184
7002 10893
3267 13250
9 9926
123 8568
1315 1441
9212 16580
8290 8449
6550 8998
9888 12491
11698 16009
10172 10620
9956 14048
4623 15534
3584 14521
49 11732
6561 17577
9868 13562
7109 14319
10060 14026
101 13227
2711 12589
7357 10257
3254 3379
1924 3175
4118 16956
1754 13930
8690 14023
13868 15172
547 17080
9675 10215
3204 8099
5637 8111
4880 10351
6894 10960
140 10367
4549 12443
9268 17816
8167 8204
46 2179
9471 13542
2148 17702
2242 8371
3349 13062
895 10580
2578 17309
1928 7517
7914 16500
7243 10065
9785 14896
929 2552
14220 16539
7008 11230
8083 17793
617 1754
109 1598
2563 10367
11042 16683
1928 2606
2629 15198
8154 11389
3496 10768
6317 7406
9769 17249
3759 6748
2542 11122
751 11157
2441 4668
14158 16688
1980 4113
1090 1095
2073 13227
8336 13293
13804 15238
915 11440
7583 8666
15962 17990
5794 8897
8212 17052
311 6090
4409 7549
6649 7173
7763 15284
5040 17872
657 2160
4373 8786
5568 14439
7358 14662
1710 6855
5306 6220
13073 16006
14025 17007
12579 13819
2466 16250
1951 18039
2105 13602
7680 16140
1852 4723
8453 11336
5149 17007
11982 17899
6765 13299
2749 9073
116 7997
241 9259
6025 9292
1295 6012
137 15365
12101 14801
13813 15018
140 18051
1687 10742
5597 17763
3440 12483
1324 12101
7475 15181
6403 13167
10367 10574
1736 17667
8434 14242
6371 14189
1332 16641
7692 13753
2210 15920
4402 8279
8380 9595
15525 16286
5806 6938
2108 12746
3769 4928
8350 15672
5074 17189
3707 8487
3626 11848
13086 14068
3132 17177
1114 9732
5068 7509
7779 9828
1290 4055
5717 10085
8618 10405
807 13874
1654 7855
7919 17062
5207 17330
2807 4560
5045 9128
5985 13676
4772 11209
4665 10311
3546 7684
1179 14499
5605 13453
3611 10892
3310 8164
10150 11116
4943 13355
11201 15171
12049 17763
1534 8899
544 2502
314 12572
11542 13213
87 4391
13048 13702
4491 7402
7285 15273
1533 14671
12498 15480
8511 8956
11250 13489
1723 13706
212 14965
2982 6283
603 3581
11872 14248
5183 16080
3507 15274
14473 17989
1928 11804
2394 11048
2753 5822
9 3161
12607 12832
10287 15522
2128 9558
10631 13035
5613 8195
8046 13813
1265 4406
1519 17346
3789 13166
16193 16505
2213 4085
776 12759
11444 15171
9484 15582
2452 11988
9662 9950
9336 11808
9618 10501
5509 9676
7875 10381
8170 13572
817 4282
4002 12155
12311 15105
12291 16236
5192 7097
3058 7348
4951 16684
5198 18022
8237 15164
4256 16502
7433 16257
282 1466
817 10520
1966 16541
3858 5659
3917 17046
906 15460
3187 15041
4097 13735
11980 17455
10520 16541
1922 3191
1712 13263
4870 13960
7509 8843
6884 7763
555 13112
2626 14432
94 2382
9166 11076
7249 7971
4854 17029
49 10767
142 11401
13548 15449
13646 17255
12412 15332
8831 18081
6330 14049
3058 17120
5697 13115
7583 14254
10782 16942
6453 11717
13650 15604
2942 17334
5198 6887
3407 12700
6469 9443
3115 10714
8363 15258
7882 14457
6534 16994
9178 14240
2130 11162
4161 14153
4880 6518
1103 3349
101 10461
8912 14587
2635 11235
281 627
2160 17678
9072 11149
5548 12861
8403 15317
3670 13921
3690 7102
2606 15868
6892 12457
16002 16502
2291 8856
1175 10643
16738 16829
13760 16683
9838 12667
9786 18102
7355 14114
6457 11410
3724 5569
8534 11313
8859 9469
5911 7047
2411 13013
8573 9397
8061 16085
2751 15160
3177 6896
9713 12707
16469 16768
962 2253
14714 17170
5433 10426
2060 9518
4287 10781
12021 16588
8328 8977
1455 14240
7514 8632
4358 9460
264 16684
100 2228
3463 16503
2144 3869
9947 16870
14631 16316
7000 10580
2566 4783
9378 10745
2711 14038
16866 17011
10002 10993
8422 14200
7282 9643
2417 16911
1219 4634
13895 15898
9055 10857
10318 13004
12758 14870
3666 8487
820 5631
6810 16198
10744 11664
11867 13839
73 16871
779 12876
9406 17373
9897 11960
4031 7732
922 14798
2750 14401
3235 16171
5165 14648
6140 11462
3425 5597
4755 16262
7812 14658
8204 14868
1358 6368
1340 14568
11818 13924
12990 13168
5155 8134
11525 13280
4967 7243
2417 7374
5253 14809
11 12021
7328 10974
3289 11512
6628 7732
12480 17320
8258 17712
14981 17635
3359 15646
10310 12942
2952 3942
11863 15333
3165 13455
518 3185
11003 14677
11689 13104
9960 12298
5095 5662
8847 11447
2712 3933
3118 11230
10895 15135
3594 3737
949 1684
9956 17796
177 16508
2323 9743
4798 6937
1723 17610
4590 7483
2523 15005
308 5516
8540 16597
4530 13830
2110 9001
3697 15573
3494 16873
5231 17284
3289 10196
2282 16870
13472 15446
3612 12851
5776 13585
14931 15525
8629 17567
8478 13801
7182 9802
2365 3070
3814 8369
555 14398
830 12197
2365 6978
11135 14494
4519 9077
5880 13076
10580 10592
2685 6977
4477 14723
1969 9928
4764 8710
710 3132
5091 6981
8784 17657
10735 14982
4652 16048
9116 17300
7187 9473
3139 3631
2267 4312
9060 17007
8216 10558
1589 7815
1338 7030
2858 9732
10628 17376
164 13083
486 16991
6609 17895
3165 8622
2762 14528
9630 17521
2166 10769
12252 13585
11415 15705
1505 1965
15783 17774
1928 4332
6304 9664
16069 17635
8644 14756
6131 8578
299 4877
8807 9598
1001 3860
569 16474
3293 4231
8856 18010
11389 13497
5308 8975
14506 16636
12265 14218
5609 10316
13698 15316
2217 10314
1702 14159
7922 12249
9927 17925
6745 9926
13515 16124
12971 13478
9887 13706
4567 6116
4241 11743
75 2939
2377 9980
8046 8489
1639 14358
9302 16876
3462 11438
334 16920
8111 14367
10161 12544
7016 15018
7275 8809
7285 9595
5832 14457
11622 17850
7448 8259
352 4528
13182 14267
14300 14331
12364 17841
10821 16408
3416 14486
6198 18010
2367 14189
2805 11708
3631 16751
1115 17106
10778 15166
14838 18047
1368 10509
4253 10010
9595 14650
2982 4060
127 597
539 1021
1809 13509
5423 16438
12963 17578
9396 9559
9904 17400
8328 8601
2969 14521
1 14923
2584 17303
5348 6792
4765 4957
8328 12999
4822 15932
6517 16859
3736 10444
15 17590
2176 11961
10989 13338
14119 16383
1348 7328
5478 17302
11259 17505
15604 16521
628 5998
4401 13354
13843 16671
581 1137
2862 14567
3066 9253
246 13132
2480 12624
4772 15110
1358 9611
4284 16330
11170 17912
2052 16397
8630 13011
5993 9134
5148 7451
6537 17007
16324 16352
882 8425
14088 15068
2673 17105
6013 7512
2708 4963
13651 15871
12351 16050
2009 2679
5074 11505
11917 17567
3437 14767
10791 11123
13208 17864
14118 16859
7624 15754
12364 14985
1548 3671
4634 15936
759 12292
6118 14756
10002 15654
3932 10766
4869 9376
2669 8533
125 7284
8328 9471
5726 11591
3365 10314
2967 10628
7632 15883
9524 14001
4509 10873
3400 14023
5308 16811
14536 14893
9786 17958
482 8006
11319 18022
10342 13038
3164 6784
4608 11967
4674 4762
7679 16291
3248 8039
5134 11004
10147 13890
2291 14664
2713 7717
5788 10565
10354 12505
113 9212
6051 6671
907 15412
6053 10524
1987 9068
4109 12072
191 7732
5084 14764
9927 12934
9545 9567
2967 14400
1114 16751
3195 10289
6361 10586
4015 12109
13995 16352
13160 13250
2145 12908
10390 18010
9296 13271
7481 13325
3115 15172
588 14426
111 1732
8423 13641
2818 13093
8406 14290
4252 11360
5283 9249
8006 8437
1805 4765
2722 11808
9969 13885
4477 15870
9973 13217
7862 10222
5196 16081
12445 13361
12254 15334
6453 15959
9176 12244
2553 3234
10986 14898
13213 16650
508 607
455 2183
10062 11975
4691 10745
4917 9247
13175 16035
11275 11449
8604 13429
11231 13152
1711 5623
12711 16148
14388 16083
2483 14392
1883 6586
5068 15334
6500 12925
4788 5538
2684 3671
8623 14568
4310 4621
13320 16568
4951 11925
11988 12474
4230 14772
11820 18015
81 8369
8046 14360
1348 14589
6707 14026
2597 5578
12638 14209
8369 15868
4361 10543
10628 12739
2619 14227
2780 17604
1357 14331
5731 9178
136 3383
1192 3153
5845 15387
11404 13274
4788 4957
8815 11541
10053 16819
1244 9822
839 11116
5091 12538
10424 15879
8533 12214
7189 10750
2583 11182
9578 14202
11886 12762
2038 11421
2592 10598
15319 17262
5780 9305
7517 14494
4317 13342
1117 7155
6294 17358
8594 14751
949 15694
8087 15254
14934 17496
10619 15696
4381 16551
3466 8718
9685 16434
1987 9885
7891 15689
3775 9171
7477 12505
6952 11535
353 15174
541 9137
991 17190
4477 10342
4757 14931
6413 8218
12073 17695
814 3087
1168 1926
11179 15116
9268 16352
942 9727
2635 4590
9983 17225
6244 11198
9681 13256
6895 16014
12505 16488
2801 12622
4469 10364
5568 9507
10287 11866
5897 7533
5661 17625
14557 14558
4725 16920
3455 5794
2510 5852
5660 16620
1398 4635
7153 15392
5701 14165
2277 4062
2086 9982
10622 11538
2542 9113
4772 4817
2081 11717
9821 12964
7656 15647
1067 13876
4743 6198
16513 17712
10525 16732
11269 13449
1992 13341
10692 14851
6178 13750
840 15232
840 15717
6555 9783
13965 15187
6340 14734
14061 15605
1939 5842
10960 17031
1290 4991
441 6340
132 230
1163 5093
11596 12131
2188 12812
9217 14628
8568 9403
12366 13794
6400 7926
5541 6620
4154 4905
9178 15173
5226 7499
3019 12254
11554 13711
7073 15030
2678 8350
8975 15100
10900 11421
6657 13385
6961 13872
8356 16157
1654 5344
13648 14926
9731 12640
3907 13660
2557 12291
1420 3495
2635 8540
12247 15986
10597 16541
7026 8172
6092 9619
515 13994
9308 10895
4665 17862
5333 8839
14211 15748
3044 7599
3386 6377
2282 17419
212 13019
6331 17116
8393 10628
915 3974
6783 16513
2038 7006
1793 8115
8276 9667
5097 17170
9267 14860
7983 16652
3569 4068
12161 15661
11801 12762
5822 10464
8818 11280
16411 17419
800 4490
3131 17915
1455 1720
2009 17358
110 6280
203 13927
557 9571
6377 14444
6744 7103
5449 6054
7384 13342
1642 14391
2310 17105
4521 8064
5084 13434
323 13950
3339 15581
13325 17404
10024 12050
284 5393
7364 14426
7785 10260
13186 14471
12696 14406
1726 4310
2687 14276
9524 9584
2064 10011
4173 6198
4200 13724
1844 7486
14598 14611
6057 9482
1707 15192
7473 18005
1020 2722
1973 14482
12523 17514
862 14386
12075 13943
7531 12459
3132 5852
4958 9398
3755 10307
10311 10536
814 14122
4620 12503
7544 17914
1750 14317
940 5397
1062 5999
12460 13569
6346 14444
10524 15512
9789 14589
323 16369
5758 14263
10944 16931
3095 4255
3929 11535
4180 6898
11869 13988
8804 12106
3253 9464
10449 13189
3809 7435
5128 16539
381 14483
1527 17589
11807 16383
3917 10566
1723 6957
963 2986
14751 16115
4634 8748
15550 15996
3001 3472
16898 17828
1158 16545
8237 8911
8762 15114
1628 17212
967 14114
2972 8833
1526 2466
5489 16431
7339 13325
2748 4312
6413 13272
4182 15740
4441 5026
1187 15274
1105 15019
16262 16777
2504 6611
1192 3267
171 18010
4957 12050
1490 16816
6222 8371
11180 16193
8043 9766
2282 15173
2891 8476
3574 8046
8915 14927
5045 14185
12068 16084
5646 6938
7499 12181
4372 17401
1731 7680
1343 7346
7243 16456
3752 16988
11383 17049
7462 13389
7291 7943
3346 15593
4940 4984
6848 14267
8242 8527
6052 7056
8000 11231
6639 9039
7517 15292
5943 7692
7173 13880
680 3915
7242 10520
9847 12537
5744 8449
3099 6339
8530 14471
11444 14209
6 15569
351 4134
405 10065
6451 16693
444 5096
6327 15323
1477 9969
232 1192
758 8185
5068 17744
1721 7531
3234 15635
10165 13427
13904 16474
2966 16241
2857 8237
15874 17136
6313 11228
5265 14364
7212 11443
6457 17020
1290 13205
1526 16549
12247 18090
1229 12460
12090 17215
7407 12219
14701 17581
1381 2634
378 8350
2948 12816
2497 5760
13840 16111
8859 10514
4968 14444
11698 11827
1231 7337
1326 8727
7895 12547
17094 17206
2365 8167
11881 16227
783 14360
5934 7717
8555 12240
16505 17809
13843 14578
6937 11449
4957 11268
12047 16047
7842 14648
2528 4648
5256 5445
8239 13041
14510 17572
6475 7726
6670 11230
538 16827
2218 9096
7732 16094
2419 12175
1415 10606
3062 14220
5634 6435
484 7618
3336 5999
8682 17719
4870 10947
313 10622
5226 11312
4578 12075
6497 10664
3507 13088
903 1996
1303 15911
841 7863
9420 14331
12027 16643
627 13690
6003 6617
11179 14450
1920 4088
7853 8821
11309 13255
4116 5919
706 15659
9892 13698
9694 10431
2428 17607
15550 15792
3677 5355
13351 13671
6406 13669
10409 11401
4201 15890
3135 14159
5540 16272
8064 15830
1482 16406
10191 16940
7706 9812
1912 11383
10566 15152
10259 11386
2862 11352
3132 9214
6644 12215
1773 10294
2022 8168
4485 8144
16958 17897
8769 12925
2541 5090
5166 5181
922 13621
10031 17052
2748 4062
6420 9207
8579 15230
11182 15166
7403 17166
13277 15787
10289 14426
4019 8521
14239 14528
780 2326
8988 9366
6014 15826
2560 4765
11683 15751
3119 10870
10643 14391
949 1852
5263 17912
4304 9277
11624 12060
65 12628
10744 15936
9377 13556
543 16698
7339 9052
9296 14242
15539 17029
6997 7034
4842 6378
3918 13675
5925 7284
5134 10414
2210 10833
3671 15186
2722 5141
528 2626
4943 6068
1718 14890
11221 14493
4292 12576
12479 13578
11234 12270
10068 15697
3449 4115
8496 13868
41 10325
8975 10843
1214 15408
569 16196
6328 10065
11326 11528
272 16806
7640 9210
1867 8369
17419 17981
8784 17580
5880 12716
12169 13885
15300 16546
5561 16588
3412 12993
3574 9347
8738 15898
8019 14049
14180 16626
2676 14838
15489 16391
736 16218
8418 12805
14544 17389
10191 16947
16324 17226
11299 11716
7765 17212
314 2629
9089 11169
8345 13669
4674 10284
5999 9061
1290 10895
3923 5210
6053 10765
2867 3756
1697 13325
10738 11776
8563 11591
2384 13187
14273 17393
4202 9778
10687 13531
1555 3818
407 4193
15095 15646
10702 11094
10595 14751
7477 11242
1309 15624
100 7084
10960 12092
586 15672
7677 18002
7930 13848
3520 5083
4826 8588
12560 13388
3211 12019
3573 13338
84 14802
2435 8797
1415 14450
10369 15917
11668 11980
1573 5026
865 7853
5986 13291
6385 10438
1479 13325
9212 14940
3300 7603
744 17387
118 7109
899 5172
6617 6730
33 15044
14525 15989
13697 16650
14552 16505
7514 17007
13435 14612
4200 12642
11872 16419
7198 12878
8632 17990
8811 15530
1358 4393
2497 7633
227 11137
8008 9733
5891 13755
1348 4215
2581 17522
6622 16593
12748 17033
11966 15469
967 17397
2510 3058
5245 16980
6978 14030
8525 9056
7164 10965
4743 5726
6381 8715
5386 9343
15154 17383
1298 13396
2215 9661
2144 6363
4536 7462
2745 16827
10600 13007
5597 12740
2376 14391
9725 16511
2332 3365
2665 11276
8568 9961
2506 4668
12653 16947
171 10276
3321 10562
1230 4984
4120 12446
10436 15282
6578 10524
14360 17809
176 14839
6313 14814
236 16963
8214 16684
2776 3195
6109 10675
5091 15409
989 5743
15870 17378
2742 8715
14639 17596
6696 17674
3052 6312
11811 15042
15334 17046
6178 17120
12611 17536
4036 12925
5545 13227
4301 4496
3294 9172
6665 15031
2912 12529
1702 6057
7509 9672
11184 16171
8145 10414
2160 10566
2948 6811
664 10191
7720 18110
2981 16118
5424 8758
2219 11329
1693 17603
9868 14053
11245 11661
8925 12084
585 13325
6997 12852
2927 12240
1253 9569
6539 15032
5462 10949
11552 15481
2471 15173
6195 14718
7747 17302
14400 17087
2382 13292
4398 7300
10279 13151
543 13179
4729 9423
1787 14322
16239 16684
1081 9967
17218 17604
5183 11920
3736 13480
9655 10779
4394 5079
13235 15391
8710 13135
1829 17062
3970 13385
15426 15787
7882 10351
9194 11077
2772 14037
8511 14189
10561 17939
657 5877
4665 15942
3988 13438
1290 3201
7393 15873
2629 13092
3161 15731
11055 17261
4114 7075
7517 10989
462 14114
1192 9038
6226 15219
4349 6057
1704 6096
13110 14242
5732 17990
8568 9484
6022 10034
14332 17915
3030 3084
7002 16111
8489 14365
6115 11886
1265 13166
10464 17873
582 11244
685 9402
5280 6216
3336 12404
9968 13940
3770 17159
7589 9167
3631 8913
363 965
4351 16488
1626 16924
10871 12049
4161 14466
2206 15258
9518 16835
7328 12927
1324 10292
11318 12318
5654 9229
2542 6986
2982 11161
8218 17502
1939 1987
4668 8418
7531 9269
5647 12582
771 3710
3175 14060
3386 10628
827 1496
6466 9473
4251 15194
2597 14625
2555 10123
140 8400
1983 13488
5845 9748
12041 15578
4765 18120
8795 12505
2516 6113
8172 17549
5002 5516
2776 16441
3907 7745
7420 14255
4002 4241
2155 11231
328 4799
9168 9555
2685 6534
15095 16505
2917 14625
10568 17738
3557 17618
731 14889
9607 15334
1303 17432
8863 17145
4187 10559
5374 6639
305 4000
5213 8568
8328 9778
7425 15158
6176 15242
2054 2161
3132 8403
5363 17729
2112 10044
10733 12281
1540 5919
4497 16580
5288 12171
2965 15635
3289 9953
9460 14341
353 11709
10727 12711
865 16957
11255 14274
11165 17512
1404 15104
6375 6457
2007 8661
10133 17182
11259 13874
2621 13987
7328 13151
814 7646
4605 13690
12639 13475
1778 9518
6911 17071
1704 11161
10676 11961
2534 8203
5447 16794
6604 11025
1852 10972
9595 17897
7209 14267
8870 10739
2601 4675
6100 17695
7355 14435
2354 7190
13894 15332
5863 17233
2676 9471
11421 14694
652 11717
5394 15215
7664 17572
4435 13429
15337 16301
426 4552
9378 10727
2276 13853
1583 3944
2552 11829
5981 12076
2380 5887
441 6512
14966 16385
9456 13770
4189 6730
9775 10559
4755 12377
4621 8540
12269 17977
12743 14448
8732 10960
8218 13250
8232 16539
15989 17297
1447 2972
4332 4556
7413 13960
14437 15989
1644 16584
4472 12613
4413 4688
2436 13894
8238 15499
4940 8708
523 16375
2291 11200
2522 5994
10628 16329
1122 9461
10960 16162
6100 17483
3818 4118
7027 10702
12129 12799
5711 17997
11996 12505
9486 13173
4358 8645
14232 15604
3125 12259
17150 17906
3274 6035
6526 8512
1702 15668
5095 11242
135 6744
5931 8717
2064 14511
10937 15999
12281 15839
12101 13354
5343 17358
4746 5936
8687 14719
10474 15689
4762 15181
2544 17082
3013 11936
9524 12062
5426 13741
5289 15506
2485 3132
7249 17629
1398 1857
7074 11539
303 15152
286 13559
3769 6935
5333 11854
3923 15904
8898 17436
913 11797
9748 17502
991 3881
16488 18031
12975 14199
3187 11116
6372 13157
11745 15875
8856 13620
7517 10558
5280 8971
5134 10692
4755 16221
10922 15328
3918 16325
9637 10554
8241 18030
9 13417
8046 9323
2064 16088
9484 10042
12576 16541
7759 12694
12242 12518
14352 14361
5725 11449
8403 16702
11736 12483
7853 8290
554 8943
1612 16303
5344 11619
5541 8044
4958 6094
8965 16581
6470 6564
9533 11787
3724 15801
4635 4767
7030 12944
6836 11417
347 8064
10527 14757
3425 6166
4758 8040
12926 14239
1726 4892
9307 17154
3309 11897
3917 12590
775 16292
6617 10996
11449 12155
1926 16189
13354 15375
2079 13635
4165 11504
6252 15921
3890 5573
9470 13365
9261 14129
2220 11720
3969 12600
7912 15106
6012 8975
6390 17840
9071 11856
6036 15285
725 17320
962 13763
9989 13638
14220 14496
978 6413
4665 13585
4755 13215
8172 14839
7374 13213
6023 8859
1326 13782
15490 16898
14227 15500
1786 14016
2756 6271
1997 8666
75 17499
11649 12971
4318 17401
1705 13484
2886 3887
792 5732
9955 14503
2106 16982
6978 17681
5134 14346
8106 11836
2826 9558
4332 6734
4206 8284
12832 14465
868 4941
11079 11245
5375 14518
15620 16768
7533 11328
6413 10996
6639 10947
14385 17496
15574 17838
8143 14074
2560 15614
9374 14232
8656 16324
1589 14922
3153 9295
5198 5646
9552 12722
11312 17462
10260 17628
1710 5609
3972 11229
214 15771
2603 6270
2112 8993
913 2411
239 260
12971 13455
1705 7472
6882 13763
5635 6696
8265 14734
13153 14328
10068 12098
636 8717
12781 13949
127 3902
1903 10025
10960 14239
14128 15173
10921 17951
5906 11807
12375 15160
16753 17565
5787 11218
1886 6657
2187 6330
1195 12921
4549 6368
14440 15114
266 10397
1383 11692
831 12667
7414 13764
8774 10339
1987 13872
626 16597
3938 14744
12320 12603
5911 16546
4785 8853
776 11081
9555 13834
682 10895
8369 8809
9865 17972
4872 14886
9558 10068
8578 17449
11386 16223
2447 16133
2565 11243
8568 9611
12377 16924
13028 15154
575 15426
6307 17359
4459 15308
8839 9396
5481 8385
9 16513
1689 12089
7745 11937
5875 9470
10769 18037
5896 9769
2052 15824
3713 17965
482 2352
13365 13433
13261 16823
5486 14346
6291 14318
8403 15884
11354 15406
5091 14205
1369 6500
5911 18025
6996 15080
949 2392
13304 16904
5106 6107
11757 17888
2886 5261
5277 13694
826 11505
6924 17940
4057 14766
792 7364
15791 17897
1987 10669
3204 7144
8975 11408
2902 8700
7109 9374
13385 17249
4257 16806
8846 9038
8710 10171
2869 11623
10439 13166
5021 8722
1297 3489
8149 12155
2428 11819
6076 17656
3344 16494
517 2687
8834 10772
640 6096
14570 14814
566 9024
11413 13160
5880 6650
9323 9629
1023 17422
3955 6902
6847 7539
8123 11288
4482 12707
4130 8767
1319 18006
3353 8400
9802 11525
11109 14877
14313 16845
7550 16858
6905 10339
116 3690
8094 13876
8237 16684
8134 14592
132 3138
2242 7202
2862 6053
10325 10692
8466 15245
9298 9868
7097 16870
2442 11929
78 7938
10367 13318
9887 10931
1636 14639
7545 16390
6582 14555
4964 9980
2663 15106
2474 16329
7185 17502
14025 17300
49 9614
16130 17080
8328 16521
6091 17325
1236 6015
381 9877
543 2023
682 4211
2116 9507
583 11629
815 6054
10360 11939
2370 5451
9444 16015
1175 13494
3674 5853
6280 13702
1103 2753
2177 8328
4332 17338
9418 11477
3229 17092
5091 18007
575 12117
4402 7903
11230 12653
10204 13610
9596 17362
2905 10707
10161 16902
6537 16302
7717 15114
4417 7583
362 8534
4402 5168
10960 12625
4067 13840
7153 7218
3224 10285
13433 17717
7985 15608
547 12464
444 12276
1353 1589
14412 17435
2601 4635
2857 8342
1358 2781
3292 5095
732 10868
915 15456
4352 8126
8995 16132
6554 10748
1818 8328
6537 18063
2468 16127
769 17309
11245 15647
7081 10525
13597 16471
13167 14631
5736 12015
8939 16932
15419 17642
8350 18082
1124 5851
2110 5380
13883 15751
14046 16684
6462 7927
436 1498
581 17072
5574 7939
486 487
1002 17400
2582 14161
6394 16416
10001 14267
6640 13908
8309 11645
1787 9210
7706 13104
2365 5787
962 15697
6852 17482
2556 15349
10905 13712
8093 13859
12332 17612
11659 12757
8281 11620
7599 13327
3148 15062
5095 13231
935 12377
4546 17334
2236 10529
11084 16886
2253 6853
2403 12060
4609 12070
12761 12773
3615 6434
3383 10427
2934 3002
1889 8915
5288 13209
872 5924
1081 14853
12805 14346
14341 16272
14423 15654
5724 12694
8369 9443
14496 17502
736 15151
9524 10590
1940 8534
4815 11872
9725 16026
9887 17226
4984 7144
357 9246
9885 10158
5436 12786
3496 9555
7913 9989
8061 14493
9928 15319
12681 13337
4538 5943
12467 15376
10974 15798
703 1192
6666 9748
1740 16302
5576 7737
14647 15146
397 7533
2816 7324
12254 14639
4457 8007
1701 13916
3625 15328
1298 2787
4982 16010
9956 14128
4692 10122
1048 17587
1462 4291
820 10379
8350 10017
1886 17130
4003 15318
14160 16895
9082 16862
5445 15696
5973 10097
4241 6090
13601 13673
9212 17763
6619 10002
2190 9444
1945 2354
6256 17608
5374 10559
8496 12678
8195 13368
11918 13167
6317 13706
789 3413
2510 10740
4136 10988
9798 12964
5183 8280
14005 17669
2101 6750
2814 10113
4676 7249
10960 16165
8083 17842
8717 16816
2075 13592
264 18029
4525 17021
1983 11925
4370 10558
1529 3132
6500 16489
11356 11458
7135 7348
11624 17569
4083 14022
3379 15873
8237 13618
7002 17300
4488 10503
12015 15866
1577 7380
6377 14991
13741 17170
4699 11960
11595 11727
304 4554
12505 15870
2884 5661
11472 15526
10559 17886
5623 14367
7435 9027
3463 16699
2064 10796
9116 11443
3638 16915
5093 9518
10993 13385
3520 15426
15962 17862
6453 12561
563 2558
2729 5419
10750 13930
2487 17513
2380 13354
260 8458
2111 5654
5919 18083
1259 16250
2417 9666
940 6882
1142 17821
8768 9129
2945 9258
1835 5630
7124 13355
5865 7451
6783 13703
7 6657
3540 6748
6163 10160
9099 17981
14391 16551
3414 13784
14380 14611
9618 13339
13443 16980
14261 16414
6034 7869
1807 10626
7862 13038
751 6644
6002 14593
1329 2350
12873 12874
6413 10008
2022 10702
11860 15345
5152 10474
1216 12604
3004 6619
528 4665
84 3040
5631 9558
6464 8416
16218 17382
2758 3855
10314 14274
1479 10030
13012 14239
4401 10822
8393 13621
5079 14470
6294 17983
2967 12374
16658 18031
9551 17686
6459 11306
10367 16829
12505 13338
3894 3895
11717 14482
4725 15668
12057 17807
8708 17673
14343 16258
6619 7285
10702 15273
2590 15664
895 15308
8852 16246
4556 11808
6061 14200
12398 17422
2547 11820
6978 12638
4394 6377
1691 5579
10215 13480
13798 16673
2199 6174
15647 16332
3847 15376
1712 13621
7462 17094
2314 7460
1526 2961
1485 1853
5512 7633
1778 5130
9128 10802
1835 13911
554 817
1592 12012
334 5095
1317 11384
4403 10420
1611 10663
4461 9703
5143 13256
2858 12477
6737 7307
12221 15122
8344 12925
891 7143
13932 17981
6266 12971
12464 17046
1371 16114
4727 15791
2341 6115
3680 17105
3855 15175
8568 15898
13226 17422
11619 15323
3235 12259
9431 15450
9883 15512
4649 16116
10419 15134
12460 13621
4359 14589
682 12253
3322 13119
2858 15976
11609 13745
10276 15846
609 15134
10065 10687
14841 17949
1139 11086
8632 12930
9162 10830
8227 9508
12155 17628
4256 16157
5963 6130
6894 9533
5774 13086
12999 17559
3400 4719
12477 17635
2675 7637
2279 13465
2315 6811
4116 6532
11300 17251
1719 8468
5866 13542
1642 6296
9892 12985
4030 16393
6761 16025
14645 17605
3969 4952
9374 11855
9956 11242
2277 10430
2510 8350
8107 10884
4969 9685
14557 16241
12328 13478
2732 14759
1865 16871
5611 9861
4805 16411
389 15572
1 17087
7499 17722
1983 7576
12101 16165
3811 5289
4435 9622
6467 14367
9113 16501
3386 5683
2029 13810
14020 16683
745 4870
1697 5165
7488 11200
1819 16823
3814 12253
7868 11504
1479 16148
2494 9253
2680 9676
5145 15279
2714 3743
1248 8239
11379 13131
3030 16738
6561 7312
1480 3360
8099 9897
11421 15007
4163 10590
10372 12325
14947 15911
10326 14731
7387 12600
1021 9710
5031 10224
12101 16581
8346 8393
2864 5445
1807 10294
7156 12493
1137 11957
2524 11818
1526 12272
1859 8662
3874 8533
4798 6328
15745 17848
1348 3265
3999 7590
4590 15419
14316 18046
11181 16193
1589 2939
3583 9148
4074 17079
9190 10224
6250 17919
6358 17485
1853 12642
15552 17268
9206 10502
4403 14666
584 14262
9050 15418
2424 2968
2228 15947
7614 11094
1659 17907
1122 16272
17020 17868
4513 12050
5748 9775
9607 12664
4497 6094
9268 13902
11586 17166
4116 9963
12254 17434
7745 14922
7677 11649
3812 8374
2417 13110
13174 13859
5729 10687
11815 17829
113 8495
1696 12925
1987 7322
5141 14128
9628 10417
5068 10166
7492 13898
7219 11161
7739 9251
1767 5593
10727 14205
4536 11383
7027 14446
3052 8911
14360 15087
1 5779
2403 4777
6378 14761
1966 14718
123 3942
1719 14874
7 11084
15898 16165
5064 8245
9482 11453
6986 17026
205 14410
3567 4114
11540 13217
11025 15253
1707 4351
3935 17720
7249 10992
6938 17120
6539 17007
1411 10172
140 4621
1772 15366
11228 12107
4497 5849
966 4215
13714 16671
861 9268
1702 15011
5589 16723
995 6406
6526 17730
5637 14366
15208 17233
15272 16159
307 1774
11942 14285
4755 7199
8489 16333
9583 14595
1442 6057
8272 8886
989 6640
7853 16806
17050 17862
8417 15393
3951 6584
1971 8920
807 4953
5183 15173
4306 10619
4696 8437
7173 13874
583 14426
3336 14200
8436 11690
7186 12993
10000 10700
9956 15812
1734 14230
14128 16924
2678 3451
6206 7395
6052 12959
5862 16008
5732 8632
6810 12748
2614 15481
7477 9538
6208 17698
4247 17961
171 16957
8975 11621
1102 5892
3869 16453
12072 15419
1359 14357
5423 14359
3349 9262
4557 17835
1924 5782
4303 13035
12805 16505
5165 15185
8099 13434
6395 17837
13338 15989
6784 12144
6057 7328
757 8632
11497 15176
12958 16651
6406 11777
264 5304
13227 15604
9828 17185
2939 13672
3904 14528
9828 14367
5927 15689
9685 17249
872 12654
13119 13910
3634 6525
4953 11904
6232 8586
268 3657
597 15526
2119 7517
2161 15014
7650 17015
10224 12567
4100 4129
13290 15748
2365 15584
906 16073
12871 13812
11218 12681
4249 9634
609 14179
11603 14839
14933 16485
4757 17850
4863 10960
14503 15258
10895 15629
4883 8290
16884 17691
14965 16272
1966 12445
12774 14160
5017 17062
9926 10733
9709 11386
6688 17382
8502 11950
1555 4558
227 17185
11988 16316
1626 4387
13814 14593
10960 17487
12505 14235
7477 16312
11513 11621
1114 9027
281 17556
1707 15044
10606 14426
52 8443
11745 15186
7355 12113
9138 13774
4951 6537
1987 3400
1034 9685
1966 14400
7221 10673
9989 14270
4545 15316
8380 10529
352 6005
2849 10880
967 17924
4635 10006
8158 11113
9174 17074
10853 13299
1256 9443
7951 10758
15805 15911
4151 14798
5128 9819
5943 7243
9482 17741
7997 13280
15654 17120
6330 10676
4587 5134
576 9533
3406 15245
1378 15937
16684 16693
12245 14724
8710 14990
7194 7348
991 4538
5168 13298
8853 15369
1353 8273
13763 17981
2310 17419
194 14277
6750 12281
6176 16703
3847 17608
5301 11170
8295 17605
7381 15946
12093 17320
2056 16127
1684 12259
5786 6426
4196 13664
569 1375
2776 16208
9259 15992
9098 16030
3863 8710
6128 15342
2563 10620
3175 7155
2962 10191
297 1720
12582 17656
7381 13545
2471 8238
5181 6327
2273 12711
4818 6610
752 7790
10150 14589
9706 13151
5877 16699
2501 16503
7670 12953
448 2213
10571 10895
1518 1712
948 2471
13455 13819
3040 6210
160 8314
11608 16745
11554 15305
