18670 22128
2405 21509
4092 17446
348 13856
4583 10931
1114 3350
8795 13337
6949 22536
16601 19335
5248 9076
1816 13447
19489 22536
11806 13623
1938 10428
465 14366
810 8888
12809 20213
737 7335
9209 10355
8833 14394
2776 14608
16434 16601
7455 20664
6700 19514
13680 14289
2014 19718
17294 22291
2246 7965
10886 11241
11460 15128
6378 6489
7626 10107
1502 19377
11912 21252
12961 17088
742 2036
6095 13645
5438 7287
1868 16570
5466 19446
785 849
5684 8995
2143 5958
13429 18358
11843 22951
253 880
11161 19310
4954 22620
2963 7217
2307 14251
8385 10572
1681 12208
6218 17350
337 14198
11648 19848
9626 14924
4292 18868
17480 21009
13736 22938
1978 17213
12257 20599
15471 21543
275 10516
7965 17885
120 17636
1022 5154
5482 17872
8379 17752
3646 21953
2449 20770
4950 19131
5099 16605
523 18078
461 9173
20402 20885
662 2607
506 13533
4179 7938
7661 17995
9682 13820
3792 18443
3824 22283
2979 9885
2343 10253
3811 7256
14380 22886
14207 16568
1828 13745
5178 21108
11253 20063
4725 21837
2248 22062
9671 19651
2339 5556
10927 15812
4085 4172
5267 20613
4839 21699
6998 12561
3655 7085
5751 20699
4614 20036
4172 11186
15064 19991
8614 8764
2952 19288
18964 21215
6948 18323
5289 18847
5771 18718
2997 11245
900 10980
14398 20813
5480 13180
6717 17018
14478 19128
3937 5320
461 17861
1342 7081
17790 21712
890 18424
12554 21766
9330 10975
12188 16053
1393 12112
6556 21784
13689 15006
3564 8483
6892 8805
563 15881
16 17145
2717 5853
9267 17451
9084 13966
11807 15862
16723 17592
580 16850
2071 2097
3507 22380
7753 15782
15507 15641
7773 19535
9897 14919
2679 16086
8826 9522
1481 19927
12671 17986
695 6638
12215 17610
17982 21880
9279 21233
15452 20961
8239 13455
7842 21417
1762 17550
2793 16067
5281 9847
7516 8611
11923 20819
5964 18666
14154 15688
15124 20863
12737 14430
14288 22504
12397 14551
5322 18781
2490 5159
1513 8943
11301 17263
16621 19762
4102 22837
8501 8707
1211 18356
7121 8472
4527 22276
2392 2896
5179 10286
12342 15973
1319 5671
9683 22482
1090 21080
2747 14498
4396 11892
4795 22512
2487 21809
1672 12187
3861 8451
2342 16928
8148 19069
7690 8183
474 13828
2598 2711
5174 12820
11719 12259
21374 22517
13356 18443
1065 8828
3174 22537
10389 10950
7145 18949
9299 9627
10123 13836
9119 11912
5540 8753
664 5540
8222 12253
9630 18725
579 14489
12473 17885
4906 15800
3666 21886
5135 15925
18268 21509
665 10764
7263 19114
2582 17412
1728 6787
6921 19816
10525 13813
8666 14391
325 4188
4316 11098
19050 19660
5147 22100
1854 5007
11704 18458
4259 5512
8360 12107
3176 3407
5561 13892
1907 20372
2962 12216
332 14021
3885 5658
3100 4218
13102 18205
825 22923
10973 16224
275 751
7109 14297
5166 14572
6433 11742
5702 16647
13499 20601
14017 21027
825 1023
411 19684
7935 21499
15043 23089
344 21749
15359 22901
1899 23050
12093 15081
10080 10851
2896 14146
7873 18696
15499 15503
2177 3020
12747 18529
6976 15106
11799 20869
3937 8119
1980 19541
5690 6535
12517 16273
2185 12733
13395 15727
7121 7674
9519 15497
1412 5116
823 12528
1283 14474
13607 18947
123 137
524 12192
9968 10001
12895 14671
2625 5989
16697 21112
13251 14031
5553 13872
818 21254
6390 12284
15173 19687
13074 19485
11652 19041
5204 13157
6280 19657
4278 18908
1479 21056
1022 12333
4222 11742
229 19262
3263 7697
10087 22050
4975 5081
4194 9503
15758 16906
3190 20135
9288 22651
2447 17197
14881 20883
5617 11002
1379 3347
5592 15109
8613 14767
4108 18556
735 7425
3939 18622
10689 10696
5040 11380
10025 10591
8830 22230
18440 22280
9782 16666
5761 10713
2644 14233
11796 17135
12368 13514
5109 10558
11238 16089
7989 9790
11557 19940
6546 21945
2902 17909
8682 19710
6916 22137
1505 10197
18965 21247
8757 9198
1737 14160
505 7690
5315 15661
10686 15754
10958 13378
5055 13447
12602 14767
8950 17103
5361 22991
4311 20660
3550 6071
5301 22768
13316 21922
1490 12332
9964 15304
15685 21816
8903 18290
6703 14048
14122 19307
197 13373
9324 10092
8923 19780
1901 19456
12864 15058
16739 16990
4804 20187
1679 13708
8765 17318
2617 19259
10884 13777
21593 23096
12892 18662
13082 17250
483 16412
9690 12968
5724 17862
4256 10477
3372 12734
12136 21532
14459 20289
12188 13645
13614 22947
5099 11850
7396 14529
11469 22869
16492 18875
7408 17423
5728 21544
11317 12834
571 7500
4268 17249
4429 22358
2926 18720
1045 8284
6812 9260
4076 10864
6315 21240
5303 16675
3453 6885
7506 11885
16682 22402
1023 21029
6476 17592
11866 22670
15237 17747
5686 10722
5172 10513
18271 21399
1338 15416
1372 4718
8694 17960
734 9684
6671 22097
20336 20504
6809 7899
6555 21874
1797 3985
4741 20472
15353 18847
15275 16836
5357 21358
11655 16158
17105 17765
64 9827
3730 6002
4614 11274
950 19444
4341 13493
5615 20942
5211 16890
2442 22745
16203 20934
1426 12728
5727 14693
8214 11080
11793 20480
8057 9694
20130 22536
21065 22579
8343 13540
1031 17530
4303 4849
10764 13682
1022 1265
1109 14146
640 20480
7220 15417
11648 19712
3400 10326
8080 12014
4097 13163
13983 20534
18761 20430
16299 17607
1407 19446
222 2636
8152 21814
1283 19309
701 7019
11069 14589
8790 17376
392 18783
64 17219
16104 20662
3306 18091
7257 22852
8178 10180
5661 7750
13461 19427
2076 11531
19581 20342
7453 18849
1382 5150
539 20228
8142 17879
19343 22536
15327 20831
3109 16630
20092 20340
13065 22888
7234 11184
22335 22968
6712 14963
12185 15365
3760 21951
118 7643
5225 21191
11362 18911
19168 21976
11200 22953
9382 19035
8036 8703
6440 17353
8990 18375
6524 8911
8894 12778
3067 16809
2565 12648
6700 11046
4510 22508
637 10245
5724 8827
13689 22560
17257 22194
4321 5894
6328 16194
1533 20063
12160 17264
4849 20320
4431 17471
18524 19262
13461 19342
13864 14612
9420 19207
338 13450
6279 9042
4552 8307
10309 11216
9622 13122
1024 16601
12883 16733
8369 12891
3298 15341
9336 16237
452 19761
7681 12678
10511 15307
1644 7977
12969 14134
19780 21417
12232 15997
12861 16789
9550 21569
7774 11461
5979 16195
20645 21121
9117 12626
3813 17614
3144 7829
8719 22295
5442 16133
8775 14773
15829 20662
10940 19332
8854 19189
12903 17228
2659 10470
6297 6667
17616 20560
6391 10375
19464 21078
15678 21814
2316 22220
15396 19783
14220 20794
7162 7822
15390 20982
15997 23016
8072 22916
5555 13307
10662 17129
2349 14631
9567 12891
10366 21911
17496 18985
16366 18569
783 13429
7454 16294
6405 12124
3581 9730
312 13196
9218 19787
2686 5429
12726 12742
517 7952
978 19568
13963 19496
9797 22100
13747 22451
16832 21815
1225 14980
14391 14705
12188 21334
15882 19447
1399 11328
3005 12724
6230 22536
14430 21264
21 20858
461 1126
8143 19788
827 20058
407 22492
1839 19946
6854 19589
14102 21127
1020 20615
6899 11511
2391 3435
6157 22433
398 2144
21600 22605
9569 11638
36 14935
7709 22113
526 2700
12085 15871
6846 7447
15501 21525
19020 19123
11558 16884
4840 21888
5281 19235
4521 18643
6281 14537
4496 19446
535 13042
16460 19675
10435 20841
14015 15507
11759 18365
5373 14806
19384 20898
7510 12172
4188 14653
1648 15255
1712 19630
2943 22950
11596 12613
5142 22401
1105 17204
508 1933
6591 7106
1901 13105
4174 11203
6355 11949
2071 19446
15413 19369
14560 20559
2194 13154
830 5234
9212 10331
2102 13461
13876 14341
9906 14896
2405 10136
4474 14484
2737 22782
17013 18406
13632 18852
6048 7839
10295 10366
22082 22760
2647 10070
19377 22451
8364 10158
2282 16014
5271 6603
2902 16087
440 13439
688 9658
8795 16978
4160 21687
5695 17860
12520 19193
7728 15037
11128 22069
13202 21598
3114 20103
905 6073
9383 17550
5234 21509
1220 11638
5696 7839
174 4923
6867 7850
474 21216
8841 18778
2778 5185
4486 12367
16450 21032
10488 17150
11977 20869
13179 14949
10136 13791
14291 15968
8292 16515
13402 13497
16488 18886
1023 11909
2949 3204
10272 17793
3419 15073
2336 13044
9008 9124
13757 14484
7477 13407
1800 21866
9209 9786
2507 11475
9090 9411
7067 9312
13068 16801
8435 15510
1573 2366
8102 9383
7673 16804
11194 15424
4152 14232
1815 4457
9957 15801
4029 19193
9203 16456
15000 17766
2044 21059
6643 13947
14503 20075
1333 14131
7909 10940
9022 15440
710 1634
8415 9658
802 3969
9618 10693
7664 23101
14227 19891
5525 19410
944 8040
17408 18280
17995 18779
2483 5567
960 18590
17960 22594
494 16310
17002 18235
12322 17044
17831 22023
7334 11014
8436 18885
17172 18992
7719 17435
6930 21860
871 21697
3526 12829
668 1800
5887 13118
2266 7694
3961 17465
7265 21345
9986 13725
9847 22997
13623 17881
8732 21364
902 6074
14048 18577
9007 19858
8202 12139
11437 14365
20184 21475
5728 13989
1359 22359
2793 4713
2038 2513
1782 20540
14954 19234
18317 19858
657 8053
17512 18054
18443 20574
12129 12905
8047 13246
10903 23093
1090 19289
8696 12564
10682 14400
4539 9847
7927 14088
5783 13553
9220 13389
16728 19465
5989 13589
9075 17938
22034 22204
16159 21063
11240 22114
3068 3865
12188 12426
13199 21536
15408 18950
1730 15874
12876 20721
17169 21960
10389 12745
6260 22380
5151 11332
8703 9856
4431 7489
16131 20063
10164 20470
2240 21132
3017 16390
14906 22822
9308 14416
7140 12221
2761 22647
1871 13075
10446 16601
2342 19929
14484 19932
5641 18507
231 23086
15446 22843
17153 19740
10103 11707
2830 13888
15701 20477
818 13429
11474 20237
18312 19628
7067 22369
5754 21346
9757 14410
11632 12296
9186 13576
2864 5483
9658 9861
13499 16574
4539 11687
15945 18147
275 22631
7542 13173
18153 18503
5441 13939
3703 4931
6270 7858
5144 7456
18375 18707
1412 14231
5041 19498
7436 8028
18182 20841
2300 9395
15566 15568
22630 22989
780 5330
16601 18982
10538 14468
13161 16601
1344 13765
5553 9267
4386 6493
1022 12011
3304 6311
894 6800
4157 13008
4493 10889
8571 10449
10122 13105
2757 7055
2268 17443
10197 11461
13883 20819
2519 13768
22217 22917
18070 19473
7362 11851
21482 21509
6536 19826
3610 6457
122 21163
5916 13583
916 9431
1225 2919
18949 21272
3610 20480
2882 6575
14686 19796
2436 12595
21491 22210
1733 2979
5847 15390
10085 20019
2245 8570
3847 15476
922 11010
1065 19035
7247 12125
15740 21638
1122 8720
3255 22303
7397 12751
5775 22153
12285 16000
3092 8538
167 10952
4041 20815
8871 16405
12977 13081
3011 5172
7209 21684
8830 11652
634 18635
9012 9502
64 5770
1540 21121
2460 9141
8276 8950
6916 22100
18942 22217
21542 21546
9323 11636
19106 22048
737 7003
329 13241
6216 7076
2509 9257
6556 10575
17885 20555
6654 10519
7916 12632
3032 21474
19939 22023
4650 21283
483 23069
5851 9853
6415 14722
13145 14705
288 1496
2266 22564
1747 21779
7223 23117
14927 20109
51 3241
17527 18406
18923 21791
19905 20313
944 8830
17143 20807
7478 21557
10800 11675
16125 18868
2462 3820
846 8995
4412 18870
8205 16634
502 11794
1280 5594
19415 22657
3443 12979
5861 20322
9203 14213
6543 21456
13054 16145
4431 13876
664 2396
8451 11242
259 10816
3768 21619
16656 20603
7429 21971
17885 20585
3310 20655
474 18635
4013 7217
10069 12585
288 1500
944 13243
2830 13497
3165 11022
10449 11259
1533 5225
10243 12950
1766 9233
12261 16659
8863 16475
16638 21317
6807 6811
18906 19723
288 9395
9319 16089
1407 6997
3071 16724
19819 20038
946 14752
10369 19726
17471 20645
6846 8193
5417 12326
4692 11819
12775 17542
4899 8195
8768 12582
11770 18846
4314 11975
3275 11529
10469 20748
764 10343
11914 14998
8594 12906
16737 16887
3726 7774
5859 19852
6992 10227
2877 3287
5553 18942
4028 20787
5128 9002
14503 20207
16685 19787
776 2660
1036 1553
1914 16879
10670 13806
4565 16610
12610 17489
3559 14952
2303 16425
14365 15552
15869 20260
4211 7923
641 4818
4941 6440
13995 14019
12092 21774
468 22233
12801 13255
6626 13864
10729 20454
4915 13664
4894 11477
1906 8411
5203 22876
8289 8944
11821 22455
10978 15753
11908 21120
17247 22483
3897 12512
13042 13872
201 4099
5888 17022
10097 21311
1496 19550
1500 6753
5302 12801
1042 13242
7247 9954
8030 21757
89 12221
19203 21946
3500 20631
926 15681
9795 17433
1782 10577
11535 20505
1365 13008
11142 18840
8763 20130
11192 13679
987 5906
141 7609
2349 20283
11821 23036
8832 14754
5078 5476
8759 19728
1279 15745
14536 17805
7401 21479
5615 21591
7813 17772
1137 9349
9762 11044
6235 17461
1375 19792
5101 8205
3292 14712
1828 3286
15662 19433
9578 11975
2793 6174
12624 22553
4370 22951
8119 23103
5492 6343
7755 14548
11040 11826
10271 21890
13159 14177
5923 16200
4988 5400
3466 19856
3316 13169
16556 23013
6824 16362
3510 14160
1543 15488
11080 15086
16367 18544
11687 19465
13490 22288
447 4779
8747 8748
4311 7011
13291 19444
1672 6986
5885 13486
4565 21409
2979 9867
3547 5294
5000 18463
2670 7346
10085 19321
13618 19482
12855 13665
12245 20742
15934 21035
806 19841
11277 13084
139 6682
3057 6917
5433 10627
10994 11278
12493 16466
3958 20448
1520 12221
18521 21976
16512 22327
1678 7384
3947 14019
5695 12112
807 2996
8989 11537
3937 14683
6170 19297
18377 18645
2209 11876
7106 7450
3509 22760
22186 22864
8152 10216
204 18361
3492 3725
3022 19882
4840 20614
5339 18156
5312 6994
5883 20797
1551 7826
16484 16940
5605 6797
9519 10067
8830 9694
10389 19059
13540 15975
8922 11892
3702 7005
12896 14608
16087 18631
1824 12046
10376 12804
596 11493
10385 20051
12820 14808
7337 14231
4039 5932
954 9808
2334 18620
6669 17905
1097 13837
18719 21977
4634 21721
7458 12237
14032 18730
10476 19036
4931 13541
1079 8331
1505 18703
3780 6994
1901 7785
2799 22409
11037 20406
3283 20839
7802 16208
2967 20029
13439 20029
11431 16260
3548 13282
2417 11446
6693 16620
8099 17850
8885 21346
1209 11949
2823 19647
2836 12839
2866 6339
4074 6311
1214 6928
17380 19958
2267 3968
18453 20001
2343 8466
5680 7653
3486 21254
4968 18942
16279 22696
9349 14060
7840 17847
10831 12256
2505 16301
6107 22406
15997 19766
6610 7106
4280 14952
2587 4180
13497 23026
5401 13034
9324 21955
2758 14201
10331 15975
1083 4744
3363 19701
12266 17856
14636 21241
6774 15858
3295 11331
8124 9899
9861 19074
11066 12876
15088 18873
8991 13757
6939 8725
9255 16829
15660 18324
13607 16123
9814 12332
6332 18913
5529 14465
11803 14457
12557 13743
2234 18703
12011 22551
17196 19737
737 7489
6973 8717
6959 9159
277 14137
3614 19114
269 3949
2792 6082
13442 16446
2578 16737
6755 8430
11905 16245
6793 18393
4935 16831
17340 21509
10047 20810
1403 16666
151 3780
3733 17613
369 14430
3752 11138
5520 14334
5527 9257
2746 21984
10016 20621
2240 6447
8193 22020
1733 13986
4585 14122
12611 19563
429 4975
11424 14220
3379 13461
16946 18965
3064 13461
10803 13930
468 1373
14469 22624
5344 6053
16210 20103
17760 19899
2363 17073
8299 18165
8629 16974
3484 18046
7516 15064
2834 11982
6653 18034
11256 17318
7209 10850
4693 20928
5334 22380
5990 9623
1223 10825
737 19255
15748 16805
1046 16089
483 2866
2117 13785
4650 22564
503 14990
4904 12722
7436 15211
16805 17154
5882 11950
2369 7829
7732 11583
4984 13400
18847 20769
12326 21605
11074 12682
2513 16071
16307 18398
6958 18602
8418 11294
1105 20036
6610 13063
6693 12944
15278 16045
7168 7359
5151 5989
119 6610
11044 12313
4752 22768
16782 20282
2889 10104
694 10825
9059 18789
2967 4752
2029 16487
9411 11224
211 23030
12970 22852
14236 17446
13213 18626
11226 11458
3163 10796
5397 19775
1084 2775
8915 17848
16496 22692
243 18701
2132 3384
5172 17523
6072 22935
516 16165
10630 16199
5476 12011
8808 21520
6821 17122
5748 20044
3723 4614
5495 15685
3115 14506
17004 22178
8567 12790
3167 7806
2163 3277
6030 19830
1971 3897
3985 4565
1998 19188
8083 19060
21351 22672
1573 8498
13059 19461
4534 18443
4871 11603
2606 15887
3996 17224
18455 22796
286 12125
3589 17123
4194 22163
1684 23025
4614 15006
11780 21318
6237 8888
3063 20869
1718 4154
65 20572
9694 19075
4247 6943
695 11639
6617 8699
1500 5833
6811 12723
1303 15603
19806 21830
1901 4236
9925 10201
13180 20448
13335 20676
4651 15504
8348 20779
13978 18981
1444 17016
13472 22258
21233 21427
1842 14896
1815 16167
1199 21635
1661 6523
5737 8762
105 7502
866 3566
42 16506
8185 19780
4008 18929
4930 5516
7219 7470
1890 11814
5625 12212
13617 22750
5367 19325
4511 11843
10620 12607
2111 13659
900 16117
18402 23095
10021 14930
4770 10575
10665 11673
3445 3610
6438 12362
576 21111
1920 17203
2321 4225
20448 21826
12518 16010
5056 7994
3117 22486
605 14358
2902 2997
13916 16271
2207 10652
22739 22768
6039 14344
15328 22834
16475 20869
1814 2572
2188 16392
9409 13289
13331 16028
8515 10106
1022 8991
2365 16918
14593 22559
11876 20222
2213 6749
3564 12032
4487 5331
15400 22100
19935 21858
10079 19550
5973 16771
3028 17658
11173 11317
1471 7495
12352 19415
17297 20956
14407 17885
1768 20266
7198 19316
15255 20097
14997 17926
6797 8677
4014 20112
5666 19527
15366 17213
2402 18004
798 2461
1989 11504
7748 10473
5288 13548
4764 8138
12885 15677
2171 13120
1505 19002
3925 17856
6609 12822
11238 16080
12162 22261
970 18732
5323 17473
902 2651
12988 17915
2988 12758
696 1788
1625 17792
5478 7798
3568 6727
19368 20141
10657 16655
6519 18274
9899 21826
2367 18299
14560 22497
2230 5685
20130 22830
20558 22591
3186 19730
2102 22478
2194 4237
9867 15613
11142 14039
8951 13122
12262 13159
11597 13795
10755 11305
4700 20330
3947 19803
1130 7028
3292 12682
17868 22538
3958 10007
10511 21346
18677 20857
4502 9515
16518 18041
17719 20793
14167 16601
8288 11499
7436 12102
3109 21832
7471 16910
12650 16162
9757 22727
6880 19750
3348 17528
9231 21191
13746 17636
2163 12959
13491 22991
5526 9626
11769 14605
5595 12095
12522 19273
1165 3930
12035 15735
7552 7899
2177 16357
2476 14010
11519 12381
15746 22869
10458 22207
4189 17356
4948 11153
16688 22425
5281 22560
13073 17056
4949 23011
4324 11627
2336 22889
13547 22786
1676 17114
630 2970
21718 23096
1809 5867
9698 17876
2454 13478
2166 12645
10406 21815
3480 19664
4198 6789
11405 13851
9192 22410
14576 18870
21156 22251
11603 15098
3644 5867
2714 8630
11439 16265
18345 20168
4342 7669
19724 19843
9471 16697
6678 14798
616 2266
9333 13301
20921 22841
640 22478
12918 17763
16921 18631
9545 10698
13805 17153
6487 19358
7637 11104
7428 12891
2771 11847
3119 18505
7096 19073
7055 10008
802 17030
9738 13243
11499 13610
13029 19346
12704 20903
19560 21532
14389 17937
3283 8163
11451 19286
13232 19816
264 812
5873 7826
6247 18620
15349 22701
6056 14969
6808 7715
12290 15103
9020 19160
3330 7669
2084 20813
3985 16611
9985 11913
4448 10356
18512 21981
11886 18597
8887 15093
1801 11038
895 12114
15476 17182
5360 16958
9223 13929
5292 21083
5684 10271
6693 9380
4614 7416
6200 21599
6075 6722
5171 7223
5516 22675
5717 16536
6582 22261
3518 13294
14855 22492
1888 21935
7129 19229
2744 14300
15357 15641
2177 8815
4299 18324
5194 12801
3387 15728
14046 19995
15680 19268
823 2766
5338 8972
11317 18756
19251 19446
5742 7490
5175 15130
944 11627
4332 19509
3769 7010
2484 3172
2740 2822
385 15599
168 10092
2623 15044
5729 15503
3180 18202
8822 22359
11759 16325
7866 20336
3122 6675
596 10216
11984 15439
4593 14049
990 2766
13088 16634
5883 10096
16196 16443
6051 16901
7482 21127
15976 19554
13871 18215
9487 16191
8991 14001
12284 20485
20599 20886
3574 6324
11504 13260
1670 10832
1121 17299
11036 17882
4237 8002
8612 22064
9743 20988
18875 21968
11036 17842
7425 19344
2405 9479
16659 18574
6252 19282
11500 13797
10016 16159
5911 20122
9738 10110
1599 8332
9219 13482
4097 11274
686 6677
3164 12559
8407 14590
10992 18826
553 15353
3179 16054
12849 21051
8151 17581
1041 14653
4893 5171
16483 21784
261 9390
1220 10098
3498 17916
6227 18535
8272 14482
1393 9192
5909 15186
17695 18708
17477 19080
4421 19571
10872 11274
6415 21358
17965 20928
5535 14390
2717 20645
604 15510
11165 17059
3553 15151
2919 12359
14416 15781
13850 21605
9017 14097
13767 18333
724 19715
3197 13884
21866 22394
11606 20455
734 10698
17378 19455
6212 6246
8001 10182
5689 21848
937 5783
14428 14524
7272 16782
8663 14722
4799 14249
3197 8854
1159 8913
9806 10416
13131 14037
14172 18136
5782 9090
7826 8000
6997 12266
5336 22293
17582 18416
7972 21520
1722 17433
4191 18421
1206 14637
13120 21824
4875 11695
12048 15385
7895 16332
5755 6483
4858 21122
10482 19784
1220 11237
4482 9314
18174 19342
10393 20998
13378 14469
5371 15115
1360 1676
416 1990
7147 19941
8917 21968
6177 17168
16160 21664
16873 17998
8830 9414
5301 22724
17664 21862
927 19035
12112 12126
13929 14471
8148 14449
2306 4390
3384 18451
3604 9044
7444 21976
2915 16067
11588 14145
16601 20276
1144 13243
6953 8830
8038 9679
5936 18897
13429 22719
988 14014
4088 13534
6157 21837
1621 2702
3800 9782
6526 9136
10281 18057
9486 16129
13181 20285
194 22561
8048 11069
4303 10366
12789 17338
3292 6638
9082 13630
2303 5886
17203 23091
6300 22026
15278 20829
1469 2313
695 3976
2868 12813
17056 21479
7223 19207
7866 9610
11106 14395
7560 15835
13372 15746
14893 15905
4890 22474
17846 22292
14188 14395
1731 13545
10038 10235
14352 18271
4975 13195
1031 5731
5344 21955
7048 18050
13877 20459
5912 11921
9807 21460
17486 22199
5587 20831
4452 20320
4452 18324
5051 20236
128 4486
8734 10338
5613 6991
8776 21342
10628 13887
376 21061
7805 12426
7763 7949
19489 22560
13212 18233
5336 18076
4490 7414
4723 16242
14515 14858
14073 18704
823 18607
1940 16910
21645 22097
4502 22674
5724 15168
7162 21613
1315 11208
2874 3054
10939 17318
494 6488
1402 20490
990 1963
12099 23112
2574 7409
5727 19932
12256 12889
2246 17550
3958 21915
14157 19682
9133 9538
11584 17443
3067 3450
4763 7682
4082 19578
12312 12857
1312 18324
4172 4753
2102 5989
3589 20863
1350 17533
9039 11430
5445 6617
5981 13346
3986 15363
2581 12573
6191 9943
6497 13557
2766 11531
10379 18712
13939 22892
13243 19189
17869 21830
2559 22615
904 8359
563 17879
9577 21951
9605 12950
5320 10273
138 10380
5989 6838
10040 17685
4686 14800
1583 11921
7333 10517
21342 21520
8089 10092
11213 20507
4454 5812
11593 19237
6151 11546
11279 20807
807 2766
11742 13970
12317 12559
14466 18057
5845 14387
8647 22149
1627 5485
9347 19054
9533 20516
1440 15906
5702 10965
5465 18644
4172 8749
9999 20144
18965 23081
9961 16561
8832 14592
7104 15636
4268 12182
699 23101
16722 17885
1971 9680
5442 12335
11601 20173
2103 22034
7657 21911
3046 22494
3851 9356
7502 13380
19843 20371
3027 8680
2652 14265
4610 17943
10729 22366
16922 17350
11956 15402
4217 9119
2761 2857
10577 22879
11976 20955
11356 19427
457 10231
3585 15638
2007 19110
16909 22844
11819 14911
5694 6124
10972 18090
1775 9193
1209 20665
8946 21972
5609 17184
494 10540
5793 20035
7569 20794
2828 18743
494 20148
2196 3856
5525 14889
10830 13455
376 2885
1140 12134
6159 17885
10119 14846
9374 21855
2463 13922
9847 17730
19893 23091
3947 10311
2229 16583
10122 19337
4890 6717
7829 14090
4380 17024
12626 20122
7805 8267
3809 21928
10216 15916
3854 9970
11009 18641
4148 6450
12870 19147
3574 7503
2025 17603
5384 14143
11767 21860
10139 10149
8353 11919
2727 7106
2455 11393
8779 21096
5688 17960
4281 23101
18981 20069
3416 19680
5554 21863
10349 10451
5336 13031
1239 15523
20458 22537
15562 17804
12708 16203
10081 19926
11761 17173
14186 19953
16868 18696
14773 18268
15645 21747
7514 16147
8305 8919
2290 16601
15580 17407
172 855
1426 14170
6311 8152
7717 20549
2886 9212
1426 9940
17256 18249
13393 13850
2773 12215
4386 19932
11648 18794
12042 12172
2336 6044
3551 15047
5406 12911
11073 21548
4211 19312
7850 17646
10079 16375
2014 2864
15736 22740
21041 21934
12300 14197
3028 18230
5708 20063
4696 7829
5191 16204
316 19629
5727 8795
1973 19234
2237 16771
320 11912
11072 13245
4211 16887
3605 12354
9076 21799
9307 11227
11877 17700
3455 9754
1292 9885
2139 21761
895 1124
4818 10240
6056 19811
13429 21913
2878 11115
2307 3057
20662 22217
7755 9052
3416 12977
21059 21084
4563 14999
244 8805
5583 5907
1640 7272
4316 6023
616 9018
182 9444
313 13079
11665 17322
6889 7718
8984 9668
586 20773
243 4305
2329 6807
4542 6065
2896 2993
14044 15517
1890 18186
2912 12935
2449 5336
15663 17742
9415 19483
1491 14295
4979 14606
1785 18538
7669 11380
18192 22174
20796 22536
400 12610
3782 21133
4559 16766
13770 19398
13508 19345
4345 12963
2778 3605
8118 19455
16484 20460
420 10939
8475 13472
15131 18411
2246 8025
3782 10060
3994 4868
1871 19160
1883 11570
8863 9554
7453 21461
737 16863
1215 14784
10378 22097
6717 16662
9603 16588
2494 4911
3054 15682
8406 13561
10397 18162
5468 13499
6756 15578
2736 7109
818 7607
16373 22105
9679 11153
3349 20230
1788 21796
1657 3536
5696 21359
10085 11638
11560 18992
1843 4432
3594 22231
2966 10085
19559 21450
22885 23053
5373 11794
8723 21328
640 11332
2242 13507
16095 21128
288 12118
2170 23004
5885 7541
14647 14978
15730 15827
2899 17719
8022 11431
4068 15278
10550 11328
731 4078
6161 13757
14992 20236
5481 6483
7489 12574
18876 22026
8075 15748
1863 2928
1403 14963
5553 20397
7453 13548
7532 20853
16695 18378
17078 19333
3161 5304
1412 16074
6532 12165
2198 4288
8946 11648
1717 18162
12101 14384
2032 4318
6201 15500
65 368
7930 15929
3454 21059
2623 9065
16931 19215
13437 16020
5317 7004
4280 15682
6714 22871
249 20366
15916 18691
1059 2667
1536 22314
4650 21287
5854 14365
3872 7309
13217 20458
5872 6279
5819 18976
1751 14805
67 1658
17203 17204
8704 9727
19645 21951
6846 11273
1990 15465
19848 20606
15789 20928
4174 6556
11209 21644
11652 12406
10098 14146
5055 16586
1473 9151
990 10782
11617 20578
3216 22980
12680 21863
1437 21621
3791 10798
7626 12563
12585 21650
3466 9206
16634 18046
5507 6846
3364 14432
2129 20138
17512 18389
10980 16952
3725 21820
6535 8193
2507 7170
8993 11798
15169 20660
7476 12910
1270 20122
11875 21273
1353 15617
740 3347
6601 16789
13377 22239
12532 13134
20147 21462
9572 18303
5312 22557
7646 12536
1502 16841
5190 5449
10181 13526
11648 11652
14318 15646
2266 8369
11272 11752
4211 11106
18717 20941
9005 11181
9225 15065
7944 14683
3856 10295
15866 17834
16138 20721
9964 12650
6972 22083
12821 15640
11732 12754
1650 13312
6415 18858
1204 19261
2692 13457
4380 7389
668 22579
3442 22597
1162 7414
7729 15768
4301 22380
1398 1719
5920 21004
1540 16965
8025 12110
7345 7821
10849 20458
6693 7755
2653 22048
5738 13243
2494 14482
8444 16039
4730 11648
2014 22336
4877 20748
20320 20951
2932 7199
17524 18163
8999 23074
356 10974
737 10246
888 17674
8974 15927
14052 14587
21100 22221
283 393
12642 20932
14391 21529
7828 10967
3288 17183
944 4841
6936 21233
5433 10366
20165 22138
1727 19305
10572 22160
289 20439
1444 7140
1583 14473
3721 13069
3009 6212
1361 8524
8913 13444
17885 20448
477 4618
8881 10382
2414 6072
10633 12013
1270 11419
9411 10092
9712 16658
8360 8366
727 15754
7417 15251
4446 15638
2791 21560
8679 16490
13673 21803
1505 19550
3165 15613
9398 14619
6857 20607
943 14773
12484 22349
18435 20624
7009 17530
9847 17328
14197 15338
4565 21149
2920 17932
11761 20577
11499 22551
10520 19384
2424 3575
1878 2752
1193 10427
6470 14964
13794 20960
11780 15527
4752 20029
20267 22050
2506 18781
5807 14421
5060 19869
3172 13869
973 5224
15615 21628
661 20940
234 1186
15589 22426
3750 18422
723 8901
14216 21766
13493 16596
4627 19392
2266 17203
9616 15963
447 22744
4086 17336
1974 3613
17960 19316
5972 22206
8209 20302
9921 11343
8915 18803
18044 21941
15370 16789
6687 22129
12979 14986
1800 20885
9097 17276
16685 20202
202 500
15291 18389
1901 10323
8951 9622
1536 12655
11648 18038
4959 16522
4614 9616
8854 20166
10307 18173
14401 19107
6390 13971
18948 19509
3564 8515
8865 18410
15602 22091
18181 21216
1800 20402
13534 18249
3865 5344
9972 18149
921 20061
8754 13872
13600 19954
182 14709
16960 22297
18707 20509
8732 17845
11638 13489
13876 19947
12557 13101
3197 14162
4771 11043
846 13017
10253 14579
6024 20171
717 2824
447 7514
14753 16087
13623 15310
2622 16976
2531 16575
2385 19506
15278 17109
944 5708
1785 6800
1375 20869
1667 3343
16048 17264
13713 18483
21559 21638
7073 17696
19455 21048
7247 14875
11822 18515
1708 4593
12686 13555
77 14515
3614 14385
6839 16111
18666 22207
3531 9472
5339 18159
1280 22557
3568 16502
17403 18061
4194 21723
5468 16092
9151 14045
11174 21532
5975 16310
3017 10196
21359 21389
12317 16483
7127 9285
6296 10034
9769 14400
13494 21409
3165 21243
18278 23071
15140 16080
4256 20569
12231 18063
8163 13903
7489 12441
1493 18100
5250 19005
6776 15603
6068 16805
15229 16094
7491 21258
21 21889
657 11643
12559 20956
10776 21435
8083 9832
3726 7106
3673 20807
4563 10557
7251 17937
9004 21236
12262 19787
260 20978
2761 19193
5906 7417
6152 7620
6678 13087
10375 19043
12794 15511
574 700
3379 17978
11264 21782
5254 21874
7657 18268
6530 14113
318 10513
3076 3514
4589 13743
1006 1515
4006 6582
9538 11231
7003 14119
15415 20144
10899 12173
13189 17224
3095 16742
6933 17357
9024 11242
8193 20337
8379 18324
20390 22710
2368 4289
11665 11891
11769 14537
7156 16279
5746 22633
9360 17039
9091 17172
13790 21732
8303 22974
2450 7875
17995 22440
17732 18143
11828 18046
10681 20135
17610 19567
17203 19304
733 16195
4499 7510
2614 11793
13560 14716
650 12272
2705 5344
5507 12153
11184 21066
164 20093
19252 20583
5288 10817
13862 21502
1244 19974
7963 11850
15321 16472
8410 20207
7663 18012
266 7840
16124 17881
6739 12272
451 4807
9268 17989
15126 21232
8710 11135
7496 18183
8670 14575
15609 18416
6093 7490
13844 14416
9715 10953
15691 22304
14963 23103
18030 22217
1074 18958
1145 8588
13877 16126
2246 6037
12490 17723
11375 14394
6891 12585
4875 12948
292 1031
10503 21864
5065 8099
910 7735
7769 15407
7609 13733
5734 8768
3824 21474
7086 16818
5315 19402
8192 15768
17715 18881
4154 20498
7283 7799
10096 21623
254 15716
4486 4999
3806 15341
7733 12028
5244 19057
781 2336
8102 19265
7167 19932
5881 9212
11859 18992
1965 17376
11191 12522
16937 20501
16045 17497
1445 2311
4408 21334
4068 9706
14135 14148
672 10855
6471 22451
11732 16463
2095 19388
27 1733
1515 19873
5129 18800
4502 22097
6975 10835
6015 13146
1347 12412
11387 18443
4520 6158
9314 10375
19018 22932
289 1353
7866 22760
15113 21361
17917 21503
1631 15115
11909 12154
5082 8462
6875 7514
9804 15689
5476 7271
3523 12528
8648 19961
2221 7828
11458 17214
15374 21014
1541 14226
4703 10980
3312 6408
8738 16074
2899 21265
7829 9873
589 9331
9827 15781
12992 22310
8339 9201
1599 2349
7346 21807
4910 8655
1926 9515
4450 20869
16160 18929
1061 21621
19180 21312
192 22557
2038 17800
2961 9611
4126 6570
8865 20144
1390 3152
19563 22634
7283 21995
8027 18639
337 5007
9157 23049
13094 13939
3306 4748
13 20474
10393 21122
13949 18957
10939 14107
14035 14601
12675 20111
2193 21272
652 11229
1263 13358
19117 21061
8367 11919
7874 9295
19012 20742
1211 8024
9002 10558
7106 13732
1890 7247
5550 7223
10389 16709
5281 17752
1502 19978
3384 10104
8219 11375
4984 11498
5307 17552
17064 17451
6103 20498
7732 15416
6938 19899
7916 13070
7584 21653
14839 22104
1519 4326
1971 18658
2641 15228
7846 16771
5856 18840
4292 21708
17601 18946
11912 12433
14808 21738
5130 7794
7073 12388
1164 16121
10630 12485
288 10331
3705 4897
1359 19251
7524 20336
16290 17387
589 9005
13676 14298
1679 21351
924 20095
2302 13161
4102 14089
3489 15717
2965 14896
4386 8991
5310 14714
22102 22103
13245 19010
12098 14475
8607 15632
8754 16804
18107 22876
4843 16608
8979 19127
7984 8762
12820 13031
13543 15789
10007 21318
19316 19449
13762 15149
11930 18577
6572 15214
8631 10809
10547 10764
8043 21526
17404 18629
289 2285
2903 19262
10097 18196
12530 16728
8057 8667
7003 10181
17992 18210
7899 18043
9193 10890
14719 18583
9137 9538
14339 20992
4696 20104
11142 16388
5499 14956
8475 14371
3373 7547
7064 16118
9358 18186
12116 16812
13044 20888
6215 20915
4833 18870
2188 2357
2319 2821
2276 22890
8720 22545
14997 21417
3161 22073
8873 11566
10584 22537
8025 21535
2172 12730
9350 17953
2432 8887
7893 16225
16206 20458
1820 4650
286 19446
14701 20807
8090 19950
14653 19035
5753 14036
6658 11215
15359 16654
2611 4858
12241 20690
7476 10380
14212 15304
11911 12047
5823 19848
11600 21643
517 19892
12522 20665
6767 17444
13357 17822
14929 15539
5974 19749
2146 5988
7841 12186
1785 10710
9186 15970
4848 14303
9926 17987
7027 7415
10234 12766
12951 22346
8824 9252
8544 17635
4938 15990
14807 17819
6641 20947
5648 10630
13482 20571
13925 21100
1093 3283
8892 10980
1450 11815
2266 4164
12412 14121
3499 4809
12912 13925
3192 15584
10273 22858
12776 14281
10408 15346
1198 18268
5553 9211
12454 22730
8695 11638
9596 10882
7413 12473
5001 9507
21547 22354
8873 11317
905 2766
20940 21417
2564 8447
6685 18434
5975 20656
1419 15289
1318 1375
13732 18139
8396 22224
9675 10503
13066 16058
19428 22191
735 5702
6410 17229
10449 22528
3501 18846
17990 19950
445 10668
7221 19265
15741 20436
7956 14764
1404 16731
10513 11954
10934 21943
2979 14200
3809 22636
1410 3138
4091 22833
7740 15312
1484 6720
16413 18046
1199 16092
13372 20696
5172 20366
8096 22089
6489 9735
1283 16960
11376 18956
6687 14517
1472 12921
9809 15451
13556 21105
8356 15593
8501 13525
578 14544
4987 10506
8005 13475
257 894
16074 16304
6447 22576
1260 5771
4128 7677
9544 11214
2380 17391
1236 9830
275 11819
11101 14425
3347 5165
2102 16280
8574 15790
11546 18032
4903 12973
7518 14288
2796 10527
6505 13092
494 12705
2529 13813
12065 18041
7561 19116
9151 22381
14135 15279
3571 14135
4290 5700
7740 19959
10081 12585
7491 17104
17879 19161
7436 13844
15018 17010
2038 3104
11198 22536
787 4092
6205 20238
8367 12124
2177 18030
1059 17129
3838 12471
12410 18707
3471 6804
1204 7125
7320 21915
11268 12628
1971 4159
2949 19680
16843 21345
3848 16921
1505 17219
2771 2975
19634 22860
16246 22925
9314 12787
8508 9477
3769 22492
939 21422
10657 14283
13054 16013
1234 3345
17209 22872
7278 17669
2665 11912
1909 17802
9586 17798
8211 10092
7700 14373
727 5045
13084 16125
13667 22046
194 9694
2714 12114
11266 13441
12582 14587
10902 20518
17491 22120
4927 7768
4303 7742
3137 12335
8143 10610
596 14716
815 7094
3450 7534
9694 13557
113 1908
1616 14361
8307 22213
2824 12568
16565 20957
1352 19633
6317 17312
4007 20852
10264 16507
494 9482
7489 19314
3164 3305
7829 22533
12445 21337
2482 4680
11288 16331
275 5913
6524 15780
3726 18046
8384 12891
16052 18229
2831 8078
11153 20042
7805 10434
1098 13040
12852 19474
10356 18463
15173 18728
12444 16764
22754 22858
1704 7209
559 10072
18431 20640
913 18443
1869 3769
12850 15927
4790 8328
19345 20898
148 5172
19532 21509
6803 18623
4443 7884
6375 12068
2578 9651
4650 10489
13062 18456
16054 19720
1001 2575
11875 17270
17496 17574
12840 21575
4565 13497
18683 20341
576 632
17878 19523
13696 21844
7242 8837
17781 18215
4932 17586
7826 16162
2742 5656
10117 10470
4634 12756
5895 17440
19114 19446
2976 9623
19360 20098
3137 17272
969 16685
14546 19260
1484 1491
4565 12367
4770 7136
487 10914
2445 7162
3078 22099
5522 17893
3189 14733
9300 11304
16601 19562
8838 15173
1543 7414
4519 17392
7184 17024
7186 13319
17872 22930
3566 21173
8720 11641
5754 21528
2453 4794
1968 22202
811 12292
12624 15795
11151 13979
10630 21955
94 19342
1251 8785
17318 21747
20222 21955
493 21351
2354 7011
8706 9333
944 13970
17328 21121
13817 14896
18118 18443
2725 10916
9868 22343
294 21512
827 1025
11431 20524
1362 2257
3365 17606
20063 22258
9769 17788
6230 20316
82 13667
953 6283
14453 21497
2659 20903
12106 14818
12083 17764
4683 7723
9193 20853
288 2764
4403 15184
3711 14859
2280 16978
13381 18520
3610 12473
2776 20903
11712 15566
18999 19831
12103 19306
4431 12813
301 9215
17885 20810
7167 20036
9246 20262
1722 2586
5304 5559
1871 16990
10250 23006
14746 14857
16858 21363
5899 7703
15927 23099
8271 15365
5681 20470
2785 22869
14584 14769
10622 16782
19343 19509
17937 18680
20340 22858
13291 13491
5782 22105
8641 10120
1640 15387
9919 22463
14857 15075
5586 21122
12694 22631
8834 16266
2943 22593
4594 19571
8594 22762
1206 14636
10908 12262
302 17445
20682 22327
18213 21948
12253 13635
406 10973
11008 14795
10916 15980
4650 4808
1971 12466
3017 10615
1816 18228
2747 15079
11676 14974
5856 22572
10232 17395
5379 19554
14524 18145
1690 20903
6770 7125
621 17797
17895 22773
17937 20228
13976 17003
7401 13073
4520 8437
3165 18200
1980 17177
2095 18857
9515 21014
12019 12546
5436 22009
2509 5527
429 19388
5097 18312
579 2730
9172 13789
1311 10156
5508 19766
16638 20428
11641 15055
7944 10122
11475 12500
8771 14693
5524 6513
3075 12664
2837 22955
15603 19768
10598 16092
7372 15710
2701 12122
818 4457
2482 2544
10902 16906
7392 13484
9434 15650
3754 21016
257 7147
11398 17050
17262 18209
3927 11886
9871 11266
5151 8152
9321 19083
11535 22006
2702 17730
578 11262
17723 19013
11381 13773
7400 7502
4036 12478
1491 1541
9248 11707
3563 17308
700 19885
1311 20599
7732 22914
1822 6803
14538 15092
1882 22261
6832 18461
494 1926
474 18181
5757 21563
6389 11346
11760 15933
12188 21112
4841 22258
3960 10917
12085 16729
12790 15175
229 14814
15632 21638
9183 15701
7868 13230
9319 11648
1471 10231
4218 8753
15681 20122
627 8976
5379 13125
1484 5609
1522 1523
2016 10367
9294 11959
2594 5281
9308 17455
5342 15266
5487 22745
3949 9687
7101 7117
10885 20441
2620 10661
14958 15821
2651 21245
9134 12014
292 4614
1431 9971
18501 21778
15054 20085
173 10088
15613 17602
11171 22313
2761 10110
1382 18764
20118 21835
16880 16881
9257 11929
19811 21312
10197 19893
11648 20387
8676 17003
18759 21085
13534 19170
2166 4024
249 5080
249 4028
4469 17434
2971 8792
11588 17135
2293 12971
4565 21413
11994 18034
20289 20492
6997 17856
6198 17432
5987 8952
3235 9001
17143 17855
13682 13921
48 3826
10102 20950
2688 21948
1500 16672
289 5107
13556 22022
8152 17249
518 15691
2280 16484
1500 4858
6893 12485
4565 13291
14836 15241
1059 5894
3293 17941
12125 13734
6115 11679
1486 18779
12554 19419
239 18686
5045 11414
15977 19873
19276 19825
5699 20485
21486 21771
5806 18481
11641 12455
14846 15431
6071 7458
5748 10734
301 16028
10336 11861
885 8367
2507 8002
382 18416
289 13635
8843 21128
2530 20786
2226 6812
1927 14165
529 18210
5145 11798
15069 19237
20711 22768
13049 17828
7191 11589
4650 14671
19037 21850
2153 14575
1491 7436
391 12449
14764 19560
1725 11860
8865 15552
4644 15346
4125 9730
2740 20559
14503 15044
2426 16913
1079 9577
8276 9957
2069 11990
7720 8663
2266 22551
3940 10019
3217 21143
2867 19953
9515 20885
10647 14023
10763 10846
13320 17027
6224 15252
12891 20710
7940 19508
15017 17754
10032 22567
13868 14616
18958 20815
7815 15208
2530 20804
6881 11142
865 11429
776 3427
12188 19226
5035 21430
8488 19631
142 13600
13198 14767
9669 12535
15534 20020
12537 13255
1361 9512
13393 15374
19097 22641
9277 19069
10247 22646
6025 11608
20445 21913
299 6739
6949 9285
15320 17182
4520 17169
19199 21110
4983 18590
17937 20207
8278 11028
5539 15667
5856 15017
12188 20928
5911 9169
13282 18269
4563 13118
4828 13556
8280 12136
12354 12555
7601 20435
10730 20817
1029 2756
2058 10614
5525 10231
2778 16382
1644 12381
6998 16626
467 811
275 3589
2997 9091
851 4059
14107 21065
8292 21638
2188 2587
19034 21517
17885 23032
4390 12585
5727 10784
275 12020
19127 22067
5970 10587
23 13996
5738 20063
3750 18220
2354 6355
13658 14821
10283 19419
7555 10479
21082 22615
1779 5737
6758 17926
10389 20172
2421 10383
11022 19193
10627 14974
17081 17178
8736 10617
20405 21946
2405 6252
1722 17438
12500 16666
3167 8673
10933 20662
3571 21318
5705 17237
7253 19737
15203 21979
10527 13795
14998 20869
11569 22134
2196 16550
2678 16946
415 3775
10096 21265
6958 14641
8811 11738
14368 16990
14896 22226
10273 21289
1989 6164
6633 20491
14794 15186
10903 14064
4335 12066
11266 11458
14083 21115
18465 19703
494 15965
16429 19323
8601 17976
3610 12944
1412 12136
14032 14315
7826 9896
20070 22087
8936 21227
657 6707
5507 9885
3767 22234
16058 21803
8884 9565
902 22536
3471 8405
12479 13872
15566 20903
13113 16519
1788 16343
1636 11648
8993 13050
470 21757
2537 16469
19899 22425
7817 13684
19671 21199
5943 9890
3553 11266
5017 15710
2246 21535
12750 22567
289 16186
10279 19554
5040 22324
289 8369
1315 19929
4170 20279
1979 14190
3197 4583
375 9870
12253 21289
1052 22043
3356 8679
4874 12767
4424 17823
21644 22902
4379 10776
1884 9903
3780 5476
1644 18172
15776 19945
3175 9059
10096 22354
19032 19400
11742 13844
14684 16231
13245 21346
1828 13371
6068 10503
1586 16048
15669 19794
19638 20180
9198 13755
289 12336
13236 22494
11526 23067
7317 11930
12064 17079
14814 20907
1116 17978
13877 22099
20263 22847
3570 15043
3241 21883
7146 12993
16242 17051
6698 21795
4040 18875
398 4310
19926 21492
2306 19377
15068 16424
9201 21500
6800 10728
13543 20928
930 7568
5023 6404
31 724
186 8420
6487 7356
13147 19605
1233 1536
13676 19035
4414 8909
8276 17103
18660 19611
6857 13372
4247 22071
16116 16279
9215 21596
1305 15142
5711 18216
4431 6831
21863 22693
17928 18398
880 19927
12822 15687
8828 14749
7853 16945
12648 20267
328 11122
7516 16990
12872 20687
2631 4807
13114 20490
2803 11603
3872 9228
2044 2903
6672 20852
3384 15237
10533 20765
18432 19140
2343 11423
16239 18334
3770 15318
11641 18012
1468 19237
9145 17222
2307 2483
3484 12323
656 16601
2779 17520
17101 20869
6318 11856
15913 16484
11018 17003
6094 22713
5516 13598
20807 23094
138 7420
14601 15631
12326 12369
3550 19127
1550 21321
8047 21566
674 5712
6787 15421
6581 12891
4960 10799
8902 20364
5093 22536
15113 16984
3187 20472
3295 20209
17497 21702
12455 14185
6800 7346
8362 10938
5830 16601
12889 16960
19446 19563
8703 12330
14730 16074
15680 21951
6543 11881
3494 17453
14858 18149
4810 19079
6994 11742
11106 12950
5147 11930
10435 18182
10715 19236
1906 7140
4241 14910
7941 11634
8201 20330
7862 13730
4194 8894
9205 21640
7263 10772
3550 12776
289 19554
13858 21275
6041 13499
12243 17236
2474 3305
276 11920
15716 21658
8355 20067
4431 12406
6687 12852
8588 21548
12255 18472
8304 21135
14404 18317
3096 3311
1433 17431
9397 16484
14411 15566
3980 17434
749 5045
14391 15471
10079 15597
6009 15418
4777 19141
4650 21906
17864 17989
19282 22579
6037 9383
2316 16036
12608 18959
1478 3029
289 873
3223 11896
2014 2394
12133 19016
19035 22557
4850 11046
7713 20730
4525 18992
18289 21514
10186 16065
7709 14033
10156 22536
59 2849
10192 15499
1670 20663
9998 20975
6462 14488
18246 19592
8986 11780
14795 21512
1882 11780
3412 15047
1482 5148
12683 14506
5886 17264
8475 15732
1597 12839
17779 18935
993 18723
3707 8267
6441 10417
7306 17635
563 6174
7763 12860
7106 17681
3550 22574
3167 7626
7681 15952
14573 17180
12934 18995
3149 8887
2618 20950
11028 20842
5734 8057
4313 4725
7231 7232
10524 22600
3510 17974
20116 22924
8214 16094
12687 14332
15445 22557
10963 12667
18024 23101
15013 20169
4089 5680
4108 16952
8910 15159
972 2265
2169 6610
2915 20063
4316 22924
19193 21743
18166 18871
275 22067
5174 13137
243 16212
6955 13560
11203 14119
15064 21553
15229 16561
11142 19978
4338 7000
5150 11910
19665 19985
4642 8397
10007 14387
6044 10489
3237 5701
18998 23078
948 22536
12406 22536
14097 15990
5752 22536
48 2537
6092 6783
9281 10413
5680 7792
3174 20448
5475 6680
4311 11106
20757 22897
7222 16425
14371 21529
13931 18550
1882 9637
2507 22158
316 4124
3513 8411
8631 23094
1967 6832
4225 12180
3377 15979
8247 11518
3713 19494
5882 21801
2954 7420
6442 19248
277 384
3792 6332
894 21245
11022 13785
7065 19762
971 18697
1026 19899
1631 10110
7838 10650
7317 7489
15953 18224
8454 12280
1815 3403
2918 16928
8583 22167
604 9084
7709 22564
10697 20328
733 797
3346 12417
11290 16335
9522 21520
18392 22527
10458 10760
15991 21174
2614 12383
1082 13883
421 13491
5050 15232
13872 19926
7135 21703
2776 6073
7248 13357
6095 16270
8991 16926
2968 20866
3961 21475
9221 9252
16196 20458
1220 9896
3078 11637
10291 11209
5368 20144
11902 16663
1182 9434
4023 11303
12689 19689
1494 16948
10722 18968
3595 21244
8455 21728
6958 16613
3511 5987
4669 11303
4982 5108
3275 8708
14484 20115
2979 7571
19123 20384
2554 17902
3784 4887
7885 18162
10268 14939
10081 11648
4194 18871
3152 11305
16425 16910
2508 16074
13368 15979
241 15461
4906 15721
4440 6831
3288 16203
17564 18098
13386 17247
14416 18004
16607 19297
869 18224
7772 7774
7784 18629
3117 4563
2798 11969
8382 8393
13883 19817
6660 20561
567 9074
9523 14395
11226 21520
5845 10358
2239 2402
18342 20813
10404 19270
1407 13312
1987 16928
1526 13959
11065 16238
1500 6722
14107 22579
9316 18278
13507 15637
12897 17687
5690 21121
4316 19283
1144 13172
7864 14276
13557 22610
15743 16654
2915 7514
17631 20273
12449 19541
7770 19384
5970 20596
7048 22026
14028 21350
12097 13272
53 13124
4625 4927
9313 14653
10758 19754
14109 20893
7336 16266
8995 21233
12319 17467
13065 13358
3161 4908
154 7531
2776 5540
1879 3954
19304 21887
5902 16157
4135 19268
1511 12499
1489 4358
4013 12196
19085 22793
4035 14939
17486 20353
7829 17423
10097 10598
16685 18518
3912 21664
723 4565
7403 15316
17235 19762
7663 17311
7073 22727
13614 15795
5742 11167
6849 21407
21869 22643
359 18355
13872 14697
5989 21181
13107 17597
17663 19852
7395 19474
6109 20330
16046 18990
9989 11908
3046 4198
2077 2777
6095 19406
7817 14765
7481 8605
12298 18053
4766 8557
11169 20598
4850 9484
14762 15483
14849 22615
13623 16570
1342 1857
6026 9022
9204 22344
4907 16601
5182 19574
17730 19077
11909 21697
14 2457
2440 6606
7122 19465
17658 22630
12215 16277
2391 8758
2183 13202
22112 22430
10133 11652
1920 6252
5464 12585
11798 18758
3501 22940
15349 18202
15931 18076
11664 13745
2368 11872
18585 20544
9518 13313
7609 19475
159 1244
1540 21951
13877 21791
6672 18300
3550 17550
1922 16560
6556 14989
11929 15421
846 1742
1057 10029
10073 13536
1669 17213
12100 23024
1352 14183
1955 4281
308 12707
1393 5621
20807 20810
6917 22851
13711 15278
7941 14232
16887 17995
8289 22280
19668 19782
13864 15940
13377 15423
10096 14760
13497 20450
8496 17527
2028 21196
4557 6833
21057 23119
605 17666
9079 16499
2793 13154
5284 16410
4837 6280
4581 10647
12335 21292
8699 15274
7521 13180
12426 16536
469 2761
3810 14989
1051 22023
11108 14105
4349 17843
119 3726
6874 18217
19736 20825
993 18736
17214 21773
10773 13494
4311 19534
1502 15985
4007 6672
15746 21128
19317 22345
19589 21925
1540 17134
16074 16524
4390 13405
5234 6485
1199 5160
13257 15533
3521 7790
9496 16045
2532 22958
5734 20022
5540 11562
10331 15133
1450 8378
5253 5907
9847 22100
7300 9805
713 5630
10637 16731
9549 19600
10133 12707
10092 16089
1920 21138
1650 4008
3649 16514
1243 8955
14748 19103
4713 11301
2544 15543
4590 17794
8961 22990
8457 21557
19369 19384
9212 23061
9036 18081
14368 16879
2205 3897
9102 12022
5440 6556
10805 18324
10603 13645
2914 14725
12557 20292
6390 10928
10463 16485
14945 20864
13948 22176
2648 16767
1533 17730
9057 19619
12951 18149
8976 9310
641 5553
14889 22451
14318 21201
15532 22733
11276 11281
7028 15967
2099 18220
8470 15031
10087 18044
8919 17982
18673 19524
19508 21010
3165 6981
12891 19547
483 12648
18703 21509
14425 18604
3581 15957
1380 16771
10136 17182
11999 15563
6095 8442
268 6101
11632 15232
10251 13002
281 10389
17550 21579
6688 10447
992 15459
376 650
846 14722
17157 20849
10646 14379
3416 8738
600 12397
8360 20983
2530 11020
1154 15193
10149 18298
16642 19611
2264 6339
7429 20143
15444 17862
7414 13449
2060 8146
3455 21431
13976 22793
6739 14801
12269 16516
4934 22641
16918 17872
1971 10133
4311 11203
5428 17524
4068 5619
13778 20270
4046 4912
11904 20550
7897 16562
7777 20928
6958 11742
3248 3574
7828 16411
4148 8483
6549 12948
14528 15895
13785 19213
11759 15100
9694 11485
17639 19278
2119 15874
1800 17318
1577 12341
1077 6178
16430 22261
16792 19383
7074 19167
2702 21887
7657 14479
2900 7003
494 1577
13499 17692
12103 21345
16673 21512
9477 12451
3843 16428
13718 19345
14565 18986
5553 10007
3314 15500
605 22792
11622 13437
10506 14540
12406 20996
18621 19900
14152 20202
584 3777
455 846
12189 12838
2719 7840
4279 9098
17102 20642
8446 18044
194 4730
15088 16601
17978 21955
11938 21382
241 4726
6259 22217
19193 22647
1239 5472
465 19754
9529 9538
8567 15508
1653 20452
3179 5165
4973 13645
10097 11632
7323 12855
8363 20112
2167 18785
8427 9402
5697 12334
5871 19458
21521 22432
823 6311
15490 22854
8057 22537
17159 19057
13048 21321
11203 14593
7309 16586
12572 23042
5055 6575
2894 10106
4450 12611
1500 22407
2717 12406
5680 8669
9306 16304
6866 13138
8515 10323
6008 19339
7249 8511
13548 21391
8817 16672
18577 19926
7093 22217
1820 4645
8732 11573
4303 8590
5034 7773
6554 19258
1023 17833
215 12394
1265 6718
11164 18981
19128 20662
8950 12545
8360 21147
11833 13937
13426 16444
3780 12896
2731 16293
8523 11393
6355 20988
12501 13844
16692 19260
13098 19542
1774 18056
963 3283
12837 19787
6343 22747
2787 8393
11797 12153
4662 22818
6008 19474
5569 19593
15136 15395
15212 21121
4539 10366
16335 22036
14030 15392
12979 17797
497 7955
2014 13289
3640 13958
14608 18720
11900 22373
7098 21111
2766 9877
1573 8703
38 21053
8865 23031
4565 22336
16145 16520
3571 12516
109 11607
2262 21962
699 19401
2096 12948
3404 18136
8197 19041
15469 18751
4341 13488
3976 6894
5990 22907
902 4983
2602 3661
77 12067
2610 20197
2016 17334
10030 13319
3203 11648
10885 22354
17581 18481
16340 19193
9730 18680
13971 16175
2420 15591
15017 18840
288 3198
1412 7359
67 11778
7803 8634
9059 15471
8955 9392
15069 19638
172 4211
3604 13291
2588 14863
1666 19655
18173 19493
335 9933
5219 15801
7956 13481
7591 17384
4382 15314
18076 21738
18052 21057
12193 12506
11394 13941
9861 17285
11393 11542
485 11891
2768 22885
3298 20903
2896 9607
4703 10034
1741 12868
19924 21138
9352 15265
8191 9505
8643 20430
10800 13037
11559 13418
1586 5886
13531 17647
5495 17243
2797 15017
3808 12245
6446 19188
3349 16195
5610 19517
6843 11388
8554 11153
7420 8050
16400 22891
16087 21658
4850 9496
1231 5148
9215 12266
725 11728
256 20691
10489 22564
3484 10475
13100 23025
16566 20851
7578 20664
13679 16849
1906 3958
5519 22883
6158 16552
3800 9685
4838 17026
8384 20710
9711 9719
7300 7700
3813 19576
15974 16894
2935 5389
6312 13574
16435 18035
11256 14107
288 7415
12830 22090
3261 22598
17145 18895
19653 21225
11734 13810
3234 8434
656 18276
3550 16104
4810 14517
11712 11990
4155 6256
18269 19125
2237 2991
369 12245
2718 13583
11899 13691
6807 22199
3275 21465
4752 13152
1443 18986
14550 22678
2297 16137
9959 16024
148 7436
6910 20498
1882 21135
1841 10411
10142 10143
12975 13060
9885 19288
10695 12116
21038 21777
18615 22481
8638 22100
972 19145
3090 11533
14763 15859
5254 12322
2916 5007
1461 10987
4321 16940
2025 20530
7899 11990
10817 12297
288 1553
10403 22100
1568 6722
5083 6956
8839 9594
2749 20561
11742 16948
807 21256
2181 11648
19808 22009
16516 18398
15675 20289
17928 21734
2574 5212
4539 22678
4842 21228
1228 17367
1690 18822
16638 19332
10096 11648
9327 17990
10730 20821
20869 20870
4587 16647
1129 12013
4224 7788
11983 15615
15457 21563
7588 19114
15922 18633
9457 10963
17328 18271
148 749
2167 11840
15205 19419
4634 17196
4643 10647
2564 13883
11323 11771
6624 19189
874 11917
2008 10604
8791 19569
3229 6909
9289 19845
14087 16979
13859 16666
9090 22371
2758 8691
9614 10938
9198 12356
898 11920
7810 8250
5619 19037
630 21600
8267 12188
13243 15237
14038 23081
17910 20615
5435 21257
7560 12444
21505 21845
4950 19457
5553 13705
1325 15089
10092 10098
10211 19983
18568 22475
3385 11639
289 4538
9198 10123
8957 16151
7489 15115
5242 8580
4957 10156
7517 21953
8721 19807
2962 17910
10451 13935
579 9623
4730 14767
2274 13734
11167 22442
1024 10722
3066 16889
19020 19434
4804 22383
1882 22082
5723 5797
674 1927
312 12812
2537 10438
5397 17880
3780 4052
12549 16443
9186 16742
821 9045
2342 20146
6235 14616
12677 19977
8767 14690
7 17885
4920 6320
8592 10099
4174 10660
19555 21417
19109 19160
3190 9661
480 8157
5151 6311
8670 16672
15535 19337
1249 22615
4339 8408
7945 17213
4837 14676
7346 16245
8514 17700
5483 16766
15307 18015
15965 21064
4973 13801
4068 11425
2052 21393
7309 11034
14945 17454
1570 7625
67 10413
15307 22194
2133 16412
5360 18542
6174 17150
7436 18732
9402 17696
160 21646
2943 15826
11652 20869
2884 18358
6550 21318
15360 19094
18378 18703
276 3769
1061 15514
14889 21880
4312 4313
8607 14312
6343 23108
4948 7104
7145 8094
8617 12840
6941 18488
12420 20140
6767 22265
11274 22536
509 22938
1339 16529
1681 9601
16631 19592
15860 17679
14736 18043
1785 7917
2494 13851
11035 15843
4841 16345
939 11212
3607 5118
2045 4155
6252 10096
8643 21547
229 3192
12107 16217
10578 14631
5680 6450
14064 19419
2195 10032
10216 18224
3164 4322
14365 17201
2264 22551
2280 14365
1537 7528
7287 21027
3164 21784
10382 14753
5229 19556
5169 8845
14061 15593
722 6899
718 8795
5681 15065
5592 11955
9754 10533
8639 14314
2783 6073
10666 22679
4887 4911
14363 19347
5110 6390
12557 18140
8167 10439
9437 10766
5081 15923
6870 22060
9093 10182
14909 16287
17010 20574
10633 13742
4837 7531
13087 14416
4408 6666
5326 18028
12522 23036
18946 22631
11584 16371
2981 16781
10164 22050
4614 22100
10559 20207
21065 21837
10103 14719
7409 11632
6646 22390
6369 13962
3104 15811
398 22271
3276 15126
8084 11800
16163 21311
17468 18929
5344 12754
4135 9415
16747 22176
6550 10007
10827 16286
11046 17897
857 11922
4614 19926
9057 11376
12585 21291
2257 2271
18011 18187
14400 17788
5767 19672
14293 19253
10919 12933
2411 6277
10379 17416
6739 9437
1056 17860
4092 21658
8163 16086
20661 21913
14148 21801
5356 13499
4278 14913
7883 18443
8763 17882
2966 12246
11255 13108
6951 21796
277 8360
735 5046
8573 17990
11306 15613
20885 22097
1574 3485
6377 11456
607 702
10189 15643
2113 19688
4784 17223
879 20020
5742 20207
4446 11048
8707 19601
5835 12033
2766 11908
12413 21014
20498 21373
6812 22816
10758 17145
3562 11956
2793 14220
17194 21503
1741 11950
7153 20247
16601 21149
1233 22314
8214 12112
1882 14365
5336 9217
12895 20075
5146 18878
11362 16714
1971 5557
13473 22774
17982 20807
3238 23101
7657 10366
5864 21374
1553 9127
9502 12188
11897 16922
2125 2817
12990 15510
1244 3784
7073 13344
10051 18181
15184 22153
6281 16974
6624 11345
2676 12698
589 12994
16299 22298
13380 20207
6994 8427
8838 10491
4135 19483
478 14482
19858 19859
3579 19994
6875 11627
11902 12788
14298 15498
4237 13504
9647 11857
13048 15642
4333 5109
1543 11919
14036 21645
19838 21486
1676 15108
7041 22721
6754 9861
3025 7771
5410 22087
5376 12460
10714 15251
8761 14427
15761 21507
8014 11458
14041 14751
8567 9795
2793 5680
10444 13257
14773 20320
8918 16868
5579 19288
4336 8888
3897 17101
7649 20056
259 806
3878 12261
17988 19253
3189 5027
19517 20869
3416 11828
12723 18262
383 11894
1762 14068
4739 9619
4263 19314
13508 19397
23 16620
15657 16666
1894 5611
6427 10615
8709 14395
1023 11919
2374 4012
8369 9535
15530 19035
2842 17503
19792 20869
10247 20561
8923 23025
8396 16985
8925 22786
10700 14201
8948 14952
7346 13933
5147 10081
12957 18394
4520 6592
1071 8760
664 13910
1839 21121
7805 19348
447 6624
6056 14366
5746 8828
4708 21789
4803 19242
6649 6954
2266 4736
8786 19932
12895 14773
2306 12549
4730 11011
2582 18411
638 3356
9060 22060
390 15815
2369 12080
1481 7251
16398 18041
3275 17414
21026 22511
12118 19193
15753 20669
12610 13742
2006 15033
1500 2766
6808 7261
5174 6807
8922 8923
1920 9212
10156 18343
2966 9530
6994 18385
2765 15060
4224 15685
11169 12110
4061 8262
11930 21140
14395 19862
15894 16531
4278 19495
241 12585
5312 22727
7495 7533
235 22174
6130 18881
12425 17106
7346 15940
4698 16907
5464 12549
19106 20915
12426 15461
2348 12847
99 5849
6867 13243
10223 22083
749 937
1844 3390
3498 19125
411 429
2731 20984
2303 21784
7669 9141
4243 18978
13734 17002
3860 18228
2342 18460
11169 13019
6493 21911
5188 8523
9885 17712
10389 20443
67 14213
14359 20778
3167 10816
5592 12104
7518 9456
9694 20122
5724 20099
6873 10630
11237 11638
2615 9201
6271 10780
1626 15901
5120 16795
4825 10755
19209 19509
2278 12522
5750 8294
2181 10097
289 19336
6460 8267
7701 17937
5281 18181
376 8594
10385 14591
10132 13142
6976 8101
3071 3939
10974 12751
894 19329
10356 12184
275 1476
16965 20645
523 866
11732 15890
12142 16413
5790 21903
11183 19792
5724 22432
12647 20424
7453 12029
7533 13567
11742 12258
17958 19335
3286 11695
8140 11528
2216 9108
364 22760
4599 20226
17088 21554
1128 9173
3243 12749
6379 10703
10148 15213
10722 16054
3006 3472
2478 16691
2473 3484
16601 21532
1500 1569
3489 4750
11923 22924
3304 7914
737 15115
14748 20681
4389 19124
9644 12083
4757 14764
1436 12245
10274 19496
10092 10106
20554 22338
9319 21265
4483 6543
10134 19617
3472 6971
10389 13078
2266 4862
1098 6595
7415 17303
6416 9971
6487 7413
9538 17913
9626 15321
18488 20082
6767 15954
5775 15815
2265 15055
16601 22823
1721 10508
3589 4614
3137 10633
5718 14767
15324 19349
636 9897
1994 12290
9212 21387
3235 20240
8225 12993
13125 13434
2659 3017
2505 5186
4170 4183
4801 16543
20451 21149
13879 20244
2597 17136
2306 8615
4538 11923
5078 9712
17932 20198
1566 12017
266 11405
5094 15101
1344 12324
13969 16663
1190 22066
8306 9471
5476 13806
12749 19943
2933 6044
10944 11392
18431 19873
6094 12485
15732 22650
3574 11506
13720 19299
5723 19037
3147 4784
15280 20207
2752 5666
8574 23099
5961 13438
5894 22296
13495 19272
10591 15069
12749 17882
9785 15518
17329 21018
3089 8676
15113 17270
14000 18641
9758 13693
5712 11116
6487 22137
7562 22081
9445 18821
13183 19953
241 13858
10285 19751
11947 13380
12648 15704
3068 19545
6058 10156
1382 7516
12179 13437
138 16355
17229 21747
6569 14245
16607 23082
9335 20130
3307 9454
8114 9861
12629 19050
5331 22786
19769 22958
275 19127
1375 16153
11274 19446
16684 19388
396 5022
14707 18276
6478 13243
5734 14318
18849 20505
9389 20694
11737 13158
17064 19028
19029 21955
1391 15488
3243 5458
10079 10092
8230 12598
5486 17038
9622 17449
3086 11928
3104 10507
4514 16338
12424 14113
5603 15562
4226 6790
12085 19680
3325 22207
10127 10385
14812 17236
16498 21425
7022 13958
8506 22062
827 21241
14571 15672
8160 22097
1828 20505
9165 13305
1023 21394
2174 23094
4105 6423
3047 15446
1947 14122
10185 22271
12896 20645
9495 20787
289 9169
8567 14795
10106 15444
20403 22278
21803 23075
4862 14351
9933 10049
18032 22615
656 2266
9402 10728
1708 16522
18580 21074
2582 12814
10285 19287
11898 13095
9229 18461
15115 18130
12104 13812
6157 21516
17500 18784
944 2915
8809 14017
4148 13180
6493 9658
6737 22704
18312 20163
4807 8024
7378 11861
2343 19764
8482 8643
21129 22154
6493 6953
11719 16972
19127 21206
5588 17170
11402 16329
13298 13933
825 12336
13907 16089
6933 12852
14510 21771
11626 20302
11959 13372
768 12414
3959 22234
14587 22557
1073 12487
7 22557
14511 18267
1207 10081
4789 22589
17254 20115
289 734
3574 22080
6172 18042
14913 18908
10908 18518
15510 20867
9554 19536
15857 19375
5696 9553
7272 18641
2153 12381
3006 18004
4806 6857
2005 17120
4893 12207
6546 11737
915 12806
376 5713
4520 20736
17619 19673
5880 6633
16601 19873
4408 10516
13377 22536
3631 4755
9425 22100
12895 18286
3536 13848
376 10857
5495 6146
7327 14230
6933 19489
11781 17995
6981 12296
5497 11902
11745 14327
5701 7110
5415 16108
9921 18392
5413 5839
11859 17873
8048 18753
3353 10516
8929 12021
5314 19220
8638 10682
6360 14172
8496 16928
2736 8030
1315 21559
18902 20742
7718 19497
16414 19711
2125 22380
8854 22100
14336 21970
710 4918
3927 21699
7247 17527
945 14383
11853 17895
1966 12332
10092 22593
10633 18026
9059 12174
4667 16482
21337 21503
8639 19124
13319 18656
8061 15754
411 10825
11588 13692
8938 16649
6225 7085
809 21817
16779 22012
16771 18993
18680 18682
5735 18015
1015 1103
13459 14947
4948 20697
18060 18885
9482 11867
8746 15464
5476 14595
7713 9402
14213 21194
14677 20824
6978 10586
3220 13966
590 4705
7158 10185
14119 20660
11886 18588
10575 10660
11875 18693
1583 14986
9434 22557
13508 19332
12528 17194
14337 19822
12820 22199
2771 19425
7438 18656
12876 21549
9321 15953
5002 6954
6125 11393
3684 13065
9326 10110
1995 16135
2675 16994
2765 11429
6385 9125
10141 10211
14015 14704
8886 22086
18514 18629
6529 9330
11897 22875
8001 22137
13072 16655
74 3371
11200 18981
5081 21276
1881 3568
18301 22488
2082 16922
13871 21659
1801 22333
7308 12521
5313 8763
16583 18898
7118 10938
19668 22557
13184 16372
17788 19009
7103 21048
199 5394
14878 22481
14784 18242
204 14483
6892 14997
6262 10096
13065 16252
289 2960
656 20888
8387 17440
5301 17224
11184 20350
1495 20912
5885 20783
14536 22574
11639 11651
10562 13464
7073 20730
16074 17990
14366 14717
2899 11638
1566 11458
11133 13742
15380 16418
1158 16079
12745 21764
442 20528
615 13449
1975 21163
1568 5528
4931 21954
10380 17994
11475 19279
13310 16785
3160 10628
4359 19306
4582 15454
1052 4935
348 9109
2464 10963
1022 2654
3943 9455
14870 20149
10678 15534
18145 19105
7576 12648
1703 17926
5725 15440
4068 15044
3575 20340
2472 5853
6092 15447
5894 10336
16445 18418
19345 19384
13760 14134
15556 19744
8613 15218
14711 16136
16095 16526
14366 17145
7068 9076
444 15312
213 16577
9479 21621
2759 19188
18235 19827
3958 13243
10382 12583
3286 12373
19163 23117
12125 14609
2966 15444
12178 21155
10640 16390
8111 8623
949 17850
19598 19891
6633 13883
2529 5942
3237 17912
8925 20251
13971 19388
1084 4219
2817 17809
2993 22744
3897 16601
7170 7674
13716 19215
8368 13155
8863 19399
3325 22217
2907 5907
11606 18183
15090 18609
19944 20451
7480 21766
1041 7700
626 11274
17143 21501
2274 11652
1026 1192
4349 10540
10214 10640
10563 14587
9323 17885
10271 13149
7840 8750
3163 12303
1193 10899
2596 9903
13133 19043
1470 4982
3000 11636
8318 14482
2375 18496
5918 19051
320 4834
3359 20123
286 1225
4705 5764
6489 7876
7297 19368
2775 5540
13036 17675
7416 10489
6865 13318
462 7545
11941 13184
6107 14941
1922 10271
9359 14601
16196 22149
7615 15942
2603 7031
3667 15916
6815 21757
21496 22000
3061 15093
2579 9792
901 16345
8506 19647
6973 10426
148 14122
1263 8369
727 10693
16104 18942
12011 16779
2392 13172
17758 20878
6493 8991
10585 15217
16769 20691
1328 22780
13724 18132
1466 21913
13004 20694
12296 13992
4352 10092
1448 17958
5983 8632
6803 18015
1928 13999
3811 5339
11237 15233
12896 13105
2328 4847
6575 7799
17848 19657
18334 19787
2965 20076
15925 16672
466 880
15617 18401
3894 20807
1603 22955
2374 5027
3008 22966
8100 22314
2777 5081
10558 20122
425 10057
3624 6168
13309 13948
1922 6973
10007 14989
266 1124
1764 5291
13344 14365
3485 12333
7559 7638
11148 22537
1010 4898
14828 20743
1922 15343
8734 12101
2565 16275
2980 3266
7420 9806
2182 16233
10884 17238
10728 21514
7496 15648
16491 19760
423 13837
1583 11917
4850 17444
329 19037
17062 17130
3766 3904
15181 19037
2775 12689
1204 17010
3734 13905
13767 19785
3175 9786
11065 21409
2258 10641
3167 14514
468 22224
13253 14391
1481 19999
9854 22090
8360 12118
9981 17879
17087 21182
17730 20063
5133 19335
13372 20383
571 8762
7290 10296
9577 14201
1493 13740
5336 22186
3185 13856
5670 8332
12898 20290
8277 9872
5327 6390
12730 15225
744 7004
7346 15894
7831 12641
889 12829
13921 20113
12904 22309
3124 15134
2230 9317
5145 10578
2966 20138
3547 6596
5775 5943
11868 12086
2674 7657
4465 16742
11475 16942
9607 16488
15947 19464
15580 18566
11375 18303
844 3496
2017 9293
10647 14947
5951 18992
8057 14587
16440 21495
8369 10197
7201 19096
12377 19538
3705 3980
18261 21608
6729 9924
2355 11611
3192 16826
8973 11240
4887 14504
1566 11226
13893 18302
376 22136
11380 12316
1613 4752
3433 4939
5448 5970
14379 16002
7527 7535
154 4837
11056 19163
1299 13860
17022 18336
3243 18278
8795 20680
12797 20540
4121 11448
3958 17835
21806 21858
8814 19987
1815 6390
19555 20253
17122 22016
2732 6556
5398 21186
2014 13916
13759 17788
6303 12681
2770 16660
16070 16922
5511 11911
2021 7595
20099 22557
16738 19419
3483 4890
3597 19731
1541 18987
1080 11924
14417 15701
3185 21687
4832 7013
3432 18379
1109 5823
13 6324
7187 15319
11639 16669
3021 13637
11378 21503
9987 11598
3788 11277
4202 5505
4898 14093
12950 13526
2443 7045
21180 22917
2129 2285
11148 19005
8878 20033
1744 19510
9658 20312
11902 12006
19177 20385
1999 15476
10020 20461
2266 9323
16431 17122
12998 20859
4311 13372
11883 16838
14125 21295
1271 9319
508 18479
5598 20707
15603 17606
8406 10940
13306 18270
5942 20276
4619 15507
2167 17442
614 7135
4258 14006
8006 17159
53 14410
12413 14019
12700 18590
7516 9059
5444 16893
3350 6355
6686 13515
5775 10889
6882 14887
2582 6299
9496 17420
7920 8267
689 9695
10649 16145
6845 22053
1321 4230
4998 8519
4783 11638
9713 21584
4268 11892
8951 17846
12544 13092
3044 19479
268 18286
2761 21080
2503 11432
10591 11826
17086 17567
12564 16766
11209 22009
4206 16074
695 14818
5967 8542
362 7145
17885 22812
5793 17937
9767 15065
3243 14550
8485 19251
5250 20707
9184 9769
281 565
16601 19989
591 9011
7395 19339
1607 19145
259 22520
1618 14685
6994 16129
6367 6596
6271 8001
6846 7974
14587 22100
2693 10415
1536 19472
2522 9862
288 16485
2097 19446
8048 14687
13461 17730
13674 22940
9533 16087
13216 18166
3489 3914
15138 15983
7086 12754
1331 12025
207 16663
3765 11189
1334 4496
5383 13788
213 14552
5476 9099
3013 22977
9172 10903
1577 12126
2246 21547
11648 15444
5696 9646
8754 19932
8284 9746
6403 7897
4406 7401
1372 10096
9550 11652
9694 13273
10394 16728
9 23035
5599 16279
5250 18947
11851 13404
6095 12185
17740 17962
14864 18324
12451 13227
4818 8567
2622 2988
4915 12600
7625 11488
6435 19574
8549 10122
283 1635
12101 16683
13743 15126
9748 20076
13984 14365
19780 22880
8696 23011
844 15461
8053 10753
1933 21875
2939 13291
13877 17885
6681 13010
12106 13867
7123 14641
15297 19808
2369 9873
11160 11267
11853 20218
9787 15497
3975 13339
6889 19069
2392 16382
8768 9522
7003 17833
9072 10728
16170 19703
8328 21257
1271 10366
1233 11879
7591 11952
1116 20364
7673 18987
788 3060
5311 13577
5553 12624
1542 12013
1279 15350
12585 16565
15917 16238
16056 22778
5327 14257
11859 18218
8495 14412
6616 7899
7828 8128
5708 11485
6960 13232
9856 15217
20458 22557
5277 17200
7029 8498
6613 16781
5797 17937
1738 20621
4581 16893
10107 20238
457 11643
9169 19848
9511 12888
7106 21119
419 21095
8086 11116
1316 16371
16337 17800
12722 20238
11742 13106
16266 16682
17213 19274
8523 18796
9620 19509
5289 7517
8509 8654
9383 13955
257 15697
11044 22574
1586 4768
1002 9491
7577 14990
9600 17339
3589 13526
9687 22709
2785 17152
7923 19872
6571 17973
12464 16522
11166 15748
6367 16048
11868 20432
9414 18181
5839 20113
13449 17318
2402 22793
9084 12681
13850 18802
8267 17226
12536 21584
2614 8078
1800 16390
14290 16411
3400 17978
4303 10965
7376 16686
5047 11200
2635 18247
20204 20350
8439 16716
10161 13533
52 9281
5594 17885
3086 15323
3390 16513
11600 16136
423 5317
7663 12300
5758 15194
18253 18432
7734 18761
9926 16291
13632 16238
1670 18949
9517 16535
15179 15481
14754 17868
18299 19567
14309 14697
10389 21955
5230 13347
10331 19396
13294 14291
12513 13227
2835 19124
14750 19099
1379 15917
1605 8200
2147 5441
17656 18658
8375 20942
5894 7173
8808 15234
5619 8089
1571 9373
6632 17484
6424 9564
8410 10825
6355 9518
52 22686
12583 13872
3217 13024
3097 16822
3243 9442
5077 9712
5313 22830
2789 11049
1279 13645
1375 17048
7406 12425
6273 12106
15736 23070
6931 14631
16616 20842
10516 11742
10092 15598
5525 22451
9895 23017
2778 19862
9712 16394
1206 8560
2630 21396
4648 13211
9317 10375
6626 6868
124 12063
9796 14695
10240 22710
13358 22955
14072 16081
9538 20387
2284 19555
1824 13169
13080 14318
17712 20383
2936 11648
2284 6742
10993 21601
8549 10197
15729 18312
13420 19446
3299 18233
19641 21581
10320 17624
3293 3801
2188 4554
4774 7020
4841 20063
10326 11278
5130 20793
21597 22779
2899 4785
17905 19410
1652 17213
3022 9184
11577 17640
1669 14947
13931 19305
7167 13872
20998 21122
14101 16204
5180 13925
6958 17965
3451 20685
19171 20265
17862 20660
2293 12648
18213 20714
2668 20869
13365 18310
20645 21955
12212 19377
2860 20353
8147 13649
8991 16598
11421 19411
5656 18633
10275 14784
6093 7480
13241 19037
712 11641
2282 12960
9847 22137
278 16963
1867 5393
9060 13526
12999 22836
5244 16904
16714 19774
18494 20140
8822 22252
9141 12414
10379 21682
21066 22517
83 6290
1797 13080
2364 13607
3076 21243
4534 4599
17947 19554
2977 7127
1427 16683
807 823
1096 20370
288 19555
1822 13393
1621 9434
2853 16356
10969 17958
506 16647
9907 10851
5321 8978
4747 13618
3000 3771
266 12033
8193 14903
16176 18931
2100 4877
11806 20290
7098 14878
13645 17833
9267 19999
3708 6538
16658 21108
5592 11728
7794 11814
2882 9228
2849 20036
19728 22502
9833 12558
6606 21067
714 21095
2199 22176
971 5753
7626 12147
6973 10253
8099 20166
6213 17053
5667 14240
5742 8057
742 6184
1252 1253
7187 9626
783 13414
8652 10066
10572 11366
13447 21944
1640 21247
2229 12183
14484 16598
229 18524
18379 20169
9248 11259
226 14814
6157 15724
9508 18792
11232 17520
6800 21955
5662 18518
2488 3574
1500 11917
11449 12096
1282 20731
3292 13404
2072 3636
18077 18870
7108 18876
1507 20092
10110 11604
10428 14113
12950 21334
18343 21081
1493 21147
12948 16364
2357 4554
13441 18276
8801 10835
10864 20285
13120 22261
7246 19043
2579 5761
814 18095
4547 12168
1664 4925
13276 20595
11930 17134
16124 17813
3877 10683
8834 21705
794 12762
16672 19137
18026 21913
8210 8789
11122 19662
2168 14902
7894 19389
3186 3406
20445 22983
2245 6348
14864 20136
4006 11780
3726 10923
4726 8428
1848 11851
13883 20115
11023 17143
1024 19090
2381 18272
5866 5974
2265 18352
11754 15696
6758 11849
937 6330
402 2050
1800 17229
1570 4856
5045 14122
4605 10171
14508 19852
3067 20882
2269 12591
7436 13567
5804 21955
11009 12877
4681 10769
13378 16926
15721 15800
7715 9563
3140 4795
6005 6782
1713 11337
19947 21476
241 5874
17440 19069
4027 17002
1180 18577
3327 15444
7278 14217
7420 21763
4554 7527
17639 22649
8902 10898
3550 12583
7029 7774
1258 9825
30 9675
2302 4237
1566 19600
10529 17297
2394 6535
309 20561
6095 10196
2529 5476
9625 21553
9117 20122
7294 17752
253 1026
17100 18992
9850 20869
8777 12700
697 8466
10578 11610
9402 17885
9497 16038
17801 18443
6705 15650
4742 5689
2153 2177
14552 17882
453 19804
10096 17702
7151 16092
3513 7390
9907 10080
294 17318
1708 10269
2496 15560
9219 22165
1907 22668
5964 6564
14911 17634
1491 11274
2724 11267
14107 19282
5436 10411
8549 20796
250 12147
9411 16095
13181 17229
5784 12289
15600 16853
8784 22557
12970 18155
20619 21451
8102 8991
6964 10897
16596 18946
9219 11409
17740 19219
6189 10307
4034 13699
6569 22849
18591 19250
229 21352
4114 10855
4853 8995
6355 18029
13872 15044
6116 7059
8375 21889
8743 13839
6402 11300
1390 15851
10540 16561
7663 15023
934 11959
3920 11468
2177 7976
15633 17026
15126 18296
973 20869
2623 22536
2864 22221
19971 21047
125 12124
8360 11904
4431 12414
15234 20660
11278 18725
12366 20330
9186 16693
16348 22145
3137 9225
1573 4614
641 20533
9885 11306
1121 5910
8016 12841
1157 20516
2979 16709
7669 20645
1895 20887
1537 15060
2282 22293
6128 17882
3067 3252
13702 19671
257 8374
5464 17413
15193 21581
16536 22078
2614 9392
636 8227
11005 14689
303 4979
10781 14587
4316 17339
14563 14564
1998 2759
2014 16766
5487 19793
4627 15865
10722 17582
3132 13441
9169 10396
4562 11483
19253 22107
5605 16922
13872 19986
8050 10380
11 18968
4230 21832
16873 18311
12924 14952
990 21533
4311 13357
9452 10516
5720 8588
13447 18228
14479 19465
483 21045
5595 20982
12375 18902
5360 20564
9738 20063
1842 15799
9136 13298
4760 21260
3382 10354
5573 9296
4614 15726
474 11249
11229 11321
5839 17610
4730 5316
13614 20584
1233 21424
11890 14567
7555 21540
14524 20139
5478 10124
6278 18049
11535 20869
4231 14686
9212 14023
494 5940
6448 13724
11865 18261
5128 9985
14275 15072
2717 7709
6799 10978
13493 18254
11604 13084
289 16284
2268 20596
3207 23033
9090 10086
1969 19166
613 13084
10103 11517
1828 21766
12918 15593
4135 17793
18708 19021
6002 6266
13039 19326
4841 20660
1233 14547
10903 13316
11873 14017
3413 11658
12108 13366
2329 6559
9808 21557
13948 14141
7103 15749
14006 16728
2307 6259
5784 16429
2175 22090
7390 15894
10362 15232
14088 19338
11011 22100
14654 17630
5723 15181
754 4431
9864 17307
5839 10234
3563 20638
438 4191
3224 14238
17404 18987
14608 21575
9456 18795
8867 13932
606 10953
2550 2966
1134 1461
10978 11517
13365 15621
7760 17405
10324 15345
241 10565
3509 16430
7225 11757
629 10201
5085 16707
1023 2288
9806 15645
3246 20855
18518 18846
17868 19004
9658 11633
8396 18781
7075 22686
12899 20574
10614 13508
17574 17637
4269 20600
1036 4346
2306 17388
14691 22543
17846 18050
10980 22689
2372 3984
7722 22574
10201 10930
455 8995
4438 22331
6733 13134
1853 15195
6390 19915
12203 16679
12660 13341
9885 14029
1752 11606
21561 21572
16979 20548
5081 15400
15239 15723
3610 18310
8638 21728
18162 18811
9518 10633
202 5143
8360 9225
2667 16484
3195 20975
16636 20940
12237 14270
11478 14083
10143 13449
5939 8214
9319 18324
3157 16928
6066 17870
13198 14716
7097 15795
7517 15716
1190 21557
4519 7062
7166 15990
10558 19893
3017 12754
3935 8946
5594 10344
6874 20580
10818 11049
6387 18044
11913 19987
13765 14605
1987 8955
14139 19535
11921 18725
15617 18186
3610 3675
11269 22536
726 12479
1800 21065
20434 22457
19184 22651
10723 16764
10366 15365
5884 23038
12898 18866
3643 4016
9941 13811
2517 15314
8039 16226
11491 17692
3080 9934
6812 18944
8567 10120
2603 6970
5078 9941
6400 20553
4124 10864
5430 7516
2102 21503
7392 19563
13056 13642
8799 9314
14318 21573
11511 11646
9194 17106
2899 2936
2128 2285
192 22100
7223 13645
8320 22889
16507 19077
216 13534
1481 21302
2418 9302
13494 17714
1686 21028
13791 17318
15884 22312
1315 10576
12310 13872
11927 17520
10647 13380
1178 15823
3164 17264
5989 7517
1059 17596
7573 16569
10270 13429
16488 17023
12147 16475
5355 20390
2266 8004
11349 13291
4714 12864
8795 22088
8420 17958
5268 13810
20697 23064
7158 18928
948 19932
8434 20372
539 17995
16989 21371
2266 10257
11995 16210
11497 14606
4389 14281
8869 13518
18755 22064
13115 22017
6975 11990
2654 16666
12028 20227
3619 6429
12386 22657
4621 9558
11023 14847
7103 19952
5366 16215
2472 2611
19312 22574
6994 20928
8043 14593
8991 12889
1018 13262
7280 22791
8555 9819
12057 13449
5803 20621
621 16819
910 3956
8145 22781
2215 15033
235 8120
5251 6544
699 11891
4275 19086
15766 20415
5793 14748
4268 21018
10591 22557
15510 23025
3563 21256
4095 10134
5407 13058
3768 16534
1437 8678
780 18779
8451 9056
2913 18026
265 3290
2318 16104
11783 16887
2499 4794
4149 16607
1971 16768
3098 7827
2496 11399
14161 17870
2824 8668
3146 5350
14812 18061
11643 22529
12236 15384
4948 17308
18152 19347
7619 18502
9675 15921
883 17339
4984 17143
5561 17716
20869 22388
11648 15060
1279 21796
8779 14765
17048 19902
1882 17248
740 8062
17783 19764
4009 10128
5257 17867
92 13503
4984 19319
6762 22579
749 7830
13757 16598
21141 22092
1418 15754
8929 16115
1122 1819
21426 22556
1999 18825
128 11458
20267 22051
15349 15487
14226 18016
16443 18038
3241 3903
575 9450
10527 11597
7425 18324
1375 2818
6193 6906
15817 20318
13585 22269
5536 6531
6488 13688
22252 22359
50 16289
737 11279
7883 19967
12895 21503
16607 21908
6591 7266
742 1105
326 14313
1051 11315
3245 20573
541 13062
10519 16340
796 5984
1496 10097
1242 13313
11828 16074
11883 14455
3941 17564
194 10485
5147 20036
2761 17630
3143 18165
6895 22032
680 23050
4663 5553
5984 17318
3798 14409
10331 19145
3137 10446
12 3882
5761 10380
9440 17129
5507 10485
4093 4849
4928 14947
20815 21057
13449 21645
5880 6846
13491 13803
15369 17826
2935 18929
9032 16344
1698 9369
5727 21520
3667 18224
483 15704
9080 9168
13069 19374
10244 17415
15658 16862
2863 18032
19932 21482
230 20092
7817 17933
5349 12957
7780 22221
1884 12813
11955 12286
774 18019
19010 21528
1183 14222
13149 19400
13796 20029
1412 20346
16146 17377
5380 12522
3882 4946
7360 19650
17264 19816
17103 21601
3564 9796
5147 22536
7163 18300
6115 21070
14652 18575
8972 9970
8447 17122
6516 15968
3589 10181
8232 15015
1156 11146
392 12458
1036 22427
14474 22297
8155 16805
12388 17696
1315 7138
5111 20361
3674 5317
1491 2788
4771 9000
5093 15494
12728 17737
4372 12645
14924 15321
7955 18086
5464 21509
7805 19203
15830 20810
915 6881
10324 10624
5429 19003
5291 21385
11254 16531
134 16582
6192 8363
3246 19135
21533 21544
14483 22100
5681 12527
19050 21261
20677 22617
531 1943
2758 6693
2714 11415
7468 8757
4565 21421
8576 16957
173 19522
7182 12383
3536 11728
6556 18011
5380 21878
4300 19336
2027 21221
15397 20058
4841 14394
6073 9984
16676 22314
7674 11641
9394 21735
1177 8036
15064 22226
11151 12943
7467 18870
7865 18622
17482 17547
8638 9006
1048 10080
853 10868
10096 22103
4684 10917
17662 21656
598 20353
10269 19836
159 14311
9412 22817
8219 21939
1023 9538
13771 17444
9031 11007
8000 9646
6960 12976
6127 7755
992 2954
4459 18518
14698 17647
1249 6596
15124 18046
822 13883
326 13911
16299 16390
2933 10048
7392 19553
20928 21955
3667 18985
12639 14638
6652 12825
4308 10429
10746 12449
6644 10413
2700 21001
685 8340
16716 22749
11642 20544
7866 16279
4250 10475
3564 22137
3011 4028
8636 11240
10451 13946
11584 19796
6739 19451
1407 21777
2926 15593
12253 22428
787 20485
392 7760
6497 12480
778 13904
10509 22452
4850 19286
1577 7027
2768 18725
13720 21951
3174 22432
19005 22537
5650 6663
13063 21887
16689 18811
21647 22555
9246 10924
11078 12762
1303 8076
8914 13227
2949 5488
20172 22580
22224 22233
3292 6882
228 22855
4948 20940
11900 21930
2520 6291
13476 18726
17990 22487
11928 17548
7425 14834
15645 22378
7170 7663
3454 5212
8363 15497
14455 17143
1130 22314
11490 18027
6247 22988
13048 19731
14045 16483
16045 17550
695 16704
12046 17440
1582 17137
15465 18911
2720 12814
1964 21815
3723 4068
6873 9491
12564 21111
15 7269
2745 13499
3881 4004
1500 8080
2793 14223
8944 10096
15265 20595
18258 19124
13527 21951
1365 6435
4304 9829
5456 7464
2405 13525
8559 13499
5505 5863
5697 6897
4259 11233
8536 22217
956 5754
19304 19893
16948 17516
3237 20512
4327 14714
3484 3747
16601 18276
6700 22099
10159 14530
21791 22551
5039 21815
365 20880
19433 22649
8639 14392
11603 11840
8009 19143
2101 19048
2483 18378
9073 17207
11106 22560
2793 3746
14587 15804
12648 14183
8001 22922
4948 16104
4421 12129
2362 12992
11610 11798
14227 21395
2587 13765
526 14616
9002 20122
10598 14223
1959 15345
6447 14896
873 1120
2902 12284
968 15644
11668 15234
10831 12889
6390 7769
695 7678
2202 3547
11226 21955
16131 19237
7866 22082
3947 20658
9843 20086
1026 19819
1662 9080
4730 5734
4732 7436
10951 15857
730 17553
1203 1453
1520 5312
810 8363
3028 6704
12610 17387
5526 19955
2541 4050
10237 15969
3262 9013
18870 19776
483 15465
12502 17461
5438 10175
15827 21393
7422 9240
4714 15421
5550 6767
3290 10144
2933 6831
2133 18157
17932 19843
12100 12351
7268 12257
3305 22892
10101 20126
734 11704
10501 17008
946 11153
9056 9201
9885 13080
4968 5455
6598 18863
13499 15517
2994 17410
7170 9954
525 746
1329 8111
2288 11912
14341 20645
4172 10730
13446 17343
18726 22413
8330 9054
10898 15906
2337 14358
16671 19203
14828 19655
4779 9738
12332 16081
9574 15604
4519 10914
7321 11726
12186 16565
6568 19625
9861 20491
9168 20677
6483 14749
2092 6549
13718 15019
2770 23076
10338 12101
9492 10798
17496 22473
4939 22340
9151 19816
9500 14577
1877 15086
9910 10753
2349 21477
19553 19665
4249 22354
6071 20662
7027 9119
9309 9577
3309 10591
2623 14990
8696 22221
1268 2250
9160 20736
4211 7320
6829 8955
1256 16358
19239 22139
11868 20566
7441 18081
1473 5886
8768 11011
9453 19314
5856 11780
3109 4230
4316 16666
533 15212
18964 19955
7104 15424
10805 12663
10110 14767
3008 4567
4983 7127
7487 8944
6519 16279
12880 13058
1122 17311
3072 21111
288 4993
13079 23007
8873 13157
1241 9566
4559 16271
9050 22563
11832 14911
1429 1810
22100 22137
6206 20735
997 7420
1231 1489
215 18839
7919 13180
11119 13731
12673 21066
4526 18992
4032 10737
10903 13789
15829 18418
12243 15719
11721 17730
9084 15107
7437 20394
19002 22085
11829 16038
10739 22579
823 2933
10730 22005
7106 9015
3617 20473
11584 18249
5556 14528
1198 11280
9921 11066
1800 2896
16221 17175
134 605
15017 16647
16658 19471
8001 16601
12528 19833
53 7937
10096 13105
4539 10627
5718 8827
11925 16666
973 15571
123 10729
13065 21813
10189 11805
20390 23020
20828 22276
604 4367
6775 21815
6038 21488
17925 21491
19984 22440
46 6710
7223 10080
3518 14291
5409 14629
12584 21653
2959 5344
3514 19379
18294 19768
18653 20119
14620 22197
7444 10622
2494 19719
1515 10572
6897 18972
18244 21698
4496 15638
7158 9181
1343 4549
9253 21359
12932 21707
3073 16364
7848 20007
7181 14786
10760 22782
5485 15781
6877 18754
4793 9153
18440 21643
7996 18011
4100 10488
1444 22557
19480 19760
4043 19323
16067 21311
3465 6305
12059 13863
3689 8216
13711 14307
15353 21953
6485 14843
376 12389
5916 6936
20267 20470
10501 16395
17883 18830
1815 8453
6934 9481
5158 17281
1906 10331
14479 17961
5142 19893
10229 17085
11655 13120
2899 19279
3498 7198
2778 12856
283 12428
7771 14419
16512 20682
621 13546
15154 20235
5464 7703
3083 9597
13844 19048
9637 17417
14746 22639
9847 15461
17934 18110
13688 22402
3392 21845
12280 17031
257 873
17532 20562
12750 13243
1874 2449
2222 3088
1697 18662
288 7027
5639 21289
11357 14625
269 16195
1466 4796
8492 14575
12052 21350
19427 22511
15833 19068
10243 16703
14722 20589
11710 15163
4147 11930
8729 18385
3566 12291
10088 15938
3843 10004
5860 13104
14264 22864
43 3099
10007 12644
881 2665
6161 14484
1265 4733
6463 20841
14086 18361
18572 21145
3945 13711
3897 18659
14360 16625
6443 19282
9723 10558
6048 17730
7709 18992
2322 2489
2462 21108
15863 17233
17708 21520
2737 9076
5554 19908
9399 9400
289 2771
3265 11811
11886 19718
11742 19958
9228 11813
286 8360
1446 9303
9716 15962
7817 9896
14695 21580
14910 18770
3610 3953
5582 9378
12482 12483
5476 17882
12603 16048
5150 5516
5587 19235
11142 17754
9847 12485
16546 21900
1869 8708
4359 12103
1629 19320
2181 10096
3829 14649
7650 12373
553 20769
3602 13154
11355 18549
2532 11455
15471 19097
6548 12029
9495 16705
292 15044
16655 18402
7303 19286
7626 18659
5795 17512
4188 19035
18589 21098
618 17097
3197 17730
9199 20186
12821 22100
5217 8867
15763 19066
257 267
1214 17588
7490 21289
2714 2930
3586 13085
4624 19823
10663 19555
1321 17083
13386 22483
19563 22991
4539 16205
5114 17995
12905 16601
288 22354
4467 15603
11758 22370
5472 15523
727 9495
15023 19279
2778 20940
9122 12433
18396 22712
630 8989
1831 16172
12776 13124
2102 14653
5222 5973
5081 15786
7003 9060
12125 12895
2313 21082
4520 14620
1785 17314
467 8395
3314 14320
8365 12494
11311 19253
3427 16291
16675 19596
3256 17022
7225 10298
337 16535
8611 14032
10156 13728
3027 6255
3736 11559
14524 20696
4083 13543
19757 20489
683 6439
10660 18187
2761 19306
5232 8711
12121 13811
12216 18507
3468 16301
19240 19802
9490 10286
1189 7390
16603 21829
987 19010
1385 9738
655 11632
153 2390
1816 20357
562 5547
2952 15613
275 21704
16957 19922
3506 6218
2559 22059
8867 21359
1744 10276
16561 20148
9310 20284
1404 9311
6109 7375
10470 21972
3746 3993
14071 16473
11882 18220
6689 10470
14272 16522
9227 14412
2813 10527
494 9330
1890 9358
704 8925
10643 22194
5319 13317
14048 22130
1631 22178
7789 21659
19419 22663
12853 17770
13973 14046
9543 9907
8667 15397
8676 9675
823 20645
16663 20310
5093 12108
8292 9711
5644 20178
11332 15678
8050 21547
12211 12381
15894 21955
15165 22557
2059 4586
1850 3454
13499 18806
9184 10585
8328 18507
8379 9658
888 1576
3256 18676
10591 15552
2951 18157
12322 15656
10 20618
3283 9302
2955 8404
15523 18237
5672 20149
14974 19344
14641 22023
207 4920
5920 17880
4650 22744
4734 11065
4931 5536
9651 16435
7147 12505
2442 3715
1500 15397
3849 12648
3364 6351
4786 10097
2815 16212
13676 20996
13108 19176
2537 16147
4565 21411
16647 21042
10062 11204
14023 22229
20617 22914
7304 15012
2229 11237
2139 14990
15599 17006
11891 21671
13462 15278
8891 12990
19118 21157
11636 11984
12993 16520
16693 16742
13055 16700
213 20807
17050 20651
14975 17353
2756 6038
3466 4280
1854 16196
6493 19235
50 11913
18462 20352
4327 5382
143 18009
7657 12712
9252 14787
17928 22201
14367 15001
9088 17619
15356 16266
9999 15415
494 1089
7975 11200
6130 14575
4463 10548
9258 20798
5724 8613
6107 21884
10110 11372
7459 20594
594 4768
5243 13760
8946 14614
8679 14473
16862 17176
2670 11080
10525 13811
2336 20896
4191 19447
6260 14328
5717 13159
11759 22730
11930 22452
2983 22976
5592 15080
3809 6551
5037 8414
6608 8614
18019 20719
5822 18357
1722 10060
16666 17882
1806 17194
4087 4927
1372 4152
15732 15894
9090 9512
19158 19443
6375 18324
21503 22478
1582 15347
7758 17270
9012 19659
1937 13127
10650 20570
11184 20204
20472 22331
15717 19947
9442 18198
10717 22563
10630 21520
1717 7363
1922 11609
5068 13844
2609 13680
6483 22633
11920 14336
14211 20990
3483 5423
944 14697
18754 21041
493 11908
737 9847
3109 8288
11483 13883
1009 10660
604 17039
2173 13449
450 6085
5299 16718
3865 15593
151 16129
4235 22771
392 14465
15498 19032
17607 22868
3961 21663
13072 16568
10896 13038
1030 7065
2778 15481
13319 21553
934 9538
1310 3689
4837 19657
800 8349
11132 13328
546 6242
3624 19960
5269 19808
3272 8452
4194 7325
495 20128
12253 13522
7807 21336
10877 19397
1201 11180
715 9008
2887 20816
8533 22623
19079 19833
3539 19943
5173 11609
16484 20114
10070 19492
16659 17394
569 1286
11619 14996
4315 16723
48 20280
11879 13230
2119 5242
18727 19783
10477 12113
7013 15758
14195 21048
4228 16615
9324 9538
3511 4531
3610 22025
15806 21883
46 16612
13851 19401
11138 21111
17801 22202
14479 14974
5279 19926
13872 14023
15319 18964
1785 11283
7167 14773
4841 10629
6704 12700
15894 22182
3647 18874
8948 10913
782 10403
6841 15953
1006 11334
1849 6543
3130 15076
9847 22922
11721 13142
7073 9637
9979 13928
6358 6968
3277 11814
1199 3564
3747 11397
14696 15173
6029 14989
2497 9760
19819 22425
359 20195
6409 7562
7524 21807
8180 18890
343 2186
3164 16048
581 10156
6442 16234
5320 13441
3980 8954
589 18409
1990 22619
8450 12106
1208 18694
10031 19003
10603 12950
8167 9077
8408 14235
5393 6909
11203 12950
16 19811
14384 16682
664 11576
5006 16601
6151 17053
10588 18858
17440 22780
1639 5165
8399 10389
13519 15513
9728 21898
4520 8995
2025 12610
6350 10458
1986 19164
1063 21755
391 477
6520 8816
133 7402
17193 21059
4547 18268
19159 20370
776 2726
5212 11520
948 4614
1235 6950
11088 15103
16067 16724
4854 10103
2558 6617
2941 10939
6068 15748
6665 14482
2284 18380
4674 10447
1842 5063
8515 14219
11825 18830
5625 20940
657 7016
2975 9169
3259 23046
22720 23062
5053 20645
11601 19324
7705 11662
7535 7927
3815 10240
2190 13080
1320 11376
12165 21512
5312 10728
567 21308
1901 19427
8475 15072
3421 18647
8092 17955
9231 12710
2321 12180
3505 20235
9350 19377
12112 21147
14926 18648
2939 21891
3076 13995
14124 20863
2419 3564
4764 7609
873 7404
353 19203
2864 8696
18760 19808
3470 13091
6051 13815
4103 9221
5817 17436
4614 13377
3247 13940
11850 13645
10331 22354
7545 21132
3181 18635
5110 20289
15207 16165
4729 14757
5718 8613
13816 18011
15625 22557
2119 15872
11769 18814
8624 12099
1491 4247
9826 12466
2878 18646
3299 6794
14094 14839
1726 10205
13785 17150
3857 20491
1940 12160
11011 15473
6659 14594
2724 3752
5884 11054
2263 12364
2962 5935
7450 20631
7170 23091
9087 21972
2829 12946
1145 16045
1785 16199
2957 19253
4810 22736
8594 18987
18232 18233
2240 4457
16556 18845
6911 17228
1236 21173
9122 20793
7270 19197
13995 17968
1198 22536
9978 10820
3303 16279
14026 14692
2057 5448
12383 14889
1180 9429
1940 19816
8944 14371
4130 13407
9577 21581
4887 9053
20369 23059
20508 21292
362 7688
1426 4565
7755 18049
4349 22425
9398 10836
1720 3353
10722 18451
12298 16402
16739 20954
9225 18044
4095 19617
4713 22544
11760 11761
8752 9888
7803 20594
7091 17847
18986 20810
7140 9402
18392 20620
9346 19719
5528 20424
15241 18751
7653 10630
7467 7774
2206 17190
3306 8316
19010 20928
8397 21666
10277 12945
3648 6226
8261 18707
6730 16937
8211 13932
2985 4353
11217 12182
10270 11982
2353 21480
12536 15187
2771 11648
5607 7489
9796 21580
19607 21760
12696 15566
4236 10551
1303 19914
3124 16614
11388 11695
11641 13188
4392 6882
12682 20352
16226 17117
4382 21435
8725 14833
5436 22454
8054 15089
20714 21948
2514 15893
9885 10680
502 19897
3984 18642
9100 15289
3837 16561
10306 17234
3709 4419
14107 16028
2771 8883
10489 19189
1906 8659
10113 17944
2105 15551
5080 9020
2883 2893
4621 9923
5320 12246
7747 18535
4052 12896
15178 20211
3411 9938
4431 20645
13685 17985
11358 21401
8235 9189
13142 19833
11452 12383
3934 19660
3120 10224
13125 18512
3131 19193
278 664
11057 13445
9631 10014
2264 7063
9200 19097
11796 16949
5007 16535
5220 12847
538 7036
14160 20306
13059 18918
13723 17135
3085 7191
1079 6932
1375 11535
7773 9874
6755 15362
17690 21221
11976 16966
1053 10186
7866 8326
3314 17586
10214 22345
6095 20796
9737 15410
3732 7780
14392 22440
7104 21674
12246 17445
4560 12585
3203 4841
1971 22388
5898 17896
5812 22198
3919 17367
4293 20359
9652 15812
12248 13147
15553 19390
13803 22991
2746 12126
12147 16365
13635 22428
1107 7857
16960 19309
8198 10324
5840 9207
4554 16048
7099 22821
13061 16196
11645 15659
8288 10250
17304 17830
5455 15356
15894 20292
5382 12102
9521 13040
1716 22935
8160 10143
15017 16831
6141 6865
15374 20267
6618 10427
328 22433
3947 4581
11182 12029
18029 19819
7226 23036
2180 18446
10825 22998
9597 13673
13495 21616
13586 17760
4730 22536
4751 16065
2895 16628
7314 18100
5785 23017
556 11257
4386 7657
5322 19568
6563 16125
9423 22456
1853 11535
7897 21869
14098 20523
7691 17693
1589 3947
3860 3872
21610 22536
4565 14374
4736 11465
19893 23065
1166 19819
9319 9538
1309 22938
6831 20896
1050 12033
8571 18046
8776 15384
4303 14834
7449 10462
2447 16314
1537 18131
9260 9335
13071 16246
1570 11619
5289 16165
9867 17602
8360 17544
3466 20075
8993 18119
10110 21980
5911 8634
11224 11648
3325 6350
6994 10728
6647 9413
1775 12411
10787 17269
16932 18702
12736 19446
1906 12258
5316 11801
9861 19002
7561 12212
1800 14019
4198 16062
903 11924
20284 20297
2890 18608
16510 18365
2129 22520
13651 22902
7876 11547
5974 14254
19955 22670
6535 10885
3964 17560
15297 20064
6756 10189
2028 9310
5382 7436
12552 16678
1031 15444
287 7284
628 2761
16384 18336
5214 13392
4623 22079
6232 20699
8436 18060
15921 16279
9032 10400
2397 9098
3076 13393
10535 17763
910 2966
7611 21079
9864 18579
13925 15130
188 15962
4315 14140
3339 6572
1631 9693
19517 23088
3067 9377
14483 19287
16607 18094
7516 20156
2791 19611
10674 21951
2139 16810
7946 21723
8870 14517
11438 19436
17953 20955
10972 20104
6213 6367
2778 21057
11754 22233
2402 13610
1483 14062
3299 16014
3164 16483
19399 20869
14363 19945
3080 19574
12106 18992
5136 12820
938 22335
8873 18703
16379 21170
7436 7937
6012 6112
2494 19192
15645 20077
16714 22930
8873 13760
14594 17445
13890 16561
10567 19035
10097 10186
4591 8205
8611 10081
1957 10968
4384 21445
5639 11271
2132 14423
846 18420
15638 16178
3550 13844
8197 9694
4159 20869
2194 13161
6760 19307
17635 20273
10676 22448
2731 17882
4905 16511
4490 5853
8867 9377
6956 18767
3574 13916
7957 20869
7048 17540
11046 19059
15469 18724
14526 22026
10105 17015
11325 16021
2258 11460
234 9708
16413 22871
15931 17281
6263 7769
2662 12124
1971 21223
2470 3416
4553 7436
12426 19348
18496 21190
2744 17214
5672 14870
3285 12237
5006 15776
7197 12869
4636 10007
18591 22649
14455 22750
10489 19075
10908 13674
4431 22564
10079 14223
11954 21531
5476 15657
18614 22629
1800 21844
11080 15290
1362 3246
3550 22088
7381 8574
2475 16527
16145 22793
8408 22709
10394 19465
6892 22980
5806 8030
3654 16689
8515 22100
2487 13802
14269 14968
8097 12837
10854 13735
8239 11636
7899 17005
8277 20554
4983 19377
14899 19611
3868 17527
946 14048
15593 17763
8057 15194
10916 11266
7194 14974
12112 15205
624 7159
3305 3414
8641 20016
2480 6474
8988 22834
3860 4559
7011 13806
14652 20122
11627 16601
10488 21581
10085 16092
815 11917
10578 18781
470 11949
9623 13716
7788 9577
2472 14438
11303 15338
1714 19943
172 4216
5910 12183
8659 17885
7615 11742
7082 18050
1783 16959
8070 19333
411 5529
10627 14969
5272 10005
10196 16148
6566 7106
4787 10097
7480 14715
13177 16990
18682 20341
3939 13645
12044 21802
3466 16196
1684 17536
7812 14529
2899 11475
6803 18552
4987 21902
1132 4837
3045 7121
2993 14810
10240 19522
5594 6973
5931 14865
18621 22856
1582 7409
1407 11483
110 1063
5368 9953
6538 18605
14672 17188
5155 11976
197 11867
1698 7417
14391 15527
5364 23036
1155 16089
858 19279
4761 20190
7013 20389
5259 5301
5011 15468
11759 12153
15593 19446
3077 21009
2823 14576
16367 22730
1566 19554
7 6867
402 8166
1800 10939
2392 11648
13080 17862
9861 17467
695 3881
14830 15219
1567 21678
20660 21526
14089 17122
1738 11165
4730 14587
5577 6420
9004 12141
6079 10946
1096 5783
2098 5312
2437 6565
3550 5793
1922 22736
19189 20553
4635 9102
9396 19843
6562 16106
8923 17604
7436 14590
3344 12918
8724 20757
1191 21512
16204 18638
9545 18612
3868 9885
2783 10703
8878 14608
4714 15350
3958 13563
2291 19032
11114 12137
15653 22576
6091 18050
6479 7516
16786 19042
6891 12549
1854 8779
6510 8802
486 11917
15036 17297
16496 19000
10092 11636
9471 12188
18683 21207
12937 21701
11100 22413
5281 22536
19953 21170
2076 21667
971 21969
15600 21433
8973 12699
2057 4888
5081 9996
181 21520
6899 8574
283 13017
15421 15681
431 6474
1052 6881
7121 14514
1556 16841
7011 22417
9395 11671
2095 13596
15310 21305
1261 14227
8844 13859
4140 7753
2812 13367
832 12272
2483 4564
1612 15593
13769 23003
11393 11943
1581 7829
8043 22543
6084 7489
18743 22559
1475 15615
8344 13803
6530 11251
16893 19372
580 11536
12375 17153
12882 13556
2102 19189
6891 14773
6369 12821
10844 17444
7663 11475
2556 6956
2046 8754
14401 19055
20096 20591
257 8451
14574 16832
5222 19775
15278 18312
10615 16601
13509 14199
6252 7164
2722 8859
2845 12533
8307 14419
2311 8432
11317 12999
5085 5221
7728 14292
13335 20677
6101 17203
11545 22465
13968 15037
2832 12445
6958 13844
14232 23101
9439 21258
18416 18986
8121 10328
12877 13746
12682 16194
10888 19071
1560 16097
1491 5797
7216 13740
1478 3748
3326 20169
3377 16499
6148 22335
3570 12182
13635 16601
535 22536
755 1031
2810 20127
7591 10541
1785 11293
734 4634
10097 19550
65 3831
1940 9403
8859 19286
447 11822
7768 10341
21313 22166
4223 22274
4629 13776
482 11929
22425 22847
15705 15717
5920 14855
10479 19005
1177 21509
8160 13449
3379 16242
3263 15035
5894 11861
8900 16601
2793 21782
7247 15023
3687 5666
5123 22911
12870 16195
13228 13983
6076 22113
59 18837
2201 3322
151 2098
6705 8607
11796 22156
15295 19774
10722 21654
7373 19823
18791 20967
1597 22696
11393 23069
8881 14753
1574 13476
5727 12583
10062 15663
7975 17637
744 8116
11641 16089
8667 12581
1491 7079
1199 9801
10002 10098
3434 12159
5107 11124
7306 11614
182 21824
8163 9136
11506 16766
21581 22537
10630 18303
4536 11108
1613 10259
12313 14536
16601 17424
11853 23101
3243 19347
2778 7152
208 977
15894 17873
6703 21482
7631 13393
19234 21793
3895 4911
19446 19567
12682 17393
5111 13198
17864 19559
5807 6867
1104 18956
12018 16981
6832 9229
11375 12485
3286 12948
14934 15326
9558 10149
3132 13180
4487 21422
604 3364
1754 7140
12380 19242
6278 13476
5336 14808
12313 12449
14200 15894
20249 21030
6830 22911
17730 19342
4464 8375
894 5938
792 19653
3174 18271
16210 20425
7828 19502
7530 22534
1168 3288
839 10873
4130 7820
2449 16542
9141 11946
3325 20574
4957 21051
4390 13445
916 20541
1730 8580
10575 17276
13094 13108
856 5114
5262 17487
13565 20580
973 7957
3921 19932
7903 10427
6242 18335
3060 14726
9147 12830
5187 18700
12212 20940
1257 2855
6100 10732
12972 17996
1058 11074
4211 16163
5681 9225
17305 20259
6278 16248
9383 9496
2325 7106
84 7714
20928 22345
9201 18159
21801 22206
16073 18692
4594 18629
3427 17853
632 13298
4787 18794
6590 9263
5708 19035
429 18781
1484 2278
2349 13476
8765 20928
17458 18511
1612 13408
690 18302
4930 9896
9310 16586
6875 19189
10428 19163
6309 17043
5466 17610
4381 8176
7932 20140
11850 19503
1681 13844
1090 18837
3612 4173
7899 15566
4701 21509
3501 13381
124 4650
8585 14305
2439 5641
13800 19591
6487 16347
3114 4092
12371 14372
2103 7632
11097 11200
1553 21151
13540 19780
1964 10406
12748 20939
15375 20677
134 8475
1023 2776
496 4395
12834 19453
4975 6263
5978 13330
2022 8326
5615 13599
7855 8505
3837 12705
11238 11638
4554 14706
5356 8361
12855 23021
6941 20082
14601 19641
8102 19344
326 20660
8379 10051
7317 10674
10680 11925
7231 9319
7508 21494
18341 21308
996 22611
250 1222
18323 20950
8441 16485
8389 19780
19932 21911
3859 21697
12466 20869
45 20454
5727 12330
4211 14408
11637 14700
5216 15244
22088 22536
16531 21955
526 2336
4928 7409
2845 8537
5724 22537
10000 22666
6258 20585
1594 17108
18448 19082
11747 13050
3610 20289
2778 9073
940 8795
13747 22244
11475 11814
11142 16647
6479 16167
7416 22421
4393 6016
1022 9847
11364 15235
10015 16159
8447 10446
4454 4545
2250 9246
6315 9741
3670 8021
11424 20794
6557 15454
1177 7395
2066 15216
3754 22367
16930 18021
8410 10940
4991 12335
1303 8623
3895 18996
1853 4471
10264 19077
13907 20412
5082 8553
15659 17960
7278 22924
10926 16786
14665 19355
3357 11891
10732 14987
7790 21124
9016 20199
14562 21757
7445 22255
3263 17170
4723 18271
18119 22926
7308 7514
8913 16291
7798 9864
8944 11281
8690 20477
1949 6002
3589 13872
10771 15546
17833 19732
4446 7279
20313 20466
11649 11931
7124 20828
11924 17550
2932 19827
535 4614
1793 5474
2848 18300
13740 19511
16443 19377
3759 16616
255 17259
9070 15641
2899 17909
17150 17229
6254 6749
8904 15322
9896 17229
6311 8496
6177 21097
15832 20118
7308 17835
12324 13202
10349 13044
15818 20345
8586 22432
7838 20882
1365 20434
20507 22224
9538 9607
15296 18579
3961 10917
22576 22684
14225 23072
279 4959
11712 16352
1517 1537
850 11488
20123 21159
5001 20595
18097 18690
6968 16487
1494 8205
556 2839
3937 10197
4024 5796
4863 15787
15802 20677
4245 11317
12838 16764
1515 19032
5350 18176
7516 7826
2324 11891
623 1505
7170 17719
11101 21393
4887 6471
9502 14466
12086 14109
7595 20323
3165 19935
11137 15321
9990 13488
6934 15889
3945 10482
4253 13616
1914 16990
2477 12208
11483 15815
6606 12243
6701 15327
7265 10806
10864 19885
13260 16074
14482 19611
3151 22359
8039 16666
404 16615
8037 21351
2248 8506
2776 3588
5781 7002
4577 13117
6549 11388
10396 17271
8863 21139
5213 14886
5951 13124
869 15953
8062 17277
5613 8122
15722 20623
3160 13935
5896 7689
5886 12317
2153 22878
5727 21492
10495 14036
10507 15811
7661 16887
13934 16694
8885 21580
325 4933
4887 19410
2464 16918
16373 19454
17467 20116
18902 19447
3633 5161
19127 22354
13349 17810
11054 22039
4382 12553
11166 19045
7223 9851
9184 19272
7476 13144
6112 12995
6232 21565
3736 9835
11648 22541
11648 22526
6995 7975
9223 14471
5420 13723
1831 17469
2863 22820
4014 11705
17619 20738
12648 13086
5336 12820
6330 13421
820 16375
460 11278
6595 21297
5192 12225
12395 18334
289 9530
5129 21668
1766 19398
14318 20022
12320 12323
915 22043
5654 10634
9538 10106
15348 20902
4207 19767
120 12877
11607 14980
14055 22536
6615 16056
17249 17689
5344 22249
20450 21417
5233 7784
12885 19516
10052 18526
8176 10102
13392 21059
1586 1940
16752 18260
3813 13083
14339 14889
8989 15771
12720 21194
8120 16188
5877 13197
3310 12521
1549 20980
1822 18015
10761 11866
12138 17880
6603 15275
3080 19898
12914 17608
3897 18788
20635 22593
15125 20721
3211 22086
1321 10931
1496 20491
14745 22555
4540 14550
7346 14198
4703 19168
11229 16655
11918 23119
9538 10002
7991 20981
7185 10611
16601 20554
16151 22208
4493 22696
9965 13868
8104 13149
3914 15717
3574 19762
6410 17150
6095 13543
4512 19448
6755 14317
8740 22186
281 18015
1118 17347
2140 16603
8594 21145
2949 16729
3536 8979
10410 15742
5974 13084
740 11913
4034 10316
14199 17318
2353 11475
5852 11728
8997 10975
3114 12963
7720 22473
939 6528
18157 19736
4921 9808
18004 23031
10085 10106
8768 15505
6833 22451
3045 11717
2143 18836
2778 8393
3076 17968
1884 21955
4936 10275
7727 13840
7495 21361
1107 14521
9112 14878
5528 22451
8703 14048
3424 22494
8863 9609
6276 10532
7674 22545
5476 16335
14332 20619
3288 21726
9515 21243
10795 10831
15426 22415
700 4760
2793 11636
1361 8804
11154 14757
17558 21978
5487 6874
3737 6445
2313 16375
10761 22670
4650 16923
6973 14727
5818 13387
482 5527
14899 17405
4730 8669
1444 13319
1506 4745
5288 7453
10380 12790
16445 22696
6917 15868
16449 22217
12822 18274
3985 20480
2313 6917
8795 10591
7884 12868
1884 5804
520 7755
17720 20141
5505 6529
819 990
12993 13504
7700 7720
1180 8498
7283 9228
6088 14387
1407 10177
10264 17730
16278 22469
18720 21199
494 9534
12437 12528
4495 13304
5927 9931
5525 15421
10366 10805
11245 16204
6504 9560
14076 17923
13434 21981
930 6157
5147 7489
5989 9141
849 2083
11627 11649
11485 21679
1439 18731
21346 21528
2778 10349
8854 16957
14671 20305
807 20152
14041 15424
5364 18514
9191 10279
19081 21237
6067 13787
6687 19534
1500 8817
1515 12035
7859 11441
5650 22274
9867 16828
15688 22770
10263 19400
4301 6427
12297 13548
16170 20330
12945 19856
6687 16544
12501 13977
2923 3039
13355 18253
10774 21645
15008 15995
1873 4444
4323 15781
2282 2464
10417 21583
8457 9790
4233 5397
1098 16027
16268 16473
14976 22877
2055 12106
1225 12343
1473 19029
12648 17365
7346 13864
14479 18324
8031 14974
5438 14019
49 14754
591 5095
5137 20241
11133 14157
15698 22591
12768 19563
9150 19948
7996 22896
13464 13781
8499 22142
8525 22382
6355 15965
11908 21173
3968 9528
2778 12411
5711 6612
18781 22617
3787 8870
257 1235
11652 13273
2493 18105
3589 7029
8587 13107
289 1021
213 17428
14647 19313
2240 3940
2119 12475
3759 10301
5797 21640
3072 7309
11641 20639
5723 20207
10100 15402
1653 14806
7121 20439
21011 21492
8417 20508
15732 18356
1113 19360
2316 18378
1048 19207
10063 22442
2147 6670
4843 19794
2552 22654
3571 15287
768 4431
19234 22429
2943 10092
14131 22977
7999 19399
8355 22168
3960 12805
17520 22924
1205 8923
515 19416
5587 11106
9806 10385
13163 21151
8228 13785
5459 9501
1473 1486
65 2685
785 5868
4231 7675
4448 19230
961 1010
12313 17177
1638 13998
2761 20152
14717 18895
12048 21659
12513 19740
14587 15241
9007 17065
512 21972
10251 13684
15444 17913
11578 18438
7462 10730
5742 8568
477 6958
11742 14410
14575 22991
12410 17921
13172 21659
15831 21639
3411 19780
9434 22536
1484 22100
4531 20660
3326 16617
6701 15006
5727 22088
1650 12111
16129 22258
288 22821
8291 9099
12235 16155
65 19575
10141 19983
5157 23036
858 8378
1878 17762
7984 10753
4388 5080
6479 13230
12046 19796
1978 5592
12284 17690
10097 18694
9609 11547
12166 19697
5758 15241
18481 22178
16294 21298
4316 21686
7316 8412
14614 22101
5435 8439
1427 10338
12555 19354
18395 20085
6913 21235
11919 22161
3676 19093
6720 14122
12540 18871
10467 12556
878 1553
6050 22298
18491 21845
2765 9032
7517 16196
18604 19119
7549 19932
20290 20505
2793 20491
6187 19801
14735 17968
5492 15904
10812 21260
16319 23060
13565 22745
3847 8795
605 2337
3326 4797
6855 11338
3442 21701
14376 17437
5455 7451
2418 13232
10732 20935
14892 22669
13176 14195
8854 12485
18451 20155
6311 15292
7657 17958
16636 17990
2837 15921
7136 19397
657 4706
14412 22291
645 9898
2049 20825
16935 17184
5554 13883
13174 13386
14367 20949
652 1094
1928 12529
7170 16942
13438 14150
6594 19055
4614 17755
5718 15218
5535 15468
2746 4217
2991 20226
16039 20230
11330 19953
11253 22236
13872 19483
684 19951
19186 20897
4062 5015
3341 22852
3831 10845
4211 17885
9177 20333
7043 12438
5355 22710
7251 14281
8361 18641
6442 22202
2991 18993
10569 14379
4477 6764
12852 18601
13616 18950
1699 18290
1744 17529
12245 19502
460 21380
64 5458
9018 16477
17763 23091
1473 9415
4796 16842
1779 15653
4771 21912
1800 7884
4390 8615
4911 20742
11648 21941
12692 19389
1698 21427
9515 19379
3532 23013
2294 17112
4311 22988
1570 15975
10110 10370
6807 11649
4680 7690
11186 21132
2130 5322
11397 12977
15438 15843
3973 10888
6420 12677
11402 18442
8854 16504
11671 20092
488 9657
3682 19787
19001 19665
5984 6252
19177 20599
4723 9899
2316 16375
16097 18467
895 11639
7300 14591
1473 2284
13996 20340
9538 11919
3805 13541
17555 17862
4222 6095
2237 18443
1728 5775
10755 12896
2812 16442
19002 21610
9215 14203
3073 3286
2635 3824
9326 12161
16666 18255
8839 9809
22016 22362
6375 14479
12889 22624
12433 14062
6377 12664
4795 8919
3503 8267
5467 17610
18906 21186
1031 5764
8615 13246
12065 16398
4341 21149
17460 18411
4013 13964
1735 4007
2266 3286
2752 21306
5336 16659
4259 6524
8802 16956
8169 9154
1198 4547
17046 22923
874 19973
15418 19032
19899 20498
4165 19218
13180 16196
9069 21535
14274 18157
348 20315
14560 22666
3241 12682
15000 17626
9224 21318
10331 20358
1563 9538
9442 11936
494 7998
7977 8505
950 1536
18166 21809
4136 22795
556 558
5110 21678
10097 16086
14500 20650
11753 12163
6549 12373
4765 16596
14423 15237
10940 12186
7892 12413
11641 20085
16167 21055
12973 19043
2481 13025
499 11643
11556 14616
11753 19679
10206 12581
3001 7718
902 10909
18848 20493
5755 9302
7914 17471
489 9491
10479 13080
11056 19725
14493 22049
7637 8552
9708 13244
6183 15645
868 13341
6480 19257
2796 14379
7384 9221
1631 1872
6107 22821
5818 22812
2435 12159
8974 20042
11496 17555
2047 6541
11681 16092
3466 12145
12281 16052
3384 11286
9502 14339
11537 15613
8085 8132
2369 2453
7140 19958
17099 19063
2343 19533
7401 17056
2936 10454
11003 15440
3256 4630
3958 12266
1688 17387
4792 6693
5303 10908
8496 14404
9007 22786
14019 15374
5571 10530
7381 8974
76 357
7190 18258
804 2117
10561 22415
7193 20110
9336 15672
10292 13716
1620 10951
6172 19498
5744 7140
4983 7416
8506 15672
10086 18987
2068 6096
5742 9694
5708 8795
2295 14455
7586 17943
5455 11498
1322 10273
3083 17802
1599 19333
973 19399
9647 12150
7152 11924
16477 22785
7093 20662
11209 20064
1505 6846
790 19446
11648 14295
5493 10732
16795 21127
5058 19460
7726 20644
5347 18494
10949 13918
9503 11774
15070 19159
17841 18090
15305 20353
12758 21318
3137 5714
2284 2943
5891 16465
1848 7011
13595 15333
8703 10192
1713 19446
2776 14062
1752 18183
2857 12601
4547 19926
10476 19560
7136 19384
5553 21547
975 9065
2908 21535
8545 14275
9953 20144
17341 18872
5397 8138
751 12349
6279 11447
10501 13329
2213 6254
15996 19193
1474 4795
1820 21283
6038 18911
1752 22304
1006 1513
1474 20810
1553 21173
11612 12556
3280 4873
1940 2303
9588 10974
6603 21189
8612 14750
14503 16443
9012 14536
8868 22771
6727 11677
15090 20076
9730 18620
2220 8288
668 6101
10645 20064
1390 7164
1039 1947
9036 20284
4001 4002
6247 18898
9837 10254
9218 17838
14017 17455
1610 3958
367 9734
16373 17440
623 19347
9149 10396
9795 10580
4637 18620
204 10285
6686 18582
3550 6624
6094 11635
4504 20370
3390 18185
1882 18327
9731 11917
8428 22536
1427 10387
6603 12254
19327 21936
18027 22853
915 6823
2810 6950
391 20928
6183 8663
12950 15954
1694 22525
97 14099
8787 17614
3784 13416
2220 11046
1528 10624
7421 8710
15559 16313
4068 15611
14989 20610
4207 11302
874 1491
19528 19529
4068 4745
8182 10691
9704 9796
7447 13883
16875 19313
8403 17811
910 11001
8447 9767
13582 22693
18903 19914
6349 19685
10103 21265
6293 10107
6873 20165
18644 23001
9212 9497
6343 22216
13066 15358
7730 14740
6311 21795
8981 19043
7405 14932
6622 7092
5448 22781
19124 19127
7935 19358
8910 13401
3305 5966
3645 11611
1545 22553
2765 11910
3940 21132
8127 13499
11376 22834
19309 22008
3493 11924
2043 14227
7549 22536
11627 11639
17281 22793
10794 19228
6799 19987
13877 16033
13072 14283
12610 22991
2821 22771
10205 21117
5256 9054
6585 12125
85 18556
10495 21489
1372 3307
751 19286
1022 16666
5305 17353
7775 10524
4103 15263
2463 19463
1508 12342
616 909
4999 5518
15350 18614
16434 17433
7106 22731
5741 14758
3590 3982
1137 9814
19025 21635
8757 13162
7071 8133
2519 6071
8551 15504
7216 14232
8333 12211
5201 8675
9922 20122
14520 15915
6225 16051
13161 18378
2172 21357
1853 19429
4505 22607
949 15562
2896 8538
8356 12945
1310 6225
6652 16724
11929 14455
15874 18858
8610 19468
17810 22476
14659 22800
5404 15969
8991 10831
1717 11233
10869 15155
5423 20557
2885 18472
3564 18968
2768 12924
12613 22009
13749 22059
65 13400
11089 15663
9382 15530
5336 18019
13911 14752
3958 16163
5438 10311
6986 12187
7839 8000
3160 7784
9803 15395
14578 17843
15171 22756
3947 5444
653 4936
7025 13117
17164 20610
3872 4559
13055 15668
5281 10485
4714 14641
2783 11889
5476 11465
8613 8795
15971 21600
537 7202
157 7637
3877 14374
7215 7817
10477 16129
15527 20660
1271 14479
8995 14368
7104 22433
3656 18667
13729 17695
825 1110
1339 17749
4714 12354
10211 21511
411 10730
4614 4983
4801 7121
2309 6604
3937 14226
3725 3947
3961 17141
2793 16299
6941 21859
639 8016
16879 19069
6632 20650
9538 10098
2248 19647
2134 17756
19304 23065
12889 16926
14359 17127
851 19352
15504 21536
7776 8594
4449 5470
5147 12585
11356 13180
535 11280
14691 20660
2296 21319
10515 22205
15089 19855
2793 3174
12763 22176
11372 22432
7325 8674
19240 20713
11174 13451
6375 7425
2117 20787
8652 18013
8654 14526
17357 17602
4274 18406
1657 5592
3882 19956
1671 15812
1168 11638
18065 18871
7287 21135
9352 15017
7226 19546
10649 21776
6064 10158
6005 12239
6356 21137
6847 19108
1914 7186
3109 22238
289 1493
9404 11153
8802 16294
3367 18977
11173 12999
17496 22149
3550 8469
4808 16195
5327 10528
15916 22473
13610 13844
5103 20276
4841 8390
3305 6218
14998 20883
14317 20181
11485 12406
4774 8443
6536 9722
1622 18515
9594 18756
9215 13560
11813 21995
1233 4565
8070 19895
4911 9391
7360 14416
13373 22304
13863 13996
1550 10728
3176 6379
5662 23050
5343 10375
5559 16542
8057 14391
4338 18368
4520 16885
5910 19114
16074 20877
6568 8674
7738 15508
10079 10097
6868 15290
2418 7561
16669 19997
3761 13987
494 860
16318 22062
3947 19372
5327 13048
16506 18875
12106 12896
634 13205
10286 22185
4115 16386
4126 7458
970 14762
9409 18478
6023 20928
13555 17272
12474 13177
8533 12199
7741 10880
8193 14579
6394 17538
7732 20250
4362 18909
8140 18933
898 20337
14829 18748
8385 10587
7414 13270
6056 18895
11200 17496
1023 1226
194 21023
7191 16555
499 7468
2448 7997
4867 16805
5854 8865
740 7614
3897 9735
761 15940
7003 10619
7048 8654
1050 5281
8753 15535
5966 18145
8408 17447
9009 17362
8544 12632
10655 17240
3068 20311
3048 21077
1324 1788
17978 21826
6796 13557
642 5163
2060 6276
3985 22844
151 6433
12944 21396
10566 11046
8531 9963
7199 19805
1288 6323
9324 18992
14182 16979
2553 18732
356 10940
4646 19186
11302 19767
8995 13941
11046 22551
5172 8092
135 12269
15655 20012
6905 9944
697 6535
3168 17943
2899 15023
2793 6469
36 9919
13720 18325
6095 20928
4565 19899
1178 9679
668 22097
5553 22557
4439 19722
4406 21479
2507 15338
8409 12352
1271 17752
8288 9308
4934 19097
4490 11920
11079 20650
9553 21452
8203 10879
4280 19856
7073 22574
4282 5307
16631 18246
930 8554
1518 4682
14094 16601
4728 11142
213 15657
5392 15085
3910 16520
8211 9087
113 12277
3666 5115
9288 13067
269 17447
14878 18205
4693 22574
5438 21822
13804 18063
8001 22352
2703 21901
850 7489
12678 18054
11867 14218
1478 5989
1543 7375
6443 20504
13128 13194
10258 12097
3783 11474
3277 9122
612 11886
2450 15634
7733 18804
5001 14041
2076 2766
13446 20573
7532 14330
8661 16649
2347 16483
2342 9838
3299 5207
563 22387
2866 14542
2236 12860
9799 20428
13255 18740
1048 13645
4249 19984
13779 14868
11930 21509
3053 5018
8360 20050
1244 8310
3762 8637
4927 9287
2793 16804
990 19987
747 7732
12133 13524
6252 21519
16982 17050
11876 20619
2761 8265
8594 11901
5204 7774
7265 21312
13066 16315
5681 18044
9148 12433
4185 8633
14318 20035
5850 19718
11863 20233
14033 14307
3277 20793
2778 4907
2714 8451
2394 14579
4275 12648
13844 22766
1104 2530
12113 20569
13322 16601
13032 18383
5116 12842
15476 18825
2291 15418
4311 6687
6986 8178
6941 19935
3764 20169
351 16635
718 6271
2153 16946
14482 22874
6394 16489
10092 19302
4052 5590
657 13555
15573 17511
4693 6095
8224 18095
5951 17873
457 9694
3036 3998
2792 7155
1320 8802
6390 17440
6276 13477
3061 16145
3768 17166
10234 18835
14438 21955
7215 18507
1322 12708
4085 8749
14249 16658
8545 13996
11026 12112
15937 22834
2667 7065
12011 14579
7792 18855
8648 14272
100 6690
6693 16601
5906 15251
17542 19619
3252 4819
5468 11638
2704 3961
138 14416
3390 20468
14493 14712
14753 22421
2098 2793
6672 7163
14045 16425
11642 15378
9613 17627
16135 21793
16682 18087
5125 17885
7597 7598
9985 17586
10375 19201
6899 20197
12060 14376
10649 16520
1632 2459
4577 10923
11263 14208
15064 20336
11742 20928
1040 21413
6415 17774
8809 11441
1502 3274
10153 16095
13520 13932
4490 9741
7898 19885
13545 15280
560 20555
7371 22890
1503 1517
6573 18432
17669 22924
7247 15617
1498 6882
17550 18312
10025 13096
15378 23091
4588 10294
1088 12733
21854 22948
16991 21237
4010 10096
7253 9667
8789 16611
1022 8345
14780 14872
4843 6648
1651 13149
5053 8690
7248 22129
13747 14976
3351 17809
8648 16522
11307 22812
11761 15933
2088 8347
14407 22816
5081 12265
8991 11676
4899 5535
10551 21255
9273 22400
596 21814
2153 22198
5900 14257
6873 9572
2098 14213
9541 16279
20928 22727
18757 19386
9019 9387
12011 21694
13926 19222
20414 22100
1385 15726
4614 8703
16843 21312
15971 19601
1714 4774
8808 19427
8957 14763
457 11632
1009 12471
9501 18815
7414 9116
5657 11043
990 12579
6360 18640
13307 16279
6738 8836
7595 20574
8703 10122
6666 19732
7912 13987
10782 12583
4446 10462
10087 10164
1703 16634
6421 17014
13844 15280
3496 5549
12114 21884
117 16111
4616 9512
13374 18964
6102 19043
6155 21426
2443 2533
7912 17802
11203 20660
7631 15374
3639 11417
731 10835
267 2776
5160 9704
770 2714
6821 8447
4650 15191
5856 19978
15940 18992
768 5989
734 16640
7106 17841
14220 16530
4890 19184
18565 21146
4068 22536
112 16926
15743 22008
6693 10904
12195 16733
605 18290
13877 19048
8476 10891
6614 21713
4553 16611
9054 10251
11741 12919
6492 22758
3106 15357
365 7753
19097 21209
11133 16304
455 11910
3581 17392
2096 11695
5559 16541
1971 19827
3325 17640
10379 10739
2665 2778
8652 21533
8768 14052
20361 21581
9985 20122
8415 9356
3073 11388
5045 6330
4314 7414
11449 22642
12682 13776
12659 13341
1400 7292
5864 11184
2266 14351
12177 21280
8411 9361
5202 11170
3937 4611
2992 10472
1566 18512
7817 22749
12104 15629
11583 18447
10373 16493
2063 22037
18815 19394
10844 16697
22176 22308
4565 21135
3655 7711
4563 15685
5475 12397
10486 10616
1486 8364
2329 16904
4034 14807
1145 15355
6504 10796
8679 14275
2194 13504
10289 20723
5605 18624
8999 21374
223 2250
367 8804
74 5999
17560 20331
17062 17882
20428 21417
7741 16654
1902 17115
9737 17965
9141 13398
6411 12697
9175 13921
5727 8036
12306 12647
9744 14952
5993 20869
11620 20076
8288 19643
4808 21288
391 11742
825 3408
1788 14370
11923 12505
849 11407
5483 12564
8209 15792
7290 14201
8189 14472
1674 12011
3243 4614
447 22258
10245 13499
5578 6421
2582 2720
2926 12945
289 5882
1678 18160
1599 15036
793 16979
8053 14298
2139 20703
3305 5677
2649 15728
16561 20281
4622 20763
16718 17748
5147 12330
10841 17028
9391 11854
3307 12682
10263 13149
2050 16098
4837 20644
1228 11910
4016 8267
7694 15103
19394 21855
900 10622
14653 21191
652 800
6225 17467
17885 17889
6703 22536
14130 21474
2873 18608
7963 16605
5641 7817
17163 19597
748 21826
8288 22574
13127 17999
3888 19080
11121 18597
6630 18412
4194 18135
761 19159
2312 3786
1172 16542
5803 17336
7141 11922
8776 12580
17666 19862
16630 20584
11601 21170
10489 12528
10756 22125
8275 19842
1650 19145
7412 17943
289 2550
1144 4614
4984 11376
17170 18955
12201 14194
5940 16561
1083 17843
10610 18945
11917 22744
20660 22560
8333 22773
8257 21509
6271 12485
11929 15829
17529 18040
326 6157
14726 17853
19101 21563
5202 10939
9066 16423
7548 8327
1271 4452
7869 11889
11751 21862
3610 16928
2039 17730
797 22709
1126 11459
253 9893
351 11067
11546 22186
9896 10864
10349 18317
10580 12790
1965 8790
6094 10598
13162 23043
559 3922
3186 4745
5475 13045
2458 23029
19598 21392
7029 11317
4849 9319
12749 13058
8000 18154
19010 21346
9108 23075
10119 22579
12089 20906
18105 20472
14881 19123
9619 14712
8065 16654
10061 15469
7450 16979
13871 14254
10829 16020
3947 8653
15159 15740
6827 17995
1886 8656
4052 13708
3539 15771
2307 20662
6547 15131
8001 15484
1483 8360
5255 19258
5627 13586
1752 7496
4614 15404
16283 17598
4519 15957
6040 16542
8651 17496
12673 20204
2902 21972
2336 8062
8860 10969
6168 11481
7015 19312
7516 12168
17147 19821
2951 19002
16153 18432
12034 18042
7888 18871
5330 12813
14863 21130
9343 17607
9911 21931
16647 18456
18432 21815
1022 4733
3373 19922
944 20063
9018 17882
1474 20807
1836 21224
10475 23101
15978 16052
2327 20550
783 22719
1842 13022
15786 20076
6297 10161
6286 12852
10831 14001
8085 16489
17198 17199
3265 11791
10630 20543
11980 23101
9577 10558
1573 19932
13245 21645
3931 11400
14153 14656
0 6731
19465 21068
1351 8683
7211 17821
7272 23081
6746 20403
6827 12261
12950 16697
10085 11648
8638 12571
15893 18443
6508 8832
1732 15198
2414 18063
1168 4783
14048 18827
8489 16847
779 1935
5507 15900
12213 17728
124 21417
10411 11209
13877 17455
4660 15658
39 18300
1466 12146
7856 9875
17226 17328
5797 11643
5700 20122
7877 23076
12054 20177
5724 11268
7147 12114
9025 21317
4597 11102
7674 22158
7131 15848
9530 15439
8881 10211
6034 16736
10332 15124
5132 14779
13700 22241
15836 21838
3167 17862
18562 19222
483 2264
8975 22551
8583 10235
6726 21671
1500 16038
2333 5301
1861 22909
4614 15640
18268 21911
4392 19909
3725 16361
4536 6967
941 21649
14578 17968
5460 16320
5658 22354
15803 18182
7358 20958
3595 18116
3596 22186
2462 6913
9135 17662
16927 22834
8063 21420
11749 15072
632 21519
16490 21955
14370 17100
15916 18224
6089 11793
1156 8779
7691 7714
14041 22354
6493 8830
14484 18343
17148 21600
7899 7959
5624 18639
3747 8251
9239 13588
10048 10489
5344 11905
3830 18820
825 903
3481 15978
14533 18198
17440 19419
12237 13124
885 8611
4230 16630
4172 7602
16828 22613
5063 8087
8124 22522
9219 20571
21 8375
3589 8369
15301 20219
8298 8948
860 20148
8378 11917
7394 14436
8586 21637
5217 10079
5216 13703
5192 13785
5024 5250
3824 20719
18929 19502
3542 13175
731 20280
3377 13368
869 7975
16383 19473
8894 22270
16382 21124
9808 12022
11924 19037
9403 12559
11971 16021
12151 17445
167 15786
12745 16513
17674 17905
13633 18152
2902 10085
6846 10485
3907 13187
8075 18448
4263 12574
11006 21541
3752 17652
13811 13859
2778 17749
1379 4948
1031 2902
15468 16629
11638 11639
8708 20020
12730 12731
11910 17295
12849 17115
9398 20677
10788 12163
5336 6520
1568 5419
316 4094
8648 10158
2899 9358
5686 9730
8003 15672
16484 18859
13267 13990
1326 12296
8288 18923
8909 18529
6938 11441
8700 15364
760 6786
9518 11644
4258 16728
16941 20639
58 12002
12033 14590
7451 22527
16252 22627
2994 17885
14395 17958
10715 22671
2473 16347
1032 10451
2828 20660
16766 20849
3514 7631
1083 22425
539 18258
16798 21815
1030 7763
8018 11475
13877 20968
3550 5068
579 4280
15186 15508
3851 18992
10056 21718
6903 22696
19882 21943
1640 7384
4440 7385
14053 18830
16561 17780
109 9189
10279 13575
14690 22088
7021 7626
3484 8582
11043 21912
8610 8623
4303 6493
9035 18859
734 9667
3305 7899
7916 12644
333 21633
490 8299
1111 18819
11634 22145
1670 6208
53 1652
3961 14097
360 7021
9625 16990
4032 8373
2046 2793
6535 15212
10446 13596
6729 12512
232 8163
1047 10100
5780 14498
3166 16203
731 12352
6994 12221
1877 2475
290 9012
5332 23060
11909 16601
13577 21689
11913 20469
4117 18597
7586 17718
5603 17804
2204 13151
10197 13245
5420 22318
5487 20580
10080 15126
12620 16601
3266 16221
4231 17024
11287 11851
15205 17272
4473 9356
1797 4351
10324 18242
3033 14506
3610 11017
10375 12681
2597 18721
6385 19114
9073 12085
10092 11292
1414 5787
12021 16115
630 12246
12029 13763
5240 15901
3078 8288
2340 18616
20168 21485
2189 17796
2211 8976
2900 18875
4614 21011
949 16881
6846 9885
14878 16621
8878 12578
6318 11941
668 17318
18488 19935
17228 21184
10730 12464
1380 2237
565 15307
14264 22530
1683 12013
2139 11335
8004 17194
4625 19611
10110 20207
10411 10645
2 2755
5322 18296
8171 18782
3351 5027
1817 2649
5736 7227
13082 16626
6776 10774
1290 12045
2898 4277
668 796
17091 22380
1122 7663
6551 19389
11686 19595
14557 19294
3848 14339
927 21972
5727 7493
3721 10467
6693 22455
8205 16515
18673 19728
7401 15854
241 18644
16204 17862
11925 22344
10062 23117
2886 21791
11358 16990
5539 11578
10806 14717
1126 18494
9472 21858
13209 21809
6095 10885
1500 7489
1180 10081
9864 19751
10407 18107
6350 18942
1532 3158
6197 16781
1836 12126
207 11607
3739 5344
291 22771
4692 9073
1147 18697
4521 17223
6534 10090
364 14365
1795 7763
9934 21240
6367 17053
4496 11337
9792 10380
3531 21859
3013 3257
4973 5550
12127 19085
1536 15512
14444 21041
18765 20550
1849 12392
2756 9592
610 10737
5700 14652
2721 18957
4652 10647
1186 7300
12605 19687
5922 9482
2637 11359
10321 22264
7346 8163
17749 21057
10643 20165
1225 1482
1633 18121
7784 12905
1482 18779
9279 21427
3390 10092
4549 4907
4538 8395
855 17885
10051 10366
11725 13063
3506 5605
7709 13743
8269 11028
21447 22556
615 10308
20423 20440
8056 8991
2949 12085
1810 22852
8922 22777
10 12683
11872 12284
929 20372
12682 16695
12879 19170
4194 7998
10024 11395
3103 10451
14365 18328
6343 13165
9308 17885
1637 17882
12060 13359
19106 20946
1582 12098
14812 21067
10499 21713
15564 22127
2923 4436
94 661
17315 21934
11904 12570
17610 19114
14064 21589
8647 13978
3594 7786
13603 21345
16804 19879
9523 18268
8711 17502
13372 18779
8643 19554
18813 22854
602 21689
10099 11636
1761 15723
5065 5465
13498 14997
976 19959
3566 15045
5920 19193
455 4347
4594 18514
1640 18641
7462 8163
16341 19459
7038 12977
71 21607
11758 17453
17718 21563
16434 17439
2828 20033
16601 17862
1503 11924
5406 17850
33 17937
2103 19576
7657 22536
7525 9138
5727 14048
5989 21129
8475 15894
10098 11732
3939 4548
19446 21147
4730 22561
3814 8469
7374 14435
12083 20889
657 4163
6124 14609
214 9302
8320 13048
7703 20075
1210 3698
2939 5257
2830 15871
10067 15531
7168 13795
3758 9998
21535 21547
10329 21343
2353 3616
5674 17773
2881 20810
27 9867
2939 11518
6891 15749
10739 21638
8154 10161
2490 22221
21143 22823
4147 21581
7826 9964
5771 15280
11658 21766
2361 11661
11022 14855
3412 3551
6700 8795
7808 16262
14576 22605
20679 22967
1101 18684
7289 16549
3769 11022
3040 11249
4088 10465
130 4123
10962 21920
14056 15778
1168 13489
10519 20769
6866 16953
3932 6049
1543 4303
6678 17897
4607 15761
9203 21277
12664 20903
6080 6346
9774 21548
8290 16928
19448 20863
6870 9218
17076 18871
4904 5450
7673 21782
7531 14676
22451 22522
10932 21955
1613 20903
1090 22824
7292 18354
2766 8888
1920 10273
11925 19370
15247 19543
10309 15733
17345 21227
5746 6483
11246 14227
21173 21985
8466 9847
182 12825
20505 22250
4243 15562
7581 19885
1610 12258
931 6543
10795 19309
1301 13806
11245 11458
6626 14275
20147 20893
6703 20347
11080 17569
20197 22210
9482 15173
11282 20796
2956 7771
2436 7878
2949 7348
10935 22005
21344 21393
10025 16978
14674 17125
6097 15364
15912 21303
5174 16601
12729 22532
2777 5508
11792 15279
12500 15613
5438 20658
4396 12414
9828 17210
4434 16131
10222 22083
13781 17098
6469 22922
8221 11875
13712 19333
19013 21127
1670 11641
6719 23073
9572 20155
5131 14652
20579 21157
1315 15997
17235 18217
6419 16964
7106 7875
4385 10506
1706 20220
2863 22059
768 7517
13404 14431
4966 18463
11685 17786
2817 6572
7678 19192
10231 19932
13582 21863
11457 16804
4713 7453
20136 22615
12838 17627
673 7742
785 11407
5958 16242
10541 14668
17763 19563
4559 20297
3721 9236
9693 21921
3048 16305
18219 22425
11926 20267
10334 22716
15126 19207
8524 18029
14510 21486
3693 11608
7994 8736
5579 11306
1906 6973
11576 14926
12125 12585
16910 21784
2732 18536
18228 20297
8436 13804
12549 12895
11002 17959
5420 18324
9007 22516
11648 15233
11604 20141
3431 9224
13098 14895
4785 9550
3085 17502
9022 18992
4785 9358
3958 6386
9658 13806
949 12110
7830 15754
12922 16728
15663 19959
11231 11648
10189 13970
2089 2240
5656 22224
20831 22536
3716 15065
14249 14808
5406 17730
6676 22285
8206 14503
769 11654
15773 21109
8425 9694
17764 20889
3535 22912
3305 13593
5150 6720
11913 14652
3809 11861
14792 22378
1084 22236
9213 14305
15674 17167
186 12033
10571 10577
5329 20366
6290 16805
3140 21319
12138 13655
9694 20259
7416 21511
3428 8061
15610 18374
8420 15365
6433 20187
9222 17248
3292 12106
12413 15374
1052 17010
1470 11088
5567 6613
7545 19885
11819 17634
9368 11184
12296 16567
1902 8326
10674 11930
6693 19259
8062 12522
5607 8549
16168 22110
16939 18621
9720 14696
4893 14733
6581 19924
1437 7975
288 19940
8209 20545
576 4227
18179 20524
2630 6447
5476 9847
4831 12354
3868 20281
615 10891
1586 14927
1853 9921
5680 8830
9379 10416
465 6056
5989 20645
3259 3416
13169 19333
10723 15324
5559 16353
4837 19144
2177 12992
4281 11837
21960 23031
1845 22005
10345 17990
20166 21291
668 4090
8471 19563
7993 22114
9712 15211
8122 18302
991 20207
4860 5290
3921 18719
10876 11203
2979 21773
15619 17801
1853 4002
16654 16960
15568 16352
8396 19850
6909 14071
3327 4547
5255 10886
14707 21580
1647 11483
16196 17637
6678 20475
2726 15852
14410 20616
1114 11648
5457 20267
3158 14997
5578 17014
3837 11201
6138 20643
7537 10851
8408 22368
15457 20026
13703 15244
12790 14048
5020 6978
10197 21011
11798 18119
12085 12243
5476 13813
7441 14075
4703 21976
7840 18145
12801 20805
7425 15061
4887 10631
9071 15101
7817 17910
4927 6059
12522 18987
452 9383
8757 23021
253 18029
2779 7464
2758 17147
1316 5548
3689 18823
14792 19032
3760 14712
9565 10222
10489 21511
10081 18108
290 16195
14293 17604
4520 20169
2102 12136
7958 11773
6846 17521
19124 22359
2402 11499
7709 20292
2545 9867
5612 22624
2886 18004
3283 9193
7495 20224
16759 16882
1104 11833
3977 22358
56 14821
1339 22432
4911 15582
734 7873
2928 3078
11074 22309
2454 20531
9694 11648
5130 7663
3393 19511
10414 10453
7914 16979
7029 12950
18082 22063
4175 22905
1991 17367
13180 15126
4637 8028
1591 11924
6197 12298
4511 22856
1473 21955
12342 18296
19689 20530
11366 12396
2147 18063
3243 4211
888 2774
2475 13925
6843 16345
19335 19449
14750 21284
6885 20481
2327 15926
12036 20914
4017 9327
2776 11912
16089 18196
15254 15454
5483 13916
887 10484
1815 11661
413 18472
1963 2983
10627 14366
7650 16364
6642 18927
11268 17025
11393 18796
6546 11537
2490 14076
15953 19456
7167 18577
15372 16248
9840 14632
2897 16847
11735 11849
11636 12590
6857 7806
20580 22108
4985 11597
133 14276
9718 12214
15287 16087
16148 22333
4396 12813
19193 20671
4311 8504
4059 12294
6746 17527
12557 15894
10061 15471
17024 22398
5864 7234
4735 12127
5733 22432
4632 11948
7170 16174
4693 19958
13597 15852
563 9940
11950 15279
647 12091
3369 18952
2751 18944
8184 15038
10880 11636
2920 23021
7885 16060
13823 17440
10000 22497
12317 15289
1538 6095
22461 22768
4117 5850
2443 3245
5642 9344
13979 18547
11800 22387
8447 11098
2443 17187
14851 16550
963 8501
8769 21548
3106 9070
7181 17658
729 12392
6581 11465
11485 13676
10182 16869
14590 17131
17549 17730
8660 16131
10976 20788
2121 9546
634 10648
5281 12755
866 9474
1765 2935
5406 8022
138 997
10864 20272
9862 17883
15456 21653
593 20581
5592 13875
2978 14722
1097 15825
8825 20786
8326 20385
2016 3995
6875 20036
3391 9533
2891 13909
10176 19717
483 4440
9814 14072
13479 17196
11793 18346
10394 14550
14365 18327
12530 17662
860 16279
6005 13034
14982 20290
12334 21217
712 5561
12305 13868
4037 6163
9458 22758
8915 9559
16151 22658
821 9581
6950 8468
2050 17382
2936 9319
18063 22892
13061 21509
18113 18614
4079 10898
11081 11913
20475 20645
5818 11455
19000 22692
10628 16937
2487 14274
16163 21915
5649 10343
1114 10844
9193 12246
9641 16681
16973 21590
5221 10096
2537 3757
9211 12624
5858 18131
19926 21509
8894 19672
4770 10380
18183 18187
241 11925
1161 20542
17936 20069
5951 8400
5336 12395
3076 20267
12485 13406
13573 15069
4614 15217
13319 15768
3589 16103
2687 17397
1380 4534
10125 22894
8989 10451
1448 13871
20703 23066
7850 9218
11499 13844
6489 16341
12896 15126
3848 4714
14697 15635
13868 17932
9022 12627
7755 8594
10122 15200
5223 15037
19307 21924
1621 17730
1081 11619
3748 16203
19366 21221
12653 17738
9699 15089
7626 18670
9204 21911
8703 9429
895 2714
10470 21506
4428 22204
15959 20342
2878 3539
9414 9658
15238 17445
10551 22432
19399 22143
2874 18416
15714 18874
2117 9495
812 7760
12368 14686
6556 18187
4929 5656
10914 22989
3115 10150
2775 22110
7948 17740
2761 12852
9841 20496
4466 7601
16627 17020
4563 23055
2521 11578
19821 22780
2900 11742
6386 16515
8680 12820
768 8152
16982 22901
3999 5026
6095 6415
15378 19199
16658 22936
13874 15478
8890 21710
4326 10825
11560 18037
10707 18054
11142 12806
17258 20568
997 8050
7624 19575
9310 21995
10775 20423
5007 6955
3742 20320
11011 15646
11650 14531
12707 19517
4887 8842
19057 22670
9926 18074
4014 20483
2325 16781
1965 11049
15355 21535
3451 3992
11054 13578
12358 13154
2401 17181
9356 21714
4346 22427
12202 16195
13749 22820
19508 23086
3180 15349
12141 12789
213 8763
165 16565
710 8062
9806 14591
11765 20774
1681 15280
2965 5440
12908 16310
14611 16561
251 1003
16561 19291
17637 22953
11461 14550
8678 11881
11276 18761
5150 22953
3698 8360
493 2569
10375 19241
2077 4273
1279 4398
9277 21487
9002 9985
145 21069
2899 16941
983 18720
5769 11073
19423 21002
7560 12536
12398 20359
2587 10110
536 3559
2939 19241
5132 7209
3809 21664
10550 14799
984 19094
9885 18304
400 19295
2237 4587
657 6497
8000 22856
15076 18392
7404 21173
10025 23031
7840 8099
8138 17880
1567 8053
1569 8360
3402 10642
4985 10527
12383 12733
53 3848
7221 12945
7972 8050
2090 12640
14922 20169
5710 14608
11198 21367
11280 19932
10323 11648
3076 13850
9132 20189
11792 22055
8498 12849
4655 10122
16395 17869
10164 20267
14411 21968
371 19251
15527 18825
5066 21442
3761 11497
10081 19932
1011 12585
7714 9007
6617 20063
2661 17778
8703 18577
2614 8955
11460 16145
4979 9597
11199 12712
5708 14750
2977 10122
12487 19899
3860 20297
4211 20831
12556 14214
8176 20950
7829 7835
2464 18391
1618 16855
6764 14537
6004 21825
1839 15212
9575 22015
9799 15483
822 17520
2407 18488
4634 6970
7772 13760
15635 21545
7663 8643
19914 20254
6279 21688
1754 6023
16444 19210
240 9896
6493 22560
12786 19822
4782 7209
18621 22474
6419 11626
9398 16527
7170 18598
176 8025
14028 20541
3796 5150
1486 16522
9474 22079
1023 3870
8964 20903
14276 22129
8599 21573
15683 21263
9330 10576
8022 14857
3382 11489
20063 20660
12168 18268
2290 7721
10275 21660
9411 16086
1901 21124
7193 17709
11690 19882
7414 13791
1498 21056
4268 7514
10805 19465
17222 19927
13000 17182
2936 10096
15651 20968
3743 11347
10197 12950
20696 21128
10131 14116
768 16993
9330 10503
4915 10884
3990 14943
12397 15969
12189 17627
1342 16766
5894 9149
8496 18224
12145 14217
19398 20554
7626 16601
430 18051
8652 21544
1397 7686
2538 16301
13081 16074
2550 2773
3106 22917
12364 14329
15916 17989
1643 18824
4990 19368
9324 18037
13202 15318
1339 1533
17084 21037
4774 21943
7668 19370
1503 21166
13556 16232
8291 22129
2517 21435
10181 17927
14550 19465
10783 21645
5322 17100
15673 17002
16594 22425
17420 18312
13368 21111
17511 20571
3742 14067
13920 18961
13927 15057
11322 16147
8469 12136
3261 12522
17610 19446
6817 22615
1761 16109
5572 16984
4474 10831
6328 18626
12414 21955
14365 17248
3189 11993
16946 21247
7511 21977
6120 10595
14168 19315
10098 16089
8326 22226
5553 14023
4915 16276
4921 8028
2730 4280
5650 14142
6624 7251
3384 16238
20048 21512
18249 19419
9200 21842
17821 20180
4030 16950
992 22679
1030 8708
9072 21596
12016 15692
9122 19279
383 17588
18046 19680
15889 17334
11648 22258
6827 18339
8962 20122
12500 14753
3668 15482
9098 13033
12188 18055
5274 19875
4984 10322
176 9260
8059 13044
8480 19509
15580 19306
3751 13125
12846 19705
7268 20599
290 5106
7700 20033
2313 21074
2857 15048
112 13378
514 13668
18846 20202
10094 15233
4553 17995
7034 12746
20902 21135
5554 22693
11648 13243
17104 21258
1940 2944
5249 11997
15444 19932
17896 20685
9471 12950
562 3496
13765 21850
1568 12057
4453 16339
192 6916
8690 16193
15894 18914
11769 11881
1703 12977
5989 20480
8791 12296
17919 22929
20116 20294
5470 18937
9538 9905
5850 6640
12912 21287
883 17520
13288 19589
805 4553
16434 18641
7709 19207
2863 6151
4858 13060
3355 20166
1143 5859
17475 19502
11245 17172
4939 9364
11707 19455
2902 21127
5737 7466
9586 18464
9723 10272
12104 17319
15089 15365
13329 18443
4134 8012
20452 20813
858 15966
16234 16419
8720 14875
2157 17642
1909 11497
1442 10572
4076 11367
17956 20069
6427 12930
8807 19988
6585 14404
6775 9696
2472 4052
9728 19309
7082 22292
13625 15564
3678 13416
9093 16869
8261 12410
5320 21600
166 23117
4096 4935
12368 19355
11363 22840
4602 17671
5094 20667
11787 18264
11560 22113
4392 7912
11470 16793
1050 1728
5759 22750
7088 11885
5129 12813
12521 17835
11537 12959
596 7653
9347 22506
8676 13976
21109 22537
9431 11128
8545 18992
12871 19877
10182 22537
17662 17956
11766 16994
6080 18039
11265 17137
6489 7957
5605 8972
5045 10408
5319 13781
9314 16320
11991 14241
19352 19446
13045 19717
3780 9586
5996 16092
9627 12325
4271 16435
13488 21409
1069 1713
3001 13177
7591 18586
8219 11292
18294 20458
1023 4068
1090 2761
16922 18812
4764 22136
10378 10379
18360 20294
3284 4622
640 2625
14775 15481
19332 19482
19193 19276
6497 6796
16724 17885
2348 17815
4206 14881
291 1757
2364 16204
5130 7170
5185 11615
10591 11307
12475 15874
14927 22362
11906 21173
6886 15159
866 17308
85 11776
2963 7479
14372 17901
213 3937
11924 12942
7436 14714
18161 18642
7955 17941
5015 10751
3608 19630
4782 9075
1145 9496
5234 6996
1166 4744
3296 16631
2513 3247
5311 7681
9069 9383
8720 17311
12426 16697
3225 16607
8909 16499
3498 22878
14591 19784
1491 19127
2442 12571
1854 6800
14767 22922
3990 16401
6873 11847
11307 22557
3305 11361
2793 22258
148 3428
6796 9694
13377 22622
3053 7130
1104 20458
3821 20202
5359 5455
2625 4973
17392 18620
18150 18155
10161 16017
7184 14445
5867 6322
2444 7857
8183 14989
9108 17881
6215 19106
3277 9358
18119 18758
13521 16966
1882 13120
7873 8072
11876 15128
16108 16147
5324 18379
16279 17778
8795 22812
4526 15940
10197 14683
10594 16429
9711 13824
17942 18044
5306 19589
5281 9204
356 12751
13441 17182
815 21194
11046 20201
11485 20305
1518 13072
408 16382
280 17981
1940 14045
3792 9006
3515 4444
5469 22682
3465 16532
5805 16816
5268 16393
8725 8856
7043 9761
2604 14899
2979 17669
4366 6904
3696 20109
10818 16380
4486 17214
2325 21810
1500 3833
14469 19344
9212 9694
17606 19637
4957 8326
4813 18131
2200 12770
14274 20825
7420 10417
283 4745
1567 20779
13420 18310
722 15277
21342 21771
4395 15945
15276 21723
4753 19885
8484 9857
4366 15304
8364 19882
14330 20853
6051 19131
19749 20311
10219 10480
5447 18334
8279 20798
5026 13867
68 6536
14773 16443
20313 21592
16728 17662
1605 12522
9423 17458
1606 7436
20530 22336
19125 19772
5336 16542
4174 9605
5103 10451
318 4388
5414 17371
16976 21318
4052 14990
89 7073
3384 4219
776 1257
3725 20768
10628 13149
9206 13061
20810 21311
12781 20189
2779 8370
19982 21523
8765 10214
6497 7704
3001 22610
5717 7460
5590 9378
210 3182
10993 22359
13060 13353
12436 18378
15737 22846
9533 13449
9204 16509
18387 22041
4077 7354
6289 6799
2290 7490
3958 4216
3657 11466
3259 13524
11622 12179
18787 22375
571 15653
11390 22785
1096 19159
5624 6466
3140 11943
712 17716
5393 15968
11167 14734
3504 8276
12374 21213
4303 18324
17910 18507
11875 12880
4468 8286
890 11912
13048 19843
6875 10081
11850 12950
6081 10250
12862 16253
4467 19768
934 19722
6738 9669
828 10816
10795 22585
10917 12846
12251 14258
5989 8152
4190 21541
9741 12896
19235 20660
11257 14709
8760 16298
14958 18933
5110 13604
10714 19010
9124 11917
2139 13943
9469 22101
18658 19123
9160 10322
275 19554
15790 17419
8327 8674
10954 14964
94 17174
1481 19970
15260 21053
7045 15962
15033 20932
4206 6419
2455 6125
4053 13803
2898 15790
5927 9440
6140 22718
7566 20289
6079 10898
4361 11074
235 3186
4174 14119
5289 20769
6437 9538
10096 11231
20482 22869
7126 23115
12785 20692
6870 17838
11651 14578
16314 17197
4896 17365
10379 22447
4043 5784
12368 12653
12955 22924
10076 11804
7390 20292
19114 19567
3276 14438
8900 21353
12821 21492
14251 20662
8349 14283
15274 16601
5814 9814
5319 8511
4361 5617
19953 20636
2435 7669
3631 12439
11431 17247
7111 20432
4948 18269
3179 4316
1582 21262
2240 16167
4269 11903
4618 14641
15647 21621
8765 14737
3104 17463
6517 13710
2163 20793
5250 14269
2766 2938
6247 23016
14763 22519
4027 12510
10079 10085
8302 22564
2606 16670
12864 19462
5786 17229
14997 18118
19339 19474
1869 16059
9187 10165
3176 7869
10134 11271
822 19032
2390 21815
12212 13883
774 14130
5579 9885
3164 9474
3990 14064
9085 14647
1489 5148
7382 15580
6592 21960
8676 14196
461 19914
1505 5770
731 17468
3014 6288
4105 10522
11511 12929
6076 20513
8830 18743
6278 13168
7003 20863
100 1694
11639 20634
13732 18441
3552 10062
2292 9742
9820 18712
494 14611
6189 20385
5708 20996
9039 10585
14426 17078
19236 22671
1853 22015
2102 16242
18567 21685
11069 18753
4492 6419
11779 21899
3779 20241
11223 13671
13714 15247
10860 16601
429 6263
10259 16601
14393 20539
14800 20404
7287 13173
2588 3078
7114 13801
4278 17828
4301 16596
13824 22536
5579 14253
2849 21509
2100 20748
12651 17371
7664 13742
16416 23068
1473 1940
15092 16079
3036 13623
1819 7247
7226 11508
5647 14773
140 8851
1906 7390
11821 19963
4144 14479
4269 21239
3897 19123
13950 14671
16625 19323
9022 19274
1517 17295
7702 15434
6627 7529
13049 18908
2402 22981
412 7305
3277 17719
12069 16261
9981 13557
6468 11878
10857 16885
7206 21440
4147 7489
19926 22539
9134 11909
11533 21530
4107 5943
9285 22536
1466 5714
11996 22725
1441 2768
2262 2369
4680 4713
11992 22141
17566 17661
9554 20869
2758 12317
4222 8495
11962 14211
7459 8634
15932 22176
11887 21987
10638 11376
60 3570
186 8266
1800 5906
241 19370
15474 21560
19096 19827
3848 19124
855 11664
11200 13978
1050 5775
18358 19443
3063 17022
1210 16601
1144 17666
10802 18778
16067 20555
15343 16195
944 13105
11237 15072
1297 13567
6789 10698
4071 10317
289 8903
18457 22494
1001 16650
990 13245
12455 18944
4703 6296
1406 16682
6432 18745
3343 15216
7674 15338
5312 22258
2264 13950
4873 14888
5801 20456
5074 10458
7349 15716
937 7830
5911 18224
1220 12333
39 9932
3844 8621
2129 9169
9485 16656
1533 7649
526 8264
17876 20975
14008 19720
10039 17143
8169 9130
6510 12511
15117 22943
494 19291
6958 7366
7508 18944
7087 16788
3308 13850
1860 11004
5476 18560
12889 20385
20149 20824
1315 5835
4352 16089
9623 18996
1500 1636
5598 7068
3771 16086
5026 12896
5165 8838
10853 14922
17226 17822
10067 15497
7283 9310
4263 4726
1683 20342
2513 22740
12944 13326
4652 12801
5858 20689
13859 16335
11652 19059
14976 22451
9383 20403
1494 7073
1252 9822
5803 13958
10004 16428
398 20815
11596 15297
12788 16126
3865 11153
11905 22249
6873 11287
9792 15422
14261 16494
11101 18148
3216 6808
259 12125
21988 23033
5099 19448
7075 17479
9752 18790
1717 8514
6949 18590
5590 10092
12173 21026
14856 20268
3845 15205
10092 22458
13902 18725
15466 20012
8768 14318
9330 19273
17926 20877
19509 21477
18228 21995
11930 12329
965 14727
2519 22187
4457 5430
15940 16245
14602 15639
15212 17328
7820 11565
7416 12578
806 5695
2919 13431
419 8479
4570 11571
8378 11815
2452 19740
664 12585
3012 14550
2926 21199
2213 6151
2773 4940
12103 13603
640 15678
1186 15469
12261 20662
89 3958
13143 21565
11308 21316
3247 14256
14124 17833
12708 20403
6700 15165
11197 14307
12656 14968
11652 19189
7666 14896
10182 22352
5624 23047
6157 21567
13708 13776
2761 2966
3109 15795
4614 8266
13449 20402
6758 20877
1963 16513
5155 8176
5142 19876
3589 19448
18952 20232
6737 18928
3780 22383
921 1276
17943 18015
754 10048
10825 13644
18987 19722
11376 22114
2919 15757
3063 12707
14466 22928
12585 13445
2361 8236
16628 20768
15590 22905
5653 19540
11609 15461
13588 21036
10389 21277
10631 19145
16596 21412
21601 22359
20742 21180
1537 4813
3061 12001
153 9014
11627 22924
9372 11919
5592 6086
6355 10540
11997 22733
4525 11292
2106 2107
9496 21844
10144 15567
11273 17203
10185 20988
5057 11672
1209 16636
13996 22816
8651 17637
4211 12266
3571 18015
13145 14391
1655 15613
2278 20346
1746 23042
181 18271
1748 8949
20330 20890
417 4797
6232 14688
4148 4730
5663 9084
13251 21741
4127 6723
1800 2441
14217 15799
213 7271
18478 19348
2195 13243
1573 5147
20878 20958
847 13397
9471 14288
4614 21482
13581 16087
3039 17388
14639 20650
9419 11858
2251 7172
17215 17885
300 16338
339 20609
11091 14277
1749 3793
10048 21342
4755 6496
6676 16601
19550 20294
12266 14160
9189 22766
9125 11909
8596 9845
6566 22555
4794 15763
6892 21410
15385 18224
16052 23089
5296 23023
11627 20063
19285 19449
10361 11439
9594 12044
11643 20151
6544 12082
1213 18035
5705 19589
13282 17865
2178 3918
148 7830
15566 21992
19446 21038
6311 20836
19666 20072
846 18418
842 22574
18187 22896
8560 12982
5764 21728
674 2485
1679 22113
9736 21635
11484 11867
7316 21446
20580 22745
6128 15897
11200 21621
3528 21426
16433 16618
13871 15674
19720 21782
1337 1665
288 22725
6947 9150
8587 15223
1864 4637
6844 13753
11791 11811
1403 15657
8028 19501
10916 23018
7375 13449
1506 16601
5782 9411
4492 19431
19554 19704
2131 2178
21826 22522
4497 9712
13446 16347
480 9277
6701 17885
1204 11062
764 3192
8509 9851
2342 6487
9073 20688
6504 15634
617 3607
10746 19317
8464 14416
13499 16596
2378 11617
2422 20472
8216 18794
695 6631
9502 14541
3037 7779
17932 20818
6174 10488
21580 22083
7755 8514
3106 19726
15938 22224
3736 21724
5092 11101
5438 18346
10835 18131
14384 16683
6360 10271
1022 6718
12485 18312
2944 16048
2631 5675
4248 22522
15418 19873
286 3882
12419 20474
7106 16877
13345 16887
11584 17960
4650 19899
365 19174
356 12165
5890 12443
6960 12091
2485 5712
2419 13702
4397 10096
9838 14889
4303 7425
4796 5459
9972 19114
10367 15889
696 1279
8854 11925
21922 23093
14124 22424
10363 10673
19337 20796
8459 13392
2897 6308
4785 11638
2902 8211
4446 17502
6493 22345
2402 22551
4904 13617
278 4983
12267 18235
4389 20189
3838 14039
587 16870
3176 22090
13915 14228
288 15205
17270 22211
3782 8732
3666 17257
18881 22202
17328 21520
3921 6949
11233 13048
18726 22612
12638 18454
11348 18511
2746 2765
12317 19816
12046 13429
9566 19687
3022 9039
8057 22100
10489 22557
3610 20146
476 10928
11611 22124
9354 16839
18743 20033
12136 12921
8966 17395
8562 22560
19121 23099
9179 18525
5041 8860
1623 18968
2767 15871
737 9453
4614 11269
6953 18827
2311 22757
2958 10234
2994 22137
4502 16561
6819 20340
734 11047
3197 13614
1813 17122
6212 19787
6229 21571
2102 12445
5331 8441
890 11919
1573 10081
21730 22112
9999 11656
2322 9112
9236 14214
3390 23091
17292 22869
7189 17585
1800 10131
1650 1765
12754 16818
5823 14146
5494 15829
5144 9252
17493 20650
6231 21018
3189 14257
615 3719
4730 11103
1518 11229
15279 21801
5973 7753
1570 12441
13472 16730
5736 12612
13877 15280
5455 20664
4730 11652
402 7375
13833 15529
2457 10972
8302 12406
5742 19277
8870 10434
5123 6830
18365 22730
4850 14416
9846 11648
4332 17098
281 13529
19255 21509
5118 18554
1105 19956
4386 14974
11461 14697
15554 15764
14616 19843
4138 6184
4623 9403
10810 18942
19446 20244
3078 15834
188 6836
11333 13126
7533 8028
8679 11935
10364 12280
21913 22983
18343 22536
14060 22342
1950 12383
2125 3351
635 6691
6328 18378
10503 22811
5232 9932
17391 21892
7398 22905
6974 21981
19193 19657
249 21744
1401 20076
275 12342
4834 20001
1491 13632
2229 13451
16275 18832
1403 5476
7773 19502
1953 11287
6045 15824
12352 13985
8929 20468
8025 14068
8771 15434
18443 21409
17440 19929
17532 21143
1721 9997
6701 14395
12522 21059
2764 11919
1833 17292
533 4431
17169 21348
10591 16978
8475 12745
20038 22425
1738 19611
1538 10214
9204 18343
9454 12682
12336 21951
5894 10396
12318 22241
11069 21842
3176 4025
451 5099
3372 22118
1086 10103
9567 14587
596 768
7946 13319
4603 19419
15229 22514
5810 7919
9211 22354
10996 22162
4589 7709
7400 9730
2165 6040
4650 17272
11611 19234
282 2779
1500 19878
2727 6373
10302 20671
2018 21079
7645 18013
19863 22456
2815 4305
6469 22137
8951 21112
5387 19149
10474 15280
4784 7344
3428 6330
18968 21037
10378 12921
3198 4269
7874 17701
9567 18468
11274 13682
9022 17213
8865 13096
3197 15803
17213 19127
10627 13603
12313 17364
491 11313
4035 13339
2246 14068
7209 11591
6038 15295
7167 10197
11822 13364
4936 21660
7700 8050
11231 11256
15190 20070
10603 20604
10630 20210
9395 17937
2847 21754
6762 22097
705 15870
424 8727
1564 11928
2717 22564
5643 6806
7792 11584
1081 4066
3595 4785
4198 7882
2896 4316
1207 15229
17182 22020
4028 4100
8097 9218
4890 18494
10729 12515
1174 20988
9496 22795
1941 12087
5856 17010
978 14697
6442 20936
19147 22010
20465 22634
114 6967
8703 21482
11919 17932
10660 14593
2778 6071
15894 18356
6503 13402
12768 19446
10785 13159
2897 15233
9018 16601
1543 12329
2832 8615
14123 16299
3892 9841
4682 11669
9243 12110
9355 12401
827 17153
17262 19391
11843 16162
1709 1800
2715 2861
6037 11306
8288 17995
5550 9851
1444 17885
4976 7515
1375 16672
8109 20585
16062 22494
2215 20167
3154 4678
4829 20452
18303 22300
20549 21483
3944 14217
2486 12225
6859 13579
10120 20023
3932 10628
14098 22833
4983 6949
2394 17800
3101 20786
6327 13299
1404 9187
18254 19561
2030 16561
3627 21728
11226 12896
3996 12395
12816 16846
2364 12082
9413 15438
4680 22544
5483 22336
4841 13198
8837 13468
6603 7105
4479 22525
3726 12299
1421 6420
500 12640
9847 10366
9658 12541
3571 14624
15545 16448
4983 8549
13846 16757
1052 7148
4923 11850
5136 15305
8804 9090
56 22589
8397 20641
7287 14017
4303 19771
11636 16971
9867 22613
11673 22555
12188 13357
1122 22545
1713 5448
1553 8360
12211 22773
4893 5919
17711 20810
1570 12821
18918 21272
2098 11648
5755 13589
6888 11200
4469 5306
1642 16104
12911 21427
14 16408
18229 21310
39 897
608 19373
15786 19360
4367 19389
7330 7595
740 12173
3305 10871
16697 19441
17368 20477
17730 21275
14484 16641
181 7668
1610 17885
2234 14934
13677 17010
2649 19133
15673 18235
6053 6700
8562 14707
5322 7709
1540 21140
8555 15635
20204 22517
1574 11910
768 7669
617 2862
1023 20274
9618 15346
1391 21321
7917 10630
6755 21221
13702 18416
6699 8873
5301 7461
5287 5856
8804 19178
4267 8390
19490 20388
800 14207
173 19276
2530 9824
4500 19446
10742 11483
11589 17502
12335 20912
4730 13273
5438 11604
18327 21822
683 4502
3589 17885
3059 19539
12682 22235
13979 17566
1478 8385
3443 15749
17961 18884
2405 6846
16683 20386
18139 23025
13257 21673
12052 13262
21955 22300
8955 16638
12585 19377
17292 20696
7053 20611
8638 19009
3283 19377
9384 9398
1733 17357
5391 7168
482 11632
10242 11710
8288 9907
6048 21597
11930 17040
2373 16937
1483 16601
1331 10186
5582 21199
15282 16749
2347 19816
2401 3765
13064 20502
11027 13542
855 5504
16787 18949
16299 17123
6594 22286
4979 17802
6174 22560
10093 11648
16394 18642
429 1223
1930 10940
11035 20946
4716 17112
14486 19304
4024 12191
8946 16087
6831 23081
5373 9935
5598 19005
17818 19619
539 17937
5797 8206
333 4983
777 13797
4407 15529
13123 19918
14340 15749
5147 21951
17885 21318
16104 17676
6530 19725
1853 16322
5251 15719
15973 20807
8002 18657
5238 5416
13263 19010
657 3610
5291 18023
7524 14612
5553 14554
4280 16304
6643 7193
6972 10555
94 16636
2177 22583
3237 15322
11051 16585
6687 12950
7935 8062
9321 19456
7976 13446
9153 22780
1220 3485
5736 12066
8570 18530
573 9236
4184 13228
12071 19264
2469 19728
3384 10444
9847 11676
12663 22806
11259 18046
9981 20122
16900 20343
16086 16087
10862 17229
12556 23074
8183 15770
8440 13304
16511 18622
5081 15997
12080 15763
4644 17432
8295 21490
4770 16215
18868 22408
5344 17873
4211 14395
8707 18986
4098 11266
630 13455
11145 12334
3327 17793
13229 14567
12406 12528
8076 8610
9145 11928
13632 15561
5158 12820
13549 19347
15966 21986
10048 13876
12957 17088
14537 21580
1481 12788
6907 18684
1501 17902
3104 19747
4741 18105
15522 16833
8124 16762
18038 20075
2766 22048
3920 13227
6875 7167
5615 17520
19563 21413
20393 22763
7553 18590
4920 20895
8326 15064
13596 16638
461 20140
7616 20869
6971 23056
9710 9711
16177 19654
6452 8332
4528 8652
1648 10633
1079 10864
11847 19499
5614 15904
4731 15832
10048 21140
2343 6535
1229 4077
16051 17470
4191 9558
15593 16889
5408 5709
1901 12186
2227 10951
7184 17079
3108 14966
928 7373
7679 9512
6789 9545
7700 14722
3104 12211
4237 16520
788 17853
8231 20466
14038 14697
22872 22876
10110 19717
2050 5041
3513 7489
16279 22821
10226 17990
21262 21643
301 19282
3616 11475
3908 19196
10097 20007
13785 22492
7769 22959
253 16447
996 15431
4515 10312
5670 11535
946 10081
14506 16304
4002 8229
5758 9522
4194 13216
8360 10587
9395 10007
3066 18356
6933 7660
7756 13493
10352 19419
1410 5556
14989 18334
452 19199
9646 21359
3090 3701
5506 16932
3221 22877
539 19124
5281 19932
10437 12027
16545 20487
15481 19998
292 5906
6105 8560
2002 2454
16410 18046
12250 15577
3084 4670
9163 22034
1419 5100
6168 19886
11570 22134
259 13765
768 12243
2014 18918
10211 22412
18072 22089
8573 12022
7653 13180
12578 22421
5128 12496
1375 13491
5775 10245
186 4645
13542 16209
3137 12371
7029 12330
2991 16771
13577 17930
1862 21503
19419 22786
1772 16561
4090 17318
6049 11943
3347 15675
2507 7794
5344 21037
376 4764
9711 21160
16766 21111
16078 17083
12352 22657
9423 9633
10633 14952
809 16812
3310 19774
17022 20677
6609 15306
8835 9708
673 5702
6047 8948
1752 6556
1443 18230
6032 11485
1284 22113
9223 12375
13180 17978
20082 21859
14398 18412
11962 16517
1156 17910
15012 16559
6459 7704
9934 12896
10000 15555
10509 13526
1152 1556
3921 5093
9141 11380
2896 2899
5775 10071
11576 14966
1800 22394
7217 19627
14653 16213
64 9658
9496 18312
3137 21416
1766 6108
2994 8944
12322 17029
3721 8999
8725 20076
13742 16304
9862 13499
1052 10269
14707 15327
6184 19893
5899 9831
2903 5649
8326 9610
2491 5557
10110 19731
2097 5106
294 4697
3571 14148
10919 21046
1512 21508
5593 11932
1491 17368
1882 21027
18595 21716
18059 22346
12124 13703
778 22744
53 6071
172 2383
7963 9319
11798 18631
4934 19006
4252 11642
12102 14714
1072 2266
17378 22359
14230 22117
1676 10973
5008 18963
5664 18617
11643 15045
13728 15247
9043 15247
2939 20846
3392 13521
11425 22536
2385 11584
11584 12326
13540 15275
16110 18337
12990 19389
15990 17472
8855 13682
12604 20200
916 14030
9738 15726
6492 19399
16596 22310
657 22025
7202 18875
2095 14374
6712 8119
786 5129
9577 11930
10434 18410
21645 22419
9383 9885
1104 10642
4590 19317
2253 20573
5615 19513
16714 23083
11050 18705
4104 12750
6301 16661
2975 11648
9212 9345
4293 6277
10033 20207
16365 16475
6988 10431
9319 14561
638 14986
11898 15591
4614 4730
2756 2932
1768 15263
11652 15444
9810 19641
19005 19668
294 19534
213 22512
8709 21511
5155 19377
13073 15854
7663 20439
326 14846
1351 7039
21998 22287
1032 10349
5742 6478
7436 19124
1322 16203
1145 4068
16601 20920
9883 13250
5703 8189
9781 15506
9537 16285
9471 21333
667 4920
16546 21852
4598 12457
48 6219
12036 12754
101 20137
18633 22958
17885 22816
2394 12635
6873 20218
731 9454
3785 8514
15126 20645
902 12122
7491 18708
10843 14607
1800 10734
6291 20200
3221 18879
11766 13688
10272 10700
2797 14967
13220 16152
286 17308
9851 23117
7663 15338
5019 9455
7839 9215
3408 8284
986 9677
731 23013
11258 13673
10734 18504
1448 16098
844 19355
7805 10767
23081 23101
1538 7617
8267 16616
531 22333
11646 17581
1178 21288
5142 8039
16167 21001
8475 11859
1444 17042
1766 8277
1624 21101
3286 13405
5322 16596
1268 5593
5343 20869
18290 21026
11174 18611
14903 16375
10273 10516
11923 19845
4989 16753
8291 16759
167 5081
1375 11183
2308 11770
1500 5888
12322 22453
6095 14641
1823 7953
4974 20189
2902 11648
18725 23017
10877 18172
5159 5483
18154 21359
21537 21841
10110 20115
5222 5397
1478 1598
15659 22594
503 751
153 19357
5281 20320
6183 21207
19711 19920
10622 10980
5136 5174
4319 16643
15278 15355
4907 9725
6740 8865
7913 21389
1023 8212
2261 7091
8306 14288
10804 20610
788 8234
7073 12221
668 18551
6400 22440
9260 12219
4810 21370
11221 22696
7853 12594
11768 16374
8753 11562
11852 14856
4059 18129
14693 15515
18152 19162
845 11561
1537 11919
3390 13710
16735 21440
2668 4556
9020 10513
20051 21350
3937 8753
8976 9560
523 3984
804 16732
5702 7742
9738 11652
17336 19672
4605 18851
13540 19586
14094 22104
4534 18993
5073 17982
9087 17909
20265 21028
1978 3937
6549 13453
10806 19306
8103 16616
166 13473
668 17203
1372 20352
641 7346
421 19563
5474 8967
5597 13307
11200 17637
345 11976
4504 15070
8795 8827
1869 3405
16731 19711
9482 15935
4352 9538
4599 17794
18324 19449
1528 1959
4583 17455
56 18173
15647 19987
5071 13090
407 22975
3599 8742
1031 16601
5539 14470
7633 16731
8385 11329
7637 14760
5618 18674
4075 15318
6520 7037
3336 3910
1193 19246
6875 11648
6307 12259
14199 22579
4952 17780
16305 17128
9577 20038
9226 15833
13802 14274
7048 23117
19780 20132
11632 18818
9817 12496
15685 22603
1175 21691
8879 17862
9412 10763
4720 14589
292 11908
3705 13674
7805 12807
8498 14048
17492 18087
9934 10755
9533 18583
5396 11849
1116 21443
5907 19382
10596 20674
10097 21125
4143 5655
1953 16601
5882 9224
11302 12354
5188 18796
10295 16550
1391 12712
2336 10106
6132 10068
4172 10251
5780 10572
1448 10562
1739 20198
2623 21407
2063 11203
8605 10386
18110 20294
288 6924
4693 20660
15502 17793
1731 8128
1543 19926
5452 8797
14782 18968
1325 8870
16074 16634
2943 2975
3171 14232
10660 11142
1566 15833
9589 9690
3636 23053
7856 13149
17989 18973
509 13012
16215 23034
6151 18032
10238 22566
17016 17984
14455 14990
11595 14335
1566 10279
11976 12992
1369 9655
3151 10096
4315 17885
13799 18350
4693 7615
13108 14150
10835 19446
4992 11492
7489 13645
4549 13780
21663 21666
13124 15732
4010 6315
5613 19419
14826 17400
20294 22924
1023 12995
2889 9533
2824 7081
18559 23066
18641 21247
12531 16771
3319 10986
11623 19568
5476 11581
4400 21863
3784 13242
12645 18775
11727 22016
13339 18981
5269 22902
733 22998
18193 20463
7127 14753
919 1825
1548 1772
1220 8489
10173 19682
12300 18186
10924 15829
11813 13447
4682 13072
9072 16535
3487 3488
1031 7409
277 5534
16680 22400
5943 19241
6000 11324
5801 14348
7073 11742
1872 21921
11867 20289
1431 16085
6715 12122
14697 22088
3791 9492
14253 15613
11903 20600
14943 19419
2177 12927
3668 17937
6307 13346
10274 12188
19657 20318
2093 9595
19953 21321
10364 18929
5772 19038
13081 23101
806 11592
7547 11212
6493 13765
10219 14971
10398 15602
2760 21240
3316 16413
807 3566
4842 11277
6028 9806
9709 9808
4614 12329
3940 11821
9597 14606
9558 17139
10092 15753
16034 16705
9330 16310
10630 13702
289 4300
13065 14281
5057 21445
1820 18254
16304 18617
8412 13668
9692 10286
20193 21417
3484 17489
7251 10389
21594 22678
206 10631
11873 16887
948 11280
3958 5594
2482 20536
11749 22580
16431 22016
3633 18145
2902 18586
7514 8197
2796 18022
5495 9262
19106 22113
6185 11636
4177 17623
8768 12583
11884 16057
18058 19529
13571 14642
9081 15848
19150 20980
731 8026
9814 20574
9671 19364
20017 22435
13 21111
12446 22754
8387 14986
9530 11636
7620 14946
4907 19549
10805 18450
12788 13844
21191 22077
11384 16543
14395 20977
8299 21629
7742 20136
7668 10680
9121 16439
18498 21320
18631 18906
1885 13419
1642 4906
3471 12409
418 18472
5536 8922
1940 16483
8573 9627
9290 11819
5207 16014
7349 17995
17973 19346
982 21411
14384 20386
9474 22381
3281 11023
614 9073
959 21691
13583 21659
1763 18991
1371 21534
4089 5344
8193 15155
18985 22372
233 3075
946 18577
6293 7876
8703 13265
3224 22837
250 20368
10102 19228
7555 15168
10602 19106
10613 18641
9298 19829
96 15690
4164 10451
1372 13046
2375 6244
4785 11814
12848 21077
2327 3053
4460 20189
14089 22837
6037 15613
16362 19225
19762 22741
16663 17394
13742 17926
22107 22111
1567 3848
683 21243
3492 16679
19002 20448
6174 17879
10080 20420
4534 16597
1769 18172
4946 5293
1155 21265
1127 2611
6846 10097
7909 10104
9236 21374
12632 17566
5195 17920
362 8094
16697 22452
3958 17889
9627 9808
3306 17717
2361 16111
15296 15319
8342 9080
10389 22359
1279 10493
9434 13824
11292 22113
814 17800
3581 18620
8451 21857
2286 22877
4680 10963
7668 17328
3355 22997
6080 9729
9604 10179
4091 4167
5793 8639
1810 22873
15091 22461
11174 14980
9302 14749
868 2588
13577 17518
11559 20950
10127 10476
4952 12413
3287 20281
1085 23101
9073 20751
2603 6496
4377 6823
4770 16264
6393 20978
5645 8951
2107 15236
7518 11930
10357 18354
2098 22258
13444 16291
807 21173
11546 22820
19830 21306
12585 13589
2609 14289
9204 11088
4650 10464
7481 10378
3885 13883
1718 20692
7003 9699
21378 22112
1137 1966
4809 11465
16955 23117
10085 11643
1108 4148
19250 20567
8175 13932
11252 23053
8908 17678
15023 17719
14664 21800
12914 20458
8982 9572
15640 22100
2983 7960
9594 22068
15979 16499
18976 19606
14698 21783
5435 20575
214 13232
8398 13106
19286 19908
1353 8720
13696 16045
3496 5547
4310 12605
153 10059
5763 16976
4028 15471
7489 19932
332 19337
11152 15131
12937 16516
9175 14291
1707 8475
2824 3902
7302 15237
5724 15237
7626 19459
3815 8567
1977 13756
1177 1180
4548 11115
19124 22890
1025 1579
7524 14199
2793 5989
10740 16453
12720 22258
4538 15759
16601 19359
4375 7534
11583 22742
16815 22345
6556 8610
8637 8868
4730 20996
5920 11022
289 910
7850 21640
10007 20330
3166 22858
6381 9145
17849 20169
4507 17630
6888 22652
483 20615
2486 3336
9471 21951
10122 16148
2841 21347
10447 15066
9869 16561
6033 12470
4983 10551
9091 16204
20250 22742
7240 18121
4224 5693
8569 22153
1375 15703
5718 22557
11293 17527
10069 22633
2692 16247
7975 15332
1500 9134
6548 16266
14744 22258
11813 18228
2284 22694
7366 10331
16162 22856
807 2761
2564 17520
17702 20777
4488 16596
20810 22630
6030 19848
5771 5797
596 18991
16607 21910
8613 21577
5190 20830
9892 12842
12296 20733
11909 12014
5255 5489
16371 18297
8615 9302
7731 14217
3108 15383
647 6960
2353 8018
20638 21256
5206 13950
6882 19909
7029 21011
5590 21199
11531 14282
11859 11899
4259 8911
6673 14160
11811 20978
2178 14990
1437 14545
8288 19899
387 10598
763 15914
3554 13958
5780 11366
15044 19556
12876 22259
4412 16399
5989 7914
3641 10587
84 7390
15331 22557
7490 16601
8258 19097
7792 13180
14227 21392
2034 6355
9496 21579
2163 16666
1517 3563
2779 9877
3351 5252
5910 18129
4614 10156
12583 14587
15335 16230
9512 9814
8885 14537
8795 19668
1211 6693
1785 10630
148 7455
10330 14402
18732 21536
2364 5598
13676 22557
3652 4224
6969 14116
3286 6619
18918 23057
3416 17990
5062 21932
2793 17873
10366 12011
11735 21609
18163 20672
3277 16941
8895 14025
7999 20472
5406 11721
4136 10864
8875 22557
13688 16522
1294 6796
11695 16345
15233 16847
4888 10462
3202 16707
15083 19317
14552 16577
17553 22925
13484 19563
16162 22951
1573 14395
17455 18747
7557 14765
6113 13820
4377 9352
10596 14166
15641 20526
4770 13372
8351 9063
6007 10025
16585 21476
10081 21610
5588 15035
3790 4593
2461 13339
5682 17112
12351 13089
5613 18302
10110 14700
168 17367
2525 8643
8594 22238
18346 20863
11773 19325
13989 21533
8184 12153
14438 16582
203 17918
3094 13461
194 13243
12581 22555
13048 18631
7514 16131
8795 12583
10133 20869
15768 20954
5729 8703
7963 17752
7194 14834
2343 14579
1235 2810
7282 7569
16503 21689
12699 22129
20562 21143
3017 9657
4174 14593
6846 17203
6151 22186
10807 21874
16435 21399
3664 6697
9871 10136
15043 17616
15263 19555
6699 11566
12648 14973
3440 3662
9634 22525
12808 17512
9354 22917
5380 10123
522 11087
11638 13499
337 9072
11701 22603
4471 21968
18496 22627
6731 20962
16658 21997
10092 18196
22057 22058
2531 6707
15894 20729
9632 21526
8246 12435
14444 21766
5234 18577
11265 15708
11203 16299
4849 14864
9981 19161
3423 10753
9572 10711
5567 12298
8828 10567
5694 14609
292 2246
275 22452
8282 21288
6094 22711
2414 6622
1573 14754
1209 3893
4987 17811
12265 15759
8306 11930
5281 15006
11266 18875
17189 20267
107 10825
9588 12751
4341 8388
1708 6175
4938 7166
2899 11648
5958 18836
16353 22186
11199 11449
6455 7546
7081 21111
9246 20254
11101 12904
5989 7489
2963 7212
1766 22338
5331 21421
3246 12539
15876 16074
14746 21509
65 16512
10730 13505
10279 12215
4713 8545
5329 9020
2821 20717
21313 21520
11794 12905
259 17367
4163 7016
957 15622
411 8437
2777 19766
14705 14836
16 7265
17010 22043
3958 12473
11444 17799
4983 9429
3937 5476
2044 4559
4768 20109
6024 11054
13314 20119
542 6089
2372 9712
12944 15675
4912 12297
17550 21844
8518 22607
3022 22232
5344 13864
9411 16087
3243 14278
5789 14241
604 21784
9169 12288
2944 3164
8856 22474
16219 22289
6157 20042
5533 9532
8073 19237
18134 18299
7899 11535
6265 8796
9507 21838
148 17878
14878 18428
3445 20289
3571 11950
18440 18761
8651 11200
2858 19938
2641 4292
12125 15045
12638 16366
1960 4020
4174 13829
13459 19127
3564 5160
7194 19465
14149 15450
1730 10526
10511 22245
1974 2857
18659 20869
19142 19932
7609 17737
17157 18300
4269 8730
1352 19471
9323 20011
8583 10038
3897 7102
13127 15117
7101 14089
8191 18789
14615 22755
4686 5986
12060 17437
1631 19343
4259 12836
11919 14062
7140 10728
11764 19251
8519 20255
21806 21859
17420 17550
234 8002
16973 18998
3043 20663
13710 20122
7994 19516
17982 19175
5685 9206
13205 14712
13000 15741
7306 10053
12184 18463
5669 7329
13069 16684
11506 19762
4876 13821
3589 10619
14675 17292
2009 16876
1854 5674
9119 11910
452 6819
8720 20439
8991 18268
13154 18407
6691 7189
5911 9321
10214 19784
4911 13485
1672 7995
9522 21529
7373 19800
11245 18875
13729 17026
8757 19564
1785 8219
13682 19273
6687 9622
10452 21841
84 21955
14269 19005
10378 22579
2349 7209
1483 7415
11603 21180
65 21559
3019 16261
10660 17276
12262 16675
4829 22226
8065 10880
6863 8477
1800 14116
447 9120
2666 9890
3072 4784
1842 4842
2102 11930
4524 18133
2761 10455
10502 12810
3137 13429
9141 12316
2266 12406
7516 22226
2662 12126
5364 8178
7249 18049
16371 20267
7814 13999
2007 9345
3937 12183
6451 9805
1913 17280
13120 14405
8498 19932
2664 18765
5087 6255
6242 14615
6233 14616
5439 13583
4953 16601
6601 15370
4799 18260
5961 13593
6887 7838
2098 11917
6700 15781
169 6396
17239 21951
4983 10382
7209 20119
4370 9964
1608 2617
974 4082
3076 22097
12301 18034
12330 22536
980 20020
10003 22057
6858 11732
4116 16858
3045 13536
10580 14304
10380 21313
7555 13198
16280 21503
186 5281
14543 19154
5436 18760
12997 17103
10247 15736
17783 19533
10730 12272
9444 12636
5910 18795
9201 17354
3589 21011
2188 16048
4502 14019
4136 11617
2233 23101
14029 15851
9846 16196
14305 14747
4172 7462
598 12723
4614 22564
3243 18378
6531 9215
20281 20988
12992 18333
3385 6524
7428 7806
3550 19471
9212 19189
568 14468
1399 2073
3551 7811
12903 22958
4279 5165
7048 10080
13142 20584
4709 22455
3550 22354
15646 21492
2630 3083
5049 14989
9316 9861
598 6811
11483 20076
1631 9847
17295 21984
2732 6087
8991 19344
11497 13987
275 2987
1536 12428
8135 10853
2744 2905
1640 16946
2514 13048
7711 21182
9644 17764
6588 9821
5111 21581
1018 2919
13824 14912
1619 15000
327 8836
11135 22467
4002 7828
12011 12755
5991 6654
4131 18533
6731 17549
2507 13357
334 505
8944 9324
11850 20604
2194 18703
5409 15897
12905 13414
19001 19553
7414 18319
269 797
14716 21596
2095 7769
7272 18965
3186 14475
235 18192
5144 21359
11353 13583
16156 19651
182 1882
79 20080
3167 10044
18845 21793
2586 3782
1385 20063
1540 10048
5803 20622
10980 19168
20593 21678
12648 14857
4395 18932
20076 21329
10096 10098
2120 20184
4341 6774
9034 19444
5313 17842
3441 14959
6272 9097
1120 1479
5240 6612
4115 5424
8785 9795
4723 15232
19946 21121
5474 10111
2372 18948
4217 11919
288 19276
20635 21955
519 4505
2979 20890
13872 20403
17010 19338
5884 10516
14789 16669
2118 5364
1750 4928
1901 4089
7919 17978
13323 15980
12871 13447
874 19927
12173 12186
4849 7963
5358 19181
10096 16089
12682 14701
9107 12488
7920 10295
2771 22160
16811 20182
2778 2810
1368 2369
19078 20621
2088 22174
12336 14070
556 13042
7107 7847
9330 20498
1901 19432
14363 19797
791 2285
7562 17839
8623 13731
1457 3028
2246 13696
1999 15527
3589 6666
4042 15892
7709 12406
5535 6497
8221 12880
13639 20132
8766 14394
11165 12284
8878 21587
16506 17172
10084 16310
3668 21683
1172 13465
12485 22132
2001 2541
5570 7919
4036 18430
177 21866
2134 6827
1670 1680
3780 7073
17758 20958
16445 18243
13564 16372
15729 18037
1517 2746
1673 19378
624 5409
2926 13702
5130 16174
6672 8711
8566 10446
6860 11824
9057 18956
3384 4730
1932 2773
15729 18474
7699 15945
4264 8037
6073 10996
9536 17232
8201 15685
5006 20451
993 8050
1225 3591
20505 22193
20637 22425
9517 14198
1213 3174
19102 19554
6157 14745
15284 22144
15468 22521
5121 7112
7939 10664
17427 20741
10270 18358
2136 20235
17134 21520
9063 9110
7806 20710
8509 17850
20370 22610
11149 13274
6415 17845
3287 8363
9323 10092
2785 18430
14848 17411
8002 13161
7308 9694
13325 14555
2169 13595
7614 10163
2343 10591
289 2530
15193 16762
4223 8481
5317 7883
12407 18992
2342 5894
946 22130
249 5172
2793 9847
10211 22536
4225 19057
6085 13954
7578 10919
591 1910
11545 13504
16484 22227
4390 16443
2761 3411
802 6774
7778 16719
15673 22128
7763 20939
10451 14351
21951 22504
16460 18902
5476 9501
8447 15065
11783 21175
3958 7839
4444 19128
2902 13932
10900 19182
3341 5846
1098 15827
12485 21181
2896 21214
8176 10794
11589 18300
14764 21532
7453 22326
999 3953
804 19566
12218 18984
18708 21258
12549 16606
4377 16388
31 19715
16494 18316
12414 18779
8703 21511
398 21965
5786 10864
5828 10352
1622 5165
1335 14833
12907 22494
15101 20667
8720 12300
5426 15664
8480 15115
7451 19839
5998 7423
7946 22163
1199 7267
2165 16541
1300 8167
12951 19726
10366 11676
12645 16840
2987 18595
5436 11209
2994 18440
9069 14068
153 19269
3595 19502
9203 22744
6184 8725
5848 9037
18906 19964
6798 21480
4399 21059
11499 18344
3012 19344
13804 18060
1275 20225
5727 15503
2981 15312
1022 1220
3305 7288
1800 15374
14264 22186
289 16582
9767 16601
8955 12383
6630 20920
4078 7845
8638 17788
13105 15535
7400 22765
3618 20441
7113 14134
2031 5423
6931 12614
2952 12959
332 15617
4219 12924
2993 8193
11632 12011
14328 22380
17872 22843
1315 5021
1383 7562
1550 2810
8057 10781
16014 18657
12739 13723
492 6899
1920 6857
2507 8267
11147 22445
11388 13304
7080 13398
275 15098
8894 18871
2095 2945
9340 18392
18992 19268
10156 20385
640 13180
13177 15064
11392 21297
1124 11908
4934 13253
6101 12165
5113 14989
9554 17734
3594 22938
10679 15724
2762 14273
4151 10097
1644 2508
10231 12354
9624 13786
20255 22224
10231 18220
755 874
12728 15412
9316 15781
6995 17637
15060 18237
19984 22553
4502 13850
612 10809
5425 16204
8508 13227
949 14780
15922 19769
15977 18168
11375 21955
9158 16195
1144 22536
19787 20130
2731 2993
3161 21677
3854 10354
7266 17681
7039 18334
2246 4850
2130 20677
9199 9647
3657 16600
9681 16484
8418 21996
3017 4055
3080 6315
5747 11013
2900 17172
12663 16268
315 1446
6225 22695
5464 18038
12254 13342
5793 20681
64 3243
7516 19932
11262 14544
695 1212
1375 5812
1297 1984
8115 16283
19446 20270
1241 20739
12820 15931
14641 22727
13016 13307
5183 18416
8217 14404
4553 20037
12895 21346
8002 19756
16490 16491
13655 17880
6386 17885
7669 7686
1971 11799
11750 17727
2363 5195
8767 12895
1271 7657
8505 13465
11875 16804
7464 9717
5482 23056
2966 13635
4172 5934
1312 4303
10466 13966
148 17253
9888 16726
508 19649
7074 8594
7937 15211
5147 12168
2977 4983
2266 9077
5894 20973
4136 18029
8240 12900
278 7944
8399 18761
3757 3826
4622 14611
8627 14332
4706 10165
8475 18356
7792 13401
1198 1517
1739 17932
10836 17176
16393 16411
19195 20388
275 18222
3870 16187
3939 17847
7997 20238
14094 14241
5367 11742
4794 12080
5261 22618
4256 20074
2824 3575
13084 18868
7758 22211
18378 21509
11784 15610
12762 17694
2318 22361
16074 19043
15340 15583
13916 16766
2078 13785
873 6074
9538 22524
9941 12121
6601 12861
16203 21726
944 11652
12745 16218
997 6441
2487 18871
13818 20053
19333 22301
9373 13404
1657 3000
4474 12889
16461 17170
5655 17159
681 16893
14456 17639
8538 16488
4565 6528
16188 22174
7016 12544
5278 14927
7732 22742
1491 6355
2252 16710
1020 7817
12769 19839
19582 20052
351 1313
12243 14262
15736 17800
13806 16858
2988 22557
8276 14281
10603 19503
16052 17616
5136 13031
1263 12583
8689 12913
5771 17862
7923 10097
16036 22220
2559 18032
4667 7710
8724 22897
285 17558
18303 19587
10211 14753
3589 18577
9295 17938
9679 10549
153 18367
1482 1496
8497 12461
7033 22023
3917 19719
11107 16427
4701 11648
4774 21411
9529 11648
5616 7767
621 17932
8772 21192
6692 20065
1843 2062
8468 15017
680 1899
8828 10378
4200 15685
3002 7192
9117 20789
11251 12424
1842 5987
10517 20086
53 17213
10516 19732
827 5327
8562 11106
13870 18149
12322 21874
13149 13680
2443 16300
1757 11755
3907 6961
1622 20316
3923 19636
946 14846
2266 2881
262 12104
17692 20629
3787 15089
457 7359
8074 12785
6440 11377
5529 14535
3121 16200
9090 11611
5681 20267
2770 20910
1189 20584
7629 17613
535 4547
8854 18619
7794 18012
1844 13710
12284 19358
5363 9485
10964 13057
7249 7755
469 5187
3104 23101
9648 21698
11535 14411
10216 12406
2623 9694
13765 21598
298 1768
3362 21483
5158 18262
8001 9093
5281 15365
6305 19845
8496 14396
1889 13167
17583 23121
18504 21621
3383 12054
16204 18875
7406 15588
7393 21037
7916 19063
724 8693
9904 21955
18640 21890
2263 3518
13042 18268
6610 15689
12365 23025
380 769
1772 7897
14697 19932
2700 18529
6817 20136
7924 13471
351 10273
14009 15117
1321 16078
14221 18811
5323 9169
11414 15754
1297 13844
1853 14575
3243 12053
4397 16605
1813 16697
14010 22703
192 5718
17538 19707
1052 20684
1055 11647
10767 17226
10562 13048
13702 17582
1375 11299
16122 19131
204 10403
3513 11930
8360 21041
6493 22344
283 18783
5078 9838
11439 14122
5833 10909
3845 6012
10127 20649
7674 15023
14875 15023
10616 21976
12977 17926
21146 22819
7964 12067
12648 22859
718 1631
4236 13708
8501 21520
12943 20650
6977 13358
2246 15278
16131 20903
11770 14152
1769 21179
12437 12585
13245 15645
5317 17312
1199 12583
12365 13100
3305 21701
1882 4006
12101 16682
3150 18272
204 1509
1769 7977
14880 18871
9699 17885
1527 4182
16665 21863
2581 21712
13013 19057
6816 22251
12897 17479
9004 19586
1486 12411
7260 10886
8305 14701
11829 12339
16906 21745
4191 7693
14769 21349
332 4983
2335 20810
3407 18443
10176 13883
1902 4945
1070 21784
2312 5259
12816 16561
6004 20049
292 14583
3356 11920
5158 17486
7015 10619
17589 18984
3367 11714
6101 7301
13806 16863
19914 20977
1527 16191
19678 22044
2163 6388
4726 4862
4260 18440
16488 22595
7093 16104
1679 7709
1505 5507
9043 17395
731 9090
11648 20606
8345 19341
2778 6471
12289 19218
13916 21111
5615 13657
8217 12013
3356 10674
2915 8643
3336 21948
5233 12457
3513 15894
5631 7570
7899 15703
15581 20258
4077 6356
262 17319
2443 8894
2306 2832
1114 14226
9581 11970
85 2192
3513 14341
432 10650
539 22890
502 14997
16601 17583
6767 23117
10096 10835
15782 17880
9224 14438
6297 20293
328 8554
9477 13227
1311 19177
17054 18139
8454 19415
1233 21173
5624 9464
9787 14027
14210 16379
2997 5680
5207 7628
5305 17921
3718 20869
3771 12865
11483 12924
5360 21321
904 17707
6108 20554
14416 15834
17388 18875
632 6886
9546 15616
3966 11174
13084 20832
1987 19910
183 20668
1177 19339
4785 15023
2488 8107
12248 18798
13473 21262
1831 12654
11924 18926
632 10136
7554 20139
6687 7402
1738 14131
16611 19554
7345 12080
2441 3571
16105 16884
8994 13187
2581 17790
7828 8030
2756 22904
898 10218
16601 21698
7700 17496
4945 8498
6657 18943
1265 2937
7759 11465
8830 22559
12993 21776
7053 12013
5654 9410
8729 13844
8661 11617
5124 8028
17315 18754
5080 5329
13190 15064
11772 17926
4292 14430
10760 16007
648 15819
5708 11652
3886 21698
6122 8333
18609 20076
4787 21416
308 20869
254 10368
1145 22423
241 21275
2810 4265
19827 20013
9022 14512
2660 9926
527 11880
17864 20650
6419 19434
3682 10908
7794 17719
6989 9313
1363 22527
7617 7759
1976 7735
3174 21717
13614 20420
5540 22020
1610 1922
11975 16168
8878 20660
16697 17444
1663 9864
8878 17088
11465 21138
11451 13037
2280 13096
4557 18738
3435 21078
6702 15382
2555 22838
3589 9523
5556 16074
13593 18873
4777 5168
4335 13185
16238 19127
13941 21890
2873 15124
14070 17025
2585 13607
1566 12745
2233 3216
12653 14686
964 6995
9230 22923
318 4028
6469 22100
7755 22596
3918 7883
16261 22618
2147 18060
20101 22683
3499 21083
13824 22153
1059 12778
328 19984
3723 11274
2559 13749
17122 23029
2513 23070
13186 14434
2926 19671
10103 12745
1339 21057
21 451
12542 22086
6362 20953
9932 20848
5180 19414
5405 5431
539 22354
8025 22139
11401 13632
6515 20986
825 11924
2978 11648
8992 11261
6095 7615
16688 16967
10015 10016
3342 5008
1059 9395
5217 21359
5306 16074
4032 12221
6109 8770
3280 10915
4582 6849
3568 23037
2264 8995
4351 13080
12353 14952
7622 7838
3384 5738
8379 18343
6159 11106
5967 13948
7360 11652
17378 18254
461 12177
827 1023
12896 22564
4407 22968
8749 10730
605 12165
6746 9885
3160 10732
2258 16158
7602 10904
3083 6447
1023 2653
2623 6497
17440 18173
15307 17943
5383 17006
5775 9957
289 22924
2278 5936
14262 22728
7196 20731
7003 14124
8282 17306
16781 18888
9165 10581
10703 11889
13283 18094
2315 14281
14199 20336
944 11917
2612 3941
4571 16484
9383 10592
1803 12379
14947 19127
18224 22149
6913 18910
7626 12512
1966 10154
19611 21750
15398 21758
4211 8659
535 19932
2944 9904
289 16785
7422 16095
1697 16958
1225 3179
13958 17336
14723 17512
7024 20875
8729 13877
5999 22840
2507 7663
7653 11356
7680 16340
8387 11956
11167 15501
14552 16666
1912 2284
9369 12911
13268 15397
3109 13142
11611 14575
5816 12829
6881 15265
4123 21648
288 9334
1606 16887
8776 21467
2887 10455
2795 16523
11810 15122
14612 15894
13843 18272
5680 20049
9603 22761
83 8637
14474 22585
5604 20890
7696 20664
3934 19050
526 3401
553 22118
9077 13763
16391 18453
14340 19958
8033 19218
20169 20990
5892 11110
5339 11548
2464 13046
7959 14277
3747 9188
3048 14823
12959 16828
7714 16582
16522 17720
6687 13372
2432 22137
8991 13378
2095 16602
11805 12200
7723 11876
6390 17272
16334 22114
5724 8057
10558 16799
17060 22494
8987 12829
1491 21451
14036 19665
10389 14438
19472 20974
11528 11872
3176 12627
376 4246
6950 20503
9335 17882
569 11636
21590 22723
16327 22254
11758 12722
1426 17879
9221 15263
1047 11956
5680 13180
10190 22390
5223 14292
13333 22186
1493 2662
806 4995
1815 21407
3102 18379
5220 13330
7489 18577
1198 15404
252 9152
7358 20985
2071 13778
5109 15766
2161 18871
18109 21147
10984 21096
10708 18082
1800 13791
11547 18962
5110 9482
5225 22077
4827 15723
3147 4748
4280 12945
15593 17420
11183 20869
15262 19834
3531 20082
3695 5078
9319 21623
4560 16301
451 11797
21563 21565
1559 18869
6940 19499
6867 22060
11002 20693
1228 10816
1382 3724
2625 13461
954 15497
16649 18462
7613 17645
10936 11091
21851 21979
11632 19898
1495 21292
2896 10096
1854 21596
2336 22023
1539 18968
5158 13031
9885 13986
18131 18155
10122 18361
10092 15060
5065 17540
6958 7140
10079 21127
14491 17116
1699 20328
8795 10380
6633 22924
10809 16766
3518 14071
6578 13880
7403 10110
301 10984
7136 9645
12162 22760
10698 17140
5453 8094
7875 15634
3781 13583
12329 12821
10530 18959
7924 19745
10939 14476
10133 17540
9370 19535
1999 17182
10375 21153
3982 15668
1180 1573
8050 9212
8081 12501
16126 21233
1601 12423
15920 22651
7106 18139
2984 14167
6849 15254
5329 11792
7007 19632
16611 19780
1312 16025
2625 16515
2694 8981
46 20754
7626 18962
3666 3960
8839 11317
5618 9312
10661 18128
7645 8652
5458 17285
10272 13041
5388 17771
494 17527
376 8874
15095 16963
16247 19780
640 6838
5803 21075
9896 15892
2239 13844
10680 12535
813 19234
11226 19106
1845 14886
3959 12880
2830 3305
7458 17995
3868 4614
10940 15856
14955 15454
6687 19489
8360 18754
1517 15060
2902 10106
948 3384
5383 5516
4029 15817
13272 21191
10311 21318
14803 18784
3853 19807
9452 19732
5525 18215
7561 12976
13676 20063
13614 14642
13106 17016
457 827
17929 22900
3137 16115
477 19360
289 21318
12500 17357
3384 20330
22522 23118
11648 22331
12569 19172
6505 22858
15916 16196
2073 14397
11920 21286
3882 5293
15 4631
395 1731
16354 17724
316 7802
695 10826
6492 9458
241 14744
213 5409
11537 20276
10494 13657
7712 8284
984 21645
10710 17749
17872 19774
10551 13105
21764 22359
3283 12429
9542 19132
2405 6544
4483 11881
9738 19189
289 902
10463 10737
7267 9796
11356 21826
1033 8395
1496 12124
1973 11611
12160 20956
1731 4797
7899 16344
17088 22230
9885 20403
3785 6127
5603 15689
2163 16174
2195 22567
11485 13950
10959 17958
1172 14910
11627 17520
502 19571
9486 10477
9073 20338
11638 14789
14697 16956
9488 9952
12395 18757
11924 14068
14227 16654
10651 16221
4618 6095
2842 14615
4579 9165
14947 20207
8154 11269
14759 21532
15895 17387
3550 4389
11628 21118
5142 5896
5281 14550
1172 22186
5447 13674
1482 15692
2394 9847
8599 21201
7184 12064
18577 19532
5131 15208
14593 15017
2507 9954
10372 22555
10489 22258
284 21659
11930 12048
15780 18066
18860 19218
14395 19889
1156 1560
1696 7147
7946 17042
22008 22585
14425 14753
6666 22452
1251 14093
8349 18402
6032 22564
10404 11537
8501 22639
1543 7029
10408 16484
4092 16210
879 2778
8697 12977
14615 22932
465 12103
22034 22380
5147 10197
13743 20645
7235 15140
4349 6959
6450 16530
16665 22754
6247 16887
4473 13806
11912 21984
5320 17182
375 8904
13264 20016
6962 15709
10092 22656
18796 22694
2264 2439
19761 22400
13051 15884
12762 18532
3961 10420
10563 13262
2287 2435
1508 12335
11006 15832
2436 23076
11627 22565
21815 23008
6095 10312
600 12597
2178 16744
1225 12136
634 2871
2588 21130
1031 9785
15931 20353
20743 21317
15113 17224
5641 18968
3220 12681
636 20141
5553 16243
5041 6172
3851 8822
2893 16086
18392 21671
1163 11648
2491 5081
7573 15572
7248 12950
12150 16792
2182 8795
13673 17802
4927 16642
10630 19002
4614 8257
4584 14394
5483 20451
12081 12208
15459 22559
14652 15647
5207 20971
10378 20044
10735 14467
5130 7247
723 21413
5162 23075
9181 22704
1734 5775
6252 6846
8227 22243
3045 10073
1922 3146
5082 10550
4240 23092
11907 15418
1552 4726
7379 16561
22708 22778
5619 18147
7011 8504
2758 12310
8119 16577
10631 22087
8226 13739
12945 21427
3897 13734
8988 22908
10096 21002
13307 17778
48 3757
16028 20844
4486 19704
5364 19124
1486 19368
6693 16373
1922 22485
11876 15093
1345 13859
2909 13358
3632 4174
6287 10189
7927 13296
12052 13801
7830 17253
9137 15060
1505 14550
4862 10257
3017 6011
9429 15217
2508 21410
5201 8491
2507 8390
548 13366
17566 17957
14771 22229
1483 11919
5374 7899
15304 18621
17586 20122
4311 9689
18986 22489
3305 5961
1211 10630
1052 16817
7 15168
15613 16226
5476 19394
19762 21111
1202 2246
13864 16245
5441 18060
429 4577
5099 13645
1010 21639
17233 22217
7975 20750
12472 15946
1797 6731
3697 8358
9402 14391
5727 8771
9090 16853
2795 16232
10642 16679
14429 15996
16928 22425
10630 17514
1880 18139
4145 9310
8856 22856
5172 21744
7516 7549
2625 7914
4614 16335
10804 20869
13509 13791
11079 14817
10300 11867
3132 18276
27 8039
3890 12823
909 7699
11814 14875
14836 21740
1934 22784
4237 11284
13228 14787
5081 10655
2946 4726
17211 19853
2453 9310
11427 14549
2155 2549
7394 7872
5344 15940
7653 16443
5764 14390
11807 15592
5421 20754
19807 21594
3309 6007
9330 21064
4194 18150
8062 11233
3197 19833
10231 14037
8084 13544
7451 9077
14733 20093
7164 12110
3454 14684
15095 17276
10919 17788
6937 15302
8699 13025
10978 19987
18352 22509
14246 18165
12864 16657
13618 19051
1052 19330
5684 13941
407 11876
1175 10744
11946 12852
6773 8935
2138 11714
7586 13143
15916 18973
10816 21021
846 12945
150 3283
11735 17178
1723 11054
13214 14990
4841 6875
7806 21159
2487 4194
3466 12895
11223 18671
23048 23056
10674 16218
1111 6536
4236 13105
17779 22123
13159 15784
14727 22924
8055 19598
8111 13731
7865 20897
6493 10156
3780 13105
16174 18012
18888 20610
8030 15408
7781 10660
5619 7699
12585 18038
1483 17303
8703 20347
3962 17512
9921 20869
4614 19002
7745 14486
5527 6394
11322 22217
12022 20162
5186 16301
5680 16199
12414 20645
960 10625
4926 16304
14316 14459
6738 8526
10104 11648
2617 6693
17799 19334
8708 15259
630 17148
19344 20959
7353 16672
959 19099
18989 21871
10165 21769
14022 22587
14724 22098
9955 21873
10686 16484
8835 21537
1631 20414
6786 19882
494 16998
11232 12175
5641 12408
14111 14907
15687 22186
7265 14717
2021 17159
4783 5468
4198 21917
4730 8057
12896 14990
14354 18004
4531 17445
10650 22373
2487 3477
19119 21563
2272 8816
751 15641
3937 10122
7159 8919
16148 19377
12300 22158
13684 18968
812 5148
6401 8737
12398 15468
1708 5683
5703 11363
2285 2975
5964 15122
6785 16367
18452 23059
5155 16966
7265 13603
3360 13697
3092 11648
846 13645
8107 22481
4395 18147
20316 22600
10240 19749
4301 21105
10485 20403
1234 3990
292 11636
6749 11546
915 4096
1000 9675
2714 19549
4303 9414
9454 20454
2624 13918
20734 22950
2596 12813
6672 11589
13459 15909
15006 17885
8616 14038
6454 20524
4841 10323
3998 13623
7692 10507
9269 10198
6048 8854
2171 10655
6389 16222
9415 12317
10181 12648
8830 21587
3146 8158
1569 21147
8993 20837
168 14072
4341 21630
9952 10955
1505 17099
7187 13374
3798 5796
9923 10149
3792 22470
5225 17174
4535 7579
13182 21457
1906 11742
4647 12178
2507 13105
16301 16368
15118 16221
3780 5312
15784 23050
7769 17443
944 12406
15954 17444
10465 11673
3384 17213
3857 13406
12917 20128
4492 19434
4801 22217
455 9137
18183 20455
2905 12539
2141 6685
12247 13721
8991 14474
8539 10540
6812 21126
8138 22334
1315 13372
11390 15193
1271 8728
3410 16024
14205 17445
3877 19529
5985 12371
11461 14048
6683 11949
17662 18981
3443 17797
5328 15894
11551 16758
16851 22838
7878 15713
2395 22451
2436 5428
495 17115
7087 19780
7931 13141
7975 13978
3416 17263
5618 22369
12819 19738
1543 8498
8471 9975
14253 19288
20166 21275
7489 17040
1370 18552
2095 14496
3771 7812
1172 18960
969 23050
2977 14753
12992 16305
2648 3387
5344 12407
5771 21741
12485 17311
7706 9679
10273 12110
11226 17172
7918 19172
2778 2787
7349 10923
313 18896
5859 22771
19446 21777
7384 21247
4795 8119
3999 14438
10706 19242
9246 12420
5451 13102
382 2608
9621 22551
10087 11926
12411 14716
8835 10209
5215 11447
3384 20427
6281 6764
9106 20561
3243 20660
10271 13941
3939 13198
21526 22543
299 982
1457 22489
7733 11376
10269 22572
869 20129
598 17281
2788 18265
2505 23004
4538 19506
3661 18054
9141 18779
1149 1199
9835 22017
288 17303
2796 19933
10800 14003
1748 16022
1048 9851
1205 19253
14177 19787
229 21630
5344 20210
2705 18054
5735 22513
3802 5192
14209 16279
11648 16196
8360 10572
3575 8668
9236 23074
4525 18037
7491 17957
17145 21312
2194 15494
1417 15619
2837 14859
5292 9122
15909 18952
12915 15869
1093 8501
1010 5775
3328 16844
978 8768
2837 7106
15043 15982
7938 14540
18173 23054
4984 8148
10358 14387
1159 9926
16919 20665
8138 16010
356 14424
13257 21557
695 22923
1605 20191
506 13372
9477 16782
14698 17566
257 388
19548 22304
10110 15316
13294 21854
1701 5474
2418 19116
7941 13740
2282 7037
16106 22163
7322 12454
14709 19415
8453 12944
11868 20679
10558 14201
345 5155
19761 23091
12172 19313
7913 18656
15645 21207
7586 16601
1426 8995
9486 20074
10122 22449
9921 17160
1920 16531
2913 21913
16933 21077
241 13884
100 22525
1057 12746
5110 12897
7626 17734
11732 20401
8427 15625
6027 9339
15733 20489
5281 5433
14391 15241
13093 16131
3577 6952
22425 22514
6103 8074
4316 6846
10870 20277
7590 11102
10565 22605
6474 11167
674 6248
2660 15852
9486 20569
11615 21057
1880 14263
1671 5384
13976 16340
5633 11100
3831 10650
909 18932
690 9172
584 3823
6718 21945
1366 20596
4167 22833
10010 18044
5292 11465
5553 7698
9907 10048
12680 13883
18627 20451
17995 20665
3574 15069
19581 21716
4113 16332
7308 14764
7665 14802
11396 12941
229 4341
10511 17943
2335 4519
10285 19327
4539 15061
7015 9699
13125 20711
3073 4875
8734 14384
15555 22497
6350 12520
9041 16678
4586 8504
11738 20563
13377 22100
5839 19446
8830 22275
1261 3000
1764 21337
6669 19410
6664 8215
1297 16887
5955 13754
18956 21471
1057 8062
16848 22128
4840 20974
7935 14802
7560 17627
17202 18386
7415 9119
5158 13202
567 18341
8232 10288
3406 10373
10476 21532
13372 15008
802 13155
11917 22258
2776 10996
9212 21791
6587 12047
18273 18975
13031 14808
2959 18104
7429 15204
5567 16781
1517 12011
802 6523
3831 16512
1339 1785
4504 19159
11475 21480
8197 17174
7294 7963
20544 20635
4028 6410
3000 5592
9847 14587
3541 16851
806 2776
7829 10562
3526 16625
16196 18691
1831 7800
12324 21598
17455 17889
5969 18866
4504 7542
5624 21757
5727 8257
4408 10509
1437 17586
2266 5292
818 7663
1738 19388
3105 17885
286 21147
4092 20965
13447 16586
7 8666
5727 22130
9187 12371
16926 20833
4395 16601
5594 22557
7889 14896
8053 15498
5970 22190
9395 16527
850 21951
6913 22793
20612 22595
1782 22242
12186 22511
10637 18635
1981 8961
10364 19145
4553 6943
2854 15140
12728 17879
7 2702
4842 16267
15168 22557
14510 20584
11873 17455
382 10458
4823 14896
10263 13736
17172 17388
9073 15076
4841 10182
223 6355
4431 21951
6355 15245
9430 14756
910 22428
1500 14467
4533 22945
8002 19889
8810 14379
4249 8639
5951 15894
8763 9335
10092 16048
9395 14363
3209 10928
2880 21055
3989 14248
21723 22163
14004 21914
2837 3711
18667 20087
4090 10939
14869 22285
1496 1515
1166 11636
7104 11153
5476 21135
4524 7477
6956 12850
9326 10096
12990 18139
9729 19542
177 11037
13241 13248
1633 6739
8566 18415
20890 21681
11793 15124
7278 7731
11214 17662
12828 19002
3156 12694
9246 19744
2628 10447
12951 12992
11147 13277
6230 13377
10165 14837
3881 11117
17229 17907
7167 12585
4983 15631
8878 21575
2228 8429
1484 17943
10722 11435
3086 18214
12448 22557
1997 19234
4774 18572
7209 16202
11721 17666
10680 18378
9923 17979
275 6723
740 12186
7848 13476
14952 20988
508 18212
6866 16918
15803 19186
3073 3104
10489 17471
11292 11648
9451 15472
3277 11475
19377 22523
9580 17571
13307 16116
10780 14587
10640 14004
3937 9502
1885 9541
4024 16840
6355 11639
4896 16275
13977 17462
14816 20808
17514 20155
12529 15307
10381 22415
11368 12835
2156 7899
12126 15966
21003 21823
7583 20015
17885 20863
9362 15504
7850 17838
9884 22703
14252 21908
3484 18945
632 1800
6168 22665
8955 9554
14616 22256
3559 19780
17580 20383
53 15211
17794 20226
6517 15538
1733 9885
17451 17569
289 11923
4614 9285
15527 15741
3477 10838
8409 15312
7489 16280
5666 21144
288 21239
1956 3583
20139 22816
5931 15043
3559 20104
5142 20036
4918 10176
4905 19685
5611 14989
5145 14889
17143 20289
18804 20300
5830 13154
13711 14653
10272 15502
8318 16074
13732 18494
482 9257
2623 9616
18742 21554
10039 11173
12825 17885
6693 13936
16461 18955
3800 14871
6595 12992
15796 20655
1139 7969
734 8072
1178 10549
6049 7272
11192 13806
4211 15006
8152 15679
19784 22378
1052 6052
1762 9706
9614 21053
2722 7349
9740 21563
3384 11065
17467 19550
8167 17788
6867 20584
5833 17917
7003 10344
4341 16607
4303 5281
7358 16306
7626 9653
259 2773
4196 5016
1225 14273
1764 18023
241 2039
4553 9242
7473 12054
4096 6823
2757 22311
9379 17134
3829 20677
12188 18203
18329 19162
2344 17919
3129 9084
13526 20604
7117 22016
4563 22603
5447 20202
2095 11439
6797 18624
2797 17010
4037 5718
7260 19258
5099 9605
288 15097
2793 22137
15190 16605
8036 19932
8216 11001
4531 22123
2860 17281
205 4203
12076 13524
8511 13632
10509 19448
6373 8653
3539 23006
8996 12304
3167 6780
8648 12284
2957 8923
1500 12339
1303 5894
12736 15855
13571 13614
8182 19535
4990 10158
233 9833
12775 17818
19127 20496
7826 22856
10973 19218
1315 16294
5269 11209
949 14872
7579 21055
4470 15691
1486 2284
9723 9923
18814 21776
181 241
9218 22060
14547 14647
8995 13523
3559 13540
3283 3306
12751 17451
9397 22197
10730 10904
11321 16568
493 21120
604 6556
7115 9337
6693 7465
5605 7288
2226 2751
9831 18038
1612 10096
5692 6372
14858 17990
10612 12163
2705 6633
11458 19887
18035 21399
5553 11947
1549 22231
5420 17213
14395 18450
3712 12526
5328 7390
18145 20139
4481 6281
8940 13134
7414 10734
1251 21639
4841 21941
7295 7630
7919 10326
19051 19851
10103 20042
8380 12657
1869 15259
5024 9076
3011 10513
5498 17229
3799 9422
20138 22520
15790 23099
22012 22142
3988 17903
2732 14653
18906 19124
13686 20280
12934 20732
4680 7241
5775 12123
5344 14438
5700 21797
4117 19718
4928 9860
3536 5592
2472 9224
9534 20403
16883 19300
14229 17329
10875 13068
2101 4170
3227 14506
3734 12348
8920 19061
896 14327
11290 16494
3083 7912
6159 22536
12188 22452
21143 22821
895 13882
5055 20297
11069 15469
6700 15445
2837 12298
2443 15962
13719 19155
7269 14830
1383 2447
4357 12432
5145 18781
3882 20869
12562 13134
18563 19691
16721 23058
19500 22948
5812 8815
13311 16185
3939 6349
2547 5147
8425 16811
5031 21143
1901 5911
3689 4565
5736 17387
9260 16087
10122 20320
9833 15005
9857 19469
7513 7626
10479 21826
2894 15444
1347 14121
8538 11266
2614 13534
15217 20036
4770 10660
14195 16986
4512 14124
1971 11652
1001 6437
7661 11873
5577 19977
14427 20991
16429 17130
18218 18950
14524 19105
975 13023
7549 14395
3939 12847
6364 13574
17788 21046
4821 9647
14894 17995
15278 21773
5380 9086
21239 22145
8830 20033
2488 22481
4275 14183
698 6295
6486 11609
1681 20834
3298 15568
14200 18992
7235 16080
1769 7534
14168 17937
1574 2765
4173 8945
9308 17897
12488 22034
946 996
3214 16799
7450 16944
5251 11713
9719 9738
7514 19959
5957 11402
11314 14778
4461 4592
8138 14130
14232 16401
9418 18181
2994 22100
11460 22875
11926 20470
2793 10630
13417 21600
10032 13243
19448 22452
16969 17906
6076 10558
5553 8076
4440 23081
6885 17675
5409 21168
1742 16484
5744 7073
10286 21186
5609 9916
10389 11080
8773 15831
6083 17203
21965 22271
11636 19816
1874 22186
3509 14380
16126 20968
259 807
6963 20851
7100 9215
8676 16279
1719 10169
283 3485
1156 2962
12352 17468
11397 12266
2336 17227
8909 11418
8434 22217
2586 21133
6861 20213
17750 19876
1964 18432
9009 18448
1586 4322
12562 22623
1901 20337
7927 15017
6823 20684
1515 15418
282 1574
6922 7779
10156 14294
14124 21951
14857 22639
14585 15455
696 17100
13871 17167
4148 7653
19937 19939
5553 19127
23 9383
14728 14794
8929 9273
17821 19638
3316 5618
6650 22481
14090 21029
18139 21822
8205 19406
13876 15212
12578 13267
6375 14550
1968 13948
7317 21951
452 18185
5212 21059
12036 19841
5984 18551
1657 3294
85 5315
12179 14546
13966 16701
5272 18472
10103 20843
16727 19707
1372 18209
1495 8597
8784 16976
9705 11926
10473 12686
7011 16544
7465 9786
3703 7109
13970 23117
388 13536
3604 12631
13161 13504
5616 9395
8186 18483
1973 14350
21 5099
12266 17885
3390 8929
1372 2857
9987 14841
12968 20646
2966 15971
10096 11649
4042 13598
14183 21317
18945 21274
10196 14601
11123 22043
9080 17164
7248 11946
10963 16918
9404 10679
6184 11483
7309 10801
11641 17909
7814 12812
5322 9395
9267 19970
822 19550
10366 18343
12585 16196
5708 14298
5344 12557
1529 1959
10593 14042
9273 14493
16268 18986
4730 14371
9694 10116
13728 18343
1023 2246
5644 16286
17122 19283
4555 6707
14305 20683
15680 19645
10844 15320
6899 11616
4511 9964
18046 18496
2246 4068
1004 1503
6496 6970
10571 19319
1132 10457
10633 15718
1140 7595
19208 21145
7674 8390
5894 11063
11886 12284
4808 21283
6930 12284
5344 16435
4705 14390
3498 4960
257 1513
18906 22890
12838 15750
7691 22516
14305 21748
9571 21315
4880 12879
7328 21720
4230 10931
11200 15647
16147 22217
10598 15233
2377 17281
3627 8638
5301 22739
2587 4554
1145 10202
11924 20124
5859 13320
14549 15659
9319 17752
77 14858
7626 10446
7866 14365
1379 5165
16953 23056
10666 14773
10613 14291
16601 18932
6861 7286
19955 22855
619 22986
4266 13925
2614 10867
4331 17625
1541 8514
18044 20470
3796 9187
10327 13172
15131 17452
134 5328
9434 14744
6833 10447
15012 18904
11246 15439
9757 13844
6106 12104
16197 20238
5524 6727
19780 21052
19889 20163
10098 14318
285 14603
14395 21584
1273 5267
19021 22755
4746 11863
13562 20298
13869 14934
3573 19835
65 3364
8205 12284
1533 1785
9402 18276
4811 15089
10831 18343
874 906
9458 19730
12237 17995
18038 21951
10677 10929
7725 14670
16305 18030
1906 13840
14019 22537
8948 17556
4703 4860
1375 12610
4031 20624
4585 6720
6937 11745
6550 11780
18826 19234
14152 18334
43 7657
9577 22432
16062 18457
10977 20746
6184 20076
2766 12679
1222 2972
1776 15662
11900 15332
1383 12689
10753 14390
8976 16484
8865 18710
8469 17995
5245 22972
4705 7466
12136 19065
3384 15563
4340 17680
3325 20484
4408 9471
1800 19282
885 12341
20825 22028
7390 13124
4579 9246
3958 19342
10079 16869
15115 19314
733 11711
10096 16605
11834 21874
6517 22400
15781 17885
2266 18992
4583 10132
16421 20925
10831 14474
10067 21741
6705 10675
5773 12488
20813 22106
10110 19321
17769 22703
172 9099
4002 6792
19002 22536
13150 15098
2894 10002
2667 7364
1644 6266
5989 11226
5608 20543
1220 21838
13696 13996
12801 18700
656 2247
8995 18858
2298 22488
18761 22137
12763 13803
3269 10259
194 3868
602 9910
8336 22326
4612 16123
11601 14406
3062 9350
20315 21687
4872 8796
2361 15688
9998 17876
1478 9053
1248 11919
1872 22178
7328 10622
8725 9393
9907 14024
9330 22811
13577 20445
8843 16526
4499 9350
3047 16918
11649 12820
12048 16454
902 5833
989 12467
7042 12142
12167 21865
7402 14707
6305 12841
5906 19010
674 2438
15103 16509
8972 11883
3459 9881
9285 15494
6295 17282
3253 10361
5476 11537
1435 23091
11701 15685
12140 16773
2221 12111
18392 22763
1716 23108
12806 18840
3961 13640
10214 10566
20574 22207
6808 16301
1220 11876
2388 6247
10574 12336
6340 20334
2966 17669
3434 13398
292 6355
5894 9395
2027 4743
4841 11648
7685 10007
19035 22564
1059 15401
9694 22561
6038 22551
13124 16055
10551 11554
7065 15921
16515 20458
6995 10216
5312 7073
337 13560
7828 8573
12367 20450
4779 5894
1574 15963
17281 20353
11405 22375
13269 20240
8377 10782
7626 9554
8615 20060
8209 17348
9679 15823
1109 12288
860 15965
4526 5344
5147 14395
3512 16538
11770 19123
13046 17926
289 2793
3642 20525
2432 3061
8405 12409
1788 4846
5984 14788
22935 23108
11957 17247
7436 19286
11929 14301
20458 22812
17788 17932
4607 4816
4490 10755
3809 4403
2935 16160
16187 20274
4896 9145
786 2993
500 18050
8703 22130
3373 6528
5476 16577
5984 21065
12695 13140
3724 5987
5785 21380
10100 13429
5565 21286
11906 21747
17178 21557
6461 14780
6252 21621
11101 19785
3339 17809
5985 20470
3017 16943
12522 19934
8824 23081
768 5488
1055 10410
494 917
5338 17418
7458 12776
4480 20460
6991 14064
12136 20214
10753 12944
2283 9969
3978 17883
1484 19664
17666 17730
13236 16062
6436 17579
11732 12036
17018 19122
6228 19021
14857 21509
2655 2854
3246 5557
17882 20130
4614 14753
6669 11452
90 19514
288 16484
2266 11173
5336 6519
13087 20475
5346 12180
5455 13719
7170 16941
15241 19328
7486 15579
5150 15615
18942 21487
4256 9486
241 18271
3877 9044
5114 13358
3472 22700
2597 12520
625 16561
589 17387
4514 21930
4472 11547
2717 4052
9118 21850
14534 16638
4528 22676
6373 18346
17550 20829
13778 14363
19100 20027
916 15392
1545 15625
4957 12917
1670 22188
910 16601
1334 1370
5592 15155
9794 18267
1515 12396
14395 14671
7140 13970
7709 11226
13161 18657
10175 16893
16804 18987
16196 16515
5327 15718
18714 21559
18565 22819
4032 20320
2721 6235
4921 11405
1082 2979
6141 11947
9694 13243
10735 15092
17975 20673
8002 12022
4225 5346
12336 15967
7869 10703
1901 21026
10334 23112
6893 10815
3723 4745
226 1670
17708 18271
11642 15444
13084 22408
10789 15299
19648 20201
10026 14365
20 3266
5974 18868
481 5616
12877 18641
13833 22968
4650 21282
8475 22650
812 9529
14318 14748
7145 16527
6008 7395
12342 23094
11780 16976
8119 19563
21969 22379
4642 5148
5049 16543
18568 21993
9206 16196
7383 9260
7611 17645
5165 15682
8729 9208
9657 10079
3027 5087
14502 18741
10079 10598
1560 15953
7489 19343
27 12959
5753 22632
2670 6626
8899 13615
2983 5641
4147 4983
1655 5579
6950 17610
4685 20255
1372 14232
4215 11699
12506 21994
9338 18933
9679 11167
1536 21609
7534 8138
7489 14070
4650 21909
7516 22675
9319 10805
11352 22689
1121 19446
12095 12195
886 4315
14310 16946
15278 17420
8082 12992
2785 14675
12561 17250
10080 22564
13344 21822
5105 9057
19746 22345
12898 13443
10594 16625
7237 18614
13655 21004
14806 22226
19731 23110
5281 6159
16561 21064
2838 19128
543 16202
21199 22659
6604 16419
4940 6467
20344 22285
5583 22133
12185 15089
6229 11150
9025 19655
9099 13371
2261 3071
13799 18046
1563 11638
9644 20889
10853 17960
7772 11566
6355 14226
4573 6450
3553 10397
1782 4828
8567 10380
8490 21280
7022 20151
4297 22425
5764 20207
11632 15045
4404 17289
3620 6551
1372 15411
7633 18635
7597 12283
1482 12016
1439 16025
1802 22113
3769 16025
11042 11914
2331 22886
9193 21600
4670 21845
18334 19596
539 18847
581 13728
3564 14219
3111 12375
1966 14060
5641 16168
18015 20165
955 21316
19526 20851
1222 11696
7455 21041
4053 14178
1493 3308
11371 13081
16966 18566
2015 10673
6516 14291
9339 21730
4638 20336
16992 21270
7086 12036
1598 17302
10729 17095
10196 22523
4730 15241
11946 13357
7303 7992
9664 20104
17445 17779
2117 4028
13571 14162
11668 12828
282 20342
20472 21977
6087 6556
17872 23083
7663 18186
1075 22018
5793 7267
855 3958
15706 16424
9319 22630
22106 22226
5582 8679
7792 12000
8195 10753
14683 19002
385 23117
135 12937
14744 15650
3564 8219
6393 11811
7429 7536
6095 13877
2241 3700
9349 9814
268 819
11913 17990
12269 19680
6286 7804
1483 1515
15691 21118
9640 21184
9729 18039
13870 14515
3471 19907
15086 16994
20823 22657
16737 19643
4713 13387
4785 15233
1152 8639
3958 7320
1891 2483
6056 19180
17992 20936
10338 14384
3172 18378
3677 21556
11356 15234
2506 22451
4153 14232
2484 18703
2889 10096
806 17450
5864 12673
3597 14716
1474 6354
4945 12849
6875 11930
20677 21563
8520 17937
7003 12950
10079 11636
21451 22975
5142 8566
12528 16630
4839 18918
8966 9043
2315 6247
11556 19703
2795 10741
11995 20103
5521 21111
3965 11887
2520 2830
9693 22178
2032 4014
4036 9160
9452 15952
11926 18044
8085 14126
13198 17730
4842 7136
5573 6808
111 20746
313 19877
10549 21645
4408 14119
665 3067
2686 6620
10728 21321
5197 16279
17461 20631
5664 11108
8626 9447
9899 17868
4858 16672
14894 17550
2096 16364
8416 22536
14964 22415
2202 5949
11136 21354
7170 21480
6493 18181
11005 21546
12583 14775
11796 14145
3927 19718
10197 14021
15591 17159
14782 18104
10396 14785
6908 16622
451 20858
11618 18377
15388 20810
843 6963
4359 7265
15719 19750
10274 19441
15017 20660
4083 12185
5226 7643
8102 14068
12585 15192
5297 12868
13877 16335
12334 18970
9623 10633
13198 21570
9609 18962
10378 19035
1206 21241
3558 11821
11353 14290
9994 10586
8955 22100
4315 17592
15009 20851
3625 4795
8983 21268
11873 19643
95 10527
6466 10953
2588 11637
17911 17990
16771 18443
11906 20051
1783 18235
3216 13742
14484 16666
10465 11685
10096 11850
16914 20989
13705 15018
7975 17574
11363 14558
10994 17978
10150 11504
5320 9018
18268 20022
10182 21941
15144 23013
5457 20295
18312 22816
5934 22455
7060 10643
2779 3485
8731 22186
12466 17583
12176 21196
5339 6604
7626 9084
17906 22701
7949 19445
7251 16887
3740 14343
11814 16941
6822 8379
5799 9913
14758 22258
4921 7562
1706 12161
15126 17496
7776 12389
13046 18030
1655 16666
19025 22100
15214 15224
17907 20372
10648 11663
168 259
10558 19304
17998 19242
2761 9319
20166 22779
1344 6493
15736 22655
4893 19207
11648 15249
11364 23101
13499 16594
1193 3896
13294 22948
12107 12777
10007 14048
14183 19633
2497 19675
7512 11528
10098 11636
10885 15928
9282 11632
9289 10534
8062 19124
598 7656
7135 8627
2585 20243
819 12579
16124 19155
288 4269
7048 14526
6300 12844
3968 4429
17637 18691
6762 10378
7530 20843
22728 22900
10486 16117
2744 21251
12315 17953
494 11201
7414 9533
1662 7451
8722 12114
5203 18107
3402 10299
973 8391
2394 2401
8703 10081
10342 12663
6911 22958
1357 14192
7062 18986
768 15678
531 13309
4162 8981
10916 21702
4002 16322
9757 11742
9251 11648
8878 12126
4839 7145
11621 20615
6401 8803
6452 7828
20626 22938
12209 15561
14168 22278
13345 19643
6990 15593
12176 21991
818 3486
16344 20447
7657 15660
4329 23076
503 19286
13996 15734
241 20166
6138 9227
14201 19268
3473 22793
5089 11479
17885 19105
15558 20703
4058 15029
19685 22537
6617 18256
8549 9434
10110 19720
3179 6141
9808 17990
5909 14728
2143 17210
16152 16667
292 19978
418 5927
768 20645
3078 19019
13623 18866
2994 19234
1603 18161
2220 6038
8646 11964
18846 23050
3476 18836
6218 17585
601 11744
9558 21416
19525 20855
14001 22624
4474 22624
2 2324
4787 18472
4519 9319
10616 23091
288 21982
6765 10482
15054 18395
10110 16439
822 6846
15784 16685
16294 19084
5471 9857
2602 18168
1050 21887
657 13583
1927 14482
6355 20665
5122 18949
119 20189
6311 12406
4888 12809
6666 12950
2644 20605
3251 8141
2899 7247
16115 20805
17882 19455
8002 11265
3758 10413
13990 14020
5944 18700
624 2921
5171 19207
6348 18777
4408 15952
7412 15444
12221 20660
5079 6144
3197 4230
6705 11465
11266 14512
1600 22557
571 15088
266 14428
3616 7170
11554 20109
5804 12121
4390 7653
8907 17564
7842 15362
2234 18626
8749 17305
13696 21579
12680 19720
11742 15625
7476 22153
4205 17026
891 2778
6636 7524
12335 15263
6544 11797
5978 16521
7029 19370
2194 18657
6953 10051
71 12397
5181 8541
836 5422
5312 14340
4730 20022
1190 8457
2770 11910
9362 9790
4457 13326
6095 6329
19036 21532
806 1023
3511 18935
4548 12248
2779 15963
3739 16245
8982 11627
4292 20574
4034 14280
10930 22692
11127 22557
6710 20316
1453 11928
7769 14896
14365 22812
12976 13232
6759 16195
110 21755
11537 22786
9144 19419
21409 21438
7121 9954
16028 21065
4745 8416
14885 21351
7887 22662
11384 17606
14468 21902
9422 14471
14760 18833
11065 11286
15008 18841
9589 13966
4841 12485
10794 13605
8982 10711
2196 8267
8954 19081
553 7517
6400 17277
12779 22015
17885 18014
7349 8859
12474 15064
17455 21832
20016 21315
12895 14954
3589 15444
15355 17550
8416 11425
6181 7015
7147 18223
21618 21797
11215 22017
3176 4444
12630 14467
9265 10829
153 14355
3939 23117
7794 11641
13616 15408
13816 20455
12120 22224
2909 6710
13288 21724
12828 21520
16843 19754
225 5667
8389 13414
3857 4841
2284 18779
1039 17094
2706 3648
7269 15659
16074 18288
13345 17455
4148 16530
289 605
12682 17658
19489 20660
1406 16683
12032 14220
3909 20083
2530 11274
1668 5499
7874 10614
7489 14124
4732 13844
12648 14860
3725 10299
11317 20053
11278 17978
10058 22557
5248 6552
11926 12648
14455 16151
6943 7436
1517 9538
12536 20207
12029 21461
1162 9090
5476 22344
1366 12874
9243 11912
9411 18845
6493 8233
5725 11003
3305 12143
6035 10224
4068 9616
19784 21528
5788 7394
3622 18419
14428 16724
6869 13723
6502 8235
5957 18442
988 12794
2793 16601
2943 9100
14474 16654
19189 22536
188 19684
3208 5075
5894 10092
7559 21195
2943 5100
19716 21649
13749 22186
12549 12585
2694 15924
768 16515
1116 16092
13730 20797
1151 9522
9809 18756
3161 14910
2594 15327
6693 21260
8471 15359
14261 19439
11707 17378
1263 5114
6550 22812
1031 8478
10329 18726
9128 15113
7965 14408
18215 19608
3017 10901
4310 18316
2177 20953
10295 12188
12154 16601
7973 21951
11353 12022
15921 21803
289 8915
4164 4726
18990 19028
6548 21705
4452 6493
2428 17074
15987 17312
6995 18224
10122 22100
14037 16979
4995 21257
15070 22610
7958 15409
2795 5829
12844 22026
1956 3831
7281 19789
14395 20996
9657 16818
7777 11427
652 16655
6626 15290
5505 18641
13536 21766
15504 15517
5853 10755
2778 6800
10324 21342
11348 19863
782 21252
8314 21621
11808 22207
6247 9279
9659 18597
4646 18182
5976 7349
1776 12035
14478 18942
4703 16782
2979 20553
18575 21618
1753 13158
3501 18518
894 12497
9120 10680
20207 22354
9323 22551
12977 18496
4524 20790
17173 20577
4245 18850
101 10719
5114 8309
12051 12354
85 8449
8580 10526
9222 18327
2266 13376
16887 18732
2204 11988
9008 22780
2797 5856
10886 19258
5158 6807
2773 17222
275 20863
17468 19145
9964 22474
1704 8642
11316 20611
2285 20138
2767 10101
16796 22176
910 22520
17674 18987
4459 11770
5384 10062
4920 11902
1496 1500
11770 23050
6999 16502
9133 19496
17616 21310
10592 22016
2744 21718
1006 3086
4211 22536
2642 22275
683 13393
1673 14910
7286 12809
3390 19761
2768 3435
16484 19829
1297 7533
7549 8754
2553 13666
16196 22473
15483 21417
8568 14734
10331 20070
20677 23101
1550 8205
3179 16369
16405 19522
3939 7090
6812 13863
20796 22333
3630 12611
600 15099
5650 8481
7455 19307
4571 18134
2779 3565
4732 4921
11607 20310
9647 20186
9838 12699
5708 7709
3777 15781
10286 15225
6655 13786
4829 14806
5406 22026
5072 13180
12512 18788
15070 16526
6511 16598
15479 19666
802 5388
7513 11611
14360 16429
5525 15058
2900 13877
552 15348
10860 14814
14018 19597
8025 10514
2447 16718
7774 11317
7106 18419
553 21953
21662 21972
3309 8865
1364 20568
10753 12480
5624 17512
6932 20098
8878 20276
604 21559
5243 21270
1302 5633
14200 16531
3158 21127
9600 14524
4823 7065
9667 17612
6441 10380
5658 20207
14589 18753
422 22511
11856 16372
4785 11237
4730 8040
3489 6319
9985 14652
1040 4565
20807 21678
12085 16305
12984 16764
18948 19502
7451 20505
12738 20869
5073 22010
1200 7936
861 9872
1715 13361
2342 11483
10852 15286
17416 18712
2551 20237
4644 18992
813 3746
14038 15740
19331 22728
3914 19149
2445 6721
20025 20649
14910 19586
10156 10831
2660 16291
3982 13055
6614 10499
2397 16264
6679 9365
163 7537
13063 19124
16457 21503
3772 19239
15940 21955
5093 9203
17411 19061
8714 12381
2983 19241
6904 19529
4377 20684
7559 14509
19406 20928
15903 17595
14549 22966
4370 12650
16325 22730
2266 17785
12290 16509
16596 18254
823 10489
5465 10133
1785 22557
18992 21955
7301 12165
1473 18779
12522 20499
5769 10555
3165 8193
8874 17129
5171 16717
6229 8608
1772 21415
764 21630
1547 19953
305 12894
760 3022
2661 10575
9623 15976
5336 22793
622 12070
8082 13767
5063 15510
3345 6623
1901 10551
4296 20320
4612 5250
5644 8473
1095 14232
5722 7647
815 2123
1603 12098
5457 16371
18551 19505
10630 15494
3822 18260
4539 18843
5607 12574
19793 20580
2306 5899
16066 19114
3105 12521
5853 9224
4614 14395
3725 6212
5336 16014
1828 1863
10085 14719
910 12253
7996 19871
12912 22221
509 8909
8668 20535
15556 20262
7794 15023
513 10305
1594 17282
6819 13866
9639 15163
3458 17863
4408 7003
10649 11545
5686 17017
18542 21002
1785 11615
477 21053
1650 2051
15275 16311
7972 20660
5758 12582
9878 10610
292 1023
10013 14121
11923 17467
7637 8209
8701 20868
9523 10081
12657 18192
1533 9738
529 17992
11461 18268
1008 11922
3411 6950
1764 11923
8138 10005
4682 11229
4615 7149
6545 13555
4935 22043
20204 21374
9637 14365
4556 20869
10083 18776
18006 18217
846 20968
5780 12047
4244 5356
9091 16506
9705 20267
3526 19323
1814 21604
14578 20261
1251 9960
4549 22785
10674 21970
4983 8193
4807 7152
5529 13608
1473 2944
12894 13735
652 11321
7681 9315
4614 22560
4565 19570
1297 4543
6762 16028
278 4795
7952 13037
15736 16071
2520 21050
2599 19705
21367 22100
8727 21421
14653 18736
10311 11604
9424 20553
6459 20122
12069 16621
9350 17267
2194 18560
9119 17303
5770 9658
49 289
1969 12335
17224 18484
8885 20077
8036 22130
793 8496
8808 13180
4059 19446
5162 14574
9622 19485
5230 20582
5734 15646
8408 9687
16566 20895
7471 12559
5710 21575
11192 13223
7657 19932
4352 10098
12838 18269
6127 11901
1650 20602
10091 20542
12289 21142
10149 22649
10755 21240
5141 18546
5488 17909
14825 19714
21417 22880
11461 15217
17130 19323
4090 6101
11515 16141
4650 21417
6843 11695
14393 20489
3589 21509
6259 6350
8061 11414
8600 21529
16531 20045
11213 19069
13702 20706
2392 13105
6693 13980
7230 12104
13245 15317
1022 12699
3456 8284
6735 17566
12375 13540
621 11086
2342 14833
12895 17194
7048 19207
5436 13651
11808 11867
4021 7852
9308 18004
6118 15531
7359 14008
3900 17958
21072 22924
818 9121
1799 6215
27 15613
17676 18767
4083 14340
14095 15291
1177 10081
2266 15756
268 21519
4431 21121
6739 9662
8972 22380
7318 11875
1345 16335
9864 14552
16543 21128
8957 11645
8768 15241
8008 15892
10980 20282
5160 22137
7727 17885
10007 22626
11788 20582
17357 19288
10380 10580
9106 13488
10201 13811
7549 8786
1228 8353
12118 20342
4795 22452
7714 16531
4841 9985
11265 14168
2911 14343
2680 6484
9074 18341
15822 16006
11959 13084
12656 15749
5655 12512
7029 21194
20063 22100
15704 16275
8989 10525
3090 4715
5805 6637
3523 13142
5281 6953
13577 17288
281 11924
2881 8919
6071 12237
2995 18631
3785 11901
1353 8390
20074 20569
2991 8422
4303 15660
20042 22083
19320 22078
7642 20163
6390 6505
4567 12850
13181 20336
16430 18328
2735 10723
420 14548
6811 15305
7155 15611
19020 21724
4708 11499
10885 21397
6691 22520
11527 11597
11577 22829
6899 12850
822 11627
6088 10007
1622 3937
5281 17958
210 4053
2096 3073
562 1771
2643 20650
2475 4410
5807 19014
4614 7029
10092 15249
2873 10721
7817 9868
2785 13372
11228 19453
13646 16435
9077 10257
13000 18825
14931 20511
5212 9639
4874 12066
2051 19145
4849 18324
1310 3598
3746 12125
5807 19833
2557 19488
1815 14459
1220 1491
8519 13920
4755 17196
2681 10275
11288 20672
4983 12578
12894 21845
3233 7718
20027 21349
4070 6722
1543 14168
2848 20960
8057 15804
2793 18431
10195 14790
5188 22694
4190 21835
20565 20566
8325 14061
11673 21057
20604 22452
172 19711
11310 11901
10144 18282
8749 9842
7757 14400
6197 18888
9094 13023
4520 11052
9569 18317
5680 21509
9979 12660
4283 13336
9074 16083
4927 21069
4774 18987
4200 10568
15237 22236
16484 17143
3075 14848
3939 12406
6967 18806
15072 20172
6015 21176
6471 17176
158 18715
9577 18586
1919 6846
1169 12296
1714 18278
818 8259
10713 12910
2483 14251
6359 15580
9319 22331
11770 18518
3174 5344
11930 13645
14990 21955
11667 19563
7451 7782
1971 7626
222 13193
7086 9657
2688 20236
4407 16882
8925 11175
332 22536
10576 19273
7962 22379
5688 7852
8276 15548
789 5155
10629 16131
4149 5523
3179 10630
11100 13476
7528 11391
7706 21645
19151 21407
12152 17276
6355 19273
6687 13611
1226 2776
4174 4770
2134 16547
4832 20389
10765 14379
1047 9234
8318 10983
1226 2288
18302 19419
8312 20706
9871 13441
3897 20869
718 5724
5108 12290
5868 6261
731 9921
12897 18336
11643 18662
11758 13617
17143 18859
1920 2266
169 1098
2933 22564
6016 14185
4341 7756
971 1031
4770 11959
4795 20810
6160 10898
8971 17091
4601 7448
123 1361
5619 22795
8830 10051
1198 20036
11905 19899
4370 16162
3501 13159
3911 4198
20117 20527
2101 22036
5430 20988
10758 13603
17668 22425
8711 17157
7002 16788
4311 19749
7053 11274
4785 7674
15875 17659
3110 6015
19006 22421
1315 3364
14355 21815
6038 9308
16601 20655
12184 12215
2722 11897
8585 20683
11714 18977
4263 19343
10272 14201
12362 23121
2184 13364
6189 18173
320 3040
11376 13400
3434 7080
9350 20955
4790 17910
12590 14697
15396 18727
10753 22919
1758 5406
4907 11376
8054 12313
18760 22454
8475 10630
5624 12641
3044 11165
8154 20293
5261 19193
17465 20334
5973 21930
4459 19596
7633 10637
1269 5448
3780 15363
6798 22531
11607 22451
2775 5641
1867 2263
7672 10402
2038 14255
17333 22254
1568 18137
6171 21960
1233 3591
10199 19415
10079 15233
14746 18504
5742 11648
1238 2765
2776 20597
8972 17091
8369 10574
2801 22313
13159 13381
11332 16196
18952 20806
21556 21862
4389 14894
1869 22492
15831 19666
15423 22536
768 3064
7272 23069
7451 12507
6095 16148
15064 22675
14263 18139
10647 22217
487 2647
13377 21492
7074 18572
9812 16596
2163 11641
4395 5320
8475 9324
9538 15060
5553 9864
19815 19874
1155 11648
4795 7271
2331 14380
11913 19199
16478 19862
2280 16221
14151 17686
13449 14362
14318 22100
16136 21262
12222 23091
9379 15234
17972 19043
4319 17928
1550 5553
4259 14404
11226 21181
6071 22088
9690 13966
2951 4581
9059 12724
16661 17943
5185 18052
1372 4596
5989 8475
11482 16795
1411 4692
13929 14544
5783 7422
9208 14410
6803 23076
16379 20949
1996 11405
13525 18710
1066 21209
7359 12136
15894 18992
12632 12644
976 20000
2194 3602
1881 11677
16127 16361
14007 14803
11556 17932
13768 22361
8057 13970
3672 18411
7910 14234
4680 20536
5103 11537
14777 15437
13824 15650
16900 23091
6705 21645
13890 17527
3455 11376
2234 2484
10182 19872
2809 12578
559 14299
2618 19435
2912 12450
15898 17497
3213 23001
6517 19016
4810 15145
6989 14653
14340 20928
8257 21482
1731 20782
1479 11904
15740 22500
12520 17640
7269 8925
1842 19358
740 19179
2778 11615
16016 22451
7729 16739
3224 11896
2284 15826
13555 20100
3335 15556
4487 9935
458 10145
1540 12406
10122 22555
11671 18597
7265 10758
2342 13555
2993 9203
11472 13536
8863 12147
9522 12582
10110 14587
10214 21914
19193 21264
1890 2899
17788 21728
639 19845
1586 19816
5342 20359
6157 10122
2949 12243
8963 12648
11742 18779
7653 12549
11807 23014
8378 19279
10064 12977
12214 14944
424 20935
1176 15633
11669 13072
6493 15365
17843 17968
4502 7892
8639 14069
1225 1236
8220 10470
2530 2966
533 11930
17109 23053
2353 7170
9538 15249
8147 10885
9827 12541
1439 7010
9712 18642
4983 10625
7520 20320
1621 22557
4150 11648
3310 23064
16601 22015
13105 22458
2823 22605
1381 19717
870 6350
4010 5853
9921 10917
7379 18044
4711 21093
4730 12406
2143 8337
12592 14568
9308 22551
2761 6174
12436 16601
748 7264
17479 22025
11780 22572
6917 21074
11216 19757
247 15275
20854 22144
5082 14799
3468 13618
5128 20122
2760 9934
3384 7151
1878 4602
971 11122
2473 5525
5063 20076
778 9203
5136 17281
12822 14130
9907 12007
4509 8016
963 21509
13948 22202
9090 21433
9319 10096
14453 16607
6403 13597
10822 20160
9012 18981
1538 9806
3067 11908
5476 18255
2075 18360
7828 9615
3824 16354
7528 9056
22 15124
7164 11924
6608 18727
13080 17881
3079 21122
4839 18597
5229 17763
8265 19193
749 12427
19682 22350
3254 5609
13698 14668
1747 11643
6493 6701
2899 14875
6797 16922
5053 17100
4781 18999
6519 15687
6624 14155
13079 13447
3167 4812
17508 18465
630 20839
2930 8390
3219 12681
6758 11735
12743 14477
11521 13008
16083 20219
7495 13015
4520 12193
8475 16531
2218 6260
2054 14467
9277 20868
4502 20267
17590 18679
16512 19824
8852 17389
14201 16979
17301 23036
4606 20159
16488 20612
7333 9941
2797 12806
5063 5109
9541 13419
1899 18334
10558 17793
4799 16752
19893 20036
12516 16087
9059 9786
13822 20644
11489 22791
4002 22991
9330 21373
1345 1863
13632 22354
12876 13752
7308 14836
16167 21396
8845 11911
1756 8989
3623 10434
632 4784
11676 18343
1494 8028
8856 11867
8377 10484
5305 12410
6353 13511
12449 19317
9354 9816
9083 14134
5729 10192
2966 21289
13117 14302
20941 22371
10593 20207
760 21943
9395 9398
9093 16086
14594 15729
10895 20851
827 17440
8862 20096
11616 19121
16108 17233
18328 22760
19706 22969
6095 14722
737 8147
4972 19383
3198 9381
3529 18082
5755 14749
2778 14990
11742 17885
13603 14366
8837 15565
6252 10136
4830 5049
12950 16605
6604 7256
612 2146
10247 13716
866 19601
8379 9414
4174 6272
3085 11589
13179 13993
13491 18254
862 2886
2998 16460
4607 5670
7477 12850
8434 17214
9208 22727
17533 18284
19532 22511
15531 22379
11950 12868
12631 13291
14039 14593
67 3758
11018 18655
4115 15151
4853 21427
13382 18021
3266 10651
8163 21135
1631 14767
8498 17115
2796 8152
8708 9778
9295 17701
3384 19237
12188 14340
4172 7581
890 4995
2395 6202
15263 17566
15449 22100
3114 20425
11692 14952
2710 3672
4571 18725
19522 20320
5447 19596
4604 10149
2507 17311
13603 16843
8647 8651
180 2027
5536 10920
16964 19589
16011 22299
70 10524
21041 22724
9887 22748
16092 22100
3422 20507
12973 13967
6140 19953
10482 13711
2899 11814
13536 18223
2221 15721
8794 9766
4580 5495
9464 12641
6038 6630
10810 22217
2554 12619
3897 6220
18157 22782
7516 13319
6183 15242
2761 7622
7366 20358
39 7163
4858 21951
1191 6532
4275 17879
11381 18443
19449 21002
8604 15717
664 5065
1697 20263
6803 16637
5758 8667
9334 18856
1050 8420
12585 14954
19070 21312
2188 21850
3123 9212
3359 21159
5476 22931
13046 16584
10026 16978
1625 14843
5523 5609
3563 11923
12564 16271
5784 17062
1935 7669
19582 20062
3076 19379
10385 21350
539 20330
6911 12903
5334 22658
13156 15872
13523 18858
1537 2859
3490 14670
9357 13911
12795 20756
5906 10714
4499 12172
3718 12707
9899 13198
11769 12993
4200 16700
5727 10380
7068 13607
1478 18992
289 18803
3959 4795
12821 18268
3425 15222
4618 6023
9368 21066
6383 14814
2761 8624
10632 20016
20330 22440
11012 14760
4456 15082
5784 8987
6368 20236
3586 11550
8292 18271
17786 21971
1353 7674
9936 15447
9864 12643
391 15993
4562 20413
5572 15113
17977 22451
451 4464
2908 4068
13210 14369
15713 17524
8084 22387
12011 16149
13081 21170
9697 11135
4161 4534
18004 18344
21392 21395
1090 14123
6483 8253
11140 12171
12891 18468
11659 17706
15824 16202
7675 13524
12655 19444
3886 18411
12077 12394
7794 16174
3546 13885
70 21073
11421 15923
13674 15784
7167 21492
1723 20171
2300 14363
1553 2765
20525 21217
13983 21359
2765 11908
1905 20076
4889 9201
7798 19287
7420 14596
3958 7308
12786 14337
2678 7272
13996 19985
6469 6916
8882 17994
11233 19843
7451 14982
1539 22858
8419 22368
15798 19845
13866 16620
3017 7514
163 5624
1311 20385
2171 11655
4037 14767
12046 16371
20831 22560
1934 5834
3670 7307
2388 16251
3260 11904
7607 8854
1789 2092
8498 20036
273 9023
7264 21826
6532 12186
9022 23018
14281 15721
2278 9198
10750 18781
5425 18950
19138 21025
7490 20031
18182 20897
1096 10153
2579 10380
1797 16592
9206 18577
15043 15059
2523 22312
323 7597
3947 16893
7260 8010
12108 13707
1829 13729
12408 13270
36 483
20339 22560
9487 10768
1206 12982
7116 7177
8955 11121
13372 22869
3110 10159
14955 19653
5488 21972
1566 16513
869 6840
2793 18129
18324 22217
289 15044
3545 22770
2440 5878
13248 15181
8957 15659
3467 9986
561 19764
1749 15603
74 504
12813 18779
11930 18038
10158 14272
12113 15964
949 17473
6416 19727
11175 11883
6774 20911
3165 13992
2616 13598
2494 23101
9979 10250
6973 10285
1202 9496
1287 21031
8607 12729
1654 13899
6017 16151
835 17203
700 14801
597 832
8003 18956
6991 13316
1263 12776
9330 9686
12660 19943
20527 21407
17512 17641
12681 13966
19899 20133
9847 10598
2405 8025
14934 18626
15047 22900
12959 15612
2811 10848
259 21173
14048 15489
7554 14524
14349 19844
13645 21333
874 8360
2280 2343
12638 18569
5615 8375
11399 21801
489 19881
8895 10495
1783 19827
5943 9364
18918 21699
5160 22100
465 10806
290 16887
3653 17493
9268 20650
15761 18463
4903 12512
5830 8002
5603 6438
4795 5476
10928 18162
7517 13461
5785 9895
775 15978
1491 19124
12648 16275
7328 8497
12736 15006
4471 18875
9357 14752
18095 19804
13098 20546
9 13119
5296 18993
1198 10081
1542 7147
14827 16141
8923 19253
3724 8503
15640 18268
4222 4618
6231 6846
8185 20104
4888 14138
4295 10036
5615 12993
6082 11634
13291 21284
7721 9789
9694 14573
777 11417
2590 10914
7653 19427
2744 15350
12981 20364
13546 21044
19306 19754
12632 13070
7451 12933
4486 5518
14248 18876
9690 20646
1731 17591
3746 17719
85 17770
9594 13256
4520 4984
3262 17590
9923 17139
14482 19297
7562 17283
9814 16916
5987 14814
408 5093
18463 21792
2367 18134
5894 16484
14725 16944
12297 18358
1558 22768
15043 20560
2462 14326
646 12647
970 12661
1842 16684
7874 17938
1023 12014
12348 14627
8995 13645
9959 10161
768 9073
19323 22953
7533 19124
3725 16679
10285 10426
16296 20493
2932 4072
12289 15108
1041 10092
182 13764
12810 16131
10644 11708
2161 20503
10122 19926
1556 15205
258 15572
2795 8213
14784 21486
9965 12305
11847 12777
9461 16261
1410 11772
16616 17438
1635 11929
1410 13081
10649 12436
11648 22432
7595 13391
5149 16561
13031 15931
12663 18416
274 20920
203 8930
4785 18186
780 1884
4571 5360
3127 21491
6687 10660
4949 18615
275 15952
3271 12853
4484 7066
2307 7093
14383 21724
2460 11892
3127 5340
11362 22930
8982 20104
5880 19550
8234 22689
18155 20189
10558 11913
6803 17196
9799 15633
14185 21496
5312 6433
7079 21601
4316 7103
1620 18611
18161 21601
3848 14889
11485 19075
11639 16619
18846 22201
12485 20340
5443 8854
2776 10197
6094 20063
4890 18621
480 14668
7865 18182
8124 22574
4930 13598
13920 19769
7708 10359
7612 9169
15005 17411
19020 20869
5736 19502
889 14360
7001 14537
9789 22097
18992 21002
8765 14593
3702 3785
19424 20731
5419 18137
8791 17675
6296 12692
788 9584
7254 10286
2266 4726
9471 22504
2014 14076
18050 22026
3476 17051
18290 19427
1565 15037
14281 22955
7514 9694
1273 18944
4100 20137
7147 21766
7534 21294
21687 21919
1438 20564
10264 14996
20555 21407
5344 21807
11023 18820
4888 7286
11116 21420
3631 17196
4108 10667
1622 17763
17566 19550
11990 14573
1571 15690
14366 19306
3445 12371
12188 22315
1514 13774
6122 14893
813 2507
182 13120
11867 15691
3697 20700
19297 20827
12272 12884
4673 22405
8878 21481
4268 8849
3601 15155
19685 20063
9357 20042
2246 9069
4730 6004
3506 18624
2609 8717
6447 14081
6271 8795
2102 2775
8993 22926
4744 11905
194 2102
3754 21015
6394 7250
13525 20786
391 15942
8076 8867
14000 17433
2915 20807
2102 21951
10485 22344
494 1172
2507 5130
1177 6703
11636 16654
812 2975
9861 13341
2665 8382
5977 12464
15296 21215
8792 12112
8973 11642
6593 12002
5619 21579
6808 10894
5989 7709
3702 12389
1592 14110
17347 21443
16966 20479
6486 12276
289 9429
15745 22519
8205 13117
289 22520
2895 3009
5165 22451
3588 8878
3007 18048
6037 17550
2761 19339
10563 12583
5529 11439
3811 6604
6471 14980
268 2404
2170 2538
76 8315
14514 16728
4565 8142
289 9535
8001 9847
2883 16086
4723 17174
21938 23103
16978 18476
3454 12522
11573 17845
8612 18755
5220 16521
12632 14265
3248 17796
3709 22025
10301 18641
19170 22834
8027 10953
7271 17882
1309 15220
16140 23033
239 19465
5521 16766
14803 20215
15140 15232
18085 21957
5281 7657
16849 16863
2015 16195
1496 7027
8598 14275
8366 21147
11214 16728
1192 12114
1956 4243
1527 9487
8643 20314
9323 22422
804 9020
3457 8434
10647 21547
5804 13811
2760 10755
3094 15234
4359 19811
4708 18004
24 21059
18108 20542
3353 22990
329 21535
4745 22536
198 2570
4560 10136
1752 20455
17715 18445
11151 20650
457 4936
2618 19228
3610 5430
6010 10619
6297 14041
13311 20312
19914 20973
1233 21631
5109 6184
1079 12457
288 14681
2216 23075
11565 13407
7650 16345
16611 21407
2761 22373
13844 21640
8749 12255
9657 11732
11098 19283
5327 14226
17099 17635
13073 21479
6534 20688
6559 15216
13067 22651
5910 19600
14590 22354
17364 22574
9879 11948
7300 20928
5168 5666
14520 18411
1115 2902
7976 17343
5613 13316
19032 19873
19787 22078
2779 8863
220 8058
5150 18635
239 11687
15645 19010
1984 15211
3553 10928
1090 11648
14283 16655
5942 11581
11875 20130
8167 12029
19554 21386
823 22564
9025 10589
12803 15591
19676 22271
9240 16543
218 2869
14514 21021
19683 23101
6038 17872
5336 21738
14458 22799
10562 18786
10286 19459
3246 19525
8040 13243
11857 18984
2966 9538
7648 8544
11229 14207
2517 10776
5690 15212
11010 20207
8386 12014
3443 5044
18890 20872
1783 3207
8128 20889
4804 6433
16296 18848
7003 17123
8040 9694
8881 12578
15465 22619
14590 18007
8960 17885
1411 11832
21945 22815
13670 16484
9381 11903
3748 20934
13407 13446
4469 16991
1842 15786
3361 14568
2828 21554
5367 14978
2746 11919
4367 15997
537 11458
10385 17318
1963 10103
11499 18239
21503 21951
9899 18935
219 13956
10184 21164
1508 1969
3937 16666
13154 18378
8379 10366
10024 17321
290 1621
4566 15361
9508 17388
14019 19004
7626 23121
8178 8201
9413 9756
3897 12707
17858 19598
259 289
11525 20677
8795 11485
14135 22206
12091 13232
5136 17486
4782 7210
16196 20480
7263 14126
15625 22553
7287 17477
5085 19351
1747 16609
5775 9465
12126 12341
19032 19784
2714 12685
12165 21638
13583 21233
7151 9224
2459 17103
1917 20895
8795 9212
1769 2508
1567 18289
6743 20131
9693 11029
15108 17114
1800 20336
1412 1647
1113 3944
12212 13232
2722 22879
17991 19415
5465 18050
16403 17736
1263 3550
5982 14589
12362 20869
2706 16854
12902 21077
500 17846
12593 21997
4582 16611
3068 15593
3437 19831
3686 12348
2844 22203
15486 20021
13048 13449
5727 14708
7667 18085
1648 13715
321 5141
2345 14662
4234 15491
5487 9004
9059 16522
9857 17964
90 3078
1494 9344
13998 14472
17566 21783
5223 16185
10475 17241
288 12765
13245 19784
10565 21520
5684 21890
14207 18425
9319 10830
9144 15722
10917 17141
6257 19520
368 13002
2822 22666
1199 14707
2559 3140
11475 20639
2976 9560
9380 12905
11209 19808
6658 16934
9568 15468
4277 16827
825 6490
337 14716
6376 9190
5532 9532
13499 21409
3096 18091
11229 14283
16511 20829
1172 8714
5311 11644
13059 21272
7663 20314
7226 17049
3411 17630
11641 11652
7862 12397
2407 18443
996 10119
2565 13086
9099 14358
2599 2705
10631 21117
7513 17656
5619 13696
10730 18369
4890 19122
2266 16941
8955 16470
15095 15212
4194 17024
21325 22237
13784 18379
3899 22468
1154 19010
18476 22812
1798 9572
10277 13941
6223 11381
12559 16483
6163 8795
3484 23081
1718 20498
6230 20215
8201 9935
11917 21407
10885 17328
10066 12583
8496 11285
8981 18904
9345 18316
428 20677
19010 19282
11416 12315
1603 20631
10630 13232
18362 19403
2230 7534
9765 13084
3815 10380
4872 6769
8765 10385
16238 17165
1644 10877
4539 12755
572 9614
11266 19282
13569 18808
7359 20988
5344 15072
4928 12188
16045 17662
19906 22025
7510 11976
10661 13006
11814 15023
15098 19724
2793 11284
15443 15867
9398 21307
2896 10097
1762 4068
3897 7957
1222 13286
6705 9498
3451 12538
12436 13161
8691 14201
3004 15308
65 17182
8894 10732
1866 11508
5097 15278
7687 11788
1040 1788
