17016 17018
9008 26072
23818 26189
25042 25815
24001 25328
14310 19795
7702 26465
5071 29000
7347 26647
3586 24643
24550 24639
1873 11038
20061 23939
14608 19301
803 25463
13502 24284
7702 26882
22211 22213
25544 26199
29000 29049
3551 24072
593 1530
610 28271
8742 9402
4911 25853
1244 1286
11109 11286
16399 17189
23788 25287
6482 15785
11101 25473
487 14437
6729 28696
7122 28271
7485 25454
25373 25422
2599 2600
23818 26212
2456 2457
6230 27225
17280 26018
24125 25334
3462 4395
22610 23943
579 7501
462 4668
17156 28884
494 17156
16216 28086
1059 15410
12467 17853
911 19106
6399 7366
26007 26535
9084 28042
10119 27841
19540 24341
14979 14981
12550 12622
25328 29112
2566 13519
25051 28906
445 446
19465 24659
24994 27480
23818 26478
25585 26982
8082 16423
5397 24922
5044 29363
11445 12745
7485 27208
1050 5065
11298 26963
9279 24551
21781 21782
2612 4911
2672 7431
2059 26035
1405 23788
4074 5051
6705 8662
4618 13767
271 15553
6875 28867
4247 24605
25815 28386
3964 21359
19061 25897
14149 24932
25237 25391
4876 4879
242 814
3088 3838
13005 25022
29390 29406
16866 24910
4236 29137
1264 4064
19420 26053
19407 24646
10990 25675
781 2100
7298 23818
1412 24503
14332 28164
19439 25196
1003 28560
5208 17200
169 7096
737 25489
5154 15399
16190 16267
17970 17972
19407 27948
23788 25146
23818 26573
13388 16220
1265 27469
25033 25044
24594 29363
4269 27304
25339 28843
21505 21510
27043 29454
15685 25022
19513 26059
27838 28384
3747 3763
27805 28194
14 470
15556 18221
16421 16516
540 892
6795 29593
3160 28602
19 19505
26335 27212
4337 11301
24479 24571
89 24797
3838 25815
6719 26007
2661 24947
13060 24410
24511 25526
17100 19205
3232 26493
4721 26493
8359 27192
15298 25493
2842 23810
12557 22273
10171 26582
404 24299
3926 10441
25022 27974
7858 24996
987 26303
1319 1680
23933 24531
12148 24983
4897 25815
23185 23193
26100 26919
8034 29058
4393 25605
24241 29117
5848 16399
5282 27648
24111 24354
26726 27842
2612 5713
9991 24886
23801 26367
424 4247
10324 25558
5880 24279
18018 25029
324 24924
1264 3677
24365 25810
8511 10254
8211 26803
15399 17610
19550 25196
14451 19642
18191 27841
2068 24508
13520 22273
17588 19485
1355 8162
6116 28445
11138 25473
9223 26803
1061 19580
24703 28200
6967 25707
11154 25422
14819 25751
9221 29040
8216 28714
8359 27512
1877 23968
10232 26035
9964 27841
27303 27810
11869 27055
17150 17151
24486 28504
9269 10503
19515 25196
7154 18471
1923 27390
2979 24572
553 10756
17178 27152
19380 25196
4328 4330
15238 29117
24913 26337
5335 6275
1264 4004
9903 25375
25775 29214
24111 24638
6393 20956
8072 17089
1253 7652
24879 26976
1536 27411
1873 18611
8603 11470
4789 24869
6705 8710
17721 17723
609 4874
28656 29499
13169 24836
9006 24887
4269 24341
24858 25471
450 28518
1041 25279
7993 14286
16644 16645
12771 12775
3123 28822
27012 27093
1275 11765
18169 24791
4798 25815
529 12390
15163 26955
9961 20061
15572 26533
1422 15332
1522 1767
28103 28104
123 124
3243 27198
15975 15999
9084 15097
15070 15073
470 26334
8766 9400
13230 16016
7490 10244
1487 24536
16562 29047
23818 28238
22342 22423
11418 25948
6764 24703
7247 28148
14254 26081
6276 15399
10849 22273
2278 15730
1019 29009
20968 20970
24712 25009
3431 7755
3820 25296
951 6482
5806 25659
7488 24815
3087 7748
941 3271
24256 26094
25434 27080
2412 27015
13711 15008
25645 26144
4863 24550
4212 13959
7195 24538
22708 29179
13170 24221
24121 24662
24934 28256
29492 29493
24471 28065
2377 28565
9569 10825
7546 26987
15616 15617
23818 26201
3743 18175
3990 9315
317 24299
25815 27975
25910 26077
425 27390
26803 27073
18303 28897
24201 24989
6064 10472
28784 29331
16446 16501
10802 11367
16216 28028
25373 26936
10678 25302
242 25044
26001 26275
4672 28763
27742 28837
1224 25348
26939 28803
1296 13617
7240 18417
7530 9995
10967 26275
12326 16399
515 25000
289 27005
24151 27441
21524 29236
25550 27001
12868 12869
26606 28539
1815 24573
11202 29414
3028 7610
8359 27487
26739 26822
11038 12872
26737 28882
1412 29169
6873 24151
10687 24259
13952 27571
28279 28281
25109 29100
7401 29008
25398 25404
6318 20944
27724 27733
20988 26254
8921 28260
1401 9177
28771 29324
4715 24635
11171 11173
2191 23987
6535 24659
19407 24466
165 11673
6106 7066
4384 4527
257 4562
3532 24169
25430 25483
11532 25034
12581 25225
11365 11866
2613 25305
24318 26493
24286 24287
242 7232
806 3291
12861 14111
5967 13253
23799 24897
24282 25236
25339 25881
25853 26261
19806 23950
7552 15741
23279 23282
3536 14111
705 29058
19371 19559
2942 27648
160 3551
12066 24745
530 12756
242 7324
11770 26987
3160 6570
7141 29341
7890 14031
396 26220
10182 26035
24279 24281
24703 28619
4007 25563
7141 9223
14467 26328
9481 24605
25016 27220
5404 5406
470 26382
7347 9348
2693 24670
169 4395
24769 27271
8205 8359
24170 24685
22819 28734
11682 14535
581 28194
25336 25815
1264 3791
1933 15574
27563 28271
3820 24256
24957 27344
10641 24899
24170 24913
3160 26184
24727 27975
26737 28648
17974 28691
6484 15298
8532 11302
18258 26934
3271 4514
25758 27648
3127 29232
19464 25196
226 27592
20061 27139
10016 16168
6985 10983
2191 4145
3285 27390
7154 18485
2100 27750
1973 8021
24703 29363
2186 24692
1777 14535
25815 27736
15258 24039
11730 20429
11190 26731
1086 1242
12624 22191
18484 27692
27441 29169
628 3521
2264 24703
609 27919
456 6705
4784 26035
20927 28564
24672 24673
9960 20061
27544 27643
28639 28822
5603 29653
5359 5409
4381 25605
24837 24946
720 8994
20803 20809
7652 24500
1530 29263
20461 25790
25735 28271
28025 28102
11261 25429
5280 5306
1275 11852
27011 28009
1169 16125
5913 20506
26264 27211
242 28909
7892 9510
4327 4821
16691 24703
6417 26007
20734 20752
28930 29117
11855 27080
17421 29099
25585 27055
1059 15487
16933 18515
399 28518
6545 6546
19631 25585
655 29179
7174 26726
19447 29413
628 23897
13820 21254
11871 28974
1412 25022
11141 24625
9189 28740
778 22696
28318 28723
24862 27124
14373 19638
15140 15143
11577 11580
1007 27610
23894 24143
8969 8983
3508 9874
14622 14734
24990 26809
24703 26029
7066 8194
3551 21636
242 7421
25471 25474
3160 12375
7131 25483
18412 24291
7359 26113
9618 19447
24523 27940
10328 11356
3784 7429
5637 5639
24957 27451
19039 24314
23897 23995
14119 17200
11500 11511
26154 27443
21043 21045
27992 28966
3268 11495
5878 27409
18508 29647
15316 22960
7195 10614
13981 13986
4136 14958
21096 21099
24508 27538
25067 28909
4800 24540
1269 26053
5768 17753
25433 29436
8359 28734
7154 11535
5100 10662
13765 13766
26376 27360
720 26962
13721 24488
1815 2412
24263 26914
9315 22273
10824 14171
7195 25434
25137 25296
3951 29617
3999 25698
5541 25422
24913 25735
14987 29783
759 761
864 7662
15131 23147
24869 28002
27202 27269
25667 28464
1098 28417
9136 28146
315 28518
4360 12866
13010 13109
3474 25004
20346 20357
19452 25196
4701 26844
1343 20953
1021 29047
7671 29448
5069 29363
2412 27023
15030 18400
19485 24169
17388 26110
16939 24184
21929 25178
4558 24326
14667 26383
271 29132
15298 27831
5266 5268
8359 27339
7298 28634
8975 28075
102 26925
54 55
24888 27019
6479 9590
3344 27940
10879 24897
25328 29097
9623 14481
17410 26803
1715 24791
25328 29164
23818 24815
5072 15287
19582 24267
774 20042
24703 26617
1587 22314
19597 25196
7937 24314
20237 23419
24256 26832
4098 24301
1319 26990
25137 28065
242 28207
642 24332
3897 15532
677 28333
24743 27903
24898 25715
7644 8194
5774 17776
25563 28129
6318 9510
12661 28043
1971 24913
9182 28211
19542 23967
1925 3951
23581 23586
242 7353
14482 26430
1146 1521
19611 25196
6883 24716
2661 19539
4596 15815
848 2440
11709 25177
10161 21675
13519 25797
22542 22543
9268 24732
14494 26264
9124 23571
10472 27285
5516 27648
8641 8755
4460 15174
7843 26354
19386 25196
17866 28017
14680 15218
2165 26426
5884 29660
14417 26277
13507 13510
656 25967
28376 29559
25971 25972
27031 28347
4917 12745
3540 4862
25719 27688
5806 25815
8920 26991
8868 13543
12999 13017
17355 29325
24531 27390
18367 24250
10153 26035
20050 25667
25209 25639
4969 29363
9605 9606
7608 29596
6399 15785
27354 28843
24129 24802
11555 29063
584 24639
3106 28612
5901 6575
2414 13170
24201 24997
2825 11242
2788 25213
271 6304
12196 24879
1646 3277
717 29058
5080 29363
1874 3951
737 27001
17683 17686
20106 20107
16364 20872
24725 25189
459 997
15541 27087
20447 20448
2661 24345
18517 25188
7287 15510
3271 5218
19425 25196
529 1079
3739 21337
14412 24064
428 17610
12732 12733
234 15298
2111 26589
9874 25497
24888 28031
2111 27759
498 12531
6204 14160
13519 19094
262 28076
25804 26377
21358 21359
9383 27842
0 1
12148 24972
17962 25188
19183 26841
25742 27254
1264 25459
8045 24195
1733 26548
27066 27134
9281 11173
449 4098
10651 28260
2033 25772
19604 20605
19427 25196
18400 24091
4741 4790
4329 4336
23799 25409
23818 26113
27628 28271
14527 28405
17674 29135
3493 29042
1213 22273
242 7321
25210 28825
14112 14365
12374 14111
2566 5954
755 25056
28605 29008
24924 27125
1933 15752
9624 16792
9664 24579
4192 24622
22681 22806
780 2191
23141 23142
1646 6621
1411 10844
24903 25591
12806 29724
2942 5200
12734 24963
17004 27874
9874 25146
1334 19183
24332 26174
1401 27582
24424 25422
1007 27621
1617 19940
5709 17200
3541 13094
10070 27956
10108 22646
14527 22490
11564 19587
986 10824
1070 25841
15212 15213
19517 24077
2399 24703
5699 5704
2486 24638
1242 24957
1691 4960
26120 28329
14527 27748
530 1992
13849 19884
13898 25494
8066 25768
9236 12959
309 312
16141 19665
23777 23780
24611 24618
5734 24094
16302 16303
8342 9399
2966 24799
4445 25769
24418 25667
21826 21829
13977 13978
10553 25460
529 26647
10830 26841
377 23818
2843 23276
10033 10034
2970 24354
2433 26301
1752 24111
5870 18611
10035 25596
1287 5613
15287 25239
10014 19061
24341 24943
20734 20778
24601 25340
2336 26595
6015 7822
7405 26434
26183 26877
26020 26606
25639 26903
25395 27139
3637 4835
25156 25538
2920 16015
11544 28522
9961 17280
6729 27144
504 6983
28525 29217
18655 25853
24743 28030
22620 22621
11365 11927
1 24191
847 22273
774 10988
23847 27131
14715 22624
8511 28844
610 24662
3837 7171
877 28065
4280 24521
16421 16514
12086 20061
7858 24929
14111 29352
14111 29534
372 6233
9366 23961
5072 15921
18247 29617
3528 12938
1398 28930
585 23968
2249 24703
24913 25672
1454 15828
14346 14349
5353 24250
21232 23810
16474 16502
23818 26311
15560 15564
11351 14726
9315 26510
15304 21141
824 1070
4076 29363
2484 7741
28282 28867
1098 1563
9718 25558
8193 24391
947 3916
29254 29255
4311 24086
12372 17111
24809 24840
9963 25593
668 27361
1224 17123
2220 13170
18951 26606
27597 27598
25312 27799
7037 11229
15140 15151
18581 28909
6591 6602
11418 24670
12779 12780
19260 24343
540 2094
25618 28366
10018 17776
5205 23348
242 1563
3551 19410
25422 26018
14124 20116
8819 28042
16099 16105
20138 28164
25667 29119
922 18677
11334 27168
844 2486
29065 29085
14666 25751
26232 26233
13291 28318
17123 24818
824 1326
8148 16441
1509 26018
15313 20605
4036 24094
14437 19139
8187 24976
5253 27386
14018 17211
17291 23915
8164 29267
26341 26408
755 1992
1733 16655
3115 3197
10365 19576
25328 29200
4723 28386
24810 25312
616 19349
12319 24180
529 26684
11255 28052
10968 14863
19600 25196
6493 26337
27149 27150
8359 15432
25198 25836
6080 24406
29236 29259
11342 28164
9961 24875
271 26127
23943 24075
24613 24665
3001 8741
16960 25037
10254 27159
23848 24127
20193 27134
25473 26197
16426 16427
19410 25647
3232 25634
2142 13230
836 29179
2814 25859
10853 26564
2773 27616
19441 25196
17953 26597
1264 3715
7682 7690
2661 24341
8717 8739
10519 28260
922 4683
2931 2942
21201 26441
2595 2613
15041 18775
321 19527
6575 24304
3160 4976
9279 27373
23798 25403
2412 27033
14622 14736
271 7359
25667 25881
19622 25196
7914 29580
14192 28470
26328 27991
20282 20284
16915 20135
7401 24174
2601 12636
2138 27071
825 12938
5882 14310
4669 9533
11673 29601
317 26254
10717 29014
24521 27011
28771 29319
9939 9940
4258 28200
10438 28912
2896 4243
26335 27231
22490 27997
25601 26908
1491 23798
6265 15298
10717 27479
22273 26119
169 8162
6210 11074
3837 25861
7103 18619
20497 25179
8036 25739
3025 8563
19551 19652
19609 25196
7608 27729
8024 28867
8359 14006
6621 29234
727 25056
3227 6705
4010 13746
26220 26744
14622 25984
3285 24847
18962 19315
7091 27573
6819 24701
10330 25415
15946 27408
13008 13018
10245 25382
24641 26493
24617 29137
1617 25373
12617 22273
4269 24086
242 1201
763 24410
21287 27648
2867 24410
387 28680
3179 27648
3232 6367
3278 25213
799 23904
25534 29179
23788 27633
25685 28071
1401 3680
1569 5165
10503 24877
9993 26908
28636 28716
2055 26367
4336 27145
18285 18286
9708 9727
5896 19906
4218 4219
9718 10888
25196 26073
9077 13090
16399 24301
2373 25935
21151 29450
25276 25492
7804 29058
3160 8205
727 27288
16654 16657
2661 5347
1334 26657
9493 17200
8216 26519
15085 29049
2047 25948
20126 20128
1646 24936
1696 1751
14790 14871
648 9874
24869 28838
7141 20072
19394 24256
8246 8498
1227 27175
2100 7347
1172 26493
11292 19410
648 26519
20354 20355
4981 10387
11980 12148
8932 25038
4443 26838
28131 28141
26035 27742
15314 20605
3893 3895
5001 27648
23859 26534
10917 23894
3064 10642
24119 29193
4126 24912
12551 22273
22211 22214
14974 15398
7979 13094
4193 17336
24318 25802
2661 24431
498 499
13979 13984
4862 28776
8359 17588
9874 25468
9186 15365
11721 20061
2188 29363
10852 14212
13959 29022
20454 25179
15055 25166
8383 27956
4727 29247
14708 15055
3784 25951
27264 27531
9229 26720
28843 28867
197 9510
17145 26903
26035 28098
5150 27215
2426 24703
13790 23818
25033 27189
10911 18875
822 9223
755 26493
17459 17460
3160 26148
6835 27567
10794 27199
12302 16399
9136 10486
28210 29015
8066 19624
11290 25509
2316 24214
9967 11825
5041 29363
22819 28740
9251 24611
3160 11227
3150 3792
11445 24401
12745 25022
412 7320
5894 20682
5812 6085
2095 24997
27564 27636
242 1777
1319 19485
25154 29368
5930 14987
2078 29100
21262 21263
2221 24250
27383 28876
222 24573
23818 23915
19576 25815
15049 15408
26473 28401
25473 26218
5024 24745
3001 26726
3816 29058
479 26183
970 1264
8085 15532
9590 28688
15061 29543
2837 19401
6830 15085
18873 27841
24903 28026
13936 22490
3641 24681
3616 15298
1074 26493
2484 7791
26931 28554
10070 16960
456 18335
12905 13661
14644 19588
242 4316
13519 25758
8304 14256
2342 4089
28592 28785
2409 25188
15580 15582
6666 24703
5644 26283
15521 27430
2680 29193
10999 27750
20286 20296
3521 3522
1617 8359
2396 25188
25328 26275
14124 25887
3271 9450
456 18258
24703 25908
23857 23858
12148 25002
10999 25608
3002 29316
20518 24824
24130 24656
242 26591
1903 26193
22730 22736
1629 15785
5880 24822
6218 26823
12994 24169
14379 19607
4007 4539
7453 24703
4336 20481
15707 25697
4800 29063
1946 21201
5313 10824
5665 26470
396 24662
15993 28146
12604 28816
3764 28002
29759 29779
5930 21508
24936 25672
25605 27796
384 1326
242 1015
11372 27553
1146 26269
4462 27648
14565 14788
3243 4539
24151 28867
24703 24946
28865 29217
14666 26113
19315 25473
5941 5942
24879 25451
3744 26838
7748 23961
3551 23309
26359 27668
1767 19293
22184 22186
2630 2632
24482 26439
25044 26431
14862 24399
23961 24121
14853 22993
11154 29216
21725 23991
22933 22936
19205 24550
19447 26045
4369 29218
27907 28674
28586 29008
594 26465
11694 24162
16128 16130
19603 25196
7186 7206
7227 24692
6108 25948
22233 22281
5820 6087
8055 10501
24130 24653
19448 25196
4302 10933
7154 18482
3794 25229
4721 10089
5881 5885
5896 14355
3018 12780
24654 24819
11365 28032
7660 9262
8066 14482
26289 28518
4888 6367
933 10975
12058 27841
780 15410
24550 24624
6705 18158
27005 27105
2612 26018
6698 17200
8152 29267
24249 28661
25715 26903
24594 26701
10292 25719
2245 29454
3475 24521
2931 11488
25053 25377
10325 17280
9548 28897
6050 6110
4674 4675
4862 14798
24877 25559
23862 25614
2566 25667
7298 29169
22564 22565
1296 7998
24924 27371
26113 27208
24164 26424
24226 28035
19979 19980
24821 27390
4956 27751
4203 12806
3028 9474
11654 11655
10503 11866
3001 26599
2100 24659
25977 27544
27670 28087
27156 29179
1782 11568
25238 25396
4981 5150
6457 6620
6723 28667
23798 29116
4094 26726
13790 23864
13739 27777
20237 23913
26947 28129
14037 14047
17955 25232
25296 26035
614 22273
14493 23797
7353 27337
7702 12467
24924 25405
14038 14045
28631 28661
128 26925
16675 29045
19477 24256
24009 26980
9946 29359
616 28273
17866 27189
14417 15230
1992 29058
449 6399
2277 24332
15925 17489
6736 15298
13482 21754
20278 20282
319 27511
2035 26531
23365 23369
25110 28822
22723 22725
19511 19514
18340 18341
23862 24703
9695 21151
9510 12448
24108 26482
11952 26962
2613 2614
24875 27134
19536 25196
2661 15708
11558 12127
656 24298
13519 26283
25989 26086
4874 24610
27365 29342
24332 26007
6520 15298
19315 23906
7386 7389
21947 29738
23750 23751
6206 24246
1275 11236
15482 21669
26642 29073
965 3983
16831 28785
10037 25920
1833 7488
20856 28559
23788 27599
4727 29148
1059 15708
3582 28425
4323 4341
1856 27648
1380 2100
4512 25605
28018 28930
404 5551
23788 27551
19566 25196
12391 24934
7144 27566
6399 24969
8595 29172
5024 23847
17178 27407
242 14973
1688 17377
1059 24148
7112 21287
13994 26668
22273 26563
4102 23660
26526 28923
18367 18412
14963 20707
1967 18912
3735 4981
19884 23752
11488 16091
16096 16799
16903 29032
21 24865
12866 12915
242 10070
5076 5079
12756 13026
14309 26381
4330 26564
26081 29751
218 497
2546 5952
4981 28249
15549 27066
610 5316
25022 27532
1242 24161
15239 19447
4269 29363
23961 28860
3551 13734
7671 29267
529 1618
27231 27232
10870 17280
13928 25667
12126 17344
27596 27639
15298 27841
21221 26659
14494 26367
25854 28973
2277 27773
3414 24836
13647 24237
6108 26429
24877 25549
15241 25186
17439 17445
24066 25647
19479 25033
986 24337
1726 1757
20313 26606
20603 20606
1856 2237
7545 24899
4862 27159
6729 8473
3523 13083
15732 15836
8773 8792
24256 25991
4862 13790
2207 7384
19624 27288
24791 25253
3590 27043
3382 18247
15774 27184
5335 6730
25210 28767
5654 7189
14210 25821
11753 24540
2459 16030
449 6173
470 29740
4981 28386
19638 21343
13904 24147
5072 9321
27913 27922
24852 29267
2046 25339
4318 27751
19988 19990
1920 3951
16015 24332
17874 17875
16203 28867
15349 26485
748 24267
1983 26387
958 13005
2005 27670
5887 27409
3762 5455
9007 28038
25409 25540
892 1393
16834 28018
14149 14633
13261 26564
13888 25399
1401 7983
19 7647
2942 24218
1502 25793
10825 23757
17004 24531
1760 3160
99 1422
2920 3784
12278 19958
24703 28618
10764 20518
874 27983
7264 7370
24869 28637
10126 26035
25393 25735
268 11073
404 19624
6679 26925
923 2089
634 13169
8473 28776
26679 29364
24946 28530
7861 11202
23814 24337
731 27191
1393 6890
4629 24821
4516 6410
14380 19607
25735 27498
755 15487
25499 25500
8066 17909
20009 20010
4727 24640
8674 8780
8130 28740
15365 24078
540 580
14693 14880
3431 8359
25033 25077
19537 25196
5242 24605
25928 27390
38 22371
24731 24895
25909 27400
1477 22273
6281 26343
13519 28784
19152 19153
28254 28275
21724 24365
4911 24809
3114 28822
959 28832
1766 24111
11418 26091
29239 29269
1070 6746
17314 28518
1371 4511
2412 12231
14332 26275
19492 25196
19360 19540
26862 28271
949 19349
23818 26422
24836 27335
27499 29617
15498 28202
10101 27211
3766 3856
4072 18547
1138 5776
707 26564
22355 24775
10438 18102
5199 5200
3551 20660
6367 28077
7702 28318
1618 6019
648 27254
27648 28776
12359 16344
3551 21148
18300 18301
1191 24599
8814 28042
743 28271
19061 19293
8559 8565
5770 20793
19349 24256
1059 4939
11418 17313
13952 22328
618 29179
17004 25373
24936 27156
2835 29337
24159 26585
145 27191
3932 26207
4171 26035
12148 28838
10993 10994
3281 11038
5238 7037
24703 25850
20039 20040
5235 5251
25432 27204
17065 17066
4328 7195
727 24130
14403 14411
4332 11250
2721 26832
20944 25018
8968 12842
9403 9404
25005 25009
12090 14622
28771 29279
7546 23847
11549 27147
2123 27368
5781 25821
3603 24121
4098 7485
14247 28588
8153 8546
10275 25719
7056 7057
19259 19262
13483 13485
623 8250
242 26172
7665 7666
14002 18239
20108 20111
10087 24881
8359 9394
7195 10580
6849 24151
1632 24397
27215 27326
23818 26195
19183 25967
15212 20193
3551 24071
26114 28373
23829 29636
8091 29402
5288 5590
2847 28173
24659 28518
25393 26404
28838 28989
7019 27622
14387 24897
3028 24276
27490 28879
3012 25103
9961 10341
4882 24639
25634 26877
599 2666
1822 24502
1334 1563
542 24913
5734 6716
4 14970
24924 25783
14334 14337
13057 28048
4774 25815
9874 24517
18508 27117
25672 25894
3 25572
24887 28066
2277 27159
1144 27390
24130 24550
1532 16160
6542 15298
1498 13061
7485 23788
3551 23636
15808 16006
8026 16077
731 2405
15140 15159
3551 23982
6575 14655
978 25342
8369 25768
8131 16603
720 10074
2661 16053
242 24472
15453 19293
155 7508
14655 17004
2047 26473
616 6456
516 527
20673 20674
4786 25815
1580 28844
14041 14067
25011 25033
24365 26035
26213 28844
540 28445
7329 29600
24320 24747
2920 5726
3160 26536
4922 10988
2746 13739
10123 26035
449 15336
3588 3589
8945 26564
7804 29267
6705 8709
1267 16476
27055 27077
25106 29589
14018 14112
771 2245
4821 11819
2133 26408
18654 28229
3099 23273
7141 8578
5880 16902
9391 24429
1933 26426
3523 3535
4898 26035
1840 29169
687 12503
25558 27064
6472 28644
17610 25838
19624 28771
28038 28260
23943 26615
15925 17482
29039 29352
7890 14052
4905 26001
7998 24197
24486 24680
7858 25854
2643 23943
16485 25194
24615 27956
3160 17643
23694 23695
2835 24082
6828 26502
3551 19172
13746 20105
9994 25570
3838 24669
1153 23987
28838 29137
28702 29377
4993 29454
8359 27335
25708 26564
10078 24550
13727 25977
6397 10758
2267 21201
10985 26275
21021 25909
11545 11627
6575 24354
12034 23301
4316 14309
7548 7772
412 17410
609 29454
2921 13632
14591 19303
2672 25645
24791 29023
2653 24924
14566 14790
11674 24900
8868 13523
26541 28735
4178 19760
25685 27028
1974 24913
23630 23633
73 81
27603 27624
7703 9625
986 24249
5880 11464
15174 24684
24657 27439
12585 18795
5770 19540
7812 8320
7065 29058
24919 24923
4737 26404
1380 1715
29244 29303
25376 25429
14214 14215
26035 26777
24644 26403
13060 28200
1568 7195
2452 25188
20763 20802
2942 27639
8062 29437
2779 24214
6739 17909
4826 26072
1264 3799
12467 18169
6883 27645
733 9203
24843 27461
7956 8236
11481 28173
8359 27207
8385 27443
2025 24847
89 8769
23788 27660
3649 3653
19567 23474
2612 25056
20061 27064
4991 29363
25715 27073
24595 29000
22834 22835
14192 19381
2826 25610
2695 3916
428 2133
23887 26264
1296 24561
19576 27335
1972 21151
8216 24508
10001 20061
2459 21201
12762 16399
8832 28042
1412 8216
25231 25373
10824 27648
24670 25053
7552 16655
13990 13993
1887 24677
14015 14030
794 13920
25451 25488
14428 19393
25468 25608
1242 2612
387 26224
18097 18098
2613 24021
20215 24814
8040 29058
6331 6367
10988 10989
22273 26461
3551 29527
18388 27550
13661 13779
24818 27215
8213 8214
2833 11536
7650 24802
17004 27834
19315 27231
6027 28561
2591 16655
9273 29406
404 1933
26962 28080
3888 24117
3560 24169
1191 24151
2639 24815
8194 12058
28784 29337
1264 3721
24080 25909
243 29181
6659 29617
1253 2005
3422 5065
504 1269
10245 26035
2338 24703
24599 28810
25614 25658
28255 29039
932 942
10450 10494
3551 22599
1940 18158
25768 28626
25910 28989
1466 27588
346 15707
169 25088
3991 24226
23081 23799
508 510
3267 11495
26035 26314
25877 26916
18344 18383
301 25909
986 24271
1583 1586
15399 18039
5910 25166
2277 4203
4767 25815
7408 25775
24302 24314
2372 25188
5367 20269
7724 7792
2328 28930
738 21878
18654 28202
242 17004
9445 13186
23818 26145
2612 6408
23894 27323
5622 23797
428 26301
6705 26941
17455 27355
26207 28771
28332 28981
496 24550
1536 7647
13169 15299
3772 19540
10001 11353
7596 24946
23818 26302
680 24605
1146 24130
26697 29364
24406 28503
439 20518
5072 9304
10505 12058
5205 23347
12999 13011
1862 23968
19479 24256
17388 28685
2148 29267
14141 14150
1944 24595
3026 21386
1842 29169
1715 24332
14862 23933
25365 25388
19415 25196
24743 25056
9263 27080
15499 15501
234 2100
6916 7843
2457 21201
2627 2921
9774 9776
24989 29216
19520 25196
8359 24671
24400 29179
13060 20837
6062 10472
25146 25680
21170 25230
25207 25420
1433 2061
20204 26404
3160 17145
1603 15532
7530 24311
997 26370
28784 29343
15225 15226
29543 29592
24775 26984
4203 27871
13734 25625
19624 25077
28744 29008
1446 7195
15219 22273
15914 17453
242 7340
5675 27679
1933 28784
27192 27880
7910 28237
27573 27602
28376 29504
5661 14123
1428 25037
1422 15030
2612 25473
8761 10136
12938 24465
218 6953
9590 15774
4381 21877
4730 25196
13986 16134
5693 15298
835 16115
4624 17388
6191 28703
4721 13659
2715 21736
12390 18575
2650 24924
25585 27001
27160 27254
24159 26318
926 2827
6488 17545
7508 7855
19315 28401
5285 5598
19720 21202
7772 9263
688 15532
3127 9608
14862 17866
2674 27828
9982 10879
7112 25212
1264 4032
2100 24111
11294 26901
2942 25775
14387 27067
3227 8731
11593 25443
25425 25428
14310 23858
10824 25929
1903 5238
342 13952
9807 15174
1422 12624
1264 4012
7181 28271
656 3271
12390 18236
18654 29132
9993 25601
13826 25399
2714 26929
10058 24836
520 15130
15298 28929
25373 27471
14666 29342
3951 28846
5208 15398
16655 26519
4332 4333
3211 24975
8761 10396
8216 26726
6173 6205
27596 27597
4113 17366
8219 28964
688 28626
2219 24874
3814 29038
7103 29375
3013 8700
17753 26018
20734 20768
3837 25855
553 2056
11558 24900
13230 27991
10656 20722
24663 26212
901 5864
26606 28491
3551 23931
14417 15298
5197 24091
688 1276
8641 8654
2409 24703
12688 28194
25472 27443
5528 25409
24703 27021
11173 25585
6066 10036
4105 29438
26044 29218
2367 18247
4919 26564
25055 27069
27036 27066
9879 15365
1264 7022
19584 25196
3634 26007
3990 27188
10460 27692
145 5693
18654 28160
5361 5391
20726 24591
24877 25511
7347 16655
24745 24875
3402 15141
24567 28652
3820 7474
20517 25179
780 7998
3551 23114
3865 21263
317 599
6830 29377
16399 29082
14494 20518
814 28042
6575 24352
901 27842
12664 12666
13060 13253
766 26343
2920 24437
7702 27949
28357 28359
1832 25077
4269 24480
23897 27841
21240 21252
22409 22410
14310 14429
5585 14162
487 5880
24094 27386
6578 15298
21987 21988
25177 25399
26986 27084
5369 5462
10500 27880
19587 29058
28723 29179
14428 27975
3318 27354
3635 5207
6764 20061
4924 17355
1618 8359
25769 28087
146 29033
26053 26104
27412 27413
7889 24335
2600 27542
15030 26488
19564 25196
9136 17004
6551 15298
4835 4872
26376 27221
20313 28468
1191 24325
24328 24820
8305 25913
21542 29236
317 26438
377 26007
8373 25194
7151 24628
6790 15398
6303 6771
15576 23942
2621 2622
242 8359
24638 27903
152 24293
933 24959
13254 16960
8817 28320
3362 24692
18237 22712
2121 25015
8136 28837
3551 27390
7195 14387
8520 24508
8860 16382
26391 26392
24994 27114
1264 4031
1847 26069
226 26056
11418 26813
18918 25000
2909 4727
19449 19451
24256 25751
25033 26439
25891 26007
7467 15230
354 1242
24112 25836
22387 27016
8154 29117
3221 28665
2123 11411
19349 24605
19556 19582
628 24987
7141 8136
4083 28260
20386 20387
412 494
18851 18857
20182 25454
25418 25558
3144 4328
97 14484
10077 24550
11416 28905
13326 15985
7702 27739
5124 25077
2812 3002
2205 27991
8216 26413
17975 24957
1367 6321
1412 25056
7694 17588
24639 24743
17004 28524
16756 16758
4636 4637
463 26493
25507 26967
9021 24887
804 5871
17089 19505
3271 7508
4082 24669
6705 8668
15163 24802
23897 26493
2757 24126
26606 28860
15298 26528
10505 14180
7511 27107
26262 27517
4666 21201
29627 29628
9269 11558
242 26544
24703 28981
11566 11570
4203 8007
10825 27446
17724 17725
12528 25713
1777 25481
9780 15174
4339 4341
19442 23818
616 25772
10070 26144
19438 27243
5142 26199
10070 26113
10810 26507
26619 27831
368 26064
25015 27769
5072 9364
24763 24764
3002 24419
9196 29406
28148 28901
3522 7812
16960 19194
24977 28253
14016 14073
16473 25194
6729 27288
25334 25335
8826 28042
8823 28042
10959 14437
16209 28867
4098 24356
14845 14847
28854 28855
2920 21287
23050 29535
3820 25443
28332 29019
3783 19106
2020 26864
4826 19572
19366 26081
531 3883
10117 10121
14428 17753
16343 16344
3459 7103
13513 13515
26232 26545
10717 19407
9874 25601
23818 24332
10080 24550
1059 29604
14309 22273
24745 24877
18169 24319
10280 25719
24594 25894
1433 15276
7960 28570
10770 27508
23859 29764
1424 15398
24196 25077
1983 26218
540 1983
13662 26397
15464 23518
11850 26996
25815 25948
26090 27071
27231 27234
1411 29717
22721 22724
24094 28843
922 1574
17004 19502
616 28267
4558 25605
17866 26493
6149 27390
7748 28867
19402 25196
5774 7347
7506 7510
8787 27693
1264 3829
13274 29263
25373 27759
9720 26488
9147 24484
6047 28901
3783 25772
19883 28968
7024 28271
24609 28002
2612 24256
16198 28237
4773 25815
4835 28194
3160 28803
7317 7318
17231 25373
26328 27781
26266 26267
5560 10937
3012 28065
8359 27370
11445 24581
17776 29087
5455 25544
11048 23943
428 28852
5792 16898
16399 24549
21544 29236
20598 20600
3160 15707
24497 29344
2412 27083
19447 20401
4960 27693
1428 28282
3160 23933
743 2100
24550 24683
7892 29454
1001 10844
23847 26564
3662 13757
11822 25450
5764 27975
24948 29137
19958 25756
3532 7858
8761 10654
25564 26275
4437 25605
14018 29336
18553 25188
28799 29207
19928 29653
5702 17866
25953 27777
28253 28843
3414 26144
17588 25056
24398 28901
2885 24326
8359 24648
9089 9090
27443 28702
19516 25196
780 1355
6357 18221
26534 29179
24153 29132
16448 25194
504 25137
354 19410
6184 27390
1380 27842
8359 25848
2379 24703
2806 16490
29331 29355
5115 29642
28616 29008
396 621
1076 27390
3631 4862
4874 14851
22388 22389
7141 8613
3345 19315
860 938
9269 10879
14877 15288
8116 16424
24738 25432
1715 28685
25690 26787
4800 11868
1412 4954
17041 24410
4833 25815
2616 24924
9546 28282
6526 15298
2979 24256
24924 25727
845 27071
10217 26035
4883 27648
529 4104
4098 6058
5880 29222
449 875
1992 24632
1884 10808
26007 26095
19189 19190
9196 29276
5129 15298
5304 5582
16216 28036
25735 26035
4849 11018
987 2093
4693 26333
26992 28071
19573 25196
456 1976
25067 29363
19646 23869
24340 28635
6367 10785
20536 20537
26056 28685
24256 25921
22196 24061
641 12938
582 26025
6563 22517
5582 27648
24094 24957
6838 7171
1059 7592
1355 24505
15406 15407
1923 10382
10923 26326
3128 25312
1316 2186
14428 23943
5095 25982
14482 25033
4192 6645
17004 27693
2484 7776
15300 15301
24780 28776
10893 25676
24217 24695
27884 28155
12231 28530
6367 26982
22097 23917
2028 26179
12113 19447
599 1633
2484 24474
20996 20997
17033 17045
4459 12906
24869 25454
12583 22273
7968 25667
3551 19387
6059 10472
9590 27288
4654 12924
24681 27543
3128 5969
24550 26385
8670 8915
9481 24497
6958 6959
25318 27241
1903 6279
5455 27699
17753 27841
805 19540
20027 23810
24753 25742
15141 15365
1079 4892
4269 25405
865 874
5362 5417
6069 10472
17866 27317
11001 26275
6358 18655
3083 7518
13180 24677
6882 9944
5316 27325
3739 21335
7171 28632
20962 20964
14309 15398
19468 25196
1632 18101
12558 24509
5880 6679
20944 24256
21201 24214
11939 11945
25735 26606
1845 5072
8204 9203
1059 9987
3516 9982
2824 24488
27189 27522
11177 20425
19588 25667
10872 10882
25931 26657
10505 29032
15909 17479
7702 25483
5792 19540
537 25373
19602 25196
8136 8380
12390 21287
19024 19025
27199 29716
922 5865
707 708
791 25087
26377 28200
2245 28784
13169 27841
6659 27499
8154 8163
3924 6985
24094 24521
8746 29453
3764 4247
14116 26606
14975 26072
2922 22532
5816 27975
1021 29009
22273 26429
7871 7874
271 24531
278 12558
14124 17004
1856 24677
9990 11604
648 26838
22529 22530
3626 28098
10631 25238
2585 28569
7287 27273
20063 20134
8680 29493
15498 26936
10502 14863
20083 20945
9710 16835
11618 27077
26144 29691
12375 24143
8976 28078
25373 26688
24244 28065
26990 27032
9988 25585
24498 25056
1401 7661
412 26519
23987 24508
5879 21790
14896 24912
529 6086
8509 8510
8949 11692
5560 11488
7229 24177
1618 13253
13519 23473
727 792
436 27043
23862 27003
529 26633
1017 1052
5201 6705
16091 27288
24540 27077
6985 28822
6228 27648
1003 1496
1217 27445
9217 17041
20418 20420
25196 28629
7702 25361
8162 28146
10724 10726
23004 27816
12795 28261
16421 16515
25853 26597
25793 27775
3357 26289
25909 27058
656 7131
9136 26011
242 7442
4924 28895
609 27933
5087 20061
17004 27901
9281 25432
6603 28667
24256 28164
5360 5465
169 1264
2746 24147
6288 28656
14321 19282
1721 4272
4624 10461
6172 27390
4444 25605
7195 7549
593 23897
27542 29348
12916 24988
14557 14786
28332 29291
2757 14365
24550 26860
24703 29188
14819 15041
17625 24164
470 29781
24013 25288
656 27729
26316 26536
10068 26520
24082 25077
15219 26102
17156 25793
3486 25605
7748 15708
26113 26840
1967 24639
26043 27371
15398 19466
6597 26894
23818 26342
8359 24791
529 14417
2648 25361
29636 29718
24745 27055
18291 25382
7329 27648
3913 9267
2450 14018
25563 28019
29034 29035
26903 27542
1115 15341
2942 24258
26359 28784
5971 28504
5471 15921
183 24508
1638 27334
1264 27034
13810 27975
14566 14786
700 16246
278 26471
6906 26917
3017 12717
2791 16652
836 25430
3809 27430
3108 28822
8769 24550
26299 29168
27956 28194
1815 16400
24094 25253
6575 14733
19548 26153
225 2123
23818 26280
26102 26726
4603 25584
24256 25907
25044 27251
23003 23005
11064 25894
4863 27390
1372 8678
23053 23054
6129 7606
24256 24769
4336 11617
24880 26073
17004 26335
2217 24703
15925 17484
9067 24887
24538 25400
16400 24536
7803 11960
23894 24042
21846 28529
5629 14210
90 97
6666 12645
593 1733
19517 23788
1059 27261
10790 29103
8853 28042
616 26734
70 4727
29236 29266
24634 26439
26113 26241
27005 28217
4885 25815
25390 25601
2606 25044
677 26502
28080 28081
1921 13170
4698 4825
3924 24271
7508 28009
22124 22125
9961 25613
24332 28518
28811 28930
24650 25888
3001 22490
9439 11960
28744 28843
25634 27549
8126 16465
12777 12778
1309 21201
169 2209
4081 22381
7644 27432
1760 24278
27254 27717
16220 16399
1455 22273
3160 25146
3160 3753
10151 26035
2133 26429
1007 28606
19737 29045
7447 7453
614 1839
9251 24641
26035 27479
28359 28360
28271 29039
12727 12729
15707 27940
5217 11257
19632 23276
14371 14372
13211 26695
8381 16598
836 26868
26037 26072
4098 10717
10070 19624
19205 25783
11849 24900
11010 27907
18322 18323
3311 10369
7858 8194
11018 25962
946 947
14310 14464
2990 23038
4360 12853
2693 27296
6472 24418
27254 28449
26493 26871
8711 25690
997 26493
2757 21878
8151 8152
271 27390
4081 24758
3786 28373
3660 13757
2277 6047
4192 7287
23355 23357
2484 24870
26299 29071
4562 7329
780 15806
9445 28080
14666 26118
1498 4862
780 24459
2377 29045
9566 10864
15732 16066
1169 16128
9961 20050
2546 17974
18024 18025
24780 27538
8327 8336
24121 24410
4192 28523
25056 28211
4391 4484
2859 24653
24791 29589
1242 24594
12148 27011
3561 29581
26035 29151
4966 21201
17649 28946
6883 24151
24891 25977
487 25034
6362 26511
922 1856
2412 27127
7475 29058
937 26933
12148 24487
7178 7195
14971 14972
23818 26642
1815 13606
2101 25605
3551 23979
8168 29267
3547 16399
28771 29328
10154 10155
7613 10930
9271 24862
19440 28524
3160 28734
1831 10720
3080 28822
19620 19648
8971 24888
28545 28551
29599 29608
2820 4913
6361 15544
3061 28822
18618 27991
8227 24960
8359 23987
8172 29179
25751 27296
19430 25196
26606 28468
7195 9954
5997 26914
23838 24703
9158 12861
10853 12258
13921 15541
1264 3473
26799 27390
24643 24682
24001 27355
24703 29233
24256 25953
3816 27831
19392 25196
12490 16832
321 27826
8359 15399
14085 16715
3714 9383
6301 27648
599 15521
11545 25585
17336 17351
3675 3676
1355 7112
7235 7410
6021 7489
15298 19466
13323 13329
3442 4908
1484 14007
11307 11663
3522 11011
1593 5284
25836 27694
16744 28237
2193 29363
24512 27788
14633 15030
17100 24909
242 599
17325 28530
25518 27134
332 361
4229 24241
15298 16160
4943 7429
26564 27064
12231 14103
15378 23956
16170 28867
4089 23968
22091 22092
7639 12430
19595 25196
4539 27354
15468 15469
3753 16949
5519 14207
23002 23003
18754 27296
359 24325
6648 6649
26359 27171
6367 26962
24860 26990
10609 24305
9060 24888
1242 3855
24130 24924
25056 27251
470 29750
965 9687
21321 25605
14043 27031
11670 26987
10148 26519
23309 24023
19601 27529
23968 27499
24282 24431
4911 28362
6177 26233
14442 21288
15298 25504
21563 23594
17247 27179
1964 15298
4585 24946
21936 21937
3581 24680
428 1690
5816 27648
10654 16015
5134 27215
11058 12305
22087 22088
16665 26740
12008 20061
5023 27991
23872 25605
10974 19375
24247 24351
3426 11827
25213 29218
25838 26394
6190 27390
26018 29137
24250 24414
2184 27499
23077 23078
5058 6575
26193 27648
1743 24111
26832 29023
306 24467
4658 29137
24703 26291
242 25158
6201 19447
25416 25841
26007 27555
25051 25373
11154 24902
439 28955
13072 24217
9274 11558
3414 24639
1 19504
7549 27001
24938 26787
11795 26987
21201 26657
8722 9461
22323 22326
28874 28983
3551 17004
3753 5859
15432 24189
27627 28606
27180 28194
1815 25739
26102 26335
24010 25483
25554 25909
18156 18157
25403 27880
25373 27616
25315 25605
6764 11254
1169 8216
7502 27180
6461 6464
25265 26011
11393 29040
24968 24979
10959 14428
17273 17283
21744 21754
242 23995
6129 6432
4862 24799
11395 29040
22896 23916
26275 26844
24847 25725
3932 28930
14044 24335
4862 28800
8066 17004
463 2100
27693 27975
11019 19375
24887 28069
14013 14014
2824 25433
169 25732
681 20985
7171 29049
6956 12744
25077 26668
16216 25245
27387 27388
7755 28613
27390 28693
8794 28042
14095 14097
7971 28561
2720 18907
18039 27390
8341 8344
25523 26726
23968 26426
16971 25605
1892 24703
17291 24359
18918 25296
7697 25409
439 9534
6705 8645
6575 24594
15380 15381
16878 16880
3497 5253
7763 7764
24143 26035
15956 23968
412 7286
2648 2942
1706 5869
18411 26564
5444 25948
13083 24502
159 27060
8162 8331
19619 25196
610 25027
24744 26898
4918 26645
9653 15197
10431 25451
19631 23967
1264 2841
9158 25859
25891 28271
17574 26233
3386 15141
354 372
20349 20353
28843 28930
17004 27725
2693 19437
14045 28355
7795 8045
20194 20196
19491 20244
7967 28712
1253 28184
1638 16360
1098 22273
5665 14819
3551 24053
7808 9461
3414 29226
12916 12938
27323 28403
25605 26239
21736 24256
2827 29063
12806 24180
23801 26275
15197 18039
3551 19702
12916 13253
3508 5693
20072 28771
4035 17173
6666 27725
24809 24858
19540 28481
7505 16110
7195 25466
7702 28194
3551 24118
7618 7624
18896 28008
17344 26852
2100 19587
12093 23299
2419 6659
700 9785
836 28431
1349 3140
1839 27750
5407 5451
2157 26439
5192 25719
25900 28957
23093 23094
17178 25022
1264 14482
2018 26775
11099 11143
3027 29039
15398 15554
18680 25186
19349 25775
1484 9967
11860 28093
166 8266
1275 12414
765 20112
867 28065
14482 24121
20944 25019
3002 9727
7287 27913
2714 6705
449 6482
16448 16482
5826 27648
14335 21365
4050 25056
24836 24934
738 29352
28071 28105
27086 27295
9612 25472
727 25140
2146 16077
12282 12294
614 615
14987 15282
275 21125
7847 28911
5880 28689
6001 6015
10801 13727
3422 29023
24924 27196
8140 29267
780 28624
18354 18379
3144 23863
15482 15985
16368 16385
15619 24151
25690 25815
19714 25034
24795 24901
14747 26011
6698 24353
12531 12532
2920 9590
20605 23825
9084 15674
8195 8369
4193 24238
14018 14182
5070 29363
4924 16655
25597 28260
685 1264
11353 20061
7843 9450
3422 26449
2384 24703
6685 10904
2613 24924
1715 2105
12231 19527
1532 4072
26030 26606
24256 25922
3160 4280
530 25044
8493 8999
1129 25967
19582 26647
5553 6635
271 26616
6524 6526
7112 15674
11593 21398
2672 27576
3302 12861
12915 12942
26133 27616
285 12970
11032 26275
3068 23818
25367 25488
1201 26142
656 25881
28625 29008
3551 19614
22431 22432
1715 2081
2298 18715
19224 19225
1733 2412
15130 17211
12303 21151
2714 17974
24226 26258
1052 25715
1050 1355
26871 28283
13060 24816
7485 27266
412 4078
24172 24173
1264 26807
2484 7744
2166 24703
26007 27842
24164 28910
10325 20061
25473 25783
3747 7014
7329 29596
8052 9273
2683 24242
27590 27639
7182 28271
806 3365
1153 28575
5253 28993
2145 25563
19410 24862
10090 17682
8359 27428
8118 10189
9590 28822
2484 28329
17280 25601
13409 24588
2123 11415
29235 29302
26064 29058
12019 23818
2942 16180
19542 24910
1422 15345
17280 25247
19506 24650
23856 23860
27895 27896
3992 4676
24924 28843
19315 28405
18028 18508
8078 28822
24325 26269
15901 17426
9158 28966
11996 18654
2095 25711
529 26664
21321 24659
21636 22697
1098 23818
10417 25343
2222 29363
2412 27090
4596 29218
11011 24169
14437 24256
25426 25894
3470 3480
2757 14029
11488 13994
27602 28271
553 28194
15354 24617
7485 29316
24829 28843
9967 25390
22519 25996
686 27686
27196 28656
14339 19895
13519 18984
2110 4212
24628 27648
24641 25328
944 27011
21287 24431
6116 25156
25405 25563
25937 26668
21151 29474
11421 25409
504 1466
15728 15729
15358 23956
1395 16399
14124 25878
15924 17480
3763 28271
26564 27602
11316 25429
2582 14018
8359 25849
6378 26218
4081 25904
10547 25409
6672 15298
7915 11673
4800 24875
2607 24924
19585 25196
20066 20068
13397 13398
10225 26035
610 24151
6994 28271
11898 26987
8067 8089
5165 11404
12231 26385
18654 24402
3271 25862
727 25373
28772 28856
19623 25196
22723 22724
4599 5785
456 23788
8359 24666
1884 18697
2827 9274
29331 29332
8415 26920
22507 22508
23862 25556
12606 24352
17482 17483
540 6076
4089 4844
29414 29420
20061 27199
7843 24975
26266 26268
242 3614
928 17089
11290 24879
1368 28930
27019 28071
1264 3731
310 311
1150 6825
1319 8255
24151 27750
6534 15298
6472 14819
4697 9136
25454 26840
10956 10957
13142 13143
8422 19061
5594 24147
24484 29169
22730 22733
18885 24327
9540 28511
11651 16399
24531 28239
317 997
11743 24540
27288 29100
26514 26542
9378 9379
242 4981
24365 29039
1645 4960
7771 29162
19705 19706
27254 28416
10882 26493
19620 22960
824 28373
9182 26172
26057 26095
780 24078
24429 29030
6286 28674
17317 17318
19408 28008
27161 27469
727 15298
24249 27199
2209 14862
3529 12806
4831 25815
943 6399
21244 21245
14767 14919
25394 25658
5253 15008
4918 26731
8127 16463
926 24540
3201 18198
1041 24487
24267 28572
3820 7486
24227 24703
4975 29363
2211 24703
17004 27881
1708 4960
6403 6700
12552 25147
24521 27538
17743 17744
20481 29085
10836 25963
666 1242
28332 28901
4748 25815
12281 12288
7195 10571
1287 8007
8216 27997
12949 28065
19478 25196
6057 24605
262 24659
11787 28029
26413 28417
10120 25982
28658 29058
9987 21287
24531 28651
24614 27445
17025 25690
4862 26091
24267 28206
242 24550
3916 17200
18654 28831
24521 28393
1300 11418
15398 15432
15808 15999
9404 13313
748 18654
17078 25320
19803 19826
2942 5997
2659 25664
5317 5833
995 1001
7937 28792
26 3012
17753 27153
24738 27759
10813 10814
9274 11577
158 25432
1742 24703
5321 14482
14622 14907
25029 25528
8565 8585
2412 25667
14020 24335
10654 13519
7355 17455
2191 13617
1433 1706
5880 6424
10959 14418
146 3464
24957 25793
1767 27854
25137 26030
7552 19539
621 6429
13698 28656
2486 26337
1921 13160
15197 18158
12839 23897
14310 14432
3160 28955
1777 12231
5486 5840
4269 27441
21669 25751
456 27584
16216 28097
6705 8753
19293 26787
4759 4761
5404 5481
2592 19407
7717 27938
4908 5999
3160 26351
14557 14779
7329 29665
7236 27913
2 2634
25031 26493
13160 24618
19608 25196
9874 24745
24592 29465
3838 24540
23968 28520
3436 29095
9305 9315
27435 27446
5360 5415
12697 20215
9084 15208
24580 24581
4129 24540
5967 9177
2729 26113
6391 6729
24772 25672
1422 10937
9535 27241
17156 25607
25315 25454
26987 27002
18067 18075
8089 28822
4050 24845
19542 27940
3663 19407
709 730
27181 28843
2666 9590
439 28126
570 25373
9065 24887
21945 21956
4007 11081
317 4939
2840 19401
6118 27390
1229 1280
8788 15597
21508 23050
8761 10739
22708 25570
29131 29140
6859 26774
8359 27324
14920 14921
24196 24810
3287 3300
7649 7858
756 26035
1264 25772
24278 26872
6575 25077
7547 19410
315 4907
24332 24659
12231 19394
20925 22937
19315 27700
25580 27002
5928 21508
23943 24354
9189 22819
14276 24256
9450 28271
271 11141
1695 4960
3193 18668
8216 25881
24498 27164
840 27237
13519 14018
5067 25188
6916 16388
5099 28065
2693 25909
2247 18550
412 7367
12806 24826
28777 28909
10853 11775
18378 25137
24838 27071
8047 9252
960 9781
5685 6469
15410 27210
6739 24305
2391 29363
4369 18169
5148 24682
540 24111
2484 7794
20300 20301
1380 16160
3306 8890
24606 24703
22773 22824
14952 21202
858 25844
4643 27116
24617 25253
9019 24887
1264 3760
3551 14798
396 26113
24605 26416
810 27099
7195 27134
11784 24879
25700 29174
6503 12019
396 3878
12806 13016
19540 25422
5665 10824
412 29222
23032 23033
23818 26504
5675 28271
10725 10726
24455 24757
8359 25087
852 10609
16911 16916
28776 29099
12538 22273
26072 26606
1536 6810
780 7508
5065 28822
23799 24744
8359 9217
2412 26989
14479 14633
5286 5288
2921 4854
14767 14999
14798 27820
18028 24750
13027 26564
24248 24264
8113 29267
3130 24310
377 25473
3497 29170
20622 20668
17920 25044
18225 18775
452 6350
4269 26695
2289 27991
226 727
7141 28278
14622 14715
25948 29139
14543 17820
7702 26571
8359 27164
697 26254
15937 17437
7384 24235
10948 13283
26418 29058
27011 28445
7620 7621
5880 24747
21151 27430
26606 29342
26064 26726
25265 26657
6575 24488
9354 11445
7642 12430
12867 12892
15321 24995
26393 27390
25371 25622
24659 28243
8680 25873
4269 24639
23818 26202
6206 25645
25242 27587
600 24410
5506 17720
10035 25424
24244 25667
28155 28518
6128 27390
1264 3993
1422 25783
3631 9251
1348 28776
17280 26745
1638 27842
24249 25850
7333 26229
17643 17698
27461 29216
14416 26610
13246 13672
2724 26871
5560 12148
16490 27965
4605 9251
26288 28162
121 124
7313 27026
755 24163
15707 26946
697 24332
24681 26359
1405 24256
2816 25859
2896 16205
19613 25196
13519 26914
17380 18194
748 763
15298 24854
404 23818
24703 27203
9068 28075
1521 10033
24834 25044
11081 28200
21841 21854
25146 25859
920 25103
28065 29225
17544 27302
2299 25188
11329 24137
434 28518
15541 26559
12777 12779
2352 25188
338 27099
8345 11510
2157 28810
16877 16878
5582 13507
23818 24847
780 28702
15719 27971
1618 24820
226 6281
7719 9445
19598 19604
1264 3761
25758 27254
6318 29008
27517 27992
24990 26741
23798 24924
24946 25253
901 1574
14365 21595
6784 7287
3478 29237
5796 5802
4461 25605
19410 25425
2304 28271
17178 27256
25439 28803
24810 25287
11038 12916
23081 26564
470 26768
16669 22906
11253 24540
1099 1184
15946 26382
24120 24703
4193 26291
9521 24248
1421 28282
7894 28348
28065 29316
10999 17974
26106 29342
21383 21384
2649 24924
242 28685
25176 29375
11792 11793
24628 27841
13922 14963
1254 29436
10211 18492
4335 14655
5880 26416
6947 6949
3272 3275
17025 27349
3292 3379
357 28518
2169 5734
609 3684
1175 19582
4465 25769
7131 24630
24442 25058
13746 19509
19540 24295
18258 29700
2714 4514
4803 15336
11155 11166
816 24747
24682 28329
17200 24472
11307 25610
24879 27010
6384 28685
3468 15872
10472 14072
9858 15365
22525 22526
970 9481
17377 26787
27666 28271
2168 27443
20518 22479
18017 26668
19914 19915
271 15546
21207 25230
7261 10254
9980 10000
4727 19582
11593 24946
2970 23818
7504 27180
1355 23038
25690 26343
8359 10258
470 16205
15925 17458
3359 8462
262 24151
20423 23852
298 27259
307 25887
5880 26722
7505 16119
4264 24379
24121 29100
2824 22273
24679 28194
428 3817
3620 24121
1264 6830
21287 24256
25394 25431
732 25400
5630 5637
15298 24747
7820 28822
15398 27862
553 26199
24130 25328
10288 26882
5761 24307
2443 24703
8127 29276
1412 7437
3370 4539
28252 28259
648 25044
1094 1212
18169 28706
15835 16044
25920 28293
8320 24995
4862 15596
475 1070
8558 8722
6039 27648
8136 8384
25328 29118
1815 3093
24550 28386
3264 26832
2319 3561
28723 29257
610 24410
10397 10398
10227 26035
15890 17500
169 23897
23818 26426
846 27071
987 24230
26340 27071
4448 25605
21190 25230
7160 28271
25265 26543
1617 26657
24810 25333
8155 25525
12620 12630
823 28194
4336 15541
1978 29454
12211 26564
26606 28499
12113 28481
4000 21379
3538 13938
6705 8699
6399 10654
4485 21839
5253 17280
727 25044
11020 11023
3382 9874
28065 28470
4987 28362
6698 24282
15515 22524
9136 28237
2390 18659
14417 26164
2133 22273
2412 27050
21523 29236
25702 26645
19959 19962
278 7728
24086 29621
1275 12003
10720 12308
27538 28518
13790 17280
24256 26047
14482 23788
27019 28075
24511 25626
23818 26249
14555 20585
17291 25676
4539 29690
20050 24878
11081 25862
1066 19410
24325 24594
3551 22853
5089 24214
10472 26823
27490 28005
4862 24398
25366 25815
939 6472
3197 9785
727 26187
16902 24617
8603 25856
18538 22273
21642 29038
14896 23943
10853 27752
814 26493
11009 14747
23038 24332
19569 25196
3900 18907
412 7432
19699 25034
25881 29330
24070 24227
1060 25473
242 1367
27574 27591
13230 23968
24078 29100
542 10062
24753 24833
8359 27274
7329 29646
997 26194
9071 28078
7771 29364
1358 28930
3137 22002
18514 18570
4874 28838
10701 12168
4333 27077
13808 25177
6220 20945
18258 26931
23943 24918
24163 24267
780 6206
6502 28667
1617 27069
940 7354
210 27361
5645 25786
7195 23004
15298 18655
27296 27840
25480 28031
3232 24238
7820 24442
14310 23792
24398 24400
8922 28032
4803 27538
22477 22503
26821 28529
6645 8438
4900 19411
17780 17782
1483 23798
20373 20374
451 27001
5694 18052
25511 25513
3227 8784
3926 8136
3004 19205
583 25373
19578 25196
14024 14055
12336 12337
8359 27262
11445 28966
24018 25473
1264 24060
5921 21790
13272 18295
4323 25610
27913 28649
1453 4346
3104 28822
24550 26712
9270 23004
3838 25894
17489 17514
9662 9673
9316 13511
11865 26774
6575 14310
2421 27538
6254 19370
944 24332
5880 28573
27571 28509
25679 27648
24896 25957
1815 28211
17974 25507
2546 19381
4098 26887
19572 25667
24734 27316
23004 23799
15836 16067
780 24479
12818 18299
17974 26827
14377 14389
3001 24938
6787 15398
24641 24643
2097 29058
9280 24745
6868 6869
1482 24685
14417 25815
20682 27014
8615 28822
19428 25196
278 12723
29751 29760
20103 20132
610 26370
26552 26555
2882 2883
11953 28097
14633 27687
3719 24067
3784 26925
1041 24332
19410 27124
22273 24151
19895 20461
28332 28702
5665 23038
3297 3300
1873 3563
242 4539
15556 21358
17004 27762
5022 7608
6412 26407
242 6076
4776 26473
24094 26635
1467 1470
25016 26119
5461 5722
10892 24068
23473 26543
10392 25443
9510 11067
428 1863
1393 24841
2545 26813
26193 27390
3951 24623
13830 27409
1593 23818
4876 4877
24924 24968
24511 26783
12430 29393
15298 24852
529 26730
12847 12849
14641 22097
1509 28087
708 24329
9690 25213
8641 8908
11239 25351
692 3906
27626 27956
1585 13810
25845 26534
25316 25864
9874 25515
705 1326
24946 26209
24653 26813
3682 24560
310 1738
25056 27531
16399 26696
1059 7728
6116 27224
9275 27097
2311 2372
304 6838
6515 29364
29511 29760
9034 12975
25719 26543
12231 18984
6206 26113
7197 28271
3696 25830
2294 18687
2484 7689
234 16150
1220 24332
9816 15174
9874 25687
4539 25309
2399 2425
965 3680
1201 24486
7843 8205
10735 11239
21918 21920
12734 17532
4900 19374
5948 7015
1506 17025
12976 15030
24653 26838
4908 26166
2100 28282
9158 24649
11502 25034
12231 18203
4330 9973
10824 25077
24879 25269
6967 10730
621 29267
3263 3264
4862 28065
4892 13138
16970 16972
23847 23862
10824 18575
14393 19607
1287 8163
2412 27061
20606 20608
25268 25269
16774 29446
12148 24977
9025 11301
21725 22174
14767 22513
3627 3632
7195 27243
15045 15048
23801 23905
10120 14149
7872 7874
12589 29179
12082 20061
1487 24551
10990 28071
12143 25371
7853 11445
23818 26290
25127 27583
923 1405
4862 28779
14163 14164
24041 26606
22544 22545
23292 23293
3551 23800
7475 18369
12243 12244
2505 24703
4098 28019
7026 28271
2566 10599
120 487
234 7255
15399 26493
28471 28472
15884 15885
1455 27390
3838 24881
17710 17712
2412 25311
20483 25179
20214 20216
17291 26926
7703 25452
6066 19407
21920 29728
169 25720
11154 25982
24571 24578
5099 25904
965 1401
9189 9196
868 28065
25486 27699
830 26064
1406 11058
26787 28676
27443 28331
6206 9084
18158 29316
8761 10304
436 2484
11081 24617
77 4192
8236 29008
28571 28572
3551 21141
2889 5643
3916 27648
16327 16733
7858 24278
27841 27940
19649 25196
4581 25605
1618 24278
3259 24891
8488 28560
11261 11789
648 1242
478 25680
13663 13665
2240 24703
5360 5398
3160 28961
727 26467
2826 4328
24540 25412
25459 25580
5207 22032
151 5665
9223 10835
6148 27390
20286 20289
13227 13228
368 4911
3002 24274
26506 27390
24261 28021
4580 25605
774 4716
986 27691
24402 25422
520 1296
479 24151
2593 24673
234 5967
12652 12681
13694 28551
24888 28085
25382 26777
28326 29117
11688 26982
19400 25196
20060 20062
8359 23798
2311 2315
26288 28956
3669 21344
1534 6719
28600 29008
24254 26299
20591 20592
15052 22610
16015 28042
7195 25400
27296 28540
1940 27288
2936 10254
10058 12210
2405 11387
1 14973
24815 26767
3132 28803
27538 28798
1862 21201
20686 20687
5665 29162
898 24617
6482 15310
24703 27275
8688 9400
24818 25967
7843 24878
28520 29117
11418 24119
2123 10802
2824 13810
17344 27276
21527 29246
7651 28930
19039 27656
17866 19410
922 24564
655 29117
3189 3271
10008 28000
1059 8359
242 24155
1889 6666
7574 18648
16399 24027
22273 26095
11048 14940
9209 23961
748 17004
13790 24639
18412 24821
4104 24011
17931 29640
22273 24909
1823 29169
4318 9957
3792 25624
2192 26412
2111 3243
1462 1463
7702 25165
7329 27443
412 9525
540 3753
1903 28784
3784 24351
18510 18511
8007 24487
236 7274
400 27998
16903 29033
271 3047
19582 25771
23951 27940
4651 26408
6233 19117
19094 26823
3551 23836
234 7356
27477 27491
12231 15597
19376 19455
6318 16490
1944 3951
7644 24993
363 460
1072 1106
9600 20594
6303 6779
4411 4554
7548 9961
16238 16239
3926 8126
24121 28714
26100 28648
13327 16040
16190 17798
7131 23818
11881 26963
3160 29342
7141 8589
7141 26731
12428 25199
12484 28569
15936 24245
25382 25793
28032 28078
11026 20075
6575 28065
9442 9444
24594 25735
8058 11415
12231 15052
24313 24703
25198 25844
4624 24454
1080 24272
13060 24810
3777 3790
1617 8385
14387 23863
338 2378
24256 25904
7195 10544
25390 28260
553 24550
23798 27243
24670 25051
28395 28396
9549 9554
10039 25044
21491 21493
28261 29039
6350 24207
13954 15541
13816 25494
12719 26565
14111 28784
22819 29267
20001 20029
24526 27940
13721 20302
14411 22731
412 3183
5092 25610
796 25654
24746 26943
5572 25193
29363 29681
25391 25601
6792 15398
9874 25548
7141 29095
28597 29008
29511 29535
25044 26327
9727 29218
15398 24303
15298 24672
23818 26151
19497 28231
2019 25323
15991 15994
15227 20511
12745 29363
26606 27296
4882 25815
26943 28673
25361 26127
6705 8732
8359 17134
17004 27747
3551 23977
4727 13920
677 26007
24219 25690
11860 26976
25156 25328
15929 15930
16499 25194
470 29766
1798 28604
10923 26093
24836 25639
10132 22747
9615 9617
1138 1190
11202 12430
3160 28932
8989 29485
4 14707
1751 15108
858 27620
2779 22490
19 9439
423 3357
3113 29169
24877 25937
26747 28945
23922 27843
2776 15298
2361 24703
9207 25191
824 6653
16525 16526
965 27892
9559 9583
2738 27628
18374 18377
20832 20834
10853 21910
24654 25253
7141 28994
5806 27254
8653 25230
10990 25394
14655 26275
9252 29342
15404 28785
18247 25775
5785 13254
6729 15398
28048 28057
18654 24390
3150 3803
3877 18158
2612 26712
12148 12734
1600 28252
11610 11611
10410 29091
14819 26990
5787 23948
24639 25563
2412 4192
9925 15741
179 780
16164 28867
6830 19485
4834 25815
12585 28869
10735 24184
24836 27316
14622 14750
24605 27841
2536 24703
16399 24695
5612 15839
242 2936
2484 7747
5685 12738
25667 26018
463 24594
5997 10824
1852 10391
19 25698
28131 28166
4527 25605
5359 5364
27005 28049
7104 26726
720 11252
25015 25016
901 26590
24256 25910
539 25793
16902 17004
25573 28843
25242 25253
20095 26313
6575 17302
24196 24861
5490 24242
24094 25373
25328 26767
3001 6679
24533 29085
17084 17085
1023 27913
19442 24256
12467 27648
11488 14072
12667 12668
10990 27028
16399 25358
529 26692
24391 24834
6549 29123
14603 27400
1884 18692
14177 24282
6700 18655
9971 24540
12199 20481
4292 4293
3551 20616
12745 24401
2824 25165
242 7284
24586 28822
3516 9988
13053 26992
1856 24235
262 26493
2672 26877
1706 5873
12058 17238
13040 13046
4884 25325
9097 18127
4892 24077
10656 20721
26823 28834
25804 26615
27769 27879
6956 6967
6659 19438
10767 25409
19438 27690
1012 1013
9177 27430
1706 15597
13721 25433
1903 6282
8359 26043
5086 29363
8824 25768
14387 25432
17866 27490
5197 28928
10258 25326
656 1847
24666 25033
21494 21499
18291 19577
11103 11286
2236 2606
271 1940
11168 20061
26383 26408
3222 28087
10062 28113
19532 25196
21941 21947
7347 25313
4007 24617
23956 26334
4329 25396
1120 2639
26072 26543
2931 25758
7141 29344
4203 28784
3939 3940
20049 26103
134 29726
26210 28107
1001 10853
1826 24650
25624 26144
1869 29436
2768 26668
3031 3036
25769 26760
529 12467
3156 3157
24650 24669
13007 13008
9038 23862
25196 25211
12851 12865
10110 26035
15739 15770
3271 17643
8194 28723
24256 28606
1924 24703
5909 5910
967 24521
12777 17531
532 28654
1499 1500
13966 15541
12676 27107
27648 28744
12717 12720
3763 7061
8332 8334
6705 29719
7339 10609
17753 22457
25881 27479
13746 14467
14499 20465
13060 16399
634 26954
9598 21669
25624 28271
27752 27893
24643 27240
4335 8830
988 29342
16015 26716
5904 29653
26305 26306
2412 27032
16960 24724
19375 19559
727 29132
1275 15921
28484 28527
20894 20939
17344 29074
19575 25196
4007 29137
13211 17041
6764 25038
3561 25634
623 28966
23081 27483
23797 24912
944 29039
23027 23029
1498 3524
25679 26871
656 1903
2370 24703
14310 19642
25022 25146
24836 26420
26007 26372
10788 12106
4714 20062
8359 19588
3945 3963
8194 29437
4336 11552
9237 29398
8646 9137
838 24969
15790 15791
5775 17671
14482 25928
12231 14622
3073 12514
10824 14561
10696 10698
25460 27693
25237 25471
1253 17975
1380 14192
3847 24486
14418 25422
5997 10107
27222 27406
716 26541
23821 23822
28867 29066
17280 24329
487 19513
3854 24957
9147 15619
9585 10926
1247 29181
6482 24246
4416 25605
2709 10853
26962 28075
27554 27679
19672 19673
25768 27931
2057 7262
6013 7171
20666 20667
6472 7329
12872 12883
8216 25109
18918 24272
14503 14504
4979 24695
4381 4488
24050 27841
21757 21759
13906 13907
1587 21430
10094 17540
24488 29599
8860 29238
6705 15336
941 2661
9535 26138
5929 5932
5065 16902
359 9223
18039 27316
8045 24182
12126 12148
7171 24383
28376 29510
23818 26320
17156 29022
3951 18962
15454 25077
14310 23594
599 9394
24195 29267
1822 18094
7485 26043
181 3522
10786 10788
14727 14745
16190 28551
17974 26743
650 21237
12608 22191
16216 28039
12167 16239
12695 15008
226 847
145 2744
7130 12570
6249 27736
15057 29527
3735 27152
25052 25087
3160 25967
10911 18867
6575 25373
24669 26767
19549 25196
13563 13566
21968 25178
25378 25394
14124 26980
529 26685
15298 24481
1412 24969
2931 24147
9225 25191
15554 28143
2922 28915
10658 26275
1334 2284
377 28194
2683 25775
1098 26976
29401 29405
12058 24186
2453 9975
4911 5253
3764 27293
13519 19401
5967 8027
529 24780
317 14309
17866 24957
9445 13195
2002 15707
12105 13174
27249 27250
3365 25308
8194 27430
1773 12126
1264 4054
4007 10254
4987 25361
13920 24550
1191 29039
5930 5932
24600 26864
19479 24703
5774 25817
2885 20700
19331 19334
1815 24505
4330 6367
7037 11208
24111 29100
3640 27846
7812 24180
19617 25196
8687 9122
7287 7401
1733 17200
9986 17280
24550 27196
12101 20061
2170 24692
20054 20060
983 27102
5884 5885
938 15174
24256 25242
6399 24473
8225 24962
17382 17383
28021 28445
1276 24617
134 5913
1805 25815
628 7979
6218 17709
8651 26712
9724 26615
9882 15365
697 26502
4081 18203
24301 27670
359 3869
12231 19429
22022 22023
24410 24531
24301 27538
17004 27883
24671 25920
750 27356
13160 25454
786 23987
19525 25196
8956 28077
1253 8255
24243 29037
6106 29058
10824 20464
28271 28278
14482 24256
18599 25188
242 26413
14093 17004
1927 13230
5997 24326
24499 29179
317 18795
15360 15364
16794 24332
16924 25775
3073 28897
1376 28930
15556 21360
2119 24996
987 28271
24594 25044
3551 27529
529 3414
25245 25398
1478 24832
10837 24397
8111 16890
20061 23004
12342 16399
23968 24267
16795 20481
2046 29364
5474 29213
4990 25188
12938 13016
26383 26509
7616 7624
1593 27768
11071 25604
4660 4663
24016 26813
1949 24703
355 19183
21834 24858
2220 2398
5047 14494
7165 24605
14231 14233
5561 26153
1715 5880
25690 27718
14310 14633
10337 12915
25198 29126
232 540
15100 15103
25418 25449
25383 27124
82 29347
1976 27439
6518 15298
26107 29113
3551 20804
7122 26178
7195 14863
28843 29137
19094 27254
24086 28087
2889 22032
3551 19529
25940 26947
22273 26156
602 1146
4082 29103
3551 23943
3951 25523
28186 28187
780 24495
1839 27842
501 503
4117 4119
19410 26511
10887 25601
9329 9372
666 24332
3959 25702
20050 27001
2693 26275
14835 14836
234 9349
8045 24959
21365 24134
24617 29336
24709 24711
15995 16000
13060 24843
628 24988
986 5065
5458 5459
2238 27986
9010 28069
22446 22675
14092 21420
24094 25928
9737 9739
4820 5368
7892 27538
24649 25876
6838 24507
5891 5921
14437 26062
5898 14353
8111 27538
780 24460
10070 24934
377 987
22743 22744
15391 23956
1133 19582
25771 27648
24643 24838
29511 29660
8087 27429
540 2209
5913 29660
5753 6698
25737 28867
15365 29280
17355 29137
7691 7693
14864 27752
24256 25888
20944 24148
3942 13711
5103 22273
8216 28744
18611 25853
6289 17626
23380 23381
6281 26493
4145 26577
29339 29347
23987 28860
5127 19462
933 2728
1253 9262
892 26541
2123 11369
1355 2846
26035 28324
414 29100
6316 26408
825 13519
18346 29778
8359 24651
5316 24715
7514 28227
4336 27028
24624 24625
508 28518
2746 26081
20323 20325
5880 11453
23816 29695
1815 28930
24536 24900
14863 24732
4874 6575
4539 15130
13222 26465
1782 25434
6575 26035
226 25117
2835 11874
20521 25179
2827 4333
11488 24354
18874 24913
6622 24151
24832 24837
3243 28771
412 3158
1690 17639
19506 27799
634 8055
13951 15541
3561 24929
28184 28930
24872 28930
599 836
13920 24613
1060 22273
3169 24703
25891 26125
242 1608
6653 25783
3786 28867
13141 25437
2833 28260
10362 12574
20481 25376
24167 24594
317 27862
14655 25450
3160 26637
9038 20481
14940 25422
6991 28964
9390 24406
11511 11745
3837 29352
8666 29690
10599 14418
27564 27663
11371 24877
21756 21757
24308 27254
1433 28838
648 1191
3271 27405
5596 26545
3592 15541
934 26494
24738 25526
12839 29085
29511 29629
425 1326
2343 2389
11418 27724
278 610
14809 20749
17809 28843
11667 11948
14398 24488
16456 25194
25394 25684
23818 25838
27671 27675
7702 26838
6637 15298
12292 16399
17004 27724
27641 27642
5218 5251
2228 28696
1303 12828
1309 27991
10599 24183
7329 9237
18412 24248
24031 24354
8332 29063
2100 28730
12852 12866
26962 28078
12839 12927
4932 25815
2781 24772
530 688
7795 21944
25328 27750
6540 6703
3297 3331
986 10472
20370 20371
24894 25553
27155 27490
25301 25471
1089 15399
19642 23892
755 26162
4369 4597
26359 26863
456 28803
858 3810
2549 26275
13746 19381
940 15741
10120 14622
318 28867
25894 27180
27593 28237
7401 28173
21539 29236
1988 10070
15898 24248
10058 25470
6511 15298
2650 10683
10260 22689
8100 8128
25866 25867
494 3890
6845 6894
10824 26081
4302 20988
22141 26081
2146 24836
26264 26606
11071 25959
3110 28822
24703 25881
2779 5762
28812 28843
24406 29031
29623 29624
3865 21277
6899 26433
23906 25473
24216 27529
4109 29050
15603 15621
1401 28648
1275 8266
26393 26668
26120 27060
540 26113
10553 24898
15115 15116
2200 25856
5058 18654
8741 24659
6234 26407
3340 28271
10469 27800
4067 6705
12795 29117
9182 25768
1264 4041
28882 28907
5382 5422
28146 29050
23081 25719
24289 24862
21933 21935
1433 25213
14859 14879
10722 18918
25605 25769
3160 25624
9445 13191
23818 25768
3664 13757
11257 14666
609 616
6318 29058
4014 9315
14051 24256
8128 28601
19953 19955
25625 27490
14798 26275
3193 25067
23031 29668
4862 23818
2169 18611
412 7461
10840 25967
19997 19999
26936 28006
14127 22268
11744 24540
1760 7141
7287 24165
11977 12006
7154 18489
836 18907
2779 18951
848 1932
4745 13820
19588 20967
1777 19438
9623 25472
14437 17753
24031 25395
24004 24268
15757 15758
18062 18064
2655 13409
10599 24252
1816 24138
3374 25308
4070 28312
25433 28362
5772 20193
5711 15298
13519 24429
5012 29363
19239 25038
3001 24108
12875 12892
4233 29584
3393 8359
13946 27332
21860 21861
21201 24276
17071 17073
7974 28561
13812 13908
3751 25191
16197 28867
2826 11661
5880 15674
9182 28333
9961 24745
28784 29334
4192 24775
13929 15541
3497 27445
23968 25373
7131 7287
1992 3160
14863 17280
24121 26832
13849 14149
1342 2100
10599 15708
2684 24233
3551 19419
4690 26275
6980 7038
412 428
24218 28966
4862 24703
3551 19618
997 1059
22681 22814
25471 27427
1617 25639
1264 9189
24121 26526
2324 7563
242 28165
16623 28237
10999 26564
2942 5643
7613 9624
24143 24639
4126 23892
25 9349
24516 24517
4336 11559
13648 28524
14096 27590
13617 24487
11558 12138
2902 4727
27628 28606
10284 27751
27288 28087
28210 29016
3195 8892
2219 20105
24975 28261
13777 13778
24643 24924
19 25011
7852 17001
4462 28173
24399 24410
3604 27691
4707 25836
923 22273
8359 19589
10864 22686
10839 25967
720 17280
1059 2100
3551 24131
15558 15560
4441 4444
26823 28211
7726 7727
19828 24935
520 10029
7354 17089
17780 17783
6705 19349
6318 14482
25933 25934
5091 25409
7066 12938
788 28619
24267 28207
25146 26625
3160 3860
3323 4539
9671 25213
24482 25056
2683 10959
9528 9529
12813 12814
28194 29342
8935 8936
11322 25409
10226 25393
169 27940
242 27057
1533 25859
5910 29726
1933 27997
12614 13779
11248 23862
2203 10911
4434 4443
25443 25719
1275 11337
23968 29617
15301 15305
825 28867
1375 28930
1218 27445
14287 24354
24891 25534
10117 10122
24887 26996
1903 28200
986 14182
25328 29121
3587 8190
4946 25815
23818 29198
14505 21669
4634 10437
1001 10420
23818 26462
14858 21932
6318 29179
3651 22273
24946 25881
16200 28867
12390 18743
5620 28619
4908 6575
7236 8411
21878 23814
20896 20898
25258 25259
16399 26274
7855 9450
23799 25391
242 26381
8928 9025
15141 15276
25793 26844
12589 21151
4539 29275
14826 14898
13734 27355
16399 29767
23933 28838
8359 24470
17089 29267
14040 14720
14396 14401
5337 24147
2359 24703
26253 26541
950 24303
25242 25758
9329 9373
12589 28771
24727 26018
8838 26130
7103 24531
25708 28565
8359 27449
18896 26089
15092 23885
21425 21426
21 1498
2497 2502
11538 24875
6482 24348
8938 24887
540 9590
7485 13409
10413 18655
20159 20168
26052 28771
4360 12913
14653 14657
11015 12434
1242 1601
1009 29342
26896 29171
8359 27197
23863 24895
12143 25445
4346 28165
19634 25196
14564 21574
21102 21103
29592 29695
25129 25130
8541 23863
25328 29212
24691 25558
18611 24351
2205 24703
25409 25539
242 26403
153 2776
1664 18291
2209 7131
17280 25378
25366 25416
3281 26668
183 15330
1608 6940
24329 25400
11586 24745
2861 24410
1017 29058
19558 22381
7480 28867
12767 12770
5880 11468
2052 26367
24860 27071
5347 24454
404 27316
25439 25672
1733 6282
3551 24097
1098 3816
146 10599
8511 28202
15780 15784
7702 27529
4026 26775
26511 27211
19572 24256
3160 24214
25373 25889
22808 23943
17377 26342
9715 9830
7806 16415
825 12806
15230 28719
2377 29779
19638 20693
2921 14617
9024 12996
18565 25188
2693 18795
14310 20258
3431 24507
6796 26928
20506 29527
4402 25769
6218 24639
610 6581
14018 25796
25146 25690
13170 13239
11153 26231
28207 28577
911 26470
14310 22993
8359 27198
24094 24643
7252 7390
8178 8181
23889 24955
2937 26914
5560 11038
25433 27246
10600 25432
2284 15097
23798 27469
15529 26077
18854 18855
487 24083
13946 27490
1969 1970
25366 25419
3551 23922
7414 10737
5603 5937
4943 24342
24251 25454
25930 25957
26676 26681
464 7195
9270 10058
24869 26072
2453 11791
19315 27818
15578 23942
15574 24151
11252 24031
3285 25804
17100 19440
19461 25196
2857 5223
17462 17464
25437 25438
9270 23799
8312 15541
19239 26254
21743 21748
1488 28723
26218 26903
19548 26320
24899 25614
315 24606
19315 23886
24031 25606
25977 26726
24887 25425
14029 25433
5889 5943
9158 28328
316 4910
8036 24354
461 28518
470 27693
19518 25196
1873 7651
19 8086
1264 4024
24712 24960
25509 27072
28039 28040
13904 17753
1422 12560
15505 22446
11944 26987
9622 24691
242 7338
21924 29728
2453 8532
2097 24841
5072 9318
13564 24214
1521 25504
11359 25254
21376 26035
2515 21201
4071 25605
6982 28271
14809 19677
1706 18258
25580 25687
1484 26564
384 892
4908 24151
2936 24531
24633 24634
27354 29137
28332 29009
27357 29169
7568 27288
2942 23979
9316 9322
3551 20868
6679 26936
2921 14600
19389 25196
28278 28286
1422 6922
826 25308
597 3150
25887 25889
3508 25373
11248 27028
11760 11819
688 17920
4337 11896
10578 11169
5075 24595
19117 20518
22293 22295
10070 25624
9627 25242
6679 7361
975 29052
3220 3226
10182 22682
14138 28008
271 28735
16015 23943
15817 29336
9038 20061
14353 14355
17866 24659
20988 27390
27123 29726
26429 27390
2169 25328
529 7408
7640 19624
24758 26018
7671 8086
7702 24094
8194 14111
6083 10472
3133 4713
17974 26220
16305 22289
9905 13050
8147 16463
3551 24014
3012 19410
7858 7956
1715 25422
21201 25350
4738 25815
24832 25022
22163 22174
24010 25361
23951 27841
10413 10414
2724 24341
21455 21458
1264 16590
10317 25719
23943 24909
16924 18455
922 26493
6389 24184
17423 17424
1196 19582
6828 27633
1342 11996
15485 15983
19183 25727
6621 24965
1355 4908
2604 4974
553 24847
18247 27588
1873 16015
19695 25034
20850 28559
271 1303
2497 18178
14359 21563
5734 25373
12028 23863
2937 11488
24605 26724
24540 25459
11004 19315
15141 24725
3837 4140
19407 28784
1381 28930
19410 25468
1856 26493
3921 4059
234 24653
9951 24829
5103 10662
2141 8008
2412 26091
27224 27272
23923 26102
26231 26502
25277 25758
25847 25859
6705 18169
2817 2819
1593 15253
13060 17566
3302 24338
470 13094
4996 27648
27443 28335
25772 27072
19661 19662
402 28518
9280 10502
1484 27001
24703 27828
24130 24638
11488 25373
27997 28008
12148 29179
1075 25473
9433 24749
2921 13757
5880 11450
326 335
26712 27241
19381 24077
6456 12285
18654 28156
11418 25036
6014 7171
1827 2775
21081 21084
7154 11047
24594 28699
26261 29367
6067 6698
25403 26604
4328 11817
4919 16241
9991 25833
9992 15541
19407 24301
2959 11593
1034 10824
1039 15921
2239 2293
10751 24815
3612 24121
15298 26832
7112 29713
8369 24410
1498 3545
24594 25473
17936 17937
17280 25457
24703 27233
7255 13149
4413 25605
24639 25033
602 7131
16850 16851
24069 26068
226 1733
892 26095
1384 15298
15130 24151
28553 29363
22748 22754
616 28264
616 27552
3551 23948
5880 7342
24877 26908
14112 14215
4179 25212
1243 1244
15915 17445
711 24540
6367 23081
10902 24001
8854 28042
540 2093
19474 25196
27271 27304
14655 25667
17560 26440
9903 28053
24540 24903
15466 23518
8359 24410
10433 24230
27443 28803
3001 25854
6575 8066
449 6729
25265 26035
25265 26615
25430 25804
242 7268
27271 28844
16446 16450
398 10853
23923 27841
7541 7694
4348 4350
25483 26346
6705 29691
24725 29364
5888 5936
6978 26183
27193 27459
14566 14804
14591 19297
740 741
609 27910
22479 26874
9461 24197
1355 23897
10824 15354
26429 28602
3551 23918
3784 26254
10785 26987
5880 29171
3131 18039
8707 8911
20368 20379
25690 28393
271 20215
3851 29058
7786 7988
2827 25837
24319 24359
13790 24174
25783 26057
2827 25471
1275 11641
4335 19239
226 26007
3551 14192
24814 29186
28376 29550
7772 25601
23801 24810
22273 25302
24403 26990
134 20682
1585 25690
5581 17740
7821 28731
22250 22439
27431 28731
4964 10569
9525 24938
24695 29085
24521 28194
15372 26560
13294 28843
7547 25509
8306 9162
18611 27656
20061 24540
16199 16206
10338 17987
5967 7255
26144 28593
12102 26564
508 511
9189 27430
14685 20524
16160 29218
27355 29369
7154 16025
24791 29180
8105 24993
1617 7112
14192 29778
338 2325
24836 25719
17974 26794
5197 15365
11418 24812
1380 24628
6739 24834
1484 29267
19529 19588
15298 25044
25067 26228
6367 27357
1542 24159
9874 25377
439 26373
16783 16784
14447 15450
1150 27555
19640 20414
29218 29234
18654 25563
242 7356
15336 27316
25894 27377
17800 17801
24758 25328
7528 24525
24310 24312
242 6574
642 1313
9251 11418
25605 27544
8925 9069
12148 13617
25377 28418
13711 14655
19501 23868
22819 28867
9445 13197
19454 25377
1585 8651
697 847
15130 28867
21201 24716
1449 7171
2218 29137
3221 9490
1525 3001
26120 29446
2237 24677
26343 26615
24887 28706
4645 26393
6939 28271
1498 4918
15879 15880
1959 24913
4739 8794
10546 25236
12304 13083
24325 28735
19980 19982
18907 24653
28027 28032
25376 25815
2484 3854
17674 24613
21025 22552
26947 28989
11470 26191
19410 28333
18291 22490
27194 28445
28648 28882
8052 29276
13129 25371
10853 11173
911 26510
24703 25341
1150 19582
163 29169
3001 28318
26275 26543
13779 24934
24397 27549
3001 22273
26046 28482
860 27482
24814 26291
14644 19360
17604 17605
8205 27913
368 396
4874 26597
19534 25196
4098 24288
23234 23237
15298 26218
7517 24899
731 13235
5564 6705
7130 28271
15052 26072
1539 28822
15941 24248
23004 25580
656 6823
24024 24639
10809 26507
20944 25028
3816 3862
6575 24313
4727 24845
23829 27409
24495 24564
9874 25567
8126 8129
14015 16720
3628 26072
4662 4664
15999 16020
242 19410
14637 14641
14903 15286
28221 28844
24240 24703
25616 27556
5487 5831
26213 28640
24562 24578
8891 8892
3985 27648
19528 25196
3001 26271
6503 24747
262 621
860 17355
1664 28989
975 10937
26627 27538
19205 26197
13946 25690
12329 12345
24957 28606
7219 7220
6070 6088
3362 27071
28057 28101
2015 14417
9874 25435
529 26648
10959 26072
675 25989
19322 19633
14403 21812
6107 24291
19631 23799
2224 27991
24836 27255
8532 25459
25614 27067
4862 29028
3092 28822
24286 24969
26910 29267
504 5675
18654 25318
9727 24329
387 11564
10007 27169
688 29437
2591 28606
25838 26540
25667 26615
8295 8547
25856 28882
9874 25419
10926 27446
12148 16399
13893 15030
15307 21141
21151 26732
8761 10634
23932 23943
4269 27490
7551 25266
6916 16161
271 27288
24993 29437
727 14482
12722 12724
28771 28785
7748 15298
266 15541
25358 26564
1405 17753
17742 28738
17199 24571
15354 28065
2846 19624
19405 25196
2997 20797
2612 13779
9730 29132
1355 1412
7329 10070
20061 24217
28332 28637
8698 26635
18258 26606
24829 27179
16220 28237
8186 9450
10618 14387
22273 29168
12852 12885
21201 24330
8705 17004
234 7347
24703 26153
4316 27107
13712 24249
10990 25460
9883 15365
20506 24488
28267 28784
14975 27689
2942 9487
14332 25433
17100 19594
1815 8255
11237 27275
9189 9439
24550 26502
25146 26642
20734 20757
4324 17866
21760 21761
755 24857
24888 25388
21119 21120
19862 24256
24747 27841
3551 23841
3534 3535
2854 2855
3193 12408
4840 4842
28842 29436
16049 23082
986 14644
11250 24897
10001 23081
8359 27340
23995 24410
2157 26510
24550 27956
2830 4333
8780 8784
24172 24703
24590 24602
15465 15846
24847 25563
26982 27147
1410 28930
4336 25585
1940 15298
14387 17753
20237 23408
9590 24297
17388 19407
13856 13858
24301 24594
732 11670
428 1569
24782 24787
11533 25742
26465 27212
3551 24061
23276 26488
9005 27147
19742 19743
8998 25377
1105 25783
8956 28075
25838 27750
4657 27648
1 25858
12524 24180
1367 1992
4337 11643
26543 29342
4466 7195
8711 25768
15398 25894
26939 27212
338 24811
3017 12787
28376 29569
9279 10578
6719 25433
15922 24822
27644 28271
1242 14309
24088 29660
5202 19540
19315 19558
1023 9147
7748 28744
7141 26647
16399 26730
1898 26538
4943 27189
2634 29454
621 24659
3168 24531
3109 28565
11059 25473
19407 27443
20025 20028
25904 26072
20050 27005
10161 21681
8920 12173
5072 18400
16073 16074
8698 24077
24018 28227
529 1373
5519 14209
22363 24774
3160 28879
24550 25422
5285 10824
13489 21751
4847 20378
656 21921
1737 24111
5826 18896
1191 10474
2091 12752
20414 20417
25181 28821
1264 3965
1084 10849
9975 25593
1413 26233
12 29045
515 24598
14041 16735
19349 24282
4601 9280
1951 2269
2942 9496
1168 24910
13940 15541
1405 24077
26113 28286
17112 26947
24201 26990
9559 9560
11038 12312
1632 2087
7647 29426
18158 29700
2768 25751
28425 28784
26719 28382
12231 26588
13757 14467
5837 26782
25301 25409
494 26564
18795 26246
8066 24264
4644 4647
730 28045
19377 25196
23869 23871
11918 11920
529 27711
15141 25605
3613 27187
26763 27842
11589 24897
26035 26126
4292 27751
151 2824
16156 23795
13060 27198
271 15547
171 195
792 1715
12231 19519
15585 18039
24692 29363
10743 18104
242 743
15298 24653
7635 24592
8813 28042
3803 6233
13727 25443
14131 26184
24692 29617
11569 11571
24888 28026
24180 28680
8359 24340
15008 25473
882 28065
11560 11573
13163 18332
26914 27390
5506 24325
8216 24747
3551 21658
25511 27077
169 29099
14703 17672
23923 29126
5487 5842
692 16699
966 3486
4849 14798
17200 18356
28680 29058
27538 28784
8216 12750
23798 24658
412 24924
5753 16091
29236 29286
14482 22490
5332 14365
25699 27189
3551 24096
10888 27080
7142 28271
5130 27215
26967 27073
7110 26726
25015 28994
1506 27050
26557 29474
25507 25509
5455 24662
3916 8793
24836 28518
78 27052
6525 25475
15597 24256
8328 15758
7040 28271
20061 27002
412 27337
19546 24102
4898 29088
4661 4662
27174 28964
27152 29179
5295 24726
14896 23797
13335 13336
13291 19349
17280 25406
16399 28262
19410 23799
4333 4334
6883 8724
3551 20061
24293 25285
23894 24521
5234 26658
25373 25597
7348 29132
16253 16254
6589 24653
5871 25285
5197 19194
5685 28680
1530 15085
25616 26832
4410 4529
1767 18039
23384 23388
25635 25636
15454 23987
5471 24572
8872 24250
5999 8440
15354 25796
20489 29643
3908 27788
20612 20613
7354 29337
2215 13230
8570 8619
20464 27144
6144 18874
3581 26165
6129 6196
2068 28271
12579 22273
9766 9797
10417 24226
14427 21130
242 24772
9749 25472
5485 14711
25237 27373
2683 6985
5560 17753
716 1126
317 15298
15055 20489
21602 29038
14655 28085
5665 10937
23038 25122
7074 26726
581 28504
11154 25373
24780 25961
26179 27297
2238 25137
3272 3274
10824 24727
8546 15806
19621 23792
7195 24034
271 24152
10443 10445
5880 26136
1275 11730
19551 26862
21398 24747
8069 27430
3271 24333
16328 29578
24517 28445
3508 25891
3160 28945
3551 24703
20511 20715
9104 18158
634 3536
4654 12895
24605 28893
27134 28026
15707 27354
27139 28035
4340 4341
1696 15298
19381 26081
7229 15410
4851 25815
3551 23615
19574 26564
7738 8154
278 23818
13501 28100
19646 24065
7702 26183
2412 27096
14017 16712
15785 24121
26606 28502
27189 28223
19475 25196
24018 25909
3001 24301
15248 19447
847 25504
1050 2484
5880 11456
12856 12871
5072 15336
12661 12666
9110 18158
15991 15999
12682 17556
19637 25196
3525 12629
12618 22273
13519 25792
7329 24821
6519 6650
27148 27465
14428 14866
8027 28744
4574 12920
4092 29100
25492 26840
12807 12808
16015 26765
14543 27390
4077 24418
2942 6575
306 17920
24077 25742
13693 25433
25398 25641
1097 20518
3143 19542
8359 27460
28771 29293
14310 20461
5018 25188
18356 27975
2661 24293
271 8255
17004 25886
1171 28332
15174 17313
7702 25605
3028 3127
20072 24957
943 24252
13994 14462
4981 10409
4622 28551
14370 19638
25444 27871
317 24847
6811 23961
2412 24847
3764 4727
24397 27198
25815 26695
24802 25328
4098 11067
2724 19239
24732 24745
18530 26018
28599 29008
21398 29039
25841 27750
24183 26519
5837 24521
16119 16120
6664 25891
5352 24250
23847 24897
616 28265
24531 24639
24639 24815
689 3211
27228 27256
5685 24301
20961 20962
24151 28282
25537 25538
242 6364
25909 26787
1140 19582
15284 19476
18212 18215
26933 28803
25639 25921
27206 27509
7702 26793
4628 10838
3002 25862
730 9060
23995 25036
561 24703
17004 27571
3838 7596
599 27288
21254 24018
2979 13519
6705 18214
23987 25493
2200 8603
4192 4954
26841 28810
11286 11326
20854 28559
18775 27660
12231 27997
20909 20910
5207 19588
2133 27191
10073 26506
1475 9182
8741 26936
1498 7858
12467 13432
4326 24897
4624 10203
15922 25022
25377 28033
708 9280
1412 24507
8838 12391
27001 27373
5976 6017
6115 27390
9535 11418
7310 7367
8031 29058
17004 25398
4908 9957
24769 26335
15009 15013
22273 26472
616 26645
13234 18273
23788 27611
25238 28260
24274 24421
8761 10322
1224 1246
1059 23818
5530 26283
7066 8932
11554 24897
3551 23925
6705 8756
1455 24742
309 28518
10241 26035
2554 4211
12309 16399
5873 6386
25315 25471
3551 19873
2226 7103
11195 11196
17962 17964
24653 27476
11141 26035
2979 23943
1355 28632
18354 29364
6612 15298
6679 29132
1422 14219
14138 26050
3803 25539
10070 18158
2527 24703
18739 18744
110 26925
2916 25977
13026 29179
13170 27153
9189 21053
26138 28373
7329 29594
11307 11635
17218 17220
26262 28735
3160 6162
24250 24271
4058 7023
8162 12148
439 4539
6985 15030
3160 26936
13253 24564
3001 4603
2826 2827
25468 28260
27590 28271
25317 26095
6834 7137
2412 25460
1275 11257
7707 20979
2664 24924
27687 27688
10769 27508
2303 24703
5072 9302
24473 27349
7858 28021
6625 15298
15800 15801
19877 19881
26624 28930
1531 28482
19485 28087
7298 7354
3705 3954
12148 25793
9768 25472
3786 27842
17004 24703
27086 27346
3910 27390
25328 27531
1239 27864
28648 28867
25605 28371
922 1603
25394 28038
5695 9289
7047 28271
950 27482
19401 19567
6003 6010
17484 17485
11549 25585
28307 29358
19576 26841
913 25558
20113 20117
7548 24540
2245 28076
553 27831
3942 14124
664 7203
7694 8255
11320 19410
2484 7752
7141 29049
13291 29335
19387 24212
14643 19829
1059 7589
18531 18532
8359 28173
242 15719
24077 27940
2693 22490
7195 14973
1186 19582
10148 24263
21058 21064
11562 11648
15991 16000
9260 24897
21936 21938
24743 25265
8545 29761
4917 17067
29602 29604
14848 14850
13022 26564
697 901
13291 26734
13946 25570
2412 23968
10616 29706
23788 27639
19551 25605
14018 29325
27443 27539
17280 25366
27067 27134
2681 2682
9084 23818
24934 27462
6856 25967
823 5734
27226 27327
1530 2064
7696 7714
24641 26712
14050 28355
21321 28245
4300 13520
13880 13884
359 26064
15850 24396
648 14494
28032 28092
5846 14310
25815 26488
23081 25450
24481 29454
28530 28844
16216 28055
19604 23594
18718 18719
7858 29759
7795 27443
7647 8546
7508 17041
17302 28843
24725 25205
27256 27981
10192 26035
9395 24406
13520 26179
11488 14885
24879 27555
12539 13678
1313 23897
317 439
20518 25493
5512 14018
8894 15587
16033 25188
27265 27268
14111 19349
20464 26457
17366 24250
8216 27750
695 27949
2111 27215
1070 14221
10093 12777
25667 29137
23818 24659
1487 10794
12231 14482
4283 24368
962 24521
8518 24508
19631 26976
892 29058
28439 28440
19567 21232
11031 20137
19315 28403
2043 25434
3908 27571
1664 28454
1571 15298
78 27047
4007 17866
24657 27303
13229 18286
12767 12768
6575 24276
24818 27490
13672 27416
2824 14310
2684 7103
11365 27030
439 26090
6679 19315
5217 29008
14309 26183
6985 25877
14418 25798
11706 13844
2683 10824
5017 29363
24594 28700
5873 17644
4181 26126
845 24666
21747 27254
387 28728
27490 29081
18412 24243
530 634
593 26438
4336 11307
21706 21708
27983 29095
13790 19501
23081 27203
5613 10743
24821 27178
911 29267
1847 26493
17200 24416
24725 25190
17004 25981
1412 25373
743 6295
5205 5227
774 4703
24876 25432
11824 23799
2598 25605
2412 25768
7586 15708
3160 28967
2169 5545
1092 12565
7702 25920
6472 7227
11307 11571
780 7755
2790 24550
15785 28638
25206 25207
28237 29275
1638 16216
11048 26018
24256 26080
4454 27628
4060 28436
27490 29113
1632 15636
4993 27026
960 9383
8965 24887
7255 28712
11596 24897
19542 24031
11425 27783
6367 11998
15424 15425
15909 15914
17313 26941
15454 27288
15991 16006
19505 24399
24774 24775
4727 5685
19344 19346
6332 15298
4516 11124
470 29773
17100 24277
4789 19527
14885 26053
10947 27247
1863 15399
5891 13721
4693 4878
4900 19453
26197 26326
11971 28559
10641 15541
6379 26576
1079 8331
15897 17427
24780 29049
8609 25768
1412 7662
14535 24256
4849 26606
10557 28430
14279 14280
3534 12916
10968 25772
1664 13952
8627 25817
354 14494
3271 29296
14112 14149
12231 19490
14321 18918
21725 22251
46 58
24592 24718
3243 27215
24130 24675
10903 24013
6916 16686
21910 27538
26291 26517
11004 24055
19945 25732
24708 28822
11529 25034
14644 20793
29758 29772
7400 7483
530 603
7029 17974
3270 26668
14310 14476
4403 25769
7677 12003
10990 25468
1264 3969
10968 25156
3169 24990
7171 27199
688 24550
1664 13810
19293 27786
242 7467
10990 25599
242 26543
6575 24344
14334 21519
6784 27648
1974 26611
1983 4737
6008 7978
995 19527
3551 28164
1902 3951
7644 25109
1751 4943
3363 8186
25409 25937
24267 25044
3838 24604
12994 29787
28779 28841
8245 28570
6985 26488
285 1027
21834 27841
11694 24168
24632 24643
19194 24791
1632 5123
10986 27822
24893 25433
4850 25815
24489 27011
13060 24667
27412 27414
25790 29653
8359 25642
14192 17004
242 25816
1655 24332
12901 13493
1355 24278
9217 12148
25430 25544
24329 24946
5207 11081
8066 27768
14387 28268
13890 13892
7422 29207
24879 27029
6022 17263
1937 7287
14310 14424
817 1220
11549 24897
4844 24295
11252 15549
24365 28173
2899 18188
3551 20423
7313 27511
5318 20518
15999 28953
4584 25605
22745 22765
21398 24342
28376 29533
20286 20294
529 25853
29058 29263
6705 8649
3414 29228
7619 28803
5922 5924
24225 28930
23818 26387
6764 27371
8591 8632
644 29179
17004 24049
25626 29238
7037 11220
1073 25422
3004 24301
6169 6172
9590 18412
8437 26100
15556 21362
4098 25775
21199 25230
16682 25753
25385 25561
1098 28867
5715 15752
13790 18412
20690 20691
3160 5261
6367 10555
110 111
4585 23798
9055 24888
14724 14727
3160 28896
18677 29364
9869 15365
10441 27411
4117 27661
3362 11081
23178 23180
2242 18792
15685 23814
28307 28518
10472 23785
13243 13245
13717 29716
14018 27184
3951 7154
986 24252
23788 27559
25411 27739
11123 11150
23818 24163
14085 16723
14162 17764
4862 28859
9305 25018
540 2108
2614 28687
27597 27623
14352 19906
13832 25177
3059 6698
23987 26241
14131 25927
9535 24094
1018 5197
19206 26543
5870 7606
1680 29008
13871 24069
2828 8997
2661 4924
10948 23863
20518 27785
17410 24961
997 26478
10770 20061
10070 24617
858 27562
29031 29032
9062 24887
7662 16960
8921 10785
5036 29363
16096 16801
10824 14700
7313 25044
19407 24639
14338 14341
10880 17280
4592 25616
9818 27325
24550 25146
822 11202
8749 8887
18169 26823
3580 27071
1 26677
12390 18861
11593 22490
24120 27739
17974 26819
19315 27687
26597 28803
1852 19061
25719 26001
5919 23797
14103 17753
12365 16399
2624 24924
23814 29596
3271 24486
2838 2839
2975 4007
24482 27504
2600 28194
1574 4025
15820 15822
765 20115
19304 25242
922 9273
6789 6790
2779 20944
11144 25473
25044 26483
10120 18601
1242 27180
4391 21850
11799 11800
1530 29085
14615 26018
271 27862
4007 8359
25473 27793
2931 15741
24248 25771
24622 26186
19407 27691
6318 24521
24747 28087
17525 26894
26564 27066
23838 25836
242 2067
819 19320
1574 29263
7889 14042
3001 24392
24163 24659
20944 25328
2731 27462
2336 3001
2200 6621
8066 24304
2634 27443
15566 15567
1317 26308
24605 28648
17004 17156
1264 3687
8385 8860
14409 24488
7988 8320
9489 10483
23987 24267
4585 24267
8359 27154
1059 3106
25416 26007
18375 18377
1532 4665
24643 24679
1264 26624
9445 13184
22032 26081
11365 11926
3784 16655
16749 16751
2846 5753
242 19205
2192 8511
5691 24274
11593 24747
24935 27189
15361 15363
2546 27564
24393 28143
24383 28833
19410 25432
5880 24648
1715 15398
13682 13704
4330 27147
8328 15736
3521 3556
22927 22929
4796 4799
15492 19117
226 2780
24293 24351
26493 28689
23900 25029
19293 19315
26605 27842
4760 4761
10925 23862
4 18475
9177 9394
6972 28271
609 2714
10325 25409
3285 14482
1405 1615
997 26197
17866 28003
11141 26123
24810 27268
1509 24256
20734 20759
265 4562
28808 29363
26470 28867
10749 25473
19315 25373
24256 26067
3859 3953
12778 12780
23997 23998
2412 27081
3160 20878
23818 26194
16338 24976
13639 19506
8052 28264
10108 22648
2449 7154
2599 2633
262 3780
1276 27430
4533 25605
836 26668
9628 24743
1373 15921
13291 18765
4514 29453
13959 27259
9079 24887
9252 24094
2612 29177
10287 25690
25276 29145
7858 12409
25077 28602
9450 24196
25056 25725
3551 20956
11695 24474
9972 10001
14535 23894
83 4192
25328 27868
23968 26388
4660 4664
13618 13619
1992 27907
11686 24540
15330 24986
13131 13132
825 5560
14372 14374
13779 14455
21004 21007
19 21
1162 25459
27099 29212
11294 11563
8066 12390
656 29233
16381 26798
14557 14571
3537 24180
1521 11694
16446 16500
6250 13180
6367 24541
8066 24437
11695 28638
9874 25562
24813 27648
4699 25815
3951 25165
27474 29162
242 25424
26064 26179
18654 28626
1085 22177
2830 27373
1877 25447
1142 19582
5880 24256
19407 28238
15082 15083
28146 29162
25804 28503
11081 27681
3211 11564
3160 26007
737 1452
889 24176
985 29342
7195 27490
11048 18400
8086 24503
8066 24430
25450 25460
22070 22073
355 475
25077 25454
17610 29363
25954 26668
13127 29776
185 24988
11647 27097
13519 28065
11488 13801
1466 2672
26018 27316
17720 28065
4200 5082
11689 11791
15521 23897
17355 27988
16594 16595
16072 16073
1972 9354
242 26064
1767 24639
9450 15532
25418 25419
3811 3940
2715 12231
2833 9963
25473 26125
6399 27913
12938 28318
4917 16993
14805 14876
8868 9947
2192 7154
13519 16015
10849 12597
13739 23810
6686 27476
17004 27844
6575 24342
29615 29616
6029 27648
10990 25471
9217 29058
3243 29169
169 25723
23956 23957
3001 24617
16960 18158
2453 25647
21151 29459
19315 19369
15946 24130
14550 26018
1 26052
21155 25230
18582 18585
11004 23895
10438 18109
8011 24034
22273 26493
10884 21012
13981 13982
9005 9037
3908 27276
4917 24621
3951 28852
2661 15354
1521 17866
4789 24094
7195 25378
1532 24226
21156 25230
7329 25859
25483 26170
24121 26903
11563 11661
26493 27736
1234 29022
5753 25373
6108 24924
20061 24885
26714 28882
9445 13158
10417 26564
12430 12441
14622 14738
6047 26936
8606 21393
4482 11081
1264 3970
25147 25580
1903 28869
21201 24403
24197 29426
20061 27001
19454 26429
359 10043
16216 25394
7796 9445
9229 28784
25610 27067
25459 25685
1690 26007
5780 22954
2661 26624
2403 24217
14448 24256
1938 25188
15289 26457
23798 24605
14538 19315
12076 15174
908 27504
5972 27986
24628 26043
1532 28087
396 28333
6870 24151
26502 26510
13153 13159
26343 28227
20193 23806
4192 26972
13002 13008
42 43
25242 25433
9571 10882
2978 2980
10244 16947
16088 16089
27011 28637
20518 24747
25033 28445
414 28518
18214 26823
26903 27297
20456 26126
23537 23538
1263 25348
869 28065
9269 25585
860 18158
11141 28076
7843 7851
5788 14112
20932 24151
24365 27538
24822 25022
5981 6010
112 29511
25815 29071
9740 9748
15432 24653
13005 15608
14141 14144
4193 27679
4568 12939
10365 26841
1191 26823
1601 5444
439 26990
26007 27507
7858 12304
27757 28518
25165 27693
20111 22799
688 15521
18411 25830
8255 25793
24183 24982
892 26485
515 26823
1856 26939
656 27656
18434 18437
2693 26749
26611 26813
28776 28822
15075 15323
4539 25853
23956 26560
4825 25815
23458 23459
20362 20363
22385 22386
18856 18859
21516 21520
949 24416
7821 27949
412 26647
2057 13170
18984 19293
4478 25605
29067 29068
21376 26712
648 24898
11261 13216
4247 26394
24553 24887
24629 24701
11081 11227
3201 13891
242 3050
15216 15218
24888 28105
788 1466
648 18280
15950 24282
8012 29058
10470 19498
24259 26335
16924 17004
4808 25815
9970 11381
6015 6027
13628 25339
9985 25610
24751 26072
4826 24603
1253 24680
4896 25815
16868 28237
5943 21790
24466 29179
656 25645
20475 20524
8566 21408
5665 6830
25377 25841
23038 25080
14810 14888
7755 24508
1096 23957
17571 26233
986 24414
2412 27131
9962 10733
10501 24899
20215 25838
26071 26903
911 6890
22299 22301
4911 24094
14527 25910
4690 4879
18359 29364
14622 24488
9136 14428
8995 25409
20239 20241
25328 29167
6985 7968
1765 3028
23818 24644
4822 25815
3868 3896
27911 27915
9510 12462
6703 15298
22273 28869
3595 16360
4401 4494
9711 9727
8359 24365
19407 24130
12916 28592
14973 23956
3315 3379
24392 24531
24617 25977
3786 6263
1098 28626
27124 28049
24291 24350
2412 27106
14018 26914
17269 27434
11365 27045
1182 5786
616 28252
10279 25719
26861 27011
3431 8761
743 1242
3344 6698
271 1521
1633 24303
4903 25815
2612 24747
3551 23882
11078 25473
145 24615
2942 9727
4862 29436
12372 17110
10258 24226
6729 26261
10335 25409
9700 9701
4081 17753
7771 28559
7654 24997
26478 26813
16957 28745
14773 14790
4199 28843
17419 17423
1981 27777
4571 4573
13326 16009
1776 28744
5528 27693
7329 29582
17047 28785
581 19477
5365 5388
7498 12689
1815 7858
26464 29179
12963 12969
28215 28939
9874 25613
1264 4892
2277 3570
3551 25742
25948 27703
8656 10853
3763 26113
21364 21367
4849 4854
1846 21201
3618 6288
14149 23806
6231 26247
7828 28740
26947 27540
3541 15330
22322 22326
23959 27390
4971 18719
1433 27390
5693 24946
15541 25358
858 28194
412 3170
24813 27841
24256 27871
1264 3794
17444 17599
5099 27243
19563 24256
25527 25597
23798 25176
25380 25937
14903 15288
307 15921
15298 25328
18169 28271
1031 29169
22490 24750
25287 28810
1264 26982
11445 27482
2656 6039
1719 4960
10639 14387
20456 25505
7655 29267
11028 26275
26113 27564
9167 25137
4094 9470
25815 27759
14287 23943
9874 25582
28530 28852
15141 28042
1487 27199
26403 27215
17189 24681
17974 26764
15487 24161
3316 6525
3348 4539
1253 24605
14587 19305
1827 26413
9590 15465
8027 9510
23961 24486
3669 21347
28332 28765
4336 9271
7702 27444
412 7425
1355 2484
13786 13788
26172 27803
5360 5441
2901 2924
17543 17545
27499 28200
5197 5826
12018 12020
22368 26972
913 24494
17004 19552
24810 29363
4281 24368
25287 25909
12861 29179
1 27069
12502 12506
8359 27179
24946 28030
12231 25751
1617 24226
19370 26264
24832 27502
2666 24004
1253 15608
18346 22490
4921 25815
24332 24957
6108 29188
3890 20481
1264 3780
13779 25473
12702 18340
26988 26989
2828 24887
7171 15321
26199 27390
24151 24594
6762 24536
22273 26559
21507 24365
2416 7154
14044 16741
11549 11774
6688 27648
2219 26040
431 25605
12148 29216
3837 7329
25624 28087
18129 18131
18972 18974
7613 29369
26149 26163
4624 27648
12745 23968
892 27842
3571 17658
18367 25022
17120 17121
24745 27005
14417 29100
365 13946
813 4368
9638 25809
1541 25504
6482 28635
24827 29435
4981 5693
2191 12215
2666 3551
1751 28585
19645 29179
153 7834
4874 6503
16924 27296
11418 16490
2661 26914
242 7289
9661 9669
997 20878
7845 16399
9631 27961
5685 24594
9738 16405
28739 28741
3002 10148
5551 24354
2100 11695
5073 29363
28853 28930
10717 24251
12230 20974
15330 29724
28771 29301
25909 27800
404 7937
27518 27519
7981 29058
15336 26936
24091 28087
7804 24841
2921 19558
8359 27318
23956 25264
2612 19501
10342 25409
2925 4727
24242 24302
1921 7384
11488 22273
5092 25251
7195 10568
24018 25815
3277 4368
377 27648
12717 12721
695 7408
599 28165
2040 18591
7828 7851
10221 26335
25251 25254
10070 29596
25137 26367
25534 26903
24847 27300
14813 14901
25921 26465
5591 21186
7025 27564
27992 28850
21252 21253
3001 26213
16779 29369
9481 28948
23953 23973
8359 27450
1676 4960
21507 28753
11274 19410
25492 26651
24094 24511
8255 26695
2087 10892
3900 3901
26712 28403
5685 24167
25521 26035
262 1059
6705 15476
5286 5835
27191 27250
1349 28930
5724 29640
922 24521
24911 25771
25000 26855
3228 8719
11461 26361
27288 28639
29236 29248
19172 24875
11701 24540
26162 28901
24934 26186
3060 28198
14826 14897
26144 28399
27552 29117
28518 29132
4098 26858
23818 26583
24170 25156
9991 24745
1563 25165
10990 25409
8706 26930
5582 13510
25069 25093
24659 26838
2921 10824
648 5974
22328 27490
16420 26891
19540 29213
6399 24183
12467 17842
24670 25040
12391 27499
3582 20000
25959 26095
4844 25454
7717 27918
5873 26894
1089 25841
1705 25022
25056 27288
4539 28803
23943 24122
9031 28062
25375 25415
727 26787
14417 28658
2683 22381
2546 24572
25940 25941
4703 4850
3924 5507
5876 24064
7195 9625
26943 28363
19607 19731
15896 17438
10735 27718
24111 28723
12359 16345
522 3137
19410 25488
24780 28803
1275 11874
4585 24410
24728 24729
4551 15174
7608 23987
773 4922
1205 26095
25864 28798
5800 10472
1967 26213
2412 27066
6679 26720
14636 22097
18937 18938
24130 26343
17584 26233
13672 25928
25859 27637
5338 24488
242 16902
3412 29095
403 28518
2640 3607
3924 5496
1488 24169
9136 27800
6215 27390
6288 15398
737 25451
9025 26987
24094 26767
5954 27564
25924 29137
17388 29247
4789 27648
19502 27840
14970 14981
25894 28504
2392 24233
14637 23811
10894 25676
24256 25992
4935 27168
22273 27778
7287 29363
3012 24895
4968 26687
13886 25399
7607 7609
836 6381
2633 2637
7643 23834
14293 14295
16488 25194
14622 16205
1027 12963
9981 15541
7195 25633
1976 5785
4110 6883
16439 16460
1770 4158
27760 27761
242 7265
9647 25472
17004 24119
25489 25682
12668 12669
8255 26793
19540 29218
6617 25672
1323 11418
11418 28854
720 27080
27478 29435
20518 21846
1169 1433
13813 25494
16025 18503
7287 8651
26375 26521
6319 27648
21151 29479
6968 28606
11149 28675
7702 25187
14863 24886
22567 22570
17776 24913
10546 24273
2284 26102
7709 24924
24130 24676
10674 26012
23260 23261
4800 27066
24517 25558
2412 27084
1466 28271
10353 10356
26449 29233
24924 25137
7384 21201
2598 10070
3134 3135
11563 11654
9839 9976
2921 13189
12725 26371
7255 25563
25815 28394
13092 13093
8346 8351
26832 29234
7151 7152
825 11141
1847 26793
16169 16215
13060 26787
3442 25921
24700 29375
24256 26040
17089 29665
621 24332
11533 18962
21631 29038
24267 26936
15452 19293
439 19485
26253 27390
9467 21201
5760 5761
2080 26261
9970 11322
2661 6482
10008 24550
7868 7873
1490 26763
17683 17685
24659 26625
24091 25742
9535 18654
25090 29162
20401 24281
9158 25311
6251 26493
25211 25528
21386 21388
15873 15875
3160 25725
25473 26172
4773 25604
10261 10374
21534 21535
24013 25234
25345 25348
5873 27288
16924 27354
5262 6340
174 7552
3124 28822
27110 27111
4634 18115
25654 26712
21557 21559
11819 25613
25854 26687
10996 26275
4316 26403
5051 24641
1206 1207
609 25768
15008 26093
17529 17564
24895 25429
24663 26164
24018 26712
4906 25815
17974 26645
17467 17468
24934 26712
3211 28843
27592 28606
9271 11631
2554 28843
780 7274
1050 24729
11824 26564
11942 15541
27034 27261
19335 21492
8053 9217
15008 24815
10805 25668
4727 24594
7548 26987
8059 8062
27072 27567
24699 24700
11635 15541
22809 22811
11298 26976
2277 15432
15541 27134
7037 27053
27577 28115
15303 21141
21201 28860
12430 24590
19599 26035
1466 27600
5843 5844
2406 18168
12003 24590
3900 25000
1617 1815
8359 21398
23933 24322
3551 20826
24441 24449
17610 29100
27424 27434
6193 7037
28237 28755
262 24632
902 24821
4611 4874
610 792
7355 26145
610 24121
2143 25563
24887 25289
12077 19473
21104 21106
5675 24869
18129 22909
5165 27975
7141 8559
6527 15298
2714 29099
17866 26573
22934 22937
14310 29751
14527 27975
18192 28008
1264 28271
26976 28735
3070 28822
2868 4924
15072 25821
27443 28328
4348 9792
5967 13005
3017 17542
156 6206
25523 28425
25591 28073
384 2780
24256 26050
580 28867
6705 26213
19315 27820
242 17776
9890 9893
25362 25364
8922 27147
599 15410
24151 26970
26109 26651
10229 26035
24747 28065
4330 11168
21151 29383
2277 28241
2857 24421
14633 19295
3100 9727
5651 5652
24726 24727
19529 24743
25159 28822
15673 15675
4908 27358
24252 24271
9962 10560
27254 28424
14369 19884
7702 27215
25328 27706
15370 17646
4081 14851
16216 28085
5981 7827
3160 28362
28992 29623
25450 25600
14387 25425
2926 29214
5734 26007
8946 24887
4943 7630
5693 19349
9416 15052
8216 25775
234 15510
2757 17004
23162 25185
2648 5665
18962 22742
15130 15398
11615 24897
17004 27900
439 3160
7998 24956
3535 12795
2729 25769
271 11010
1264 24856
10936 28076
3160 4594
15707 29099
271 1541
14360 22274
17004 26848
4085 29100
13211 27276
1326 28518
6116 26446
616 28280
26046 26606
27733 27734
16213 28237
19572 26856
1814 21201
25936 28447
10242 12064
3803 25563
27210 28867
5882 20258
25717 25746
19001 19002
3951 29363
4193 29375
22393 22395
5888 5918
2661 16051
23169 23172
18545 25188
2931 7564
9462 9466
24595 26896
28061 28085
18114 27241
28634 29169
10769 10770
15253 20543
16399 24278
874 11015
13994 14418
6679 25894
7050 26113
3820 26606
11593 26726
26724 29179
2714 26927
10797 27199
24506 26120
412 24594
3625 24291
9967 26901
17167 24143
2123 7551
5151 6641
3677 3741
7171 7755
11828 19631
13519 19540
17534 26270
1393 28867
19967 19968
6306 6522
2812 20357
14407 24488
1153 4697
9874 25633
6472 28632
24488 26606
12317 27609
24130 24946
1820 29169
8123 29267
9535 29077
3261 9280
8266 15410
997 24837
3604 27648
748 14131
10438 18068
3671 3672
12717 12719
25769 26064
8359 27442
22833 22835
18338 18339
7608 27862
13702 24249
1705 10254
25188 26742
24507 28755
181 2661
8428 9434
2661 24303
10148 24291
1815 27057
497 7139
11860 27029
17247 29058
29239 29242
8359 27382
2100 8473
26100 27538
2311 2772
8429 24369
13040 13042
16115 16116
26367 29139
24810 28410
540 2228
6705 24251
7876 7877
1070 3616
9510 9518
1459 24151
13936 25995
23987 24121
1466 26174
8922 25614
14265 14787
727 2100
805 7339
14527 28397
23818 26346
18544 18724
17004 27778
3123 24585
24594 27656
11150 25473
11008 26275
25853 28602
13947 15541
14437 25783
3765 3766
4269 25804
19039 25783
12860 12866
13936 19433
3561 6819
9147 24149
25394 25685
27254 28444
792 26193
17974 26818
2285 27991
17004 19061
25563 26723
1521 28838
25328 29104
4007 24736
16015 29058
3719 18393
25287 26035
24635 25815
8934 28031
6100 10472
13682 25433
15828 19587
648 24488
1422 26233
3112 8860
10889 25585
18995 25916
470 27965
14051 23943
5099 25940
26936 27648
14633 24256
7111 18169
28282 28332
28626 28776
26871 27544
12800 12801
13702 13703
3160 25815
4727 9182
26787 27560
1264 6853
8761 10165
4098 6456
5737 21220
26031 26606
11646 27141
1664 19094
15354 24445
24564 29267
7195 25510
15421 25022
17200 21287
2826 4342
1487 2827
28784 29117
10658 15541
18280 19183
18962 27254
26543 27587
4862 28282
12231 27288
368 26960
7722 23690
5908 29660
11445 25022
16387 16388
8922 28026
3986 26647
2721 26668
3267 26668
5772 14310
14790 14824
25454 26090
1589 22308
27571 27648
2484 24476
2219 24332
11394 25409
15897 17428
7892 12806
1 25678
5923 27648
10028 10031
8761 25768
21522 21529
4186 26275
24389 26216
9246 25191
1120 19410
18324 18335
4761 28359
18468 25980
4098 26879
4862 28768
2521 24666
925 926
4333 25458
10472 24317
697 7141
6645 28680
3551 21158
25242 25418
4826 25667
3837 4862
1472 1473
13813 13907
27011 27151
339 370
6834 7104
1569 6664
11488 25198
27409 29653
26747 27871
2057 24332
1275 23788
1372 1390
6644 27443
3516 11250
2288 25188
24978 24980
16704 16705
3143 25415
1685 4960
25719 27902
3561 24667
21724 28332
3497 3753
29490 29491
2484 27961
8024 9229
24267 28571
17280 27189
3551 23885
6557 15298
14566 14767
24304 25422
18611 24305
6357 26337
7873 24591
5880 8511
2412 10990
6156 27390
10320 10321
158 2827
9416 15019
3067 28564
11598 26982
4269 7496
27005 27085
5880 11467
15306 15307
2920 5740
21834 27211
2606 24924
12978 26564
5578 17744
9572 10864
10824 13838
25237 25429
15749 15751
394 28518
2226 2540
11673 28929
28672 28697
9962 27377
17866 24496
1843 14310
17974 26761
1733 6348
5024 9973
5880 11469
27099 28194
5088 26987
24594 27528
836 6375
970 1137
8129 8148
8205 17433
24731 25580
836 26169
24772 26224
8098 29390
25213 29693
1264 4060
21320 21322
9903 25924
5528 26840
19489 24256
27011 27328
26873 28348
994 29342
593 26370
13936 24256
25834 27079
6116 28504
14622 25909
22681 22803
13609 13611
16564 29047
1422 14714
9982 25459
5916 5942
24406 24429
11941 13322
12403 17011
27278 27436
338 9450
23085 23087
19786 19787
10599 24328
2920 2937
2885 24293
902 26396
14685 19620
4893 25815
24158 25334
2095 9189
20429 20430
17004 27842
8810 28042
6367 12012
470 29737
26270 27390
6857 24151
21335 21336
1983 24659
11296 11297
27390 28705
15591 15593
9874 27931
16701 25229
8786 25768
5000 29363
23307 23310
1664 28457
10633 25392
3001 26170
6916 16667
89 28771
4323 4334
4365 6705
18158 29223
7255 27043
27191 27577
6691 15298
865 24965
19447 20543
17866 27254
739 740
4210 24506
18342 22289
5253 17004
7608 28525
2735 5471
25154 25815
8194 9203
24787 26984
911 3999
18158 29699
2239 11047
11285 19410
2100 6304
1433 26606
10824 23473
11384 11422
21823 21889
2827 9961
5967 29117
24013 24595
278 24121
26925 27538
17753 20464
3508 28838
3916 4539
25725 28019
10858 28002
6207 6432
439 26832
7968 24256
4659 28271
2144 17352
4697 27810
25771 26914
11700 24540
17535 26440
3551 19643
14221 24741
22380 22382
864 24319
18654 28016
15935 24248
17004 27819
22547 22548
9646 15197
3786 5444
10990 28445
5734 25909
3613 19407
1664 26980
4193 25347
25367 25629
4499 4500
1191 27441
21543 21544
1827 26493
3243 28087
15383 23956
11025 25647
6689 15298
7527 8045
8410 28742
10076 12777
792 27915
4747 4752
3365 4539
3137 6210
836 19582
2591 28271
24013 25250
4098 26885
19462 25044
20363 20366
515 1618
22681 22822
4993 27164
15296 20412
10254 29688
456 15585
11987 11990
128 5321
12231 18616
271 9831
6245 26493
16591 28237
2796 29505
6250 23968
8684 8685
10350 10369
3764 9960
1484 25610
20348 20349
8216 26712
2180 21053
730 20061
3057 28822
13542 27354
26289 29696
26615 28497
15251 21772
15541 25528
1760 28784
19572 24824
11558 28026
14191 14193
24151 24690
3028 9462
14590 19296
540 24653
13005 24382
13274 16399
412 17291
10871 25837
3631 24130
19572 25146
13682 25909
11018 14428
609 5321
1664 14051
1380 6280
26035 26350
24503 29267
4052 25593
4862 28773
14940 19094
7366 7508
6554 15298
10055 26988
24130 24657
24507 28329
13242 13252
439 9536
6045 10472
28332 28860
7045 8244
18387 27641
534 15108
22240 26606
27065 29169
3028 9470
5101 26114
24650 29141
25437 25540
24815 29342
16360 17222
14493 24064
2733 26053
22882 22883
6462 15298
21201 25033
17004 27840
22925 22927
1791 28744
13952 25860
2433 26534
1706 29705
3106 24223
2691 28801
7644 11190
27011 27270
1253 29438
24887 28075
9874 25644
6231 6892
14550 17753
2683 19447
24989 29100
520 10024
3764 24094
11670 24900
11540 12111
2567 15298
25815 25898
7549 10432
25009 28744
26832 29011
2294 27991
25338 25341
19540 28391
1126 1863
10145 26035
9465 9466
3001 8359
21201 24623
15298 28612
4820 12231
13923 15541
4333 10501
4206 23063
606 14006
8017 29364
19582 27778
10507 28194
2661 2835
4590 24282
11717 24540
26635 26793
4192 24901
10737 26329
9229 27983
529 26728
26688 26695
705 26694
24762 24763
14862 24322
11397 25409
22544 22562
7620 14494
24605 28784
1264 4052
16194 28867
4862 23870
642 7236
9103 29596
9223 28276
19749 29045
25596 25630
3274 3275
5625 15015
5110 26838
23870 24670
23799 25597
4731 29149
28735 29100
15019 28756
12674 22667
26139 26223
2942 24303
25536 25538
19315 27786
2111 14417
17059 17060
7195 10587
25268 25579
6201 28477
710 9727
24601 27991
656 27590
1242 26492
27575 27591
15365 29223
9636 25472
3466 25009
23739 23740
3651 23961
3426 15541
24289 26926
17753 20988
24119 26393
19539 24323
25909 27763
3786 27736
12105 18263
3556 24988
25361 27043
656 1933
6517 27297
4394 25605
3150 19289
28525 28698
16360 28165
1914 25403
6162 27648
987 26369
1411 9294
26496 28271
2857 15871
13762 21338
8769 17798
8761 9926
1697 25391
22654 22656
27020 27025
4126 5875
18654 28184
24144 27254
28019 28686
24644 24646
6855 24151
19884 20693
24188 24976
2997 25355
13802 13977
27197 27462
1914 25815
29085 29179
1585 22490
4908 26191
7171 7630
4908 8359
10244 26035
9394 27451
3200 25326
27167 27169
24594 25022
3128 28098
317 26493
5564 15597
2516 27991
23961 27436
1224 1283
5785 28865
6838 26606
16241 29211
15962 24282
1624 25361
9284 9295
2828 8532
8359 27351
7366 7738
6729 24824
5532 7578
9587 12224
25163 28822
813 1253
12677 26361
3232 26278
28012 28445
6995 25405
15184 15186
9967 25647
19487 23943
12851 12852
23818 26308
10161 21701
21081 21082
6176 27390
15069 24083
1034 24630
2735 23901
17004 19577
3271 5230
911 2079
4330 11307
4908 24969
1807 13026
9888 13042
6289 17622
7596 24330
4183 25815
21497 21499
24670 25036
24278 29335
8922 10785
18532 25188
21742 21743
21178 25230
24810 27374
18247 27676
1484 25635
24534 25201
6576 6711
3881 26564
4727 26335
2566 24267
25580 28035
19806 22273
3271 19624
7508 29169
26543 28379
12231 13790
27997 28087
8600 21421
6557 22529
15354 19381
19383 19384
27011 27326
24946 27290
1264 2421
21395 21401
25027 28297
3001 17041
610 24550
6236 6408
1412 24605
26038 26039
5560 16399
13311 25769
78 26994
583 25563
27418 27534
1569 1983
24266 25236
3268 15795
27254 28385
9979 11544
24869 25296
311 25454
6228 25286
25242 25719
8623 28843
8506 8512
1983 26134
15443 28550
24875 25590
1264 23961
24034 28430
19072 23943
7855 24863
4911 24815
7851 29267
226 1992
14192 23818
24957 25769
7195 25675
6729 24957
25727 26540
8162 24506
23901 26035
14221 25429
23886 26488
18169 24418
1253 28850
480 28518
13867 21920
4098 24594
20958 20959
112 29558
24472 27215
25056 28110
11955 26992
19631 24540
892 24632
9399 20552
28111 28222
13253 17809
7360 7366
8227 24388
24968 26043
1751 6821
3143 25237
9069 24887
25377 28029
11829 11834
10599 24266
10450 10483
28771 29278
8305 8307
28120 28366
13324 15827
28146 29039
5379 29058
11282 25237
540 26337
24499 27841
1903 28875
10990 28260
1832 25057
1958 24924
6021 26064
1717 24366
15432 23897
24242 24252
9588 10853
19894 28231
4585 28901
2484 7734
24897 26962
3072 28822
2484 8162
11065 26511
7023 26113
9386 28099
4603 26597
244 15597
14111 24995
3414 26830
14310 14446
12651 29579
1767 19479
4536 4537
21240 21255
14282 26679
1777 18962
7151 28008
21933 21961
8761 10128
20016 23829
306 27842
1253 9217
24389 25044
19183 26564
965 27643
9031 28045
9182 28775
996 24641
8288 8547
25804 27254
5880 11455
271 2780
24256 25667
1264 25660
926 25603
355 1070
14162 14163
4795 7186
24018 24639
3475 3486
3002 28874
218 23788
27155 27843
1264 29403
8328 15769
3053 3116
1057 26507
6352 6354
14373 14395
4624 6575
6066 27303
24297 24352
22369 27033
9624 27355
24828 26823
9525 26335
22536 22537
26124 28377
8066 24275
1767 1785
26447 29193
46 81
14557 14768
4603 28271
20050 25577
6171 19315
24486 29267
3271 24832
5799 24291
11866 19172
6575 24348
12358 16399
17004 27788
12795 15330
24655 24769
9237 27011
26731 29500
6022 25550
14083 28348
1920 21201
15219 24815
9525 27831
17721 17724
25409 25432
9223 24494
535 29169
13432 25222
14417 24121
15197 24117
15708 26950
28660 29363
9985 17280
1523 3001
10853 12265
2513 5048
26647 28283
9229 25677
10068 17538
7728 26959
23818 26486
8359 26343
25900 28386
14482 27144
271 23995
13694 28656
2093 5614
1373 7401
18006 24736
8441 13553
10463 26183
5615 5616
1303 15785
387 26694
5870 16228
6659 25443
14232 24742
25616 28520
11190 15707
23818 26135
529 26629
18765 27373
11760 26987
9386 13111
24389 28120
9193 25191
5997 10148
16064 27917
3372 27648
648 7499
16091 23943
22 634
12992 12995
697 16924
1789 12938
5568 20464
1632 18085
515 530
1726 23656
27482 29406
24699 24701
234 317
6698 29058
28134 28222
12875 12919
757 26343
25580 26962
8514 17208
262 688
24649 29049
15603 15620
582 24946
26657 27293
6916 24990
26747 28278
22990 22991
28254 29039
20083 23965
6318 25881
4192 12391
15459 15460
14309 28271
1361 28930
17178 27501
19540 24352
4006 15399
6928 7124
599 5132
26930 28065
8860 26758
540 1355
4337 11895
25977 27266
25320 27011
14988 29777
3001 26486
14417 24151
8830 28042
2136 29099
2412 11543
25891 28352
27985 28843
2835 19539
1368 17316
7336 10659
28167 28930
1264 3862
2931 3002
17211 24252
16904 16907
16455 25194
8948 25418
2942 5058
15367 23956
1023 24154
1690 18896
25373 27782
6764 7551
4368 13170
9445 26962
428 26476
2252 2399
11145 25473
24018 25242
22631 22993
26721 28259
4430 27130
12148 24995
28582 29008
1992 3001
6034 24333
5568 24824
24653 26327
10443 10444
6653 28043
26113 27892
16399 28283
2857 24317
7843 8183
14940 26606
24629 24696
163 4084
23790 23812
21637 29038
175 28911
2920 24246
8055 20061
8746 16267
464 10571
26840 27831
2598 27590
16156 26904
3992 18017
89 24799
24594 28721
1172 15398
13013 13108
11488 14561
26032 27254
11694 24151
3197 16575
7239 9590
17004 24890
7505 11056
11172 11854
17974 26824
812 2111
21950 29738
12100 20061
25989 28042
5049 29363
17533 17544
13948 14357
22 28742
20988 29352
7092 25634
9272 11549
1933 24817
8932 25034
594 10211
22062 22065
8162 12806
9727 16370
9177 21151
26377 28445
13689 13690
12788 17612
874 12629
7262 29363
26793 26922
10161 21704
7702 26367
14781 19620
7485 28798
7141 8582
14929 23943
15474 15475
7154 16032
21299 23816
328 3699
4269 17334
27164 29169
322 27826
23038 25107
1903 5126
355 25727
1412 28613
1439 18657
15581 15583
4552 15174
22681 22827
17175 17176
21398 24681
24732 25550
23038 25149
24329 27107
5824 24282
1355 7298
2931 24013
2051 28552
7141 8611
14200 14626
25373 27384
15172 15175
4732 29149
449 1706
8441 12310
3798 4004
1303 6820
863 28065
3252 25213
11823 11850
1401 7671
25815 26688
2541 25340
16015 28867
895 29617
24654 24791
2801 24550
12390 25920
13897 13907
9758 9759
14309 26164
8761 10385
7647 27430
5359 5434
7195 10528
19638 21530
7926 9189
2005 28322
3001 19407
10864 10926
23894 26615
25433 27796
14153 14158
25237 25558
26720 27649
6467 15398
1876 15032
5101 28911
7255 13294
8181 8182
1017 3796
1844 5365
2195 2600
26017 26019
26962 27044
1884 18700
449 1715
25605 25799
5393 5461
2638 25510
3048 7037
24486 29435
19454 24256
25715 26613
6621 29137
3160 25830
24184 27890
911 22273
2628 28692
3001 17953
4681 26745
27296 29137
5054 27156
9874 25367
7037 26974
17866 27495
7141 8574
28044 28046
23788 27587
18547 19447
5024 18765
18389 18962
26090 27479
1116 1137
7968 16399
26673 27196
14163 17733
426 484
24174 28771
20600 20601
14379 20423
24623 24847
26493 26903
860 24333
26801 29132
24481 28639
16669 25226
7014 25019
3017 12788
19773 22097
271 1041
9874 25655
1059 7588
28771 29304
1539 4228
5881 25166
298 25454
11244 23850
2779 6318
26604 28837
14380 14549
24606 28939
24819 27215
1412 7287
1405 26089
25592 26035
25253 26035
2484 7691
26682 26683
2615 24924
18654 28140
27211 27373
14111 26734
4104 26493
24847 29202
1571 26555
15567 15568
2995 29044
1264 9223
26267 26268
3195 8883
4916 26275
2546 2790
4752 27648
5099 18654
2392 25605
15055 23789
17517 17518
9874 25518
6367 11977
16652 29077
727 9536
25900 28271
10761 25473
25277 26439
602 26265
9953 25237
28034 28260
1903 26519
27193 27249
1180 19582
13773 13776
325 26903
540 716
25398 27254
3160 19582
27355 27626
1777 13682
16312 16315
14352 19895
17004 27705
24897 26901
4727 25176
24782 26998
8053 8194
8136 8153
19410 24659
6370 6380
15164 24754
24111 24583
2866 2867
10824 14332
1733 9590
14557 14804
24747 25339
23897 24531
20878 25328
467 4727
23687 23688
11081 25804
2714 26069
9535 9987
134 24043
9656 15197
748 24322
8126 29276
19874 28968
28930 29157
278 19466
2468 2470
9575 10825
25667 27975
26967 26976
17004 27733
5286 14711
1983 26439
13158 26564
24964 27011
396 27542
8818 28042
2219 24670
9251 12231
4924 24273
6705 8657
15736 15762
28445 29216
386 5528
428 25891
14310 14445
25454 28065
10429 28508
10108 22650
4318 9136
15948 15949
14553 14555
13638 14131
13519 16655
11761 24066
17355 24279
24898 25549
12467 17878
1540 26732
8340 8403
6075 10472
16044 16068
9399 20540
4862 24100
2921 4959
24506 27462
11548 25610
10804 14975
4697 26493
1444 27560
10340 27373
3083 26329
24560 26741
25384 25498
11811 25394
9874 25503
1264 18765
14336 23892
27472 28113
2306 21201
13138 26004
4192 5665
19631 20061
9825 21128
10802 13727
3160 27479
9177 23987
700 2274
15219 28954
27238 27978
17753 18907
4778 25815
11067 27538
23818 25339
28261 28882
3777 25526
9874 25569
3221 24550
1275 8809
25328 29194
11052 11053
387 28867
24160 24531
18269 28271
2018 10577
26035 27443
7728 28930
1664 24272
8860 16393
14049 27031
27067 27139
1760 28253
4728 4729
540 27445
399 25894
4917 10616
15070 24727
14149 24346
3723 3912
5127 7728
25563 27648
27225 29179
10285 25719
3083 15298
2574 2603
14486 23953
26045 26606
5359 28327
7141 19349
677 688
2484 7736
9874 25387
4736 25815
1617 3002
6608 6609
621 4943
25394 25570
7548 25432
13811 25177
3002 24183
7548 11635
6994 7121
13721 14535
9868 9879
6361 21361
1128 12546
4721 27390
14813 14892
15499 15500
8825 28042
2005 9383
1171 25690
10254 25373
6039 27913
4862 27237
8949 20061
1098 27396
2054 25948
20061 24875
12645 12646
11924 12030
18357 29364
10437 15637
9947 28860
19322 27814
19582 28504
8595 11202
25340 27828
711 29063
5645 7069
1751 28146
4997 17961
529 26703
9970 25518
17200 17820
21944 27841
2458 24006
23968 26492
21189 25230
26764 27266
24130 27739
338 27390
997 7214
13087 13090
13169 19624
24013 25284
23799 25550
13083 29179
18631 19053
3806 6867
14505 24427
1852 24979
17737 17744
4373 4402
22294 22297
347 24332
9874 25408
3735 17588
4862 28787
9247 25191
3297 3298
16034 24595
14247 14250
25067 26265
2550 18606
16924 18214
2018 27181
6971 7011
6729 6880
9348 24566
317 24410
24869 25046
278 27215
8923 8927
6749 15298
11011 24195
15939 17417
26884 27822
17379 17384
439 1080
22381 27288
278 1618
8688 8766
1618 17787
25070 25145
7020 25233
9288 22254
11435 11439
961 1286
1326 1466
4659 7200
1903 28735
1856 17041
656 847
17004 19239
13226 26564
470 29725
8043 29058
14242 28618
2827 10618
3144 14387
24263 24357
7287 24639
6613 21361
7336 7337
24551 25376
18784 24736
5286 5578
9529 9530
3837 25867
7646 9262
5880 11434
24550 26184
24818 26138
656 1477
4968 24924
342 26081
27248 27249
26877 28245
4899 10987
24034 25963
26606 28194
10785 11668
3992 4675
18291 26035
987 26361
3357 15708
13299 13303
5578 17745
727 24680
1201 1542
271 1992
24483 27913
26077 26652
22381 23276
28042 28619
6657 15298
4329 25585
8369 9450
24279 25422
1552 1690
24836 26350
24894 27097
3916 19349
13942 15541
8575 8607
6875 28626
504 27603
2100 26970
24856 27431
12126 24473
1469 28619
12148 24978
27831 28271
25667 27648
656 6679
540 5774
14040 26543
2942 4396
10790 27225
7171 24995
14428 19494
24875 25245
10408 10422
1264 4037
24955 25094
7644 9196
26803 27216
24266 26098
17156 24847
15975 16022
25729 25730
5169 27355
25904 28753
6020 7171
27254 28396
29568 29575
366 3232
4968 29100
25903 27011
26191 26687
226 2790
6021 10654
20050 27055
20335 20368
4679 26745
7926 9177
1872 24557
26925 27325
1983 26113
8966 9056
5947 6962
8944 13045
23111 26451
6838 27041
1001 19527
10070 26291
4725 4847
27429 28957
1664 19338
6095 19447
571 4960
4337 28032
1264 3843
6575 25146
9874 25268
14437 25667
7647 8492
1054 29009
10301 25719
24821 29220
3784 19501
24207 27011
2412 27045
4862 28796
25610 28049
14417 25772
22218 23976
13146 14957
4027 28755
10970 20069
15921 25881
5003 21201
1989 16960
4427 25605
25271 25272
15298 25317
24867 27208
18206 18207
2205 2501
5438 5440
14813 14898
24256 25996
11171 11853
17193 17194
24188 24508
3951 28382
24169 29759
20056 20058
25725 27202
27202 27259
10104 26035
15758 15771
2823 25572
23095 23097
780 3302
540 26325
16544 29047
7548 11375
3363 4335
2741 25769
24031 25377
24659 27180
24442 29058
24466 26738
24305 24326
25895 25896
846 2378
4138 25069
24146 25287
9160 19447
262 1434
10244 16946
1405 26385
656 25768
10988 26275
24229 26035
4269 27189
25948 27852
6168 15298
1017 28253
18039 24403
5591 13739
2330 9720
8438 28966
16608 16609
24946 26174
13613 26218
4862 28858
17610 24121
2240 2513
23181 23182
11673 26155
6776 6777
4862 24138
24503 24504
11762 11763
4421 25605
25399 25495
14111 28263
3082 28087
5703 5704
466 28518
158 25837
10968 15936
359 24521
12712 13169
3228 8778
155 25056
8066 23943
13628 29117
19505 27431
15041 19501
8327 8335
25554 25563
3951 13072
24250 24406
317 4420
4324 23863
19655 24056
9507 17200
7195 25522
4943 9383
7145 28271
23473 27568
26356 26493
6367 9980
14310 24932
1319 24957
8629 8630
609 24605
17025 27949
24855 26803
26987 27005
2889 4872
28332 28893
16216 19410
7915 25177
218 7126
6815 15398
1856 26941
7485 24836
11362 25409
7802 9383
26114 28194
15521 24154
5967 12806
13296 26564
5785 17366
14310 20605
12712 13606
23365 23368
692 9481
4163 8547
26564 27124
25034 26547
13635 25838
16735 16739
9012 24887
11264 19410
17391 17392
7702 20464
26166 26464
5771 23846
18874 24617
25874 26309
5967 23968
3786 24632
19556 23473
10472 26990
27538 29675
16216 28094
1238 1239
1152 26325
5765 7182
12231 27243
1264 9349
898 2100
12156 24745
8949 11650
15906 24248
3179 20837
24406 28758
2399 18642
23818 26526
1253 5217
9557 27060
271 13779
19407 24265
780 26733
24944 25373
24659 25504
15541 24540
14862 24384
4849 17156
5967 12795
2768 28540
5880 28518
995 25255
24879 26955
3839 25772
21203 25230
1166 19582
3960 27648
4621 28657
1847 13211
19072 22610
18666 22273
9066 24887
19315 27702
3585 3586
3518 11766
21271 21279
19410 27445
6556 25212
9260 28032
14141 14146
1007 7093
1455 13965
2046 28843
18455 28065
25079 29058
13231 15541
1264 26928
9261 26982
18239 25591
7702 27325
4265 24379
1334 25672
26744 29020
8314 8316
593 5912
8805 28042
1856 25891
3128 10900
25373 28120
2612 6784
10876 17280
4129 24738
15987 16019
20305 20307
26209 27880
11990 21060
17089 17410
2672 29049
24934 25373
3888 7347
6535 24957
25890 27390
17820 24887
439 9533
1487 8118
13152 13277
901 28333
24383 29243
9961 10345
3992 29640
20727 25838
3761 5455
3160 28903
1242 13681
10028 27907
15707 17975
2333 2334
24946 25317
11202 29383
1851 24816
3344 28601
14287 14550
22743 22767
2029 26208
25758 26256
11708 26564
8246 28570
7329 29644
2907 23901
3320 3365
26220 26763
2666 2970
3486 14309
7939 26987
17200 24273
18039 26597
20794 20809
6659 29363
14483 29137
14006 24398
27102 28042
12558 25422
16016 24677
2019 2758
4514 29454
3082 27390
15085 29169
3292 4539
14066 27031
11795 28026
20627 23868
306 29058
6125 17658
21130 22753
4514 29282
15070 15071
9273 28759
636 29180
18225 18269
2409 2410
24418 28706
3867 24550
4924 15354
12792 26511
616 24977
18280 25377
7195 24567
772 26035
16933 29709
11140 25473
6146 22014
4192 27048
23799 27134
2412 27093
2293 4965
6705 8702
8511 23818
24847 26228
2105 28867
18448 18449
25137 29058
24159 27215
24540 25527
2461 22273
20215 26093
14677 14802
5828 5830
5712 17355
26284 27303
2908 4727
13786 13792
11580 16360
10987 11019
1964 6275
14998 22513
234 27390
15545 24875
13323 13324
3540 24913
20988 28087
5052 29363
4993 9679
9991 25587
189 780
5217 28237
780 8603
24613 29363
24018 27692
4911 24256
3837 8154
24217 24692
20420 20421
6804 15398
3131 29709
5300 5303
5661 22265
26035 26209
986 19599
24550 26179
28771 29285
1696 27288
14200 19677
23930 23943
10824 14588
25290 27134
6764 7154
23818 28194
19607 20693
17015 24278
2714 17334
17355 18214
924 28324
27544 28994
10959 24824
23818 28260
8511 26412
4687 25037
24354 26215
11767 24888
746 26264
25409 28441
20481 24900
13159 13161
20050 23863
4900 19640
516 528
25011 27922
7329 26668
3265 26832
5724 18158
11190 26374
26706 27912
278 24632
2643 19349
25033 28910
13936 18214
2693 13790
17325 25881
5560 19381
19260 23943
11190 12003
12603 19183
8085 28867
26007 26468
24639 25836
2868 10824
13059 27443
14177 14178
16140 19667
1752 26897
14798 24018
781 27180
7998 27198
15330 16399
2920 28593
2997 20799
6052 6053
10254 13333
10324 19410
13048 28318
16214 28867
9295 29267
13138 25881
17004 22610
7836 17267
7682 23691
4874 18028
25841 26035
24877 25226
28087 28417
17388 28111
727 27759
1304 22539
151 10824
27773 28784
1767 27151
9229 29179
4777 25690
13520 28852
28784 28833
25237 26564
628 5967
12231 25146
18039 24887
6452 12799
24222 27249
12215 24508
78 26972
7195 10548
4330 15541
24681 26737
15140 15158
26144 27629
17455 23849
1334 1601
24077 26018
26493 26557
14615 14667
14566 14823
23818 26171
27653 28271
26731 27909
24383 28771
12067 25909
18177 18178
3160 28942
23939 24886
610 8216
26049 28194
27019 28092
15276 28042
7313 23818
24245 29008
7646 24856
727 26596
3160 25009
4775 10982
10693 10931
25087 28723
19598 21563
3431 8310
1380 18795
24946 28701
3620 24151
1264 4066
517 28518
23933 29687
13790 19529
24108 25563
10125 26035
24083 24488
1578 28165
529 26675
14192 23864
1154 18918
2484 7732
3607 24240
12490 28018
18347 18348
24150 24531
27443 28799
3625 24353
5186 10827
1631 9427
22135 22136
25444 27241
17376 17378
2672 27583
18725 18727
19183 26081
1275 12460
20016 20682
22273 25146
856 3186
5880 11458
14482 27071
6015 7827
19454 25558
24791 29218
9392 19447
28376 29567
23818 26484
26052 28562
6456 10916
3569 3570
24639 25317
16612 29179
6216 28016
1242 29058
19205 26537
17165 17169
2033 10968
4089 9237
9196 9262
26035 29363
4979 27571
24111 26871
5197 24724
18787 18788
2566 26519
12391 24875
7066 24844
25328 29129
4336 11253
8830 28843
14015 14043
7641 24590
13948 24088
3126 28803
27011 27167
27592 27597
529 7820
20917 26805
3710 26835
18579 27991
23050 29527
2785 27553
4585 14862
2920 5729
11560 11904
372 27567
14447 15451
449 6278
8066 24433
13790 26018
17004 26035
26564 28418
5420 5421
12024 12025
14040 26606
25009 26317
13790 14182
7812 25058
10195 26035
15361 15393
4833 26844
7858 13083
26236 26344
7313 25077
9663 9667
295 25869
765 20114
14386 21141
14854 14855
6705 8735
7860 27230
6054 9388
19205 24058
26062 26606
28347 28348
14806 14914
14111 28255
16205 28930
1903 24474
6881 25902
27198 28734
11228 20422
5295 14062
8476 28560
4414 25769
17100 24749
82 4192
2219 15121
17313 21201
23004 25451
8890 28272
2942 10599
3410 3439
15817 28271
28332 28612
20221 20222
25177 26334
10259 28619
9383 29437
14061 16716
24550 24913
28040 28045
6666 25328
25750 25752
8357 28755
2921 27895
562 27991
8287 28562
5693 26712
10472 29137
4883 18654
9445 13164
1928 7227
15487 24159
19709 25034
16399 27773
2746 14951
15521 15708
27750 29091
836 26339
23929 23932
2277 3160
5916 27409
22032 25804
7937 12390
24821 29611
20063 20064
17005 27011
599 5685
21750 21751
1264 3964
15362 15363
8066 24442
9199 25191
11298 23799
2051 25403
23785 28744
3414 4539
23956 26760
804 17355
29765 29766
25379 25450
17004 25430
21237 21251
20782 25891
14973 28332
24130 24683
25458 29063
6705 17089
25368 25384
24605 25373
26519 26721
6700 6711
24965 29375
9250 25191
911 25336
1126 1264
23901 24572
27325 28690
9651 15197
8007 24965
17588 27198
17189 28838
5197 29352
24747 27964
244 9898
2661 24273
17143 17144
3924 24437
23817 23943
24887 28032
2661 24263
11709 11726
4861 20366
14482 24680
317 26589
6426 15399
24382 28184
7195 26967
19801 19807
22273 25995
7833 24571
1602 23961
18024 25029
6007 7171
1276 1992
8318 8319
145 24351
14705 14706
24701 28520
22708 26376
9000 25395
18407 18409
25563 27518
2045 26367
12811 24659
532 9557
1733 14417
8066 11863
24884 26982
656 26359
27071 27407
24898 27134
14938 19620
24856 29276
1276 17041
8698 29039
6729 26493
22040 22041
14819 26018
4981 26706
14636 19720
5354 13761
14031 14032
10253 26035
2123 11412
5360 5424
24094 24934
16916 16917
25334 25815
15130 27365
6729 24352
4269 27903
25558 25584
2242 18665
11694 19548
8255 24495
13615 13618
5072 9367
17004 24889
7082 28271
3001 28843
17280 23862
6418 7171
21151 27238
387 7748
19929 27584
548 25373
3838 26077
6919 28271
5324 5333
10990 25237
4406 25605
2853 2854
2412 10937
13291 13661
5860 24279
24924 25411
11607 11648
1253 26191
7329 25815
1933 15230
28264 29448
13434 13435
226 1444
292 25454
1785 2253
2315 28820
28229 28838
645 899
1885 3951
17089 18039
19576 24550
169 25779
3508 28445
3422 24256
1275 8595
7479 28867
14482 27677
7066 8154
3160 21376
15541 24862
16399 26645
4395 10616
19531 19533
5460 5461
6819 24601
2835 2920
5528 27789
26343 28332
825 24182
25033 27531
26028 27975
21201 23968
25815 26380
6367 12004
18654 28166
23933 24154
2484 7781
7899 16952
17058 17059
3779 13691
14218 16864
7141 8573
11693 24540
17041 27239
24180 24988
145 24282
1264 28712
24540 25647
12605 22273
5796 14505
18321 18323
25328 27806
3529 13083
10341 14387
22294 22300
13739 25836
169 29058
153 7526
19851 24145
13721 29653
17403 17404
25518 26564
25460 25815
19582 27189
16714 28348
26652 28405
23909 24105
2591 2661
20924 28564
22273 28087
23897 29009
8753 8782
16864 24910
27561 27563
1643 1810
2735 6158
8558 11190
12467 15310
17100 19260
15124 23125
7008 28271
7104 28271
8255 24497
12745 29169
15410 26955
27259 28939
7103 18771
4788 25815
7602 24550
6679 25891
1275 11267
24279 24594
2412 15541
11488 13721
1521 2284
9354 28680
3475 28008
400 1242
24163 24531
16613 23769
25011 26925
24256 25990
26731 26960
5369 5435
20448 20452
12725 17549
17004 25913
763 26007
17054 28785
3838 28200
19548 26370
17200 24243
4 14965
6430 6748
8013 15521
7702 26980
10047 16343
9661 15803
7298 24197
25328 29110
3964 21358
25328 28784
12899 14192
6351 6362
404 24332
4378 25769
1030 29009
10889 28049
5702 28641
234 1023
9270 24875
18402 18404
5798 10472
19390 25907
15440 28223
2486 10387
2589 19407
15346 15347
8574 8637
12467 15276
2655 2942
2648 2790
19728 28433
3160 3877
4404 25605
23817 25909
3285 5207
1227 1244
5152 19501
8162 27691
3001 26597
29000 29342
24151 27527
4324 24094
17820 26990
14418 19594
25793 29077
9450 27411
6216 12731
21236 21240
20027 26872
10546 24250
23859 24146
4924 24328
10659 24181
8930 25685
25690 27836
2484 7715
26606 28506
732 24900
6418 27988
97 24488
29278 29279
901 1563
3707 25815
4652 15597
15874 15876
5022 16902
10824 18585
16902 24521
14497 20465
14776 24909
1364 24601
542 27155
2693 4081
26897 29100
6233 26095
18683 18684
21184 25230
14287 21243
8136 11564
3582 27648
3271 29596
24256 26092
6577 6711
3527 12756
987 25672
3052 28564
6568 6569
17004 24572
25432 25556
892 6433
18581 19407
28488 28489
6698 24293
3535 12905
14310 20193
9727 15174
11685 24540
19607 21141
25242 25382
12231 19466
5945 14418
8066 18367
26775 26785
14197 24250
24836 29176
9216 25191
3022 16511
406 416
5242 17974
16960 24617
25242 27709
24606 24607
24747 29021
4185 25815
21653 25184
12994 17089
3726 18666
9970 24898
5754 27648
22900 22901
25928 27217
475 27842
656 2648
24681 25991
3160 24319
3160 26838
14798 26813
4299 4301
825 8250
6353 6362
16157 28867
13711 20532
3160 29006
19410 27147
28200 29222
1355 28237
14362 19293
19540 22381
338 27991
24517 27940
11011 15299
5605 23797
17566 27256
5665 28332
491 28518
13711 14467
5880 11442
412 22273
3160 26091
24508 24562
470 12050
2911 26269
6784 25033
1007 27590
15008 24847
28211 29004
28254 28271
8083 28264
7546 11571
1489 29363
24256 26004
6669 24473
12949 28602
19501 25889
5207 17753
23634 23638
11248 11251
2647 24924
1898 29436
24540 24877
3838 25409
2672 7569
20520 25179
24869 26823
16506 16507
8838 24322
4120 6963
2051 27692
2060 2061
5685 26493
7530 11081
8074 26852
11427 11820
25735 25891
24877 25583
3073 9548
12148 28966
1753 1912
27758 27797
16100 16106
4203 27372
2005 15085
25393 26064
11996 28123
7413 28148
4 14982
25967 26609
7858 9196
9275 26901
23038 25061
24670 25050
151 5790
7287 25876
21201 28844
9262 25011
4333 11246
5361 23397
6985 28008
26931 28065
18586 25188
2746 17753
846 2500
23958 29778
89 28702
1664 27975
19506 24226
10410 25473
14633 19394
13704 18654
3160 24990
19539 24293
24293 29400
9160 12940
5550 24354
14310 14403
553 19183
449 1017
1664 13860
4953 8415
13272 18293
26377 27903
10824 26350
230 4562
3001 19410
23798 29247
38 22408
17366 17909
24897 27816
21310 25265
11694 19462
2313 27828
13610 26199
4337 11670
21482 29365
24458 26493
12938 24856
1264 3713
24832 24924
271 15543
6106 16399
19540 24403
7287 29077
24540 25367
22273 25156
7161 28271
2824 14276
6575 24243
19239 20401
25378 25470
25000 27381
17828 17829
7195 24662
10853 26987
28518 28519
5855 24167
24255 26299
7099 28271
16951 16952
24886 25550
4077 18169
14566 14682
11012 25603
25815 26246
29386 29393
5304 24256
10965 29080
18039 24311
11650 11692
2287 18707
5072 15310
17649 26423
13060 24094
2942 9484
24256 26027
4645 28518
27780 28098
25955 27555
5979 24388
10693 16062
24164 28968
1433 29100
131 133
2824 26050
23271 23273
3211 7408
89 24768
19374 19411
1264 11593
26493 28065
8154 12938
705 27390
1392 17290
11760 24903
2191 26130
5197 14543
234 17920
610 5621
25828 26606
12225 12227
14997 26072
20651 20652
20423 21530
12756 24980
7171 28702
7858 24975
27034 27842
13278 26564
9681 25213
7073 25616
2709 5024
19539 26914
7593 10785
12717 17598
23943 25836
2111 2710
2146 3907
21 24180
2459 27991
8691 8692
7490 13662
13734 14615
19527 27751
1392 17292
25067 27201
3401 15141
4330 25585
5804 27199
18765 25390
267 4562
19 9450
1813 3106
23796 23797
21201 27301
1696 27390
13005 29337
14557 14811
17234 29454
15482 15485
21299 21365
20713 20714
1524 26213
12966 12967
24690 27215
15556 18222
6129 6174
12093 23297
19574 25830
7171 28634
5815 6048
3870 21324
10530 10605
7816 11445
12048 20061
8165 8167
13520 28168
4089 9427
24123 24488
24638 26337
23176 23178
5561 14482
17004 27850
7131 29342
21892 21894
23951 23987
13506 21662
17753 20313
2284 23897
21201 24229
5917 27409
198 28518
17575 26233
2146 24780
24744 27005
2694 7485
10235 19506
2332 7154
621 24550
6666 17004
593 28867
3357 7354
25403 25711
5880 23956
5345 26668
10180 26035
16857 28237
25685 26035
1136 15142
3838 10470
29236 29268
9719 19599
5622 24920
21151 29267
24572 27254
7528 9261
727 24121
1 2634
8328 15740
6057 28909
780 1275
18951 26072
4727 29103
10008 10898
11563 11655
24898 25840
18143 18144
23735 23736
2920 24264
118 120
694 7408
15896 15909
1942 13160
11161 11162
2449 5061
7801 8462
8761 26018
2931 13519
1070 20518
24875 25176
7894 26873
24924 25430
10639 28260
2735 2889
780 6014
25908 27254
25690 28019
616 28259
25127 26053
3516 27147
11035 26275
7890 14041
4924 24354
2102 28755
6095 15174
858 2157
169 24013
18258 18918
24540 26606
6575 24347
4251 24011
1242 25888
11227 24147
1253 28740
27205 27207
5284 5337
13519 22075
727 11800
21287 26519
986 25804
609 5226
1601 25715
24013 24677
11912 11913
13277 26564
3744 27648
4315 5528
464 10572
9366 24836
13060 24838
2294 2419
4823 25815
5938 29695
27273 27463
262 26183
13288 16850
529 24836
17776 24924
25920 27295
5724 29690
9265 24897
5359 5442
15501 15502
12231 27777
19556 25877
24478 26803
2636 4429
23887 24330
21161 25230
8216 26721
12148 29008
7029 16794
8428 16399
2773 6987
13255 25396
1098 3763
540 2091
17178 27071
9028 24887
9781 23817
3535 12304
7141 8594
27799 28988
15299 24180
10309 25433
1070 26125
11694 28785
5665 11067
2674 25188
23922 25907
24531 28576
12376 16399
13129 25449
3001 3002
2845 14482
22381 23898
5554 6698
25594 27616
4192 7795
24121 26589
14330 14331
1897 19479
10743 25031
5659 15354
20138 26980
5918 25790
13936 25690
25898 26073
13060 24639
3775 24681
10959 19360
3230 5197
26376 26678
24347 28065
373 29179
1903 6277
22490 24272
6575 29179
278 28638
7858 28318
13904 24256
3735 27981
28545 29179
11015 12431
4098 18874
1955 25837
24250 24291
24924 25433
28018 29137
24847 24869
3145 27346
6374 6379
1568 3786
6575 24351
1165 19582
26263 29181
12982 13083
3144 11788
1313 24397
3354 29008
6656 25661
11893 11972
25328 25639
26963 28035
5147 27215
22708 26990
5785 26668
1016 28366
8998 24887
24143 26011
5298 14550
16016 29363
2612 3508
1617 21376
3532 12795
1170 28271
13663 24184
2662 24924
2835 25022
19401 27768
5197 18039
21542 21546
996 26787
21591 29038
20734 20754
7649 7855
16913 28843
271 997
14655 14798
781 26301
1875 23968
6525 27215
16186 28867
13735 24249
3160 14111
24111 24350
28146 28296
8125 25194
22326 22327
25544 26061
3767 24887
1950 9096
7141 9481
7103 18604
25732 25755
3580 24832
4862 7329
580 28420
1680 7858
3254 29234
4913 9038
803 26351
26367 27626
25586 28045
3094 28822
19438 24540
24858 25231
21562 21565
2937 24258
8698 29342
24869 27862
7339 7728
8079 29267
19349 24750
7658 29267
25463 26787
10599 24243
854 25775
2942 24323
27180 29132
16015 28822
628 19505
28622 29008
10717 29079
17659 17662
16188 29668
16639 16641
17004 19582
2039 18614
11484 28173
1751 11015
25713 25755
4336 11549
16924 25667
12231 19539
25403 27665
14131 26275
2198 29083
24183 26495
22529 26514
7208 24657
1785 4297
14072 14494
27390 28703
21831 21832
24605 25009
27173 27214
13842 13846
16015 25775
11227 24946
124 26925
17655 17656
5065 11852
4624 5347
387 836
11776 24172
14527 29084
6611 27648
7878 29384
26370 29171
24121 28930
785 28030
5693 26543
3243 24844
443 25799
22273 26291
8249 8258
8246 8499
27448 27449
24550 26506
3792 10990
2639 26712
4721 28238
14862 24338
4997 17963
9727 29621
8569 21386
24638 28755
13838 24256
26186 26493
5821 24297
1879 21201
20481 25668
4562 26781
6472 18280
2857 24248
23118 23126
12852 12864
13060 26493
24898 25394
15197 29215
25242 25366
24217 26615
278 2661
17100 20313
359 25012
3218 4918
10417 25679
986 2979
24836 27099
7812 24988
10891 17291
6775 6777
1849 29169
642 1023
7717 27926
23951 24163
11291 19410
25690 26335
4862 28804
24168 25900
10628 28260
25977 27720
26832 29640
27670 27913
11708 24894
2612 27301
8136 8376
854 25422
2562 2563
21619 29038
24521 25476
6770 26269
1877 2779
6961 7079
585 3951
15946 26507
11409 11410
1815 8240
10959 15041
19648 19884
25087 26493
20313 25667
3878 6890
24632 24680
14863 20061
3735 24869
27362 28673
24272 28534
25859 26534
1216 28271
1777 26787
24151 26526
11427 12630
5774 24550
29235 29262
8530 24508
24594 28704
2430 24006
540 26720
6890 26220
593 15487
14387 23799
10472 26606
10472 24936
3559 10779
26364 26365
7803 9354
23064 23066
3325 27438
7662 8066
11781 27147
4821 27066
3499 9158
11564 15410
26832 28972
3260 24398
410 1422
2486 6450
2868 24415
15063 20518
23961 24605
7481 15410
24382 26981
5229 24969
12694 26515
19282 19315
5152 16944
8142 16426
14496 14896
2625 27854
7081 28271
18654 28232
6392 15541
2827 25539
3017 17602
28188 28204
20434 23990
23987 28838
10000 24540
7858 26954
1502 27522
17129 25143
25977 28994
6118 22016
7702 26359
4668 25087
24649 28626
23968 24595
20050 25607
6478 9590
8559 21390
24217 24677
26916 27390
13072 21614
2412 26962
2916 24940
271 26413
11695 29100
5011 29363
14334 14345
456 28271
11807 25685
19601 24918
13409 24586
4582 25605
11272 11273
24013 25273
17974 26836
9196 23933
26144 26254
17798 27940
13639 25881
17156 29119
23978 26841
399 9315
14682 14789
1243 29177
1295 24897
15252 19447
27237 28803
4368 26673
11154 14798
6599 24643
13238 26564
4943 26495
3613 24869
5360 5418
25488 27141
8577 25768
26335 28524
1079 10937
3160 28982
5384 25902
3723 3921
710 25837
14931 20704
2005 28784
25742 26059
19376 19457
6218 17787
12171 26988
2970 24256
12535 19319
5786 19558
5072 24155
24594 28718
18203 24824
10939 26706
179 25205
25015 28930
14442 27014
10824 26283
26350 27648
14973 27390
24605 28702
1664 17100
9450 25645
24650 26787
17156 25328
467 6116
20050 25251
26543 27254
14032 28348
24228 24924
6548 6581
9435 27237
24919 24921
24256 26254
1777 1852
653 7858
22418 22419
21833 21852
16399 25739
3016 6215
24695 27521
13987 16134
3508 25146
8473 25000
5796 10472
18365 18366
6367 28622
3279 24276
13326 16001
3271 26377
16340 16341
26573 27831
1447 25444
3631 4727
13849 22709
19315 27571
24810 25303
5203 16960
12280 12297
1368 17318
3143 25471
439 22381
15336 28282
15741 24284
6575 27691
16284 28237
8761 10239
26 9349
529 17974
25230 29285
24681 24946
1391 28930
6218 17488
94 24782
8451 28020
23968 25042
3160 29026
27542 28875
5880 26947
28042 28803
24108 27295
4727 28504
24111 29058
24829 24851
1211 29038
23838 27529
24847 25373
24464 28009
412 3567
24341 27288
13060 27208
3427 3439
12307 28262
244 8933
26668 28803
3150 25563
23167 23168
23968 24649
2326 18579
10674 11117
6482 24337
27695 27696
15219 24550
25044 25056
2190 26851
9264 28964
3462 28909
28658 28867
7509 26615
5826 22610
23987 27316
7329 29597
763 24121
21669 24091
22681 22757
5360 5430
11640 11764
9136 19381
24636 25799
3001 12467
24287 25775
2484 7789
15398 25384
19282 19327
5072 9310
5208 5660
17617 17619
3516 24894
262 1816
2618 3160
6961 7067
3422 29234
27011 27871
15829 15977
5662 9590
169 25743
3773 25229
3559 7858
3232 24170
26072 26094
21151 27198
22273 24143
9289 22270
5685 24168
12035 12052
686 27429
18283 18284
4531 29454
15741 20401
26179 27542
11057 11117
24146 24226
112 14210
2737 25769
2942 17100
21201 25433
24750 28803
2835 16655
6367 11993
1169 16127
1455 24824
13673 24049
20161 22699
23859 25847
266 2825
2921 13965
29 11695
2048 26473
26990 28076
836 24632
25022 28832
19624 25881
4140 17866
3362 27648
4941 25473
12231 19418
9279 24900
343 22708
3012 24301
14467 20627
3518 28047
6705 8354
11238 25430
9994 10990
24442 24488
11081 26871
27768 27777
23473 25775
22381 25783
21614 24356
17217 17219
25573 28844
1643 25483
846 2519
27099 27300
7329 26936
14111 29095
10529 25232
8162 28843
1873 3959
4911 25841
599 892
24856 29758
9461 24841
2143 24634
24010 25544
24664 27214
27623 27646
11724 24540
19347 19651
5935 29653
3727 19986
2714 28966
1807 16220
27005 27147
656 2801
910 24352
28265 28882
4809 11694
28769 28771
6698 25775
18412 22708
6575 28220
26838 27711
4981 5140
6253 25443
1138 12595
25959 26535
2484 7701
5072 9308
5617 5618
3001 24398
2368 8511
19501 24009
1807 29730
10824 14287
2277 10959
18039 28087
6418 24463
4862 28795
12418 13113
2146 9177
23968 29179
5624 5627
19638 23908
2368 27796
26721 28731
25793 27715
1319 4269
612 29179
301 27818
822 24094
3828 9874
9299 25213
12045 26564
2990 11154
13606 24598
8684 8686
21276 21889
1041 25031
24836 25523
2566 2666
4821 11786
6705 8663
4913 24888
11048 14428
18231 25285
7658 9262
26157 26592
1170 27083
5831 14711
7195 10615
6201 28283
11029 20090
26039 27864
25361 26035
9746 9748
8454 25186
4098 26851
24539 27940
15563 23897
18258 25077
28286 28784
1353 17277
8010 27188
4943 27441
2618 23877
11367 11402
6503 20878
4826 9251
7378 26354
3002 10654
11581 24894
4954 26732
7122 24614
26148 26536
5238 6705
8205 17588
12745 25056
26526 28930
3523 3532
412 19582
10785 24875
26747 29238
1618 15432
8949 24897
9196 24825
24295 25690
23762 23765
11379 25409
24525 27940
6645 24977
22 11011
14309 19548
9059 24887
24250 24424
10824 13739
6255 7195
28403 28711
986 4943
4862 26787
28336 29577
7475 18377
26747 27429
8066 24303
15861 25009
19 24503
10618 24031
15398 15785
449 28513
11911 21437
9088 28072
1152 1751
17222 27993
2857 25236
7860 7863
24924 28708
12056 23292
880 4592
9740 9741
9243 25191
2927 21020
1870 27437
2422 18487
12448 12480
2815 3128
14444 26018
4181 24153
16140 19664
26098 26647
2823 3652
9453 24351
15454 29132
3684 6819
16046 16050
271 15537
5761 9513
1530 2062
24827 27011
10671 25504
24483 29454
27648 28918
28810 29363
5734 14051
24094 25471
9146 9149
11381 11382
1705 25572
24332 28930
1007 27555
24010 25913
25967 27555
22273 25050
26852 28087
6705 26933
2757 23888
1816 26760
4237 9084
2255 5264
12839 24937
13233 18273
7064 28271
9611 13672
1070 24815
17866 18114
19438 20138
2313 2314
5846 20302
22678 22680
10654 24431
10042 24550
1370 28930
16902 28250
24484 28744
4911 19410
27375 27831
25373 27197
9463 9466
1585 26488
293 27001
14925 14927
2046 28617
6597 26962
24924 26947
1777 25403
14765 22960
6575 24302
14648 14649
19194 29198
1446 28951
12467 24791
13639 27354
8119 27983
4323 4333
3393 10717
18654 28124
15767 15791
6916 28522
478 13959
3529 12324
3592 10890
11919 21151
610 28930
9002 24887
10345 11566
2825 11674
14221 26113
3372 29008
14021 14058
6705 27390
5605 14495
24163 26529
2133 26793
7125 27617
10221 25313
20575 21889
1690 7608
343 25928
6367 19410
3924 11154
17544 27208
24690 24964
3130 24854
15896 17460
4098 25315
25698 26784
13721 18962
616 28326
24281 25797
4862 28644
17200 29037
14940 16924
28388 28389
16109 16110
4943 27903
17446 17462
50 4192
6036 25209
14482 19315
24094 26782
8051 10800
628 12861
10271 26035
1833 25271
19440 26871
6705 18554
5941 27409
13608 29369
24847 27864
25365 25394
24332 26726
12800 22328
24724 29218
2630 12656
1629 7988
384 28333
2004 15707
26597 29221
25373 29681
25317 25977
15921 16399
3532 13083
3431 7429
7748 15510
28532 28533
10644 17280
27742 29436
5782 14365
2828 20061
7647 8118
24657 27215
616 5665
11154 24319
1547 1548
11544 26987
529 28332
13691 18396
621 6233
540 1505
8136 28740
11031 11033
11250 25585
26007 27371
860 6705
1041 1903
9386 9969
6408 24815
6321 24151
957 26582
112 20682
428 697
8134 29267
19485 27198
13704 24655
4782 10991
18918 22490
1889 27323
15829 15836
14798 24016
13822 25399
2046 26493
8803 8845
4911 27312
5610 29665
26674 29052
6705 8742
12836 12837
5880 28947
24847 25558
3001 9535
25432 28366
600 23987
21803 21805
15922 20837
1433 28518
12768 12769
5724 18508
647 25856
7644 9383
8936 8937
6875 20944
4727 7103
12390 17753
9572 9586
10717 25865
2707 4727
24791 29691
24836 26449
6171 25253
780 12558
4192 24595
25459 25507
10853 27005
278 24354
804 27184
6027 24567
305 27571
10643 28260
7102 7105
1921 24595
1604 3698
2921 14160
12544 22273
5603 23797
28278 28284
24753 28008
25328 28524
24743 29114
4972 16399
610 29008
4223 23068
9265 26564
26377 27256
714 24329
24639 25690
28463 28539
656 25573
7892 8055
24013 25283
4337 23863
986 24417
17004 27814
23090 26163
15130 15708
10472 28478
12631 27568
4655 15399
25367 25369
19961 21574
4468 27892
24462 27990
4247 25679
10059 24836
10705 10707
1635 5774
13083 17000
1633 24791
24550 29115
24666 24811
1833 24108
1253 8007
9235 29040
3856 28869
13194 25399
648 6517
3877 27648
7347 28838
24985 28518
24613 24670
19315 27221
26903 27759
16812 16813
449 10148
380 28518
6005 19407
13382 13383
14232 25479
11018 19039
8514 8515
13060 24825
7488 24184
23752 24044
6557 22526
7702 25656
21151 29469
373 25967
4821 15541
17280 25610
8216 28948
14557 14816
26937 29701
2719 29363
19949 19950
26105 26106
10254 21201
10968 28930
7702 27416
16218 28867
774 26844
1144 26894
1950 2621
26597 28202
9874 25651
2224 2339
7460 16228
4862 27670
7141 8634
23951 24941
2455 27991
25894 25948
11418 23906
18034 25029
6698 23901
3880 27390
7171 28744
5101 29298
11190 28731
940 15130
22877 22878
628 8027
13961 15541
9979 26961
24438 27841
1484 27066
15023 26838
24196 26823
1065 22217
25022 27648
11624 27077
3838 19366
15123 22188
2023 26113
5058 28185
29603 29604
24156 26126
9472 27662
19638 19731
23798 25859
22257 22259
9237 13617
4458 4459
8328 15772
22322 22323
6916 25698
9877 23009
18560 25188
9359 13579
9546 27892
14927 14930
5207 23902
3221 25373
24881 25403
13247 26564
28601 28755
24605 25109
25044 26224
1380 9590
9008 27975
27918 27970
529 26724
24858 25242
19582 27390
19540 24305
24641 26896
8830 15276
1976 4658
6367 12017
7141 25504
3467 3468
17555 28957
15197 28860
25854 28530
18225 27549
2191 23959
25373 28435
17104 18230
27443 28313
400 7539
13520 26601
4506 19407
1221 1229
24130 24630
2564 8088
10486 10488
26660 26709
7910 27354
15385 17707
28035 28038
24100 26534
470 29009
1253 9177
13194 13896
8983 24887
19410 26657
12705 12706
6130 17627
321 25397
22490 24749
2281 2455
18017 19194
14183 24271
8651 24946
27718 27739
13274 28326
13326 13327
24924 25681
9785 15541
898 15585
2239 2319
9608 9610
7017 28271
24031 26993
14241 28618
11486 11487
1484 11294
10164 26035
6157 10749
10948 26601
9260 25610
275 21127
20606 20609
17280 17866
22221 22224
10472 24291
1224 1237
26457 29413
25645 26113
6575 28087
28020 28882
8761 10824
17254 27907
6685 27416
16519 28915
28601 29179
15276 24117
1080 25534
12148 24992
11048 24727
26936 29671
15992 16000
2412 7195
4333 9989
24924 25265
14849 14850
9874 25555
17866 25601
14179 24282
3639 3640
17965 17967
6403 6711
21547 29235
6838 12027
27215 27240
8930 28032
7255 9510
24811 27011
5668 5687
8362 23325
11365 11922
25769 28118
9987 26925
8186 10713
8511 18654
9493 24248
8399 25177
20050 24901
10657 27195
354 27446
26198 27381
4862 28790
6767 6768
16813 27595
4820 24121
11476 15348
18058 18059
17004 25956
1889 10366
7702 28108
8711 28518
18874 23923
2574 2661
9847 9849
1412 4203
2477 21201
24634 25563
7890 14042
11564 28867
2824 15454
1248 1254
1629 26803
648 28867
14417 24176
4390 25605
1876 13672
21516 21517
2017 3271
11034 11035
439 28518
731 14863
20505 25179
16268 17068
6575 14040
1847 28518
10893 17291
27346 27505
6027 20835
1372 2484
731 12988
1192 19582
21522 29266
10599 26283
11558 28105
7625 24742
4983 24695
19410 28194
13310 19413
892 15398
4547 27648
5 470
18094 24506
18783 19416
10908 25032
3532 28680
4976 6399
16201 28237
3271 5236
27220 29238
24876 25525
26519 28194
4924 18367
6651 6786
18147 18765
12292 12293
24814 26277
315 386
24365 25127
9056 11945
1466 25165
24815 25426
23943 24077
311 312
9967 10853
9054 26962
3261 3647
14394 20423
6535 26493
17787 26947
10694 16399
16684 29045
439 27288
7329 7408
25640 25758
19540 24417
2618 14018
2302 2446
9987 26099
6719 7485
24214 26396
28551 28657
9794 15174
12645 12647
4396 18484
1690 12231
791 8450
26832 27670
5519 14208
3684 26193
780 2484
262 26337
16016 28238
24895 27020
17280 19172
5314 10824
27572 27654
1319 3012
13921 13938
23907 24730
25702 29238
9874 25428
25791 28867
19940 26734
11048 27443
2095 9450
13519 25796
14417 17920
10036 25424
19624 25725
4103 6729
891 3002
18031 25029
11488 15052
17156 29127
15454 25889
3447 25881
3431 13060
6705 26045
3773 16701
7785 27841
11488 19315
4862 23968
25409 28418
11996 24791
21903 21905
24594 28673
1917 3951
1715 28822
16399 27939
5655 25373
396 2062
1499 26564
27358 27524
11762 28047
634 11010
12231 19493
2889 26871
12196 20481
7255 25405
1146 26493
24279 29222
9973 9982
17753 18611
6232 24550
8490 28560
15085 27233
7771 8860
12231 19419
8216 28685
12844 28045
26230 27390
24628 25253
580 25432
3735 26823
5390 7596
6838 8255
25473 25488
1088 28696
24946 27739
3629 26059
3924 24273
18039 29717
359 27034
1705 26688
9718 20061
12406 16399
5141 23968
602 7347
1569 27577
24489 26803
22743 22745
18562 24352
14907 22490
3837 28065
24836 25967
3944 14221
3947 21342
14020 16714
3177 24531
24111 24121
25735 27682
825 12916
19293 26091
26011 28326
3002 28445
3143 24732
10897 26253
12777 12783
25523 25967
24594 28694
5379 15085
2709 26564
15354 18367
17156 27156
400 19183
10743 18063
4407 25146
2638 24946
1275 7795
12756 16399
9383 29179
301 25690
7339 27288
5902 27409
14933 24105
18860 18862
3227 8719
13633 27759
7274 12496
14720 18962
2372 2409
812 6455
1617 28012
7347 7608
2395 25188
555 25373
7422 27903
6367 11997
23788 26113
8305 27861
3362 7376
27215 29342
19640 20413
3617 24121
12231 26980
23225 23226
24841 27222
7462 7703
4376 25605
2824 5605
2286 29363
2100 6698
8933 24887
9744 9750
12231 27409
1815 27164
836 14417
3119 15331
730 25297
12317 27629
8310 24830
11445 28744
9961 26901
11509 19239
7347 26936
9874 24013
7255 25326
12697 12698
3028 3029
9697 9727
1157 26057
12756 29724
8761 10052
2453 25587
4962 7103
1191 29238
3552 12381
2484 7797
262 15396
14365 20313
26493 26522
4336 7772
1373 19477
858 7061
3605 24662
11173 25633
14773 14779
5099 27303
24278 29353
19407 24946
20640 20642
20042 28359
4539 14973
6684 15398
17004 19393
24165 27178
7461 28120
19556 27567
1551 25210
8996 9054
6218 17466
4302 28849
412 26138
17287 17288
3051 25061
11445 18094
25276 28271
3232 26141
4703 10988
2751 3325
25146 29346
5888 29653
4387 21822
7171 29082
23846 24344
226 28867
803 26493
24743 25198
1014 29342
5634 25328
1646 3285
4562 25409
25016 27892
1742 24550
10959 13983
28738 28741
9746 26799
10417 25337
26033 27254
24094 27312
4892 5665
25505 29091
3951 28810
25361 25909
9196 28740
24610 28065
14885 27768
14595 25998
271 755
14244 28618
2786 26291
5826 26597
5920 21790
14584 14585
27198 29398
14482 24714
11917 24745
6150 27550
1940 24121
26183 28211
2937 6575
10214 25719
4945 25188
11132 11133
531 26809
7561 7564
25775 29325
14458 14459
19371 19372
11586 24540
16167 28867
780 3271
25377 26992
8381 16597
3578 5099
2827 25254
14677 22820
10507 25459
1815 8103
17247 24992
25689 28776
7103 26482
5528 28746
7131 27751
15398 24474
497 18225
648 14819
1423 28282
975 25023
4960 28364
8112 16587
26377 27419
3219 8877
6995 10717
12022 21040
24233 29363
5336 11271
2672 17103
24402 27288
25127 27615
892 6285
16175 28867
18611 19540
4939 24665
16427 25194
5077 5079
1098 26760
24877 25425
25852 29179
1678 28746
13169 27648
11881 27055
3908 10717
18463 18620
1498 3526
10924 26404
25403 26343
27153 27161
25454 26275
16379 20867
11227 14482
3284 3286
26647 28431
14482 27215
3001 28923
27588 27616
17174 17176
8320 29759
22764 22775
24691 27234
25769 27956
997 3160
13820 27821
8761 9998
15947 16904
7429 14819
20170 22778
17830 17832
25804 27259
23943 27400
5064 29363
24479 28843
4900 19376
24673 28238
16932 24184
24508 25022
11062 25473
25580 25581
20204 26472
23788 27544
298 3345
10824 13757
5124 5128
13704 19506
13994 14666
1422 10669
4368 27648
14482 27817
4999 14778
7798 7799
3002 29137
2779 19486
26916 29123
22332 22333
24572 24946
7858 8045
415 28518
25758 26543
8934 14655
4007 27189
24876 25670
5423 28042
3636 18951
4666 29267
19698 25034
4113 6096
20364 20367
3311 17599
26553 26564
1961 27997
537 24944
2412 8162
24883 26018
7738 28739
9727 28798
5691 9590
7989 29364
1933 7122
17839 17840
26488 28470
11013 26275
6880 24151
27708 27787
25328 25361
18507 26642
1401 8049
26959 29169
10797 10799
28215 28217
24868 25483
7195 25488
1433 7347
2655 27649
539 25373
28112 28193
2765 25022
5665 29085
529 25656
11604 11774
15043 15044
23473 27841
5583 14164
8741 15946
16655 17344
3001 23933
17952 25232
25078 25081
428 2100
24464 26803
24599 25347
26385 27711
8399 24745
14674 22064
14321 14428
19330 19332
9004 24887
28282 28639
26502 27842
8118 20481
4873 16908
4978 29363
6342 6345
12250 27062
19315 27835
12579 21304
24847 25403
24237 28879
621 15532
7953 7954
17167 24225
24843 27486
2127 19765
2594 24924
1498 9229
439 19183
2612 27324
22360 27023
6951 6952
23455 23457
3898 19540
11418 19624
4129 26275
3964 21361
10120 26007
12539 12541
7807 8062
15942 15943
8081 24841
19413 23015
1733 28076
18306 18318
9233 25191
6245 26172
12148 24969
9066 28031
14265 14276
27552 27674
14773 14813
24013 25270
7223 13674
25176 28766
24031 27055
24550 27125
3486 17295
14007 24454
5359 5382
8236 12828
10981 20245
1191 3763
25775 27648
10824 13849
1873 6456
19587 26949
5072 15276
1636 4960
21554 21559
25715 26647
2100 6276
1585 26291
6503 27443
25473 26840
24521 27453
26072 27400
24204 24354
16978 16979
11593 25339
10429 28690
4330 4337
14310 19615
25542 25596
24540 24884
9874 25452
13425 13426
1601 24639
836 24237
28716 28717
9874 24732
26465 27286
24836 25106
14491 20498
6445 28667
24622 26493
1751 6879
20841 26994
14639 14640
10207 26314
6956 25488
4872 16914
3613 25769
20506 23953
14955 15312
21201 29083
7733 7734
5618 5619
20138 23868
1758 23655
24173 28612
2384 2386
1481 15219
26702 26703
7298 24483
5345 27648
12704 26722
3271 17388
3837 23961
2757 23890
9535 19039
6405 26007
18369 18370
15810 15811
7141 27649
1815 8248
3764 10050
858 1466
8305 8306
24524 27134
25959 26093
262 19205
18616 19582
24540 24551
3160 28891
14346 14348
948 17211
11593 25881
2975 15276
2209 7112
10407 27842
24417 28515
14482 26241
2824 27768
25768 27354
16924 18616
24650 25943
25409 28012
7039 25137
5522 24250
1829 21135
12344 16399
13617 29454
13746 19315
2336 3002
24495 29267
396 22273
24301 26207
9720 26615
5575 17772
7069 27590
18130 22909
6082 10472
504 2648
1631 9383
547 29226
24814 29058
18654 24818
1833 24815
262 15395
449 14482
3684 12558
13310 14975
24311 25651
8205 24961
17087 17088
19631 24517
6575 24353
25783 27656
14256 28598
12281 12360
7485 25307
12794 12797
529 1355
5029 29363
6236 28504
2005 2721
26025 26712
24024 27587
25519 25793
14334 23848
13739 14582
3855 26741
11852 20944
27203 28200
1449 1452
25373 28403
5430 5432
16081 16083
8944 9897
9635 27841
15354 25077
1287 24982
7702 25231
25033 28200
19039 24482
7801 7820
14655 29137
16767 29369
3119 22273
14536 19315
3916 18158
25967 26218
8194 9229
12339 16399
2240 18506
158 10342
4634 24821
3271 24684
907 3002
1401 29267
8116 25194
24815 25417
7867 7877
29 15510
3669 3798
2972 28603
4862 4954
24847 25444
25328 29136
21187 25230
7548 24875
9535 26726
20049 26053
3723 3987
23177 23180
9270 28260
241 24578
1172 26162
16524 16527
3301 15589
9354 13253
19505 29267
19648 19983
846 27681
2755 29454
3002 26534
15085 28755
25594 29145
25287 27648
23863 24091
8532 24897
25603 26275
25394 25529
3464 24291
4809 22653
7394 19624
390 450
2921 25994
10120 24049
8136 27430
24335 28347
142 29568
18393 21342
4336 25412
20126 20131
10895 24540
1778 12438
2537 13170
9969 25432
3564 10959
12905 12938
1764 26897
2835 24328
13519 14644
1706 23038
9603 9604
19447 27432
19410 24325
13639 28810
12148 25881
14428 18962
14457 14458
2412 14666
18400 22490
27573 27671
17422 24497
1098 1170
7388 18432
17652 28389
20302 23375
15541 26982
3820 26767
5837 24511
9723 26035
9670 15722
1023 9716
1422 10671
66 22429
24540 28438
272 4562
16399 19462
2857 11154
1940 2100
1481 1482
13225 26564
1498 24821
26213 28518
24639 25859
14633 24726
5914 27123
7988 12839
804 2942
9450 28261
412 3174
428 24869
14694 14772
14310 20638
1509 25422
18238 25591
12734 24977
4789 24957
12558 27648
7703 10561
12167 16236
25225 29295
24747 28690
9574 10864
24594 28843
19315 24639
20375 20376
7892 24497
933 8451
11478 19709
169 25759
6575 24343
2659 25665
146 29031
449 6161
11136 12042
2566 5950
29622 29623
12247 12269
15674 25967
28755 28784
25012 26420
5797 11050
19034 19035
3299 15617
1146 26395
25924 28085
2549 25067
6575 25881
5365 5393
10423 27665
7771 23038
1559 25210
11538 25434
7714 7737
5927 5931
5572 27648
10839 12575
16511 16512
12231 26350
1007 23788
695 6645
24168 24365
15263 19906
27001 27126
997 26463
22273 28602
25921 26343
2768 26606
25328 26007
515 24673
8148 16463
26347 26813
628 15330
14351 19906
6875 23961
28930 29099
25680 26138
16490 25009
6916 24995
804 29400
2484 7749
5105 18655
10911 18871
9933 9936
6569 11462
23700 23701
12330 16399
19601 23838
24691 27232
5913 5914
886 28065
6460 22477
23788 26896
2661 16052
25558 27216
17544 24869
8320 11553
8511 13520
5909 5911
25725 28200
24521 25018
1405 13810
25776 29179
9036 28078
12231 26832
25909 28380
2824 23276
20434 23583
24709 24717
410 3699
28033 28048
24879 25841
1153 25328
9262 24605
24221 26896
1304 22538
15041 27618
616 28263
24550 25554
7186 24297
27560 28759
5880 26283
573 24924
11121 25473
2043 27097
4821 7548
2896 4240
3516 27080
2683 26823
4257 24379
11784 29186
8736 8737
3556 26803
16018 17165
11588 27097
1412 7227
10609 24323
1796 10864
1587 23961
14310 14477
13150 28064
11668 12210
4638 24251
19636 28038
922 1098
10097 28524
25315 26678
26787 26947
14111 28520
10469 10486
3197 20883
8756 25251
12609 22273
1816 24632
15889 24248
17942 24628
28644 28771
5560 10999
25454 26030
11298 19410
497 534
13222 25563
22466 22467
12440 12442
836 6306
25373 28744
17556 26506
9979 18765
15707 24382
19540 24338
262 2245
846 26284
4327 11558
11500 11745
10850 25967
3508 25137
13079 28079
470 29731
3197 29295
1976 25106
20175 25211
463 1326
17280 28366
18507 25454
5831 5838
12717 17527
20682 24488
9269 24862
8205 17577
24628 26863
8282 8547
666 9510
13704 25409
1643 5717
700 16996
24517 25469
19348 27758
5444 25411
24594 25040
16160 25198
2142 13222
24684 25605
9876 15365
3764 20061
9231 25191
5815 6061
5022 7486
25554 26712
315 23906
25605 29224
14428 27390
9648 9650
5304 25483
13621 13735
1227 24099
25605 28673
6659 23968
25881 28784
14494 29363
4309 29221
14310 23911
5288 10824
2574 24147
24001 25481
14302 14303
25804 26081
861 2788
14479 24047
4809 29132
19410 27114
18796 18797
25096 25152
5997 8761
899 26979
7851 9196
875 25742
5288 5317
9163 19194
17663 17664
220 3093
8066 24572
9180 25191
2979 11488
1242 27626
18654 28149
16439 29276
404 24445
23788 27569
929 28838
26997 27017
20481 24879
24130 24688
623 4918
7371 26370
11171 11607
27130 28080
3051 28822
28776 29221
5557 18412
4269 25920
8216 28731
24685 25328
1618 27258
2096 24997
4839 4843
17456 17457
10344 11378
4098 19517
10070 16902
4193 29039
1242 25728
5875 5919
780 1617
24325 28646
24811 27757
487 609
15394 19580
24934 25146
4650 15557
3468 24383
12231 14131
26955 28322
653 3526
15545 23897
9781 15085
7308 7309
13411 13412
24887 28105
12702 22456
1412 28634
19582 25473
24130 24679
23850 25878
5906 19917
15016 15017
25570 25669
10654 18039
359 24094
21836 21845
14391 19638
21149 25230
28146 29057
22343 24782
9755 9756
9018 28690
28264 28784
9008 14428
26057 27890
11470 15510
2603 26283
1530 25799
1579 17269
13739 24488
3814 26894
3301 3338
2100 24772
19433 24077
13693 15946
22396 22401
8127 16503
4862 24701
3767 28031
2546 2555
8215 24993
14670 19840
4727 26007
10636 10649
25523 25605
19473 20061
24262 27184
26196 26242
18918 19381
2709 27203
25232 25631
7037 11196
25146 26903
449 6877
6679 29012
26034 27254
24508 28253
5482 10472
14996 15004
2317 2398
3442 18850
4564 10968
11305 21151
4311 29621
7141 8607
25433 26343
24280 28282
7225 25907
781 27831
10822 27360
11682 24540
1884 25188
25361 25504
13707 24249
8794 8808
5545 15399
6198 27729
6482 25853
24165 29058
25909 27810
1652 19315
14297 14299
1585 10070
10505 14018
12375 27975
10361 10856
1608 9535
5065 17820
14020 14026
5565 24317
892 24679
12087 18252
15019 22610
25768 29275
9982 26564
11511 20440
5253 25439
22651 22676
10305 25719
26186 28244
6575 24318
1018 19540
26457 26493
814 9535
10107 27372
11593 24639
1431 25000
11081 27684
2377 2896
15541 26992
5984 7171
396 26125
26377 27913
1477 2100
26793 28956
9799 25355
25911 25948
12512 13274
24144 29009
2412 25833
3764 28838
5867 24279
4621 28551
7959 28561
24594 28687
5933 29660
26695 28009
2209 24151
16040 16042
513 4727
27670 28619
19542 24744
359 3847
5808 19540
21376 26564
28755 28798
11893 26962
11038 24974
19393 27800
9383 27430
692 27892
10156 26035
3298 27438
14684 20524
24639 25920
2612 13711
160 20498
23933 25053
9025 24887
432 5516
28734 29437
858 6679
8950 24887
1098 26502
311 12053
17866 24968
4862 29363
2693 2707
28520 28755
10674 16087
4913 28045
9395 19447
15482 15983
1903 2088
944 26694
2672 6912
755 29132
648 17753
25400 28092
6705 8721
8928 11301
4007 29589
1903 6270
24281 24297
911 28867
234 449
7006 28606
9461 16338
27111 27112
898 28065
9439 28740
12806 28738
17291 25518
21322 21323
15388 23956
2830 7195
28838 28991
24325 26823
7485 24891
5860 27390
28819 29179
18458 18460
7210 7211
3052 28822
11911 28867
25265 26037
1903 3583
15362 15385
400 1067
311 12038
15719 16607
20061 24595
23849 23870
6144 23473
5139 27215
1252 16476
25459 27145
10413 27626
1715 24273
5537 6123
3951 25271
3001 24684
404 5065
7827 24580
439 25715
22855 22856
17974 26782
17041 27430
2693 11593
2788 29218
3131 18554
3113 25472
4862 7748
25473 27443
17200 24297
14112 14622
24672 26218
9024 12997
2247 5053
15772 15773
9018 26716
20150 20151
13824 13826
737 25558
10152 10153
1563 26493
14340 23848
24049 25443
18158 26934
27031 28355
1541 28333
3018 12783
23124 23126
1951 3951
10134 10135
1509 26925
24289 26908
15918 24248
5482 16180
25265 25921
4081 14483
17131 17135
642 29058
1930 23968
19763 19769
7702 28342
24170 26787
14557 14796
25645 28602
26113 29039
825 3344
1883 4193
4969 24214
19420 26488
21507 28675
15556 17994
1715 25044
5347 5354
28332 28918
1733 6286
2752 7298
10990 24876
25056 27474
5729 16655
9679 29085
1183 24550
2033 9158
9662 9663
24924 27759
23862 26992
15920 24248
14677 15218
25891 28333
1004 29342
8442 8444
16202 28867
4111 24151
845 27303
2920 5759
25373 26860
1608 6875
234 12427
1853 15719
24508 25326
2672 16399
11228 11286
13262 26564
19880 19882
15052 17753
12894 21201
3161 25715
1664 28453
25033 28843
5289 25802
6905 8722
914 28893
14622 14730
22647 22651
18356 26823
13875 13876
11281 19636
27901 27902
27011 27222
24111 26799
9727 29696
6755 17669
5072 9323
11593 25146
4862 23933
3544 12363
2825 11668
29252 29253
6729 27445
2942 5753
27656 28696
616 13344
395 28373
8570 25589
6575 27571
26363 26506
2564 15399
2229 27991
7738 7843
28726 28867
22681 22830
940 17200
145 5950
27222 27345
14514 22185
24121 28619
2237 2420
13575 24957
19315 26367
2693 3654
2245 25056
17973 17976
6553 6573
26018 29342
12390 18484
5265 7003
24263 24305
22490 28470
14596 15497
11891 12127
25991 26787
7530 19410
316 8074
17280 24934
26035 27298
1696 28696
656 24267
10472 16360
6575 26615
12683 28194
12029 12030
428 26191
24642 28667
19625 23944
8953 24887
2997 20795
1321 11418
4658 9094
4767 4769
6705 8734
24605 26644
24895 27040
5851 8422
998 29342
20510 25179
16323 16326
6318 13486
3694 3753
24897 25458
3001 28873
13711 24058
24887 27067
720 19172
12500 24366
27229 28364
8944 24887
4444 19551
7169 29213
387 28727
4862 23849
24856 26960
15100 15102
2857 9483
8761 10665
6394 24031
14543 19094
26447 27290
727 28901
1319 26635
24143 26343
24832 27164
21235 29043
14542 14544
5072 9313
6154 17641
7037 26968
10316 25719
1856 10868
1096 19582
11418 29283
24681 27187
4908 9136
13261 27602
26399 29693
2666 14018
25394 25614
6358 23473
1498 15541
3179 28593
4078 26896
10882 24669
9267 26926
1313 26823
1191 2076
16004 27940
24201 29267
5105 25504
5092 29063
5926 5931
13519 22490
1412 24463
24862 27001
827 4539
12343 16399
14339 20038
7329 27703
10472 25784
15439 15440
687 20027
24151 28174
19587 26953
21865 21868
14287 14940
7186 28753
24639 25793
3421 3427
4385 21879
2205 2207
13094 13127
5761 9485
24877 27560
7313 24485
6242 26493
3763 27568
12594 12608
13519 24069
12613 27354
11298 11814
2018 17798
24435 24436
25920 27693
6575 24310
5785 25213
6229 26493
26275 27739
18885 22490
20061 24515
7702 26519
25433 26193
9494 24431
17610 26493
5871 5872
10220 25719
9481 29039
18700 18701
3728 4041
8934 28092
3431 24410
3744 26925
11470 15443
368 28143
24215 25563
15770 15772
24638 26990
24887 25480
2019 23801
24640 27913
3854 28656
4074 24672
8369 29448
11794 28026
7195 10543
7808 29267
13060 17178
9315 25859
15549 23862
1149 1413
8136 8236
10887 27080
27334 28049
5967 28784
25034 27199
7295 7297
10824 25967
5207 26615
16399 27932
23943 24922
1751 17974
1252 24025
1992 15708
2655 13757
609 12558
8033 29058
2714 26528
24472 27903
169 25770
22294 22298
27155 27356
2203 18623
19712 25034
1401 21151
8803 8847
18984 23972
24605 25768
12430 24592
14483 25087
11249 25601
18198 18202
648 755
5999 6014
5365 5458
1275 11305
14440 21519
17089 24183
27036 29063
1414 28930
10569 10604
21398 26720
872 3888
18039 25213
8761 26914
6399 15685
26914 27940
4269 4727
13801 22381
4789 24836
14467 17753
6653 26337
18680 29365
22748 22750
24888 28071
24594 25667
25687 27867
21934 21935
1167 19582
25471 27977
13824 25177
6409 26283
8255 24500
7877 7878
13490 13491
6418 27538
10631 25415
579 26470
23856 23858
17912 17913
262 26468
1287 7892
6666 28901
17280 28419
8761 9800
4435 4436
26275 28989
5884 29653
5092 10331
11361 25409
5564 24281
24785 29009
1221 26263
19315 25563
11365 23939
5786 28473
5414 5415
1242 3926
10505 24352
2672 11593
8255 25768
4954 24856
10491 14131
25025 28297
3463 28909
23454 23456
12390 14418
13326 15975
10254 28930
7858 12916
17555 27429
547 18874
24302 24445
5765 24067
848 2441
10176 22704
25719 27730
12291 16399
7733 26118
11829 25383
6202 26199
787 24149
4089 29617
25563 28366
20061 26564
9223 25433
529 28146
27507 27577
2104 26337
5875 23797
8935 28075
24023 24922
25726 25732
4862 24383
10120 27390
13170 27303
4598 5785
10761 26211
7313 19624
25434 29063
1007 2566
5360 5450
4862 28362
14925 14926
22844 22849
8216 25862
17753 24095
825 9481
14020 14069
10472 29342
2979 9096
7937 15354
25859 27693
17240 17242
4704 4705
2661 17909
11489 11522
2266 26011
2942 5964
10251 19346
7655 29454
1326 1574
778 19681
8918 26962
1923 4357
2785 28755
3002 22328
19330 19334
25751 26081
21201 28838
14505 27768
12224 25474
17112 17388
594 18291
11525 25038
14497 14499
8007 8746
8222 25383
4954 26731
3854 24887
3916 24887
11436 14666
14020 14054
19106 24824
617 26292
16293 25222
15410 17422
23038 25162
9682 25213
12356 12357
11673 26334
26287 26371
24301 26747
605 28529
1992 17041
11089 25473
13734 25276
13367 13368
24052 24053
9562 10926
1138 12555
2660 2665
18270 18271
18455 18918
2310 29363
1928 2179
14661 18951
6066 27440
4622 27823
14352 14355
7735 23702
11054 25473
8369 29267
1070 26903
1940 6297
12148 24997
25483 27071
19401 26606
24382 26438
8159 8269
1412 27326
7113 7114
8052 8086
24151 29159
4104 17974
4236 28702
13946 13952
1069 1242
20473 25179
318 28763
3431 27164
26734 27060
6995 9612
28656 28663
13421 26102
7608 19624
11250 27141
17776 26378
9217 17866
593 3106
2920 6698
4471 11445
26732 29337
6575 19540
6408 26007
3012 26193
24594 25033
13634 27759
10688 10853
13274 24650
26877 27677
24508 25056
5753 21287
1664 25914
23727 23729
10911 18564
3200 29008
3999 25128
10533 28049
628 7812
2239 18481
27288 28703
27072 27592
28138 28147
25642 25967
15578 15579
9485 24248
1705 7728
7141 8604
1276 11141
26597 26668
21047 21050
4758 25146
14863 20050
1738 9470
941 15685
25769 26871
24503 29179
3561 24334
10450 25473
25556 26987
385 26138
343 25492
6729 27390
729 25556
12861 26438
3789 27453
3232 10417
1201 21321
14655 24175
27848 27849
24934 27582
7408 24508
2661 23038
3285 10599
24472 24854
17866 24934
4862 24605
14040 28008
412 26210
15138 15142
15770 15771
26495 27306
7274 12497
23967 25715
27208 27298
12777 15368
3211 12459
748 11694
9874 25528
24747 24836
24946 28759
8194 28740
271 2076
25137 27171
24877 24934
27043 27989
5793 19540
1146 3303
449 6805
688 27842
24832 27359
25667 26072
13005 24459
874 28326
1972 9416
3907 26604
7924 11673
5375 5422
14392 19607
27159 28120
25433 26573
7926 8462
2405 9278
10412 27626
26060 26061
10848 25967
25087 26299
5471 25997
8641 8902
4654 12915
18247 18389
24180 29008
1162 2810
4562 25154
25315 25719
24780 28648
14112 19006
13994 24205
17645 26560
15749 15753
21 12972
411 413
11418 25768
17344 17866
7819 7842
13519 15741
2375 7154
2277 6679
9310 13513
3908 25936
1412 24681
24996 28755
24031 25459
7549 22653
8746 28021
27372 28784
9416 18973
13253 24459
1933 7608
25702 28601
8227 15707
16794 24511
15465 24266
780 15608
4659 7047
14026 14054
17134 17222
11171 11574
1293 25156
12408 16399
6389 26218
10959 13746
1940 6296
695 1395
13594 25296
3673 15041
17078 24212
10811 26507
14018 22381
338 6250
2979 22610
15510 28850
1530 25109
8879 25768
25454 28932
231 26102
18070 18072
1350 2643
1326 26493
19773 26081
13768 14409
14572 14787
7103 10366
1050 26960
7890 26873
23943 25997
3017 12779
7171 24340
3106 24615
3268 15775
24658 24924
3828 4721
804 25285
17776 19548
6397 14599
14116 24077
25361 29083
2062 29039
317 23897
22681 22821
9975 25447
5702 5734
24594 25804
5549 25276
780 26731
28048 28059
21789 21791
25605 28087
14124 28164
13005 24472
1275 28771
25853 27560
7858 28265
412 27913
13963 15541
25862 28634
26823 28129
14006 27841
3528 13016
845 7227
13075 28079
3211 12443
529 15541
25454 25719
5712 25300
24250 24281
7738 9349
19094 19381
23951 29267
9082 24887
301 24606
12811 26313
24263 24273
24098 28087
7171 25862
5354 24183
4689 4825
15812 15814
2369 7154
25702 28771
3951 24692
3667 5121
247 4562
17753 28076
5612 15828
9731 26657
7407 24153
8435 26957
4911 6399
25527 27840
6729 26407
9523 16820
21332 24687
29751 29783
609 27914
15410 15719
24144 29078
113 26925
20464 26072
922 28771
705 2100
23312 23313
2714 3271
393 28518
5092 25601
10882 29717
4203 29406
2405 16852
2263 16029
1706 1733
23038 25113
169 12231
4947 26275
19547 24745
24924 25920
25355 28569
1275 9647
21758 26081
15822 15825
14954 15312
24574 28652
8128 16190
4721 7491
27021 29058
26016 26606
3297 15589
27071 28686
17974 26747
17247 24975
17974 24511
16862 27124
6947 18225
19829 19884
4599 15197
25563 27241
2757 23810
10221 25319
10599 25771
13424 13425
8194 24382
7983 7989
3018 12779
2023 28085
497 7070
22166 22167
25473 26787
4789 24119
3924 24747
4780 4782
7646 29267
628 13037
262 1326
264 28194
824 26903
7154 28618
10557 11328
861 24293
1815 8257
9473 27409
2817 3315
26183 26647
21532 29248
4943 15532
27324 29474
8066 24291
14309 27940
19517 29039
6331 12018
24077 26597
4327 24066
169 4892
19945 19946
164 15085
27590 27596
15163 26438
4203 28734
6282 24817
22540 22541
19731 24079
14776 18423
9182 18280
17019 29117
3232 28619
7058 25137
15085 18874
27441 27442
25368 28094
131 27691
24854 29169
9129 9138
21834 27538
26764 27453
14862 24393
25599 26564
2019 29126
8460 28560
278 7347
26433 26434
3908 5092
755 1827
6164 27390
593 1050
24594 28631
12231 18601
10791 27225
4795 11081
12231 19396
20083 20423
3540 26463
2612 3764
15703 15704
12728 26270
4129 19438
14067 16721
2269 18467
6575 6729
5646 25786
540 2085
24960 24983
21026 29042
24775 27100
2219 14131
11257 24746
19485 24649
24284 26098
2929 8205
1117 1128
4077 26896
7250 7362
2755 26897
23254 28771
7141 8622
3596 19239
9462 9463
15888 24248
2696 13072
8127 16460
9874 25440
965 3954
17100 25823
881 882
20128 20130
15097 23933
6995 17974
11380 25409
22086 25316
25729 25732
7257 25318
149 3464
14031 14064
662 4358
15263 15264
28184 28755
17200 24283
14667 26493
24875 25451
25245 25247
8091 8093
7384 27294
11488 14437
1777 24521
7509 24946
3924 14482
15463 15466
3088 26276
4683 25429
2277 25876
24924 27529
2561 24155
24077 28784
17247 27411
13711 14527
9261 11549
14494 25242
8083 29276
13959 24121
8683 9436
169 7795
14690 14691
24266 26519
10058 17291
17446 17461
24584 29162
4113 24359
10695 10863
3651 9183
19884 20423
13779 27254
21254 24077
38 11182
4794 20086
4918 24605
10325 14863
26243 26244
6679 23961
24094 28524
6218 17189
1099 14494
4086 8531
18400 19381
1815 12745
25680 27826
2412 25103
7694 27079
13739 15041
25225 28441
7998 12148
26120 26734
16453 25194
6587 26356
487 540
26098 28431
1933 7748
7485 24670
1683 4960
12317 27623
803 26251
19460 26072
25291 25610
2691 4083
24639 28981
16210 28867
27769 29165
1759 26799
2714 25572
23147 23831
8298 28905
6739 25077
1906 7154
2612 28227
25558 27778
15262 15266
24887 25613
13280 26564
20727 20932
244 285
2823 25656
14483 27254
10346 11570
26263 26492
11695 24481
11445 17015
20331 20332
23788 27841
18654 27241
11634 24897
5216 27470
8520 16402
28340 28345
14862 24410
301 329
19672 19676
732 11647
5388 21299
3285 25146
15991 16012
27841 28601
780 14111
5444 24594
24121 24153
24488 29568
9144 9149
23788 25594
12043 12044
2412 23862
1109 24659
11559 27045
2111 6443
11418 24654
5528 25781
2881 2882
21495 21499
19438 27703
2298 21201
2766 9490
26125 26218
20050 27028
2750 28832
9954 17544
14310 22907
5693 26337
14482 24365
89 24801
9994 25518
1967 26144
4089 24217
530 1618
6986 19656
13730 24249
24004 26606
27997 29039
25690 25700
26502 27729
20457 25179
7807 8164
14467 20204
8849 28042
11271 16843
19447 25667
9354 29418
10639 26564
2246 28931
19527 24815
25316 26866
5319 15365
24286 27490
24160 29406
404 7131
4917 17034
15946 24168
2059 4771
29137 29717
11319 25377
3012 28719
14481 20016
5967 8255
14387 25390
14310 23980
5506 6679
818 28249
26126 26342
27281 27467
13060 28211
1319 27268
1733 28685
26939 28518
26507 27390
6408 6410
10503 20061
19773 23917
6037 25209
1253 9461
5263 28548
26657 27254
16327 16722
1618 26990
11435 11437
16172 28867
24094 24847
28263 28882
8989 21151
12390 18795
4725 26844
24616 28565
4098 19028
609 27937
7787 28938
12916 28604
13520 26223
9159 15197
9979 9993
2779 14321
9813 10418
836 29222
3694 24605
3013 27040
24001 25719
24988 29787
21087 24876
156 6472
14018 24403
7709 9874
10450 17388
2484 7687
19172 27028
8803 8836
648 23473
3756 3758
15575 15578
15085 24750
24248 24252
2095 8083
9613 9614
19154 19155
1568 7466
3610 24121
1618 7988
18373 18377
677 25838
17974 26831
17433 17510
24183 24250
8922 9056
594 25758
11445 29198
7504 26485
11157 15177
6053 10472
17753 23474
2433 24070
25563 27212
4908 24985
24201 29095
520 9217
6859 17974
7772 27080
24674 25328
11488 14418
14655 28045
11015 12435
5775 19378
22174 23991
285 12965
8337 18224
6394 11261
24308 25690
12408 21151
156 3271
5072 9306
24365 26832
387 28638
234 11694
4457 4458
3948 11771
2920 5739
14040 19206
9261 11879
15276 26668
24540 24900
145 24264
2101 26220
1706 25285
7563 18648
28033 28057
15398 28143
17469 17523
16216 25924
1853 28583
226 1541
1943 29363
1214 1422
25438 25439
20638 22097
653 13661
23987 25044
6236 29091
9597 15627
21957 21958
25423 25937
4019 4021
12110 23004
5365 5529
24924 26027
11742 24540
2740 28399
24877 25413
17200 24345
24751 28373
25188 25344
2938 29042
780 28680
20880 20882
15174 18039
4849 23838
9734 9739
14192 24726
6947 7016
2655 13904
6482 28632
1005 1006
9563 10864
4997 29363
1444 17610
25429 25459
20621 20622
6482 18039
16610 16611
1023 28867
13170 24701
15826 15827
6240 26647
4911 19582
3254 26832
373 374
22571 22573
3271 28719
28065 28648
15541 26908
10254 28973
26615 28030
529 13746
12861 15330
17005 26990
391 5880
2663 24924
7254 28701
4628 18065
14109 17200
1017 24121
3243 13060
6233 20518
15927 17500
25253 25927
7979 24988
5359 5432
26079 28656
1242 26538
15733 15734
540 8216
9272 24897
12275 12276
18387 27550
18293 18294
14121 22470
3992 24724
1771 1772
15508 15512
8165 16515
3712 25137
169 25727
21940 29737
9790 25188
35 29511
2111 24641
2835 7186
9306 9322
13409 24589
7702 25209
11048 25751
3837 10070
4337 11893
901 3447
529 9018
24248 26043
1536 29276
14942 21202
4939 26178
1380 26254
25437 26712
271 27507
628 7988
9399 20544
3794 3795
5065 29039
24082 28593
16400 21151
5454 5456
4330 23862
2046 7892
909 29039
6362 17610
24524 28867
1255 27161
13060 24831
8045 28738
14747 26343
1153 27243
3582 20002
13815 25399
89 7171
12803 27052
11085 25473
25881 28702
13326 15983
24229 27156
25688 28601
18616 26726
24640 27532
17291 26138
3942 24146
16963 28559
25454 27325
10008 24836
6521 22511
7772 11567
7429 28087
5174 27507
9189 25011
6096 24359
11271 19410
3384 15141
10501 11168
10836 29131
13603 26288
13161 18264
24272 29137
7655 24495
1242 1847
24897 27080
4975 10911
10501 11615
24657 27524
26606 29352
18654 29207
6985 12390
8266 29100
847 27566
169 5560
11307 25550
9612 24180
25580 28071
412 5880
24614 28530
14350 19895
4313 6388
14149 22731
14031 14060
24130 24634
7630 29337
10824 24540
15019 28758
16216 28044
11624 24540
25347 25393
15297 15305
27583 27631
1484 4337
5889 5900
1313 15619
6482 26438
7193 16885
22292 22294
23081 25390
26285 26304
4089 28981
1074 25715
79 4192
504 18247
10940 24461
12899 12975
17753 23943
3395 15141
15336 23897
4324 26396
543 25336
90 29551
3243 25056
9416 23888
24018 26787
16215 28867
1847 25967
18225 27669
7911 11673
8294 25191
7347 21287
19348 27797
4666 29413
6885 13711
18169 19039
22251 22907
1326 27831
10143 25382
6651 6787
37 4192
2828 2829
26093 29778
7902 16151
4315 28420
1618 8224
24356 28087
27549 27956
913 7195
5675 27631
19 8194
4659 6920
13708 13722
14329 14330
7998 24497
14263 25180
8860 26689
28332 28723
24681 27347
3951 24334
530 9189
692 10968
23788 27606
29118 29247
11740 24540
2541 5141
12415 16399
1536 3907
26044 26046
6503 26439
19624 29454
1073 24550
1864 2159
1864 1908
25890 26427
24469 27157
24289 26652
2786 28755
19410 26992
25176 26072
15369 23956
1521 7122
2043 4884
1007 7019
7287 7384
20523 25179
15915 17460
24103 26050
21158 21168
1939 7293
25325 29179
9251 25373
727 26282
1956 26787
11015 26559
1933 14309
14482 25422
1889 24595
20310 20320
529 4562
7171 11553
13613 27759
19349 28065
24594 24663
25768 29137
6951 7085
7610 7611
24900 28049
12889 12892
1079 1275
25424 25630
2809 2810
23582 27841
19668 19669
695 24957
24724 25742
20298 20306
1664 23788
3271 5211
14990 21680
10759 24815
4360 12936
13639 25305
17217 17220
4562 26493
2484 7751
5734 27445
12231 19588
17211 18367
11852 26399
19205 24147
9982 9983
8932 10693
19594 24064
5200 24333
648 25909
8385 15608
16400 25311
5771 24048
3949 16075
12725 17550
10519 24899
7702 27593
23863 24731
3271 7662
4185 26564
10633 18232
5911 29653
25523 27875
19300 19302
11291 11292
15174 19194
11770 28032
3031 4538
6355 26511
1319 24810
16063 19045
7483 10864
16221 28867
2412 19647
1983 26208
11252 23862
3820 19315
3050 19039
14404 14405
1406 25856
5104 25504
24752 25667
25909 26072
6705 24736
12561 22273
439 22273
28526 28531
15708 25056
21298 21300
11168 23863
1181 19582
915 3325
17598 26270
986 24419
9921 18134
10359 27436
5085 14237
169 25079
7599 24772
10070 18699
13023 29636
17676 25265
1275 26695
10376 24936
2144 4193
8393 8394
9737 9752
15443 29442
21151 29473
14064 14070
15921 16913
10745 25031
20616 24011
25775 26871
412 439
12279 17093
4862 28814
24924 26543
25377 25840
26920 29369
9577 10853
8741 25928
22384 22385
875 3126
24814 26492
1854 28583
26896 28868
16886 16889
14040 22490
12919 12921
27117 29471
11168 27080
13060 24196
26495 28503
24669 25039
7076 27841
14494 20988
15106 15107
737 25687
4844 10450
5072 9344
15354 19539
1484 9973
15946 25328
593 28143
6573 26838
21524 21528
14617 27761
4832 27822
26056 26719
6225 27390
4800 11918
3561 13246
19599 22296
805 17820
5309 24946
3194 23423
12565 22273
11418 21332
23276 25836
11488 21287
9536 25715
1059 24648
2057 2397
19410 25469
24780 27841
787 1815
540 17610
15823 15825
5654 7094
9983 28047
4874 15685
1904 9158
1405 12390
716 3723
11488 14678
3001 27729
26493 27759
24924 25154
4857 24550
3243 24924
11038 13083
13170 28229
18039 18136
2468 2469
7429 26377
4722 24847
21518 21521
3518 4331
7239 17739
7194 27997
18666 25977
1733 26393
24957 25021
15915 17441
19672 19674
7936 25177
19410 25772
3350 4539
5688 24250
1873 28784
8860 26798
2683 6698
24859 26990
2889 5965
15755 15772
845 28846
12368 28261
5590 14711
3763 26810
359 13060
15510 28737
6048 27922
7777 25191
5400 5402
12989 27116
15545 26982
1505 28438
513 29216
366 20061
26409 27549
13721 24064
11202 29480
9265 27124
5785 29640
1847 27842
24743 27913
4020 4021
24551 28418
9574 10715
20518 24659
8227 8462
26007 27831
656 10070
11851 27067
836 14482
28278 28994
2437 8396
27095 29337
470 16399
11885 24178
3820 13595
262 1089
24795 24797
17866 27337
26376 26651
1664 22381
368 16490
3795 3970
24510 25768
3908 26074
965 3952
364 7122
22273 24488
1382 28930
12446 28867
24382 29169
1253 29039
4739 8837
8026 16078
338 22708
13010 13472
3508 25667
10109 10133
14387 20072
529 28087
21398 24121
21299 21801
697 25967
9196 24829
2484 7112
2209 7608
26543 26947
26091 26343
7171 26938
24258 24294
23892 25794
89 12762
11250 25391
23611 23612
24606 25454
28087 28803
4645 25454
4330 11597
11704 24540
26014 26015
1847 17025
2245 25881
1608 27500
1433 1444
3271 5210
9043 28078
19332 19333
11488 27841
25409 25453
8967 25574
16158 28867
13291 28253
5156 24642
8996 11796
2025 8769
1490 2630
5693 7195
24323 29220
27430 28264
848 21201
20911 25709
24508 28619
19598 21299
10416 19527
3577 14321
23354 23355
17974 26769
3998 27266
11539 11587
3193 18671
18538 28866
986 1412
14863 20481
9008 25460
7103 21201
13810 26019
15597 18169
7661 8079
22708 26823
4203 24997
19531 19563
25146 27795
24511 27842
609 26925
13904 22130
17779 17780
21254 24069
4070 28065
4579 4580
10216 25393
1168 23948
20286 20293
28376 29573
14018 15030
22274 24000
396 1983
1782 7649
23081 24330
14015 14085
6196 27390
17974 26811
2824 27777
13136 28036
1275 12691
24992 29267
27631 28606
6810 17247
24669 27154
26209 27870
7702 26625
2484 7740
456 25146
13089 13090
2746 23920
10097 23956
21933 29756
10651 17280
20066 20067
1253 2750
12231 14951
20047 20051
19540 27842
21087 25491
10563 27097
24620 26220
23214 23222
25959 26465
7047 18335
3464 24293
26972 27033
4862 28813
5553 6328
5376 29653
11604 24897
5024 9974
9981 25459
1638 28222
9130 9131
2825 11671
84 4192
25409 27553
27434 27529
1141 19582
10824 17200
5560 11011
13820 24735
1127 25728
3625 24317
1095 28559
479 3012
1815 8254
2555 23038
25369 25385
1635 29171
346 2946
727 28838
5754 15023
504 26726
17782 17783
1433 29363
18547 26488
13820 25228
5724 29711
1176 18280
10616 28237
12558 24410
26223 26412
11607 29063
2209 11694
5792 16896
13727 25719
4809 7422
7429 29169
24624 27191
8136 9189
13704 27254
2921 27774
19505 26695
2352 29363
25783 27587
9888 13045
4907 27631
26180 26238
93 27052
10325 20050
10493 25715
28376 29540
7690 7762
24196 27397
9525 26601
6133 22034
14603 27254
23038 25151
11816 25587
8846 11015
24815 27254
2291 21201
21151 29387
4839 5038
24502 29767
24348 24605
5072 9319
7702 24891
18654 26618
24815 27072
8351 8362
19517 25128
24365 25859
14527 28810
25719 26380
210 215
23550 27777
874 14482
24503 28751
26208 26294
7329 26712
7376 16016
6676 8306
12848 12849
5964 24248
6021 7484
24133 28997
14124 14975
2335 24214
19542 25390
24248 26914
2290 7154
27862 28270
14310 24488
12155 24745
24898 25550
9994 25668
1742 26220
1552 28867
4280 27979
6597 25428
1098 6986
11666 20481
25772 28035
3299 3331
278 5685
16179 28867
13952 29073
5271 28219
21201 29157
6722 26813
14777 14778
17469 17514
22298 22300
9481 24649
11638 25458
2886 28811
11488 14462
15541 23862
3599 26510
4522 25605
24881 25476
25041 25051
3318 26901
24888 28045
827 25237
25454 25460
29132 29222
16010 16013
827 7738
8061 8371
16750 16751
25853 28065
6537 11580
965 3848
145 9757
13333 18654
3980 26799
10998 26275
3757 3758
1638 29176
3431 8162
22342 26997
25336 28403
27383 28887
10853 11250
2453 24066
599 28593
3414 26359
15466 15467
1226 27469
9980 26898
28518 29360
29334 29347
540 2092
262 716
25137 29224
530 24169
24616 28564
594 25373
9560 9583
21047 21056
4369 5198
7671 8136
2111 6282
8450 29352
520 24154
6533 26370
22550 22554
11423 26361
10337 10338
21333 26499
23798 25087
1889 24217
21801 24912
11081 24969
24616 29008
24550 29168
19372 19375
25633 27147
23847 26962
24023 29751
733 24745
25373 28964
24643 28120
355 19582
208 16267
26288 28065
3107 28822
11365 25833
10645 10646
5197 18158
18200 18201
7688 23701
2820 11365
7195 17798
11154 12231
8333 8337
686 21201
26803 27430
9260 23863
24259 24743
11848 12211
1577 28780
1275 11820
2133 7626
200 780
768 26343
11643 11644
1275 3344
709 28063
20274 20277
24087 27511
2798 12274
24946 25504
24091 27997
1444 24550
13559 13560
9399 20550
24769 25690
10661 25504
7195 25618
24662 27568
1150 2790
2277 26344
1275 11470
1353 28930
1041 24013
9865 18405
24004 25667
24550 26838
17100 24091
1519 27497
2790 25554
11006 18237
9427 29267
10088 24815
27224 27225
23788 29137
7195 24957
5873 26240
28210 28543
16314 16318
16498 25194
25832 26510
22737 22739
4528 21870
25433 27011
16171 28237
27490 27903
9570 10844
8136 25391
7037 9814
6418 16993
10717 29018
78 27065
4592 14819
9874 25619
24594 28720
4213 10455
1528 15585
16213 27390
412 7310
8971 9012
21053 25793
29239 29260
15139 15156
14667 27324
27145 27373
19624 27390
15828 29721
26113 29132
5790 24488
3792 24957
2301 24119
20734 20758
4602 4874
25909 27522
13291 15085
5280 10824
24924 28674
3143 25550
22373 26968
12058 24198
656 6827
27171 27566
2484 7754
384 497
11538 25610
997 19061
1700 4960
6218 17643
609 27932
20877 20882
3908 22086
12543 12552
16162 28867
449 4924
3333 25022
218 7147
19542 25237
497 18247
23987 26613
5362 5414
9260 27036
812 6488
4007 24724
5016 10327
15752 26871
14756 26082
20316 20320
8569 21411
17123 27469
28981 29179
169 28843
9158 18654
21232 23835
10541 10542
24836 26473
4330 26982
25473 25953
26939 28065
4948 25253
4336 9274
13606 25881
13959 25404
10717 28966
1608 7529
1433 24617
11252 27077
14337 21563
9493 15465
11418 25041
15398 28065
11488 14112
2824 22381
14367 20423
2412 6916
21201 26668
24468 25056
15797 15832
1422 13683
1342 1733
901 24155
24376 28332
25391 25585
23788 25315
25580 28032
23004 25510
20104 20128
1380 1521
814 26395
593 29179
5880 23933
25690 27406
184 29169
26068 26606
9158 25678
7100 23801
11048 13519
5514 5515
11510 11512
19601 25783
13058 28079
14566 14833
5242 28518
13229 18282
9548 15503
3001 25328
15287 23897
8994 24900
4403 25605
12878 12880
25831 29077
21599 29038
4098 19582
2111 3232
18010 25029
9630 9631
24392 24487
20988 24413
25450 28419
22005 22008
2716 8250
628 3522
3001 24164
18258 29698
15354 24271
19387 24550
512 3161
22646 22651
11622 24897
24094 24356
1704 4960
2064 26179
25605 27545
11048 28457
23788 24572
7804 15521
24531 26223
13287 29008
1495 5152
7141 29534
2785 12017
12231 19260
4713 28087
10633 25418
7313 25022
8194 12148
3137 22003
24151 26007
13060 19485
11038 11058
27215 27903
3486 17974
3886 25488
20489 21288
1530 2005
10505 14178
11137 25473
3318 21151
10761 26967
4539 27545
11081 27682
860 2788
10351 27243
529 25881
89 24239
24934 27789
12231 18995
226 8216
8328 15771
5837 16404
12779 26506
11646 25576
24474 28638
763 26429
24834 27198
26691 27560
9354 29454
2630 24990
12558 28065
1253 24391
4038 24067
3606 7589
6705 27237
15113 15114
24899 28260
23116 23117
12132 29117
25483 26061
2920 6679
26426 29181
4862 15119
439 28965
13322 25371
18439 26408
14885 24118
8670 8671
25783 27125
13253 28318
16931 24184
4997 24595
6009 11445
20967 27409
3074 28822
540 26401
7860 16769
4862 23038
7548 17280
5360 5469
5067 27991
616 29039
24815 27750
11683 25177
7551 16881
533 3366
5354 24307
25719 29104
1433 24279
656 26877
4964 17961
404 14192
2921 23147
18174 18175
20585 20594
26394 26493
2100 24665
2942 5565
4862 28843
26606 28507
12231 19498
540 27441
8511 28838
25171 25172
18995 25433
1455 25981
10552 25247
25033 26064
4269 27334
18247 19582
25454 28910
412 7357
3792 24913
2175 24667
20135 20141
19582 28194
4280 24681
2835 24314
11854 24745
138 2942
2453 4326
13307 25186
3838 24147
14568 20475
26625 28478
3937 27255
25056 27243
4388 26446
1041 19548
1815 8246
4438 25605
17089 28530
319 3345
262 29179
24815 26095
8154 11038
24517 26564
25277 28030
2582 11593
5126 7728
2041 13285
697 7485
26155 29038
671 28383
14925 14928
10662 25504
16034 21201
8462 16399
26019 26606
20072 26113
13875 24754
19315 24572
24824 26867
4599 24314
400 1075
7608 24164
5823 19540
20325 20326
10959 28008
24419 24420
20603 20604
25454 27665
10008 17866
14720 23943
1773 24841
6048 6059
26603 29342
15336 29688
1253 19624
593 24111
4539 28363
2146 29058
17325 24956
4803 24267
24934 28030
2100 6300
18580 25188
628 12927
13845 13852
19072 22599
25394 26963
13901 25399
26180 26200
2707 20733
6116 27215
4654 8454
2825 25585
28326 28371
25328 25563
1253 1412
7702 25176
12949 25977
10254 27288
4734 24957
14808 14827
14657 14658
1253 7112
20310 20317
18457 18458
24121 25033
27028 27147
10251 19345
7857 7861
2714 5357
8026 16079
26141 26189
6575 26914
18654 28233
848 13170
3500 9158
2539 13519
553 10481
5072 9370
14018 18412
9039 24887
3816 5455
8922 24888
9254 9255
5693 26620
27097 27147
24496 25031
2111 15531
9874 25676
5140 27215
8860 26805
7059 25137
2942 24078
25398 25539
4862 4874
780 4908
20049 26100
3508 28373
10540 25641
24815 25894
2744 26113
16561 29047
25198 28574
24459 24472
9399 20572
26275 28326
27997 29179
15330 28785
2005 7141
5826 9008
8154 10691
15510 24985
25048 25049
25605 28018
24650 25328
4007 28690
2468 6250
24877 25434
4 29511
27817 28518
8026 24957
3838 26678
12989 27745
397 28518
1617 29072
23904 25654
11812 26730
6158 22023
9177 27198
14665 15415
1191 28194
25028 25146
20597 20598
11664 26987
142 15074
820 1405
18282 18283
20393 20394
5753 24183
10107 24454
1412 13005
2484 4207
2228 11227
25178 29739
11694 14862
1815 9348
7608 28723
3065 28822
1115 1422
11227 27286
3000 26615
2350 18664
6318 16399
5928 14987
25213 29232
10855 25967
7633 7635
6412 26361
10472 27146
1632 18100
9209 21151
26049 26542
4542 4543
4297 19390
6014 26120
24250 24264
25605 27550
9279 25409
9263 11549
6482 15141
24540 25603
21507 24913
4789 29298
24272 25751
4918 27921
5818 27285
23038 25123
25965 27975
1253 24383
6819 24677
4311 26884
25174 25230
17974 26834
12148 13253
14695 14696
2392 27224
4989 29363
6830 26191
16444 25194
24164 26894
7612 24804
24605 27955
17444 19485
28332 28843
2830 9269
10071 24550
21054 22610
10957 27514
2484 7774
4407 28371
720 11660
17776 24121
15443 15585
24966 26823
9955 25237
1792 25396
3820 25403
24836 28483
685 3725
4562 13291
28530 28838
25107 26710
14767 15004
8612 17280
19892 28968
5209 5211
9287 22254
13737 24249
4873 17263
20962 27661
28930 29008
439 20988
15741 25823
1425 15398
18243 18244
21181 24013
8205 27221
12806 27276
2781 4317
375 28518
839 27237
28771 29264
9937 15741
24791 25213
25864 25868
1815 1856
2051 26367
2960 2961
9727 26939
14610 29132
6666 27868
266 24517
29035 29036
2181 21201
901 26414
8963 24887
24632 27842
12231 13711
10785 11253
1073 19582
27430 29406
10954 27247
15469 23936
986 24411
26695 27215
16539 29047
4862 6679
3271 27913
2942 6409
24673 26868
5611 16600
8396 16322
6705 17878
730 26992
19485 29169
4193 27171
24992 27198
28776 28853
428 26441
3315 28686
10533 27134
1873 24649
233 6705
2217 18735
5358 17200
125 18651
14070 24335
1422 10672
702 24329
14543 25433
1706 8066
27175 28445
914 19349
753 25719
9196 27430
18858 18862
249 4562
24031 27030
19642 25794
3561 27315
2293 2419
10898 26253
324 27560
412 2284
17082 17090
2896 4241
17974 29238
4269 17866
25388 25479
25377 25644
24780 28065
610 7583
20136 20140
24946 25454
26668 26726
1873 28755
17753 26488
4874 29207
19973 19974
27573 27583
4098 26606
4192 24776
21787 25186
5772 15045
24130 24682
15018 15022
27568 27592
12390 18817
15065 15082
13563 13569
2661 24820
25217 29459
4462 26113
7702 26081
3951 29352
5027 25572
3025 8560
27882 28540
1422 14310
4484 21866
24902 24913
16077 16079
38 27033
15003 15004
4862 16490
22258 25116
24673 25868
6486 9626
21047 21055
28087 28798
11026 26275
15506 15507
5207 14644
24824 27144
1789 12526
7122 24267
25049 26299
20097 28121
19447 24413
4193 8627
4862 7408
28929 29041
9260 24875
18589 25188
12730 26270
5317 14700
4803 10239
1275 28875
9182 24173
11754 24540
19620 20445
6318 14006
6705 8683
1226 1441
17610 28065
1146 4697
25409 28366
9223 26760
27187 27686
1499 26335
9054 25365
11227 11325
8603 12613
477 24237
1815 24487
22080 22081
4539 25308
3956 14523
29 28638
6930 27678
6575 24263
24214 24839
338 21201
23814 29314
3001 26896
3012 28529
2921 14612
29288 29289
12755 12758
19194 26668
9348 24575
14813 14826
934 3271
18984 26813
23095 26331
1326 5734
19485 29238
3340 5149
14862 24260
1706 2942
7528 16399
13041 13043
9582 10836
28656 28666
11733 24540
4682 27616
780 15708
4373 4399
3271 7287
13266 26564
306 21151
18022 25029
6485 6534
3271 15510
4014 4016
16536 29047
5753 27443
19552 20313
1488 28604
24390 28411
9666 25213
25000 29142
7786 7812
4231 20616
8255 13169
2618 3344
387 25044
4368 11418
19726 28433
767 25921
11939 11944
4630 25031
470 29775
11382 25409
10974 10987
6367 25373
19410 25565
8030 25137
24225 27799
428 28165
27443 28330
9416 21846
22645 22652
14649 23885
24550 26283
805 10472
695 28731
8227 28867
158 9264
226 27590
13813 13824
10873 10874
4129 4854
1224 1229
15597 25077
24887 28028
4821 19542
2070 26439
5947 6970
21553 21556
19539 24421
20193 26606
25398 25669
7404 7405
26269 26326
2648 5652
2979 28044
24946 27011
2553 2556
7702 28371
8136 8370
23 12839
22745 22768
19429 23961
3346 26497
25563 27107
2625 28113
15227 24061
25550 25558
17753 19128
4620 28657
2916 4978
25342 25373
26643 26697
98 5316
4862 24670
8321 24263
21408 21410
3597 26649
10515 24899
11488 27400
17280 25556
280 26425
20498 20704
25409 28964
12879 12880
25147 28260
7346 7348
2381 13160
22224 22225
21663 21664
836 28518
836 922
5693 25563
1856 2231
16399 24206
7700 20269
755 24151
24877 24946
7485 28755
29092 29093
6116 24946
14387 25396
3924 15774
25287 25454
3501 9158
25033 25454
24681 28843
4711 4712
1939 13246
5693 25265
530 874
25315 25859
13253 19485
11445 27276
9950 12762
271 26903
9500 22279
7064 26183
24799 28744
1633 4630
13040 13044
14849 20693
3535 17002
19522 19543
16091 27841
13860 19206
7558 19039
7298 7630
5987 15741
6916 16688
25639 27817
24745 26962
3803 24924
593 838
14111 21398
24111 26145
24254 24255
20061 26987
1227 1236
19496 28231
1618 8242
24094 27842
1406 15330
14041 28348
8066 8775
6418 17302
354 28373
24888 28038
24706 27935
24272 28470
24348 24969
5551 5552
2683 23038
25198 27254
13005 28843
9025 11558
17100 19513
6985 25804
19239 25667
780 8027
23935 26007
7195 25379
3036 8596
25735 27071
6265 15510
14532 19315
1126 1733
7698 7708
17974 26753
6354 17610
15365 29702
1253 11996
96 4192
2639 25265
973 3486
6364 27831
10214 27687
13665 16943
14819 18356
19106 24488
23798 26141
2709 9275
11507 19447
3943 26470
13519 15030
28376 29539
24111 28867
1889 27499
238 25202
16027 25188
546 26712
9223 24325
14221 14448
8933 12955
26668 26832
3414 25296
28039 28070
4346 27693
3494 9158
13720 24249
755 3034
14665 15413
24147 24263
3193 18673
17975 23961
937 4366
17238 25373
1433 6228
1393 26470
1696 1863
3832 3834
20038 20605
987 24869
19315 22141
10025 10028
27583 27623
9956 23894
13060 26990
11335 27168
15075 17733
13169 13606
23281 23282
3271 12558
3561 18247
9970 11382
3422 29218
24457 24458
9266 25601
29169 29320
780 24464
11445 25739
316 26678
17377 24094
18654 26344
3784 26606
4890 28042
4601 25592
13149 24487
1760 28918
19994 23809
21824 25204
15398 24680
10107 14018
4721 26199
27992 29169
18918 19498
13072 19471
3012 6482
18907 18918
1839 27560
8223 17089
4308 26335
7329 29658
7329 28838
2214 21201
2824 25209
1733 25000
4629 24855
525 28561
922 26470
25270 26767
5045 5047
24639 26343
265 8560
580 25900
13820 25433
20500 25179
2581 28042
8080 9383
3002 24605
2942 24314
4727 24685
530 29009
9034 18621
7095 7123
13147 25166
16211 28867
2474 18170
738 26606
26275 28427
25473 26291
18611 24153
5384 5452
1433 26393
18455 24310
5448 20403
17410 24878
2279 18490
3814 13673
18373 18376
17388 29220
14482 26145
13151 28081
1608 2113
7298 28635
6987 7009
18962 21376
3255 3256
28776 29095
3001 27673
24957 25429
19565 28749
1498 3535
8045 13628
5342 10824
12839 24248
1532 6719
4203 24992
6063 24293
1055 29009
8746 29020
23905 23906
13784 13787
609 27928
2057 19624
16707 16709
25572 29618
1023 27907
8348 28755
22658 22659
1498 24865
6098 15365
892 2133
1692 24368
781 24511
28087 29325
23905 26841
25928 28518
1839 28759
404 24410
4465 25605
6133 22036
13006 13018
4945 25337
24330 24858
24333 24416
1617 27490
1733 24665
5487 5834
11445 24013
3001 28210
12331 29238
3001 25313
7171 27164
7201 13086
20049 26097
2273 5015
4007 22708
8255 28771
24743 26343
24875 26901
24120 24664
22323 22331
1444 27831
8570 8625
14635 19829
2442 24006
4854 26335
19117 25473
10785 11780
23943 24925
28672 28693
1593 17753
5797 11052
25891 26793
24332 24639
19606 23943
27382 27383
439 3924
24524 28076
24018 25361
21151 29466
1632 18088
11488 25328
4619 9951
24459 28930
19447 29030
2693 14040
3867 8705
1486 17610
4943 27913
21817 21871
15541 28032
11038 23897
28784 28882
10221 25318
26606 26832
5110 24550
11418 24087
14527 14543
2979 18984
18203 28065
8595 25056
5880 26214
27668 29145
24780 29449
16399 27961
23267 23268
3603 18407
20464 25836
13393 13394
13790 17753
26935 27372
2612 3408
8451 15398
23238 23241
727 28518
6705 24854
14041 14077
28332 28909
1632 10100
25825 26209
15774 19381
6318 28734
303 1847
5794 5795
13170 26223
28776 29243
520 24332
15774 24323
7834 8045
9005 9006
18280 24815
27215 29118
13006 13007
14218 15123
22490 28087
32 6838
89 24798
9282 24897
5197 26934
24066 25450
11015 12432
45 4192
4247 26841
16380 28237
20001 20025
2060 2103
7322 19624
26223 26813
17280 25375
1873 29039
1715 26193
4899 10996
3747 3815
1726 23657
7548 10001
26606 26649
27225 27226
10749 13666
27991 29363
6006 7171
24913 27560
3028 6171
24829 27198
1655 2768
11432 26163
181 24248
13606 25146
4846 17533
26275 27692
5535 13146
733 25400
19335 21493
10472 28644
16559 29047
25056 27369
27693 28445
2448 21201
24968 25350
825 8027
3431 15398
21403 21405
25735 27191
2067 18039
4892 21398
26275 29198
4854 13711
24222 29071
7460 24672
640 14333
5990 7171
1023 28719
26493 26823
26175 26307
1976 12019
26007 26647
1819 29169
7472 25150
10507 27139
25390 28047
5312 10824
19556 25769
1582 23961
16902 29217
8761 10157
4414 25605
1275 28332
24506 26897
7998 25698
25473 25891
9196 25194
13915 24877
28173 28744
7675 7676
5528 7195
24235 24601
27831 29342
9546 26726
10768 27508
1334 28417
4688 25296
17458 17487
7195 19454
14533 19315
24594 24682
3096 3106
997 24634
6218 17533
1343 28776
7171 26734
14659 14876
18 25313
1487 17388
317 3012
28581 29008
2744 5646
8213 8546
18484 26275
24031 24217
6575 22490
25957 27843
2023 18677
8136 15532
16195 28867
13727 24815
7075 25137
1422 10663
5702 17610
6233 6240
11155 12232
1546 1547
5186 12467
226 1276
13129 25365
15300 15304
3211 12453
19598 22403
1772 28723
755 26813
412 7302
615 25493
1298 28915
8154 24169
2336 24163
17974 26757
26056 28382
11598 15545
4981 10410
4727 13170
5880 11457
5625 15022
9918 13279
271 15556
1412 7755
25373 27443
134 15081
3271 4924
7485 24654
20494 20650
24934 25518
14132 14133
5826 5967
7612 10930
15806 24507
770 26343
11190 26213
21398 29534
13170 27439
8062 26891
15851 24317
529 26632
1900 7154
25786 26283
27030 27068
24603 24881
14398 23843
23987 24111
26342 29124
19813 19814
14773 14878
4911 25894
8007 19599
2268 29363
6357 18222
21902 21904
4098 20988
18114 24410
25366 25449
24138 24758
1079 8390
8680 16190
14387 27001
7772 27066
13965 14232
4007 15498
24888 25924
391 24295
25634 27197
6908 27668
2633 3169
2363 21201
6056 10472
14863 24897
29273 29284
25070 28822
4826 26606
21151 24593
16399 16901
24965 29117
15707 29169
4874 29156
14310 25906
19884 20945
26809 26810
755 7205
5200 24282
18655 18677
13519 26081
17458 17490
1976 29234
4247 29443
6875 24094
25198 25690
9196 26803
17395 17397
22746 22748
5826 13746
5522 14018
1355 8298
1021 25061
234 10467
2100 25775
5901 10070
24100 24219
529 28784
16960 29316
6010 24581
10346 24897
6705 29679
13739 14124
25149 29364
14227 14229
1543 25605
24814 26197
6529 19551
25554 27692
26838 26903
9261 26564
10604 10606
10657 10926
2979 24091
16074 26359
3010 3020
10824 29137
16190 29453
2412 27087
23694 23696
621 6192
6152 6489
1844 5362
2078 24151
2061 2074
1275 2835
14417 26899
12394 16399
2372 25341
11031 11037
7830 11445
25025 28295
9874 25498
6216 12733
2661 24459
5852 24381
8391 25194
26199 29142
3271 15398
9147 26438
599 5444
25154 25188
6666 27718
13779 24161
13213 25631
12165 24745
705 28194
3637 23864
25977 28698
9683 25213
2661 5354
4208 28843
4862 28764
2412 27841
24887 29690
755 14482
847 18225
3001 29132
25677 26470
2943 4727
2970 29058
14425 14426
2242 7154
2453 25391
6838 19599
5880 28843
19239 20464
8769 26007
8068 26891
10546 14018
17280 27373
24472 28679
24815 28373
22360 27100
25188 25383
19572 26010
15834 15835
529 6575
13820 25443
24540 25608
15516 15517
9874 25598
2966 16257
1733 23038
17280 24550
1342 15336
4182 24521
11824 18765
14387 24148
27011 27949
755 24332
1664 3820
812 24638
5880 26668
11687 24540
8942 25768
1023 25044
16706 16719
8627 25846
1091 1422
1612 23961
1554 25210
18158 29451
7195 10327
20464 27795
433 11446
4365 28201
25625 27243
12231 13409
17970 17971
1933 2776
24594 28653
6985 24083
15819 15821
3285 7195
27904 27905
20518 25642
13005 24462
8111 27354
8642 20594
5290 10824
3111 25105
529 8698
5696 9288
922 29058
14806 14808
11281 19410
4471 10379
705 26007
8568 25768
25212 26192
9279 25633
18389 22490
5272 7608
12845 24888
2200 3837
1605 23961
6230 27446
23431 23432
6916 16673
6575 24249
6171 26606
3810 7003
24876 26018
23905 27718
4203 17238
24550 25483
4250 6679
10999 19546
5880 26488
5584 24147
14124 14138
19517 26958
1253 13617
3001 26177
24834 27084
25156 26174
24604 24881
16419 16421
3459 20061
24628 26367
12707 12709
2378 27303
1261 23798
8155 24540
793 25087
1568 7459
7926 29058
4269 25872
2228 24121
9270 11855
12629 29099
2830 25837
11673 29420
25504 26803
3698 9383
20878 24653
29492 29495
7709 19624
7141 14417
4214 28843
1951 18469
14565 14566
2123 11409
8997 24887
4084 11960
28146 29085
24791 26396
7122 8255
26988 28032
2824 21365
10070 25433
23933 25044
1098 3794
24278 28867
25176 26207
8761 24147
25909 27742
20842 26994
11571 27028
3784 26990
3865 21279
3266 26668
24111 24524
24913 26947
28403 29363
4331 26901
317 24659
24143 25373
5341 5343
4412 4434
23291 23292
2191 27320
26425 26838
21534 29236
7828 24878
8155 24879
12851 12855
14357 19895
825 24180
6357 26208
13602 13603
1753 1902
25698 28564
780 24392
9865 18404
24517 25390
3792 28194
4793 12113
4627 24249
24550 26841
12390 29132
727 26130
8508 8512
14127 17200
4518 25605
1224 16476
4862 28786
17280 18538
24662 26838
7662 27913
13159 13174
18225 28008
14417 28520
24681 28893
23065 23067
4726 4760
7262 25033
9727 24276
1690 26170
13519 25789
3681 21322
412 26370
2277 23933
17690 17691
8728 8729
997 1210
27150 27302
9977 24538
35 29558
9101 18158
27817 29352
9510 24506
10466 26183
7141 26871
22365 22366
2412 26377
825 2277
24394 28530
11154 24271
25033 26347
24342 24924
28149 29101
22819 23933
24938 26813
24536 28260
22095 22096
1231 24332
10743 18101
8934 24888
10148 16015
3254 26668
2920 5736
15292 15294
1667 4960
8050 29267
3077 3122
28893 29039
25390 25394
9510 24490
3916 29223
28784 29338
458 28518
4336 9272
410 26201
11139 25473
4844 25860
20734 20779
4107 29100
14040 26488
2979 14798
11445 27686
6575 6720
11558 11670
1847 2057
18254 18255
5967 13048
9936 9937
18258 26939
1751 6818
6981 7082
8066 11154
27254 28400
12876 12879
1412 1751
10824 28972
5481 16180
10794 10795
17776 24692
24494 24495
19039 28685
20432 29580
2593 5016
28657 28662
23897 27443
9483 24281
10824 26461
6973 27705
278 26554
21576 21583
788 24121
27102 28755
3803 25409
29656 29657
7313 27251
5987 24271
14482 25679
24670 25054
7892 24709
25838 27793
8643 25005
10427 19527
7717 24713
10428 10430
2484 7718
24810 25301
12756 13094
606 3012
3017 17562
860 4596
17015 27354
16726 16746
1073 28386
14543 14550
24499 25031
463 24747
3001 8162
24217 28909
16040 16043
6588 24653
3232 25176
5813 23940
3271 5233
9533 9540
14482 24653
5734 26049
1461 28619
23961 25373
4539 25699
1017 1760
15097 29058
295 26840
7478 8216
8915 8916
7508 11058
944 9349
759 776
2801 27557
7154 24677
11190 24605
16216 28083
9030 24887
847 27568
2527 27991
12905 29058
4809 25237
1972 9229
11190 29169
24550 27892
10824 26018
26991 29063
7682 7692
26301 26534
2169 6229
21163 21164
24281 27288
8152 9196
710 7195
12058 25768
13256 26564
4673 8644
15007 29751
865 24988
26712 27215
13675 29132
9268 27028
24392 28702
8761 10685
16160 29363
319 19413
28733 29058
2695 18169
497 27948
7662 24246
10785 25580
2936 4727
11418 25888
8148 16494
9281 14387
68 69
7843 8194
14655 24888
1119 6382
271 24550
14649 14650
7146 18753
798 19722
3431 10239
24301 28194
23957 27777
3613 11771
2320 3193
1593 25198
25434 25610
3025 8607
24163 29132
3695 25830
2672 26359
25775 29137
28564 29280
1275 11886
7702 26767
17798 27374
14442 15066
2731 26359
18765 28318
3083 26212
1433 16960
24058 26326
540 29169
933 7408
4862 28794
6218 17399
13235 24825
13790 24069
2353 7154
6975 27624
27728 29084
19599 24084
529 26690
798 16062
6280 27842
14310 14678
4093 29100
15508 15511
1815 26732
5880 28771
2380 13170
11426 26987
6705 8752
5054 11544
26449 29023
700 11932
6591 25735
11168 11171
8081 9315
14508 14510
12769 12770
19540 24282
15872 16593
2661 3924
14387 24898
24887 25297
3516 11307
24969 26823
3475 25854
10968 26721
3327 15650
1733 28229
27922 29384
6916 26799
12390 18596
1629 27198
18654 28197
16590 27841
1777 29163
24267 28577
504 12317
11286 11730
1098 3970
18214 28865
3171 10254
28007 28838
13217 28029
10911 18505
26989 29063
529 15085
25920 28837
25459 27002
271 15531
17765 26947
9595 25090
404 7843
9356 13526
5838 14220
24674 24832
7499 7500
15365 15597
7813 8462
12427 12492
2484 7773
29100 29132
4089 24267
15541 19542
24639 26007
11570 25585
1498 3557
6394 11263
18654 28244
23895 23896
4802 27977
19315 27975
5753 24341
12231 19473
14022 28348
5889 23892
6418 27995
23847 25549
6698 14418
3581 24634
17280 19542
3271 17366
4862 24724
10959 11488
2215 4089
28538 28539
497 18874
25328 29178
1617 1847
24746 27961
17588 27287
15019 28928
8082 8083
8121 24058
9967 11353
957 2748
5101 7141
271 15550
19966 19969
24815 27211
6399 6575
25605 29132
5847 20127
5058 5880
13006 13017
11685 13792
4368 25056
6916 16693
24599 29281
5035 20061
14023 24335
28032 28057
2106 27215
7702 28399
26724 29117
1815 24506
1911 1912
456 18313
24219 24220
5315 10824
8413 26919
2456 21201
7366 15685
6698 29032
3316 27438
24169 29179
24119 25052
2926 26081
21025 22554
21417 21418
4331 18147
4715 26841
705 1242
15861 26317
27254 28397
3980 4049
3464 16655
24847 25966
26910 29406
22255 22283
12270 29505
24924 25642
2216 13170
7649 8492
17025 24464
14986 24873
1815 8809
27172 27358
3002 28637
2076 27297
25038 25484
27188 27842
15742 15743
2566 24287
10999 25667
6517 6535
2095 8133
19987 19990
2824 10824
1498 12883
825 19381
9177 28740
10923 10928
3002 4874
8390 25768
2484 7707
24824 27134
24130 24685
6575 11154
10633 25362
18677 25128
28798 29137
7154 18513
19 22819
24531 24938
28585 29009
10824 26914
14381 19638
1646 10070
6116 25287
14060 16716
12126 27198
6482 21287
8216 29008
11067 28523
20734 20764
6395 6396
11067 17974
464 28366
3714 27188
10091 24550
21595 24349
25154 29365
850 24638
5072 8652
9710 28018
4862 28318
271 15548
6230 29089
25328 27210
7141 9768
6413 9849
25563 27490
4575 12868
82 29339
7485 11154
9973 11689
3405 3406
5880 11460
6206 9727
7274 26724
14973 26893
27469 27839
11109 11228
116 26925
504 27602
8612 10510
1515 1517
24700 24701
4144 6705
1275 27841
464 25156
515 7998
13211 24478
18981 18982
18654 24531
3376 4539
25735 25881
24103 25742
2342 26787
12390 25616
24841 26838
26564 26796
20486 25179
7702 26712
10264 22727
10070 11593
836 24550
25422 26007
16933 29719
145 3908
26606 28465
2412 25685
24531 28076
206 25678
8786 28237
5072 10070
6729 25902
8643 25768
15580 15583
18654 28014
26990 27324
15828 17544
4098 26738
6145 22055
3701 24148
4514 16190
930 6399
8086 9196
7873 7876
8274 15921
12231 14018
6349 24870
497 28907
17753 27254
6878 6880
449 18039
18951 27728
7856 29369
654 29179
7845 11445
17051 28785
17450 17454
3561 26482
1509 2219
26061 26084
12068 15126
515 520
9394 24999
10501 27029
1380 27997
14417 28771
6305 7494
21332 24130
7858 26606
26712 27071
9846 23571
5130 10366
25378 27147
14815 14889
24743 27191
2166 27303
4110 9541
707 3589
19604 19605
9127 9128
25146 28318
10289 10291
7066 12994
7517 28227
2906 4727
2486 6758
2661 15163
5072 9336
11488 24343
20944 21846
333 13621
9718 10326
5317 5487
20857 28559
169 25764
7659 9196
494 9038
5283 14310
1446 1447
7890 16723
24122 24488
15755 15773
126 26925
5920 23797
21455 21457
19491 19633
25158 25191
1762 24111
22708 24966
6875 16794
1253 21151
17096 17102
1778 24963
7037 11223
11604 15541
13005 24401
24836 25097
14948 19620
27488 27489
10836 10892
1534 27549
26367 26615
13913 24877
3616 25482
24758 28332
4803 27966
13386 13387
9005 11842
7804 8369
11064 11066
21997 22000
24476 28850
8334 8336
17200 24429
4862 23961
5368 28425
1563 27842
25011 27903
12390 23943
26138 28307
27625 27641
29414 29416
10599 24431
10118 10122
6729 26007
28376 29571
387 529
15213 20193
10987 19412
2715 26006
3292 24352
4193 12391
610 7122
3602 17610
9914 27168
9354 24841
19094 26914
14659 20585
13994 25742
25166 26643
14489 27153
7846 11445
2779 19315
3221 14006
3232 28930
8385 24476
1923 7527
6109 10472
5197 26606
25697 29095
19315 25253
23430 23943
18918 28238
8769 25867
599 17455
25684 25687
2256 21201
11434 11441
27912 27918
14482 26485
8836 28042
24791 25106
825 3525
24410 24464
18654 28224
2522 24120
5217 27538
12170 12171
2195 24550
1788 28744
16216 28074
609 9158
2856 14482
25758 26072
9453 29713
8655 25179
26341 26556
7702 27082
15732 16043
14940 27296
21589 29038
9874 25401
7991 29364
6328 26215
10434 24738
13617 28771
1690 14428
7112 29454
10548 23859
825 3281
24880 26056
17477 25319
487 25433
1951 7154
1 7869
111 26925
152 3464
781 25786
243 15993
10338 25237
8431 8433
9555 19847
944 24496
4659 7176
24729 26144
14622 14929
3497 26736
3144 11817
1933 14482
17239 29454
9386 10767
22851 22854
616 26359
14343 14627
2461 14482
6705 8745
20489 20498
5321 26838
24261 28852
22253 22283
428 892
24627 25417
25967 26840
2555 7937
5329 10824
15336 27288
15398 24481
1258 25348
17025 17344
16669 18131
24641 26813
13711 21254
18035 25029
4368 8255
3232 4193
4800 11169
6281 26275
10501 25610
25422 26914
17123 29132
18492 27114
3714 9273
21151 29435
22545 22546
748 814
6351 6354
1253 28155
4862 16901
14054 14060
271 15535
24330 25265
906 28065
7728 24665
3464 24341
12777 17530
2830 11591
21151 29475
18951 24272
25647 27028
7990 24814
8580 25589
24480 25056
25185 25762
25680 28194
1018 21201
449 25955
25793 28445
24913 27751
22631 24079
2865 24410
24644 28200
2927 4727
25361 26350
27011 27238
15168 15169
4532 25605
5611 24397
18063 18075
1983 14309
17200 24258
4156 29085
18352 29364
3012 4007
25836 27777
14535 19438
13975 15541
14660 14675
10853 11624
19158 19159
25251 25252
8287 28968
940 6399
16216 28096
1455 19106
13711 14428
23629 23632
9968 25432
648 12689
4203 28852
18039 26726
14192 25742
9399 20547
2180 17041
7836 7837
25390 27028
24278 28520
24206 24391
9546 27524
9725 27438
15909 17470
8956 8957
2123 11363
10558 20481
25891 27993
10434 13667
25463 28194
13032 13038
6397 13612
26864 28087
24847 26767
2008 15707
12938 24826
3508 26606
10058 26967
3305 25308
3682 3937
27677 28930
22503 22504
13060 24837
997 6680
1933 15265
17931 18169
8171 16588
7380 25318
10085 10674
27538 29678
26186 26275
9196 22819
19410 24745
14973 29169
24143 27335
20312 20314
10258 25034
2217 21201
847 26871
26409 27462
6359 17610
14756 14819
2395 5025
13735 26307
14246 14275
3249 26832
9223 27001
28332 28799
13170 27991
9084 26216
24188 28966
1355 8331
5605 5922
10990 26018
20408 20410
26498 26538
8830 11015
15365 28363
14693 20771
3838 9968
9865 18402
9273 28740
553 29197
17533 25237
9281 25308
25361 25442
25009 25328
19628 23944
28894 28968
26767 29058
6995 17422
712 713
9439 27430
21507 24639
19989 19990
4269 26606
24743 25405
5826 13936
8684 8743
9903 28099
25429 25468
21554 21557
24680 25022
11081 24655
27871 28282
7195 27028
12745 26947
3106 24747
1705 25768
616 11038
4665 5197
986 14505
7702 17753
24077 24728
9450 16370
4193 25137
8498 24508
5523 14018
7821 28740
26007 28696
6418 28445
8689 14863
8999 28909
25719 25758
13144 13145
911 1354
3726 25137
24877 24885
3143 5054
1873 28520
11671 26987
4924 7937
10904 10906
18158 18169
19601 27409
817 4420
3700 3701
11500 12482
5806 25147
6626 24924
29568 29592
24540 25587
9005 11843
2735 2926
28803 29223
6206 29337
12777 17563
9043 9044
24649 29358
3118 7771
27567 27588
13661 24182
24887 28034
4488 21874
20907 20910
22488 26894
11210 22409
1457 7103
27011 27252
11081 13060
13894 25414
2165 7655
9273 9333
2065 2067
25556 27064
27254 28448
1242 5786
1861 24221
2990 25150
387 1715
4064 26113
25433 28838
14006 27443
24148 27002
24143 25253
13067 13079
10501 11558
24969 26990
711 11591
22734 22735
2595 27166
6175 6217
9315 15532
1604 9252
9580 10825
18582 18940
149 152
26606 28544
10631 10640
6775 6776
24877 25671
25463 26813
738 24086
23794 23943
10557 25409
17455 27241
15174 27102
26144 28803
16639 16642
2824 19501
11047 18473
2703 26072
27992 28638
12313 17066
1498 3560
26717 26962
11609 25593
11202 28755
158 5016
5318 10824
18554 28803
10599 24415
19582 26095
20038 22753
12644 18484
23847 24815
15301 15307
9838 9841
8846 28436
2692 13240
16640 16641
4545 28399
16946 16947
19215 19216
7274 7322
26090 27259
19183 28333
8839 28042
7702 26719
3761 3834
14512 15188
1552 27288
24697 29083
8830 27043
6255 19370
13817 25177
8506 8509
6645 24956
17388 25831
10722 14530
19930 27598
28784 29049
24869 28200
839 840
22018 22019
226 28282
21711 21712
24267 28151
14164 17740
3532 24956
10723 10725
24636 24637
14310 23884
3013 8759
15761 15762
13739 21232
12310 24169
12629 16151
22490 27768
2412 27016
15903 20837
2655 13311
289 26987
8581 21391
2061 26261
932 934
24681 26007
11271 11273
4237 6726
4908 29363
25804 27166
7892 28253
5401 10752
529 26654
4616 24396
3201 13824
11154 24429
28822 29342
17178 27913
878 882
17280 25670
26191 29100
4772 28822
5661 14134
9047 9048
8937 28071
8462 25768
16031 21201
26862 27556
26143 28145
3297 15584
271 9832
387 28733
1046 15365
14310 21801
6461 6462
5837 23038
13249 26564
3924 5493
27931 29492
4336 8055
23242 23244
9278 17280
1355 29058
19098 19099
227 4562
25375 28056
11585 11636
17041 25793
14495 14896
14987 29777
25022 25563
20193 27777
7748 17974
14417 26183
12366 17084
13955 15541
18554 29717
28740 29406
18299 18301
22532 22533
22490 24639
609 19407
21142 21143
25690 26903
15741 25797
26377 29363
99 610
727 24743
4643 23894
384 26470
804 861
244 28086
3442 24641
17787 27181
29770 29777
2219 25966
529 28601
28805 29077
21494 21498
8769 10221
24111 24204
2488 2497
2765 23814
6621 23814
24111 26897
5286 5841
9280 24551
26645 28930
3926 27831
24594 26706
4835 6698
14059 28372
25146 26888
4800 10887
7141 29058
6621 25001
24827 27490
8250 28237
5514 5517
5181 25476
21 628
22567 22568
1872 7968
2010 14417
29568 29707
9851 9852
463 836
24234 27841
19420 20464
16902 25361
711 11565
26007 29091
17355 19587
17039 28785
11088 25473
4350 9792
24828 27198
3753 26720
25154 29369
24289 26924
25106 25977
7274 8430
13704 25909
24894 25633
6486 24847
22507 22510
25328 29154
305 25570
2666 24550
17156 25948
4849 25836
13060 26228
15140 15156
26606 27892
1537 24564
4508 25605
1172 26164
10471 27243
129 29551
1146 6231
12231 19558
2399 13072
18203 28008
9888 9897
18236 19331
271 18028
24551 25450
2898 12450
21151 29428
11501 27584
18666 27550
24381 27704
7171 24506
10346 25409
5573 24147
15597 26144
21725 24067
9481 23961
844 28964
5534 6653
9038 11760
1355 24798
26344 28120
8943 9046
25786 29604
2744 7092
6116 25589
25804 26606
19172 26018
26615 26884
5040 29363
25444 28950
17643 17687
25649 25650
2567 15399
18581 24604
10353 10355
1618 11445
14979 14982
25484 28044
1494 12746
1989 10070
14387 20050
4844 28309
7772 11738
14963 20706
5444 6805
24267 28576
19124 19125
986 14007
7505 16120
7528 24975
24282 24345
5586 14163
28602 28994
428 743
1300 4727
293 24540
2232 27991
10599 24418
1498 3281
23246 25102
540 2070
7485 26534
824 24094
2892 25382
23118 23120
9434 27237
25783 26852
6883 25924
24249 28666
24302 24402
2514 26786
6367 25147
13253 13617
7629 7631
18462 18463
5734 6157
4192 17974
9743 9748
7195 9264
20506 21496
17325 29216
16017 17165
2920 29162
10971 26275
13628 28630
9874 16216
15433 15435
22349 24783
6916 16695
25147 25449
16216 28033
10417 23968
29511 29695
3719 3966
25398 25642
21114 21115
540 17720
3475 10999
616 28257
7195 29672
730 28063
15597 18258
6575 24264
5016 24673
14505 25804
5880 26721
25361 25433
24507 28833
132 26925
7659 9262
15123 22187
28598 29008
5375 5420
1059 7590
13289 24517
11077 25473
11500 12115
8027 8809
13790 25952
8255 24468
656 13344
8978 28078
1562 25210
3130 24117
17534 26506
13746 20627
26642 28518
21936 29738
28771 29300
14310 19711
1334 1433
780 23951
10925 26564
6418 24969
3529 17006
27208 29454
7702 25097
21151 27117
13328 15983
25253 29049
509 25967
1126 17920
10357 26483
9223 26604
17172 17177
24531 28007
7821 8136
431 8136
20867 28559
169 25756
13699 24249
25465 25466
4105 16388
1880 26813
755 6722
6066 25725
1242 25488
1856 7103
14452 14931
18492 26186
2661 16048
27555 28518
8216 27656
515 27480
24147 24248
1216 2899
15874 15881
9399 20564
20734 20773
914 3306
1314 2688
13959 19582
944 24521
2262 24332
4911 27259
7898 27890
10979 20233
23894 26404
28637 29109
11598 27077
7902 8128
14310 14430
24230 26543
16902 24150
593 5774
7195 10567
4727 15730
9699 9727
14334 25791
27499 28229
4296 29132
25563 27443
25900 26493
6235 26540
1715 6575
29386 29394
21522 29259
145 3002
22287 22288
5213 25077
12851 12857
1388 28930
24508 26897
5402 5404
2932 25474
22490 24147
1263 24305
7141 8610
470 29735
4337 11577
14310 14470
1305 11418
1777 27855
4050 24643
22312 22313
1715 26660
5880 29012
16267 27237
9566 9584
5625 15021
8358 8361
2137 3525
2744 27592
27150 27152
24410 27670
20061 24745
914 27438
24024 25242
1326 1444
8129 16439
688 9196
16325 16326
19636 26564
1206 26095
28376 29556
3460 28909
20734 20735
1242 12390
27011 28852
22492 26894
6973 27587
24957 27670
24121 28076
16836 17035
8146 29267
28885 28938
8364 28755
367 9845
24791 26939
529 26100
8236 12148
4483 25605
6921 29115
6810 9450
7262 25735
25489 27001
23846 24730
1922 3951
6394 18765
2789 10450
10147 22744
5905 29653
26841 27715
8934 25425
20049 27354
299 24818
2928 23870
27409 27777
1313 15696
3723 3773
23283 23285
3027 26726
25928 27298
24667 27991
3221 26175
2122 24913
14977 22396
9223 29238
5407 5408
301 6116
19542 25527
19410 25614
18654 28133
9874 26367
25473 26113
5387 5388
8957 28078
846 1968
19628 22185
611 21249
3414 25881
14482 17100
25920 26642
24745 27147
4635 17355
22730 22737
4908 9958
24815 26838
2412 27028
4775 19315
3594 4335
9515 9516
7256 9874
6230 29088
2614 25735
20061 24031
904 28065
10571 27986
591 25927
1938 27991
2824 25997
3382 26465
3767 26564
23877 24572
25719 28989
1778 28744
23251 25061
13908 25494
11939 26962
5917 23797
5268 27568
271 26146
4269 17238
15736 15761
529 6698
6719 24617
1777 5152
24431 24947
4613 7329
4280 26495
2111 24772
14690 20524
28254 29336
24738 25156
134 20016
17156 28951
3634 22381
470 28929
8190 24612
9050 25768
5786 13681
487 13628
3924 5494
7141 8587
377 14417
24680 29122
823 13290
13324 13327
26596 27531
22222 22224
1101 19582
18597 18717
836 6373
10417 25345
21332 24677
13734 27719
271 4111
18885 19094
26128 26137
11018 25433
11168 27097
14387 26987
11377 25409
24250 24252
4727 26102
2931 5997
5975 29714
22381 26493
25285 25286
449 26254
14149 24344
24897 26991
7890 16727
4536 25605
7994 18348
6830 26823
19373 28391
11892 27145
21287 24292
4835 28753
12113 24975
25877 27288
24924 25373
10302 25719
2389 26813
24272 29702
20464 28524
5571 17753
6281 24847
2752 7171
10254 25340
10349 10547
19540 26744
3331 8894
23286 23289
24469 24487
24594 29179
2827 10326
12197 20795
1065 19582
24506 29008
9588 17326
14063 27031
6645 28520
23081 25587
14020 16716
3916 15365
3292 12606
1242 28524
8860 16402
1697 17291
22 7851
1412 23933
25056 27152
25355 27124
14482 27153
18131 25226
3521 15330
24847 27152
9084 25768
2824 5601
7654 27430
7702 27255
10482 16761
2111 26158
22928 27841
1355 4993
1362 28930
3106 25563
10853 27055
11558 12134
6394 9961
1751 29085
25409 27577
18158 26933
15197 25213
1632 24208
20715 23419
6066 26274
14051 26072
10925 27907
6053 24297
26947 27152
10615 20061
3002 26668
2298 18630
3344 23038
14020 14059
25328 29181
1664 4727
6705 16960
10345 27040
26081 27254
26606 26888
18158 26296
2322 24006
10070 25751
6318 13564
25894 25967
13169 25056
5918 24064
6210 6213
648 14051
16761 29369
15108 29169
6228 25285
27011 28810
6318 8830
5958 5961
2115 24938
10106 18492
13718 24249
3464 10599
2412 26471
6176 22016
2484 26624
28194 28260
2921 26275
5277 7501
26947 27499
12558 24512
7329 25793
14851 23926
14131 14455
24791 24913
1579 3820
26697 29058
11009 26275
4 27014
522 28518
3034 3041
5328 13222
11608 24897
19620 19720
6535 26502
9544 11335
24736 28087
3652 27464
10120 25433
614 29179
1563 26561
19142 19143
7702 27107
5207 25836
428 24151
24486 25772
8473 27670
9038 12089
14622 14739
14017 14019
8742 9406
23364 27777
20118 20119
7195 19429
8095 29402
408 13959
2618 25997
15753 15754
10092 25505
11365 11928
13617 24479
27476 28667
16312 16313
7646 8369
3486 27462
6066 26695
8543 8545
19825 19827
8943 28032
26628 26838
26134 26179
2693 14310
25400 25727
12058 15509
198 422
23256 23258
2556 27991
2133 5880
24833 28441
24130 24146
6114 21365
24495 26803
6116 27372
2822 25669
8451 26687
16015 28691
4193 27739
14365 22490
10629 27067
2412 27063
713 9072
9450 26803
1 24945
211 665
1992 19485
15354 28593
1903 24689
24887 26962
24683 27992
25672 26208
2744 28602
25459 25593
1944 21201
4462 23968
5675 24791
18411 24521
431 18158
4336 11250
26 27693
26599 27531
2100 2477
3534 12905
1387 28930
609 15498
7702 24858
10370 10371
717 25507
8154 12756
14189 24268
9770 15174
8968 28061
6503 27841
615 24836
28087 29352
897 11093
25253 26651
4562 26975
1629 3536
26541 29123
2111 24643
8299 8547
18611 26493
5859 14535
13291 28269
23065 23066
1705 12558
20456 28838
20518 27822
4269 24810
4601 20481
10015 28906
14767 14991
11691 24540
688 19183
9944 15510
2898 21212
8644 29691
13169 19462
4849 26077
19315 27400
27959 27968
1608 29091
12080 19473
9967 9980
5286 5486
5277 25868
21910 24924
581 5971
1153 15398
27254 28445
14455 24738
24291 24423
26678 27479
10007 27011
28376 29528
9543 27645
5622 5629
5217 28843
13019 13020
20481 24875
24836 24880
16370 29267
24538 26962
11699 13859
2048 25948
7996 29058
10058 10990
25056 26495
1733 5444
5870 6186
24226 24957
16073 26359
648 28524
3002 11154
20018 28569
1498 3547
15774 24281
24887 26992
3285 19540
7195 25558
3271 5213
530 11141
515 12148
2901 4727
1616 25361
2757 23902
13060 24833
27764 28518
2313 17306
3730 24508
10824 13704
3924 24291
7255 29085
1923 24747
26554 27823
7755 26960
10254 28042
362 27225
1422 24909
3143 7195
1455 28524
23038 25119
19239 20027
7813 11190
20464 27805
5997 14018
28146 29100
23 12927
6729 24476
9177 24197
359 26113
24540 27354
609 27538
7406 7412
18555 25188
25454 27259
7702 25443
3658 3659
133 10052
7548 9970
266 23862
4904 12105
7489 26853
2618 25877
14482 19095
28680 28930
10400 10401
25315 25769
10815 10817
6610 25928
24684 29596
983 984
9203 25109
15685 23897
20055 20057
21151 24590
2484 7758
9217 26823
11202 23979
720 11654
628 24820
17377 24153
6705 7662
4323 25585
8543 29761
5880 29015
14407 27400
19572 27153
5360 5407
3232 27333
470 21910
13324 15965
9913 11476
20474 25179
14112 24910
28545 28547
2757 27529
4590 9453
6830 29169
3161 26741
26176 28231
529 11488
14813 14870
2926 4835
3260 13520
1068 1528
13944 14963
27839 28173
25690 28442
8216 28065
24459 24485
972 3672
14160 19895
11672 11875
710 24540
22578 22581
24639 25336
7037 11205
20462 25179
2636 24572
692 3921
2101 26191
8154 24988
540 26675
18149 18150
10999 27975
12504 12506
8450 23923
4765 25507
24659 28191
3792 25563
25253 28220
25368 25646
19944 19956
25251 27373
24212 24595
8255 24384
4384 4455
9791 15174
24156 24410
21790 25790
17399 28445
22593 22594
504 3414
3034 11694
226 396
8546 24401
11063 25473
19064 19065
16977 27977
14826 14884
17780 17784
2486 12797
1 2
27083 27355
29235 29240
8007 24605
9744 9751
7013 7015
9196 24185
13283 28785
6673 10070
26493 29168
3576 27745
25613 27132
142 11018
6318 13260
7636 24596
3534 12795
3951 26402
18654 29179
609 8761
1754 13260
24815 28420
24031 25580
16161 16681
10999 22490
9263 11173
24664 26841
285 9211
845 28260
1472 24913
3271 26732
3786 6262
2942 5255
12174 12175
8071 24993
2941 4727
3508 26615
12558 15741
6557 22530
19512 19514
11508 15248
25554 26275
24034 28930
26197 26510
7141 24725
17472 17475
25373 26072
15689 15708
21946 21947
3521 12972
1942 3951
24180 28723
621 8769
3951 26247
3029 20061
3628 14655
10927 13790
26926 27001
18654 28158
4873 11031
7104 25137
6575 14482
8127 8175
382 28518
3561 26329
14467 25920
5354 15465
27490 28518
12231 19095
5910 15541
28601 28973
15538 15547
7776 29162
21151 29449
25265 27222
15275 28499
13102 13103
6441 15398
12828 28744
14537 15129
692 4059
3891 10968
25231 25242
155 15708
9987 10008
11418 28810
22386 22387
12861 28785
14494 25680
13180 24235
543 28129
14069 16721
7004 28146
5065 23038
19542 25585
9874 23081
9993 11587
27443 28306
26493 27225
25573 25849
5528 25387
22148 22150
1617 3908
1367 25786
28260 28480
13946 28447
3786 27156
2256 24221
12126 25022
2711 24235
23961 24780
24620 26744
6418 17355
25783 26543
1367 24458
25188 28618
2087 10437
26628 28838
7687 7757
609 11058
29008 29179
25678 28966
5663 8189
8039 29058
7255 27011
9196 9354
153 24472
15857 24317
2699 25181
7329 29602
12419 24847
449 26164
6784 25309
21151 29465
18559 25188
890 7347
18973 19565
12665 24991
6273 24632
529 24605
11353 11850
24094 28087
1242 1433
4690 4878
4333 11307
4212 25504
21201 28852
7546 11875
4192 28230
17344 26651
1261 27469
8007 12058
922 28417
24511 26772
24094 24743
26288 28518
20493 25179
986 26519
504 27559
8179 29267
17025 27467
6729 26675
5991 5992
9874 25385
2638 4888
2827 27816
18654 28117
23943 25783
25328 27031
1891 3951
15399 26454
9568 16339
14504 23797
19687 24081
3247 7748
10246 21675
4587 14819
23933 29267
250 25137
1349 3271
7857 27230
23320 29671
12153 29038
540 987
11007 26843
858 24325
4162 15719
24635 27715
4924 24121
25891 26064
24659 26162
13780 13782
25434 25585
13169 24094
25793 27879
396 2195
11061 11080
4323 16933
1050 27117
24531 24659
11065 12793
1906 21201
5880 26163
19620 22108
19587 27841
89 24790
1622 15041
6698 24352
11154 24252
10346 11566
23997 25909
25373 28156
11153 27862
1568 7340
14237 24719
6830 7141
24653 26431
25317 26007
25150 27615
12916 28723
8565 8581
2304 10674
470 29788
11361 11406
6029 26925
4981 26712
9874 25370
27824 27825
737 25685
6258 8846
987 26007
9217 24829
2278 2279
13959 25680
1146 23933
656 2790
15138 15139
19540 28474
2023 27956
8266 27060
20511 23913
16570 19442
14210 15052
18851 18859
19483 19484
5786 15135
621 1477
12054 20061
27288 28822
7774 29047
3001 27517
1705 5423
3706 21284
2100 27913
24326 24431
2100 26502
23798 27224
20625 20626
5693 27071
3631 24173
2623 24924
4579 4581
19421 19422
19260 27975
9060 28045
6367 26987
19658 25201
8066 12558
12777 17538
19579 22141
7813 29276
1690 15398
1509 26914
24303 24397
2746 14287
19471 24243
12730 12731
23788 27624
24121 26064
2454 3561
2824 13711
27241 27490
17422 17433
7881 21151
19326 19363
1847 13946
26775 27842
4280 26064
7141 25006
860 28065
9787 15174
15956 24714
3442 26871
14054 24335
11170 11173
9970 19410
25628 25630
1354 26007
7702 26473
12064 24745
825 11058
22261 22263
6916 8462
827 4929
1569 27507
6705 8726
24815 26535
11307 11540
621 26959
428 15432
4319 9136
616 28272
25253 26064
19485 27166
23473 23788
1412 24640
6575 24327
23798 23870
9173 25191
9727 19271
1445 5242
2024 26429
24507 25056
