1851 11488
2573 11893
14895 15014
14 1849
14401 16514
11389 12495
9119 14390
16214 16763
168 11244
449 6623
12341 15477
7283 15323
11757 12293
3003 3005
10632 11550
5549 7371
4553 15619
3455 5802
722 9052
3883 11780
10038 10336
4412 5955
4735 5185
154 14629
2104 7424
4844 7209
13564 14024
4017 17286
2280 8905
10322 14131
2655 9530
9635 17633
1641 16847
600 4092
4431 14532
205 15316
16385 17940
11245 14759
30 2551
1921 9281
14667 17610
1733 11554
2827 5999
5802 8745
526 4777
5882 8922
10095 17400
1812 16827
3240 11885
5599 12271
6443 9348
8985 10252
5696 11734
5304 17003
2518 9181
2666 3350
5137 9681
6008 16040
1228 9341
2158 2516
1812 11497
6861 14000
4711 17962
5269 8985
9182 10202
12102 14667
3294 4670
12649 13249
3869 16324
8204 8851
3414 14278
804 6013
4628 12390
7317 10183
959 14636
4239 15872
5732 10285
2555 2866
13107 15503
13169 15800
1703 10596
5208 6530
11006 14162
12491 16744
301 9269
2384 6214
2610 14450
1711 2413
12522 12994
8170 15253
12248 15449
10116 17095
5105 6854
1823 15324
5783 12258
2232 15117
1284 18098
8327 11974
10905 11713
186 3543
845 17567
6733 9492
3624 8657
8965 10632
10529 15782
2475 17692
5855 11936
3692 8179
10471 16521
8506 14090
903 12507
8768 14000
8342 8691
2853 8960
9382 17372
2077 9744
1747 15158
6375 15807
3665 14912
323 17479
6309 16199
7339 14139
9226 14475
371 17691
3267 15011
10530 17895
5624 6889
897 16999
10698 11523
1926 17011
15357 17861
14033 14667
9726 12129
3239 4685
5079 18083
11717 15164
1696 10705
1884 6658
9436 12715
587 1177
2383 10836
12197 14038
1054 12097
1187 14765
1720 5953
17083 17883
1720 17518
1077 17170
1250 6475
2444 15343
439 5193
8410 9907
3473 5334
1924 6290
9769 9983
4405 14078
3693 17352
580 1110
4038 8436
1184 10744
11075 14483
2094 13594
13472 17779
3137 6261
5793 17205
9618 12266
14864 14900
14079 17375
10109 16384
1290 13566
3131 8826
13836 13951
1732 4711
3744 6120
4488 4766
5377 15415
8647 17441
6717 7736
3823 10595
1108 14140
1496 9730
5668 16924
7418 14286
9827 12359
9062 9745
6012 7103
9539 14085
1289 15498
3207 10523
9737 16033
6021 14219
12928 15948
13320 15983
10972 17670
8294 12281
12961 13243
3675 11929
6892 8217
8254 15238
2722 8415
8788 10185
9183 13298
5492 6843
735 7289
4921 9998
9016 13485
12725 14366
2610 4666
1550 3034
173 17475
12114 17855
5568 16158
5689 16948
729 2432
3153 4509
1212 4755
1477 16541
872 7280
5507 7290
5351 14644
144 2952
4408 6902
13230 14355
6475 15323
780 8508
9182 14582
9243 11539
4234 10670
2158 9258
9677 17475
3771 16374
13149 13216
7731 15568
7618 14023
6897 14597
3983 13885
9937 15537
6254 16980
2360 3911
598 4488
2728 10022
6389 15548
1475 4160
1992 15814
10906 16126
937 10186
13366 15293
1229 3118
4343 13234
7714 18021
7216 10603
13748 14374
11294 12380
3922 6811
527 1730
1174 13366
4286 16080
14940 15755
8974 9461
752 10741
8093 13883
917 4021
7561 17212
3412 13906
5739 9329
6784 9644
1832 2383
7219 9331
885 15460
4573 5603
6128 14602
12088 14369
5748 14182
4060 13425
5116 13366
3717 15396
13153 17690
6694 17093
14636 16489
6316 11433
4403 9112
1253 6883
5681 9937
3847 12464
35 13871
6489 13510
7337 14997
3423 12585
11433 15164
8215 10781
2999 3237
9455 14715
12254 16383
7045 16260
9771 11747
1681 4493
11251 12271
6854 7193
10600 15386
3061 5550
3874 4978
7922 11739
15677 18006
4293 10594
2795 16383
445 7214
9076 16031
14231 16912
1289 14432
2699 12792
4503 15829
4380 6322
8981 13932
924 7049
5152 13259
12286 17465
8736 17403
5723 15081
742 7476
8913 14961
10161 14595
808 3158
3574 3939
8199 8275
10259 10521
2315 10972
2004 12585
4399 10934
4494 17080
4493 9868
5079 10385
723 11215
3621 14475
5037 16938
5144 17896
4024 12733
9122 16540
3064 3139
101 766
4664 13212
4343 16998
2286 11725
14421 16998
3259 14975
4261 6853
274 12009
2721 9563
5830 17678
4678 8769
1719 10190
9332 15870
582 2348
435 7710
7168 7981
5906 7532
1522 15185
772 11223
2952 16541
7189 12742
128 6484
785 3519
587 4677
20 43
16984 18046
8288 14542
9962 14429
6518 12988
65 4324
15918 17002
3717 7437
1077 4100
14421 16815
2158 14532
4276 12702
6537 13917
16541 16597
7018 10640
3915 5101
10749 12285
1146 6310
1068 17974
16948 17999
6214 17786
1946 11566
11316 15873
4703 6920
11 13673
4783 11507
1969 2289
2355 12860
6302 7019
13330 15222
7624 11009
14642 17857
23 8025
215 2011
9785 13086
3616 17352
2163 15652
1195 1635
3284 16572
12273 14737
1123 14190
4873 10202
7891 17177
6543 7039
10717 16670
1696 10312
5900 6071
2029 11156
12110 15977
7995 17130
11829 12071
4345 14878
8068 13958
10062 12851
5959 9221
11054 16138
1206 3493
5192 8531
13797 14680
6250 11327
8657 16778
13827 13851
1268 4170
4625 4797
5778 9462
4221 6695
5463 17990
961 15044
963 13676
9140 16547
1487 11539
6350 8049
10717 11396
924 4300
11621 14871
10449 15821
2753 10717
24 9745
16651 17249
2162 4387
12843 13574
10273 16151
11460 12629
11251 11258
12821 14081
4008 8327
9312 16096
2023 6949
6694 17843
5248 11814
7294 14803
12298 18104
959 5189
689 13667
7955 10220
9182 17933
3818 13933
1984 3801
4746 5033
4073 14369
10252 11460
9800 11517
1587 2795
7002 16823
4050 16152
7613 16824
1720 3087
4752 8750
11633 13822
6302 7747
6104 14075
287 12468
2444 3426
6603 9278
5838 9033
1779 7119
4804 9720
556 5787
3061 13243
1438 10271
1026 9382
3279 9974
7626 12086
13707 16263
6761 15404
9513 18069
8576 14475
9690 11669
13937 17331
5515 8434
4595 5416
2942 10202
8433 14636
273 6683
2188 7862
5450 8628
11456 14213
15131 16374
1995 3823
9301 13710
12314 15826
12521 16498
12483 14342
2892 3169
7863 18015
8085 8508
2866 14617
11396 17520
3735 5859
6059 13229
6666 6758
15694 17244
3426 11832
1956 15194
2865 6623
3112 15304
1122 15565
9156 12703
1685 2321
2356 8967
2946 10707
5586 16650
2228 11171
5751 10752
1247 12865
2104 15470
8334 13298
13004 13146
6556 14539
4968 8098
1696 2396
6937 16541
13115 16547
739 6482
6636 8237
11016 13210
7170 10274
5431 17849
5513 17755
1578 17940
5735 12109
6247 9302
580 9605
5431 7516
2607 4664
10270 14506
2760 12743
5144 14174
9183 16883
10202 14263
2004 17254
3158 8179
9907 11635
8183 14376
11425 15369
12472 15652
12660 18026
1831 11561
9342 12217
7532 8425
598 8718
10569 11818
11410 12937
6298 16329
2007 4017
1665 13179
1308 17330
604 1946
7513 12129
10194 17882
12765 14421
9411 10202
1368 6543
5940 16449
4993 5454
5630 17999
1701 17309
9955 14356
9262 10521
742 14885
11437 17171
4789 11269
12716 13241
675 15697
4134 16563
8828 14409
5570 7587
2408 3150
4427 13758
144 8396
10761 16488
9983 13893
14105 17185
4806 13770
1177 15120
8085 13022
8873 11551
2976 14409
1310 16963
7321 11939
1649 17407
8238 11524
7451 8530
6791 13676
1286 13812
16540 17675
5192 15823
4767 13683
5905 8096
4932 10261
4617 11472
351 13460
777 15814
15216 15812
9072 14060
5555 12866
10328 12333
9557 12428
4077 4299
7377 8635
5495 16880
10539 17244
8774 17240
5082 9628
10827 12881
5017 14763
1851 5520
1572 10365
3494 5134
2532 14504
10054 14759
3692 8685
9066 16541
7262 12010
7719 15179
9878 14065
986 6332
3705 6623
4680 14360
1686 7857
547 738
8360 10870
8736 10972
1386 6088
4830 7386
13979 16560
593 15938
13483 15448
5177 13303
5131 5741
11249 16744
1303 3953
5037 12254
8171 11918
14815 15370
9243 13156
2006 17309
9605 13853
1748 6778
2914 14154
2331 6134
6072 7337
2298 13230
3065 10249
4766 5438
111 12856
10759 15089
1706 3169
8567 10807
16578 17148
9089 16998
3259 4062
1082 14982
14624 15918
3587 15892
2609 16440
876 12571
1411 3796
8457 15607
574 10070
1926 5392
917 6381
5259 8191
2087 6262
7025 13819
6342 17736
7085 12473
9152 17534
5035 5400
64 1675
9830 14994
11403 16700
11823 16143
7657 14231
8872 9966
2165 8167
9888 14101
5113 13465
1552 14211
10912 14263
6125 10220
667 2666
5357 6623
13392 17534
16296 17239
43 2473
5690 6653
4190 6356
1126 2696
13620 17538
6600 13069
8828 16524
9378 13243
6310 9283
1357 7294
5465 11396
2686 7672
2555 2873
1692 8222
5911 16345
8435 13876
3765 12750
13792 17817
9662 10983
10249 13961
4422 6715
2609 6118
1525 12780
7347 8160
208 6908
7026 15518
17670 17966
9012 15780
11384 17829
14072 16795
13235 16391
5570 7263
10021 11092
404 1122
2639 7203
4625 9835
10431 11749
771 16219
4351 15814
2156 5015
8427 10066
5732 12088
6065 8107
6578 10714
9411 12536
6639 15890
2614 11127
5756 8718
1867 5663
12716 13733
362 5296
1946 6667
6846 10907
13562 13853
933 15559
4204 5688
10090 16533
5830 14644
3177 17170
8720 16183
6582 15272
1036 10518
1905 11594
9997 10339
9410 14982
8399 13134
10740 17197
924 17081
988 4963
2497 10736
4362 10202
1850 4531
4700 11721
4892 5492
2518 4509
9408 17975
7452 10675
4037 11127
592 14454
4782 10545
4074 17908
2333 12305
1209 13193
2397 2398
3581 16858
670 853
4036 17569
7316 10963
13917 16135
6114 13431
128 6063
1946 8232
1619 6235
2501 8051
3790 14146
15228 15676
7929 14435
7750 8023
5017 9680
9393 15004
11897 15112
1703 4101
10997 15559
769 16212
4620 12326
8868 16869
6138 17631
4931 15115
9133 17966
7073 11440
9618 15814
8237 8713
2111 16601
2316 7145
3970 11621
4372 6053
6917 10859
1665 4250
3054 5065
12970 16215
4702 9544
7262 11540
791 14346
7764 9052
1776 9528
6791 16683
6735 11714
197 14287
3233 15993
5588 10286
7055 8804
14600 17882
5168 6897
14933 15197
566 9985
8485 9605
9789 16955
10900 17066
927 16587
15437 18049
3149 16935
2731 4828
5377 6652
2899 3466
4993 13370
12721 14058
14595 17437
6811 11393
1167 8926
7213 15280
10495 10972
5219 11558
6911 15226
983 12648
2383 4320
276 907
15807 16503
15500 15600
9605 10181
4411 10199
1114 2347
10628 13914
3389 15016
10059 12561
6418 17449
4823 13644
5731 8991
128 17875
2265 2610
6302 8410
3479 16283
10184 15742
7529 15319
4628 5193
6623 7987
5689 13113
12121 17990
2459 3025
15171 17252
382 6897
1100 2384
6177 17226
12725 13274
1076 15365
9898 10972
1408 12792
14180 15840
9365 17858
34 14048
9686 17614
600 4141
6058 17541
8885 15011
767 13997
2691 16978
10790 15881
4930 8985
6441 10326
2836 17898
6936 13230
8711 11901
1580 6872
2107 14437
4524 8067
10983 17714
1719 14421
10143 13667
12267 15052
7332 14160
8653 11245
3978 9790
2684 9271
12483 16643
11350 11795
5351 5733
12591 17652
7195 16528
4554 14027
675 16551
1045 7785
4005 12138
1601 6433
218 6630
12260 13249
4411 7984
10492 17085
1289 2499
742 14528
614 8268
1477 3362
284 9667
4189 5260
8487 13041
2166 14226
2010 14453
5443 6499
323 4362
6536 7200
7485 14602
3032 3987
13917 17459
1221 16656
1 17088
2290 13320
4021 5107
9480 14667
2878 5738
9876 13215
6667 14229
5144 10306
1359 6719
5581 13658
14005 15171
5889 17087
7980 9243
160 12273
3553 16779
14924 17681
6472 16353
1775 17225
4963 5177
1735 1947
4882 17599
7499 12380
6436 11814
2914 6114
3750 16316
3061 14817
198 3548
3976 11521
2052 4433
15296 15514
1368 17610
10629 12041
12146 14595
6558 13253
12987 17064
8629 16601
2328 13763
9726 14623
15315 17892
9972 12200
1753 3796
4467 6417
192 6039
310 4100
10249 10293
2059 9903
3476 9124
9302 17582
5981 16514
2992 11070
1779 9853
2222 9120
2183 17225
12548 13046
11844 15272
8216 12473
1426 15151
6136 17802
10777 14207
14746 15681
7020 13149
9726 17008
7072 8533
11172 13176
3355 10224
12202 12323
703 9281
9002 9801
7008 16253
10377 14932
6761 14353
3459 6174
10328 14696
16505 16806
11225 16198
6285 11726
3267 3750
248 12240
9323 16384
14655 17216
4035 5316
4670 8755
8515 9112
6176 8543
17959 17961
13870 17520
1917 8165
8544 11110
4802 5236
5156 7404
6627 11469
8912 9820
15533 15613
3524 6659
14432 15331
361 14249
5643 14175
3130 5652
4969 5392
10867 17479
2514 6013
1345 5248
1140 12996
1289 16193
3258 12928
6107 12166
1163 11918
4601 10552
3895 14254
259 1313
2158 6202
6778 7598
589 14428
3760 9095
3606 12298
6042 7873
2084 6743
14451 16199
6261 6417
6453 13929
4547 6112
8868 12051
5650 14606
518 6957
10454 11162
4535 5495
8838 17855
8391 16079
4458 13201
11895 14345
4290 9844
4376 15164
4711 9288
7942 17297
10581 14421
6430 6802
11460 16053
4558 10245
1959 12248
2681 6272
7425 8108
6499 14528
191 12996
5105 8100
1172 15085
12807 15386
3502 16777
1117 13781
2516 6998
3502 6341
482 15814
6524 7332
8868 12507
4752 15944
5258 10582
648 16496
3364 10790
5916 9544
1724 9962
1918 3365
5229 5743
7476 8646
4396 8132
6303 14159
16555 16619
10843 17495
2634 2975
2111 8848
6749 13153
2268 14272
9785 10143
8183 15807
3937 17956
1368 7936
3160 7857
2510 3482
14126 17049
14346 15518
6465 14598
8293 15067
5928 14667
207 7806
10960 15337
4402 18065
379 1018
2047 6331
9704 14348
7168 15697
13684 15480
10460 14493
1477 14366
7347 13921
2349 3357
4796 10181
1469 15814
4503 14181
363 1526
172 15504
5422 6915
9534 13967
8527 9323
6946 11909
2357 15948
1318 18049
3673 9816
6600 16702
7299 17043
3911 16074
275 8647
10930 13359
7176 12319
2816 13420
7671 15951
5107 5187
4067 10704
10158 17331
15900 17225
5637 9143
696 10523
1146 15730
10434 13538
10068 15472
2567 15117
2061 14035
3780 15360
321 16007
9677 15090
14175 18073
3179 10231
5243 17462
6348 12420
9335 9714
8024 11972
961 13610
4165 17891
6422 17333
811 8869
537 14428
14419 16840
5230 13597
4892 5177
2160 15852
1233 4882
2379 7975
1666 16694
6446 7607
12334 16455
8492 9756
10133 11547
4839 16912
11753 16745
5873 14052
1314 16407
1228 1702
10171 15559
1718 8713
4901 14844
14448 16226
5187 14706
13220 14483
3908 11001
2347 10746
3152 10183
8571 14160
5616 7169
4099 4644
5022 10807
4804 14506
9215 9874
8445 13999
2212 14738
2025 2447
4360 14616
1383 14445
2543 14140
897 4968
12919 15217
3190 8307
2909 10921
6363 6791
4922 10985
20 3118
47 4237
5668 5723
8396 11844
2836 12987
5568 6509
7855 10655
489 7110
3911 17651
1719 9780
4918 9980
8527 17585
10609 12778
13558 14308
5289 14823
13304 16805
6506 13991
8100 17800
5889 12041
14667 15840
15851 18104
12146 15523
6666 12702
1026 9260
9851 17861
4587 8306
9182 14109
454 15770
13298 13872
10543 17088
4258 14723
3644 7388
8598 16065
10136 12963
5351 10794
11714 12579
12461 16521
6791 12265
11947 13890
3647 12458
1985 16930
4439 13970
6445 10581
1121 11519
12780 15961
121 6494
13330 15319
11830 12780
8327 15477
863 11639
947 10728
1924 3181
6275 16771
1730 7440
11335 11372
11322 13792
11762 17225
9616 14548
9779 16955
2751 15477
6907 11183
7131 11699
1176 4635
3139 7340
2158 15415
8821 11396
2473 13010
2723 16132
11708 16201
566 10221
1426 4598
1650 14483
3626 7476
2766 6349
7918 16500
7929 12071
13104 15092
5967 16244
600 3158
2949 12124
3112 12000
10012 15772
12305 16472
10752 14419
9798 15270
5156 7022
13967 16536
3087 17800
5619 6383
4258 9091
2486 16541
1722 6956
1302 15012
5205 6250
5436 7532
8399 17527
12033 16076
3644 14619
3054 16170
10607 10888
10346 14300
2423 2991
14542 15876
12536 15776
10271 17241
889 17740
3727 3991
6997 9677
5144 5814
11959 12250
2816 13710
13203 16823
4367 6163
7818 8633
8112 9684
9908 12631
11270 16289
4488 11078
1701 12678
1801 16795
4962 13216
12995 15265
7296 14035
6853 10336
4247 13262
9195 17105
13149 13342
2696 3636
3412 11892
6058 8578
12088 12269
4522 9235
7690 17659
7530 8053
2275 6744
1572 5916
4397 5055
9074 13881
5192 9123
2111 2451
667 10108
1455 9937
10362 17012
7094 9175
4874 8598
2316 8691
2426 5017
11899 16395
9352 15873
8602 16823
2473 7347
5872 9828
232 17468
4439 9647
6915 9823
7567 7664
628 2095
8106 10907
7795 13292
8439 16265
5380 6756
7511 13597
5399 16854
1542 3898
91 12121
2289 11244
2333 11258
1947 14740
3721 6135
2728 16114
15006 16541
1701 9642
4962 9112
10795 12266
11631 13907
1435 4937
2756 10362
9398 16771
2723 8178
15873 15903
17120 17249
3406 9974
13183 14276
7398 8544
7610 10183
6349 8734
229 8085
2514 7884
9395 13176
2289 16417
4392 16861
306 10577
3869 8085
1719 14369
8239 17518
592 14620
9876 13932
11500 13986
9681 13033
12237 15676
15318 17011
751 2183
5519 8999
1167 2027
1351 1992
172 18073
1062 1369
5564 13287
1192 11310
8434 17675
9968 14629
6606 16710
1993 9579
4975 13551
1110 8288
8803 13276
1962 11095
4377 12554
15148 16091
9077 13657
10139 14602
16164 17479
481 3908
741 17058
6871 15237
10353 17697
4276 15028
3714 3813
2319 14578
1257 16303
10235 16505
5920 17215
5161 6331
3330 11540
5994 17949
5140 6623
9201 14088
26 17851
9183 15961
8604 11639
1900 16491
3007 16599
3594 6639
8214 12536
5161 8815
2292 15873
8317 10639
4354 9906
8633 12796
956 2259
3061 9588
9687 9703
453 17008
12179 17995
5647 9569
2069 2160
2981 11251
1719 12689
8598 9779
5507 9183
6527 14188
9958 16619
9852 15777
14100 15315
3908 17372
6623 13362
3348 4666
1233 13106
2769 9329
5281 15933
12379 13604
1981 10032
5702 15156
8024 12456
8011 14603
1093 15653
11035 14905
833 3024
1185 6438
913 13886
442 846
14556 15184
5711 13752
8482 17329
1545 1719
2910 10921
696 4191
128 4704
3462 15045
8820 17710
13933 14180
14636 17088
1797 16272
463 16002
11735 17764
7388 10668
3869 13919
5111 6884
5207 8894
554 8090
7717 12540
12716 15232
4343 11797
1522 2473
17083 17536
4767 11163
1565 6202
5945 17875
4991 10983
13063 16677
248 14339
15162 17505
3824 9269
4360 17037
2731 13153
857 13150
2183 16700
8684 14272
14263 16659
72 9281
5103 7244
7697 17541
2062 8116
6177 17626
255 16353
3371 4590
8848 17480
5495 10172
3183 11456
524 2555
5581 10670
8821 8983
13015 14356
3928 5038
9645 14927
4697 18021
9851 11371
8366 9823
3756 15015
454 2183
1706 10632
15026 16199
1635 5737
874 7508
3523 8633
1868 16382
2124 5187
4930 13262
194 17008
14975 15668
4678 13593
3040 14412
5261 8508
4196 14535
7145 13770
4697 14126
2951 12591
5726 17375
493 11568
363 7502
2820 3267
9876 15382
1384 5543
11306 11935
248 5654
5044 6363
2298 12129
5177 6996
4986 10997
7189 12707
2510 7349
503 6569
1268 7938
2048 11950
4993 13439
5164 9077
10298 11876
9260 10150
16065 17291
15296 16657
3869 13347
8171 13075
6230 17207
10632 11802
7731 15223
2626 15081
2162 4279
4362 10172
353 17585
993 2998
1429 14498
4802 10719
10326 16805
8612 12329
6639 16260
1176 16032
1607 10927
5772 6417
2738 8024
7095 17118
11385 12877
6477 9678
5667 6339
10318 17229
4942 7008
4532 14817
4037 14369
6621 17276
7612 10799
909 1020
14361 14929
304 7347
12061 16553
3113 10523
5622 6029
3529 8307
3617 10500
5495 10584
7525 8344
2645 13346
11702 11876
2716 13634
7827 10642
6588 12678
3489 14248
12716 14771
638 7084
8396 13404
3645 15918
5512 11095
4234 13792
1749 14352
1748 4766
510 10484
4568 12423
6218 7725
843 8124
2083 4492
2010 13034
3613 12670
2010 5183
8412 10917
6861 9737
8 124
6856 8976
1039 8238
3289 15986
7240 17874
1621 3938
6080 17144
4766 6052
4075 15730
199 5553
5094 13361
2952 3869
2459 15580
6257 14175
11996 13676
2158 7513
8012 14676
8089 16005
2836 6818
14634 17770
764 8783
1401 17035
689 7181
255 9215
8049 14822
3491 16867
3550 17021
11883 12071
6682 16324
173 15090
12045 13498
2790 14517
8518 13128
4060 14210
1496 18043
7138 13439
8012 8633
10941 17418
3166 3791
8713 14251
5190 10116
11265 13906
4892 12809
5630 14376
4553 11929
1205 7399
4131 5630
111 5295
8104 15531
5065 17212
800 17871
2444 16201
9696 14053
12958 13249
2384 13778
8136 13836
3240 10295
1701 9422
10127 11538
12449 13781
9551 17278
1795 11823
592 15933
1665 16764
10668 14108
8633 15485
10790 12278
4962 9260
10293 13848
5688 9112
5150 11999
338 14075
2530 4095
4343 6020
4601 8713
3289 12293
11971 12662
345 9459
2942 5030
1893 4446
8417 17893
14009 17239
5185 7483
13825 18077
11258 11703
14075 17139
943 9708
7835 17088
742 12098
14924 15887
858 6474
953 7483
9528 10705
10529 17421
2259 2473
7245 15813
1177 5732
4418 11917
7717 13904
9958 13823
1993 17441
4216 17368
14667 17046
800 3239
2039 2645
3377 10576
1891 7743
1706 9333
959 3818
2571 14846
2879 4445
10612 15578
5351 7321
776 9070
9528 11817
4943 9645
6337 10018
2104 12797
10854 14995
7347 14636
2166 11197
8193 12591
367 13253
5205 5380
8544 12784
7955 14764
2890 7254
4237 5102
482 12572
8553 12250
9065 17977
1551 11563
12476 16629
7566 11452
3791 15379
1702 3908
3289 4073
6331 18083
1393 1832
6247 13822
9265 17737
3267 4360
2455 4419
996 8904
10010 16886
1156 2684
15391 17362
2645 14535
6761 10293
8412 17750
2108 16456
14743 15018
495 10985
5766 13359
1151 11127
7348 16943
4694 13812
2132 16578
9628 9816
13935 16135
3160 7530
8633 10401
1813 15370
3741 4131
4734 9316
1993 2513
940 13145
6217 7739
8713 17225
12765 14613
6543 6636
51 8327
12174 13158
13460 13828
7717 16525
904 2504
5492 17923
42 4261
11697 12121
1785 17360
12277 12549
7380 10474
15742 17956
5238 6694
5479 15149
1470 11728
6043 16265
927 9152
2794 7894
4349 11432
8938 10480
3676 17231
5675 7720
162 3469
12058 15927
5173 9119
5177 6743
1812 10972
6322 13106
2686 3451
4467 9474
10202 15162
12443 14272
7781 16260
4679 14458
11963 15434
3036 17162
2949 15294
15239 15339
2596 11883
526 2432
4217 12930
12702 15572
12639 17452
4862 6706
2254 10452
5696 9962
323 12716
3464 7328
3731 6250
4495 9974
5451 9745
576 771
6595 17610
2661 13078
7864 14603
2853 6958
5495 5775
1119 13881
2729 11258
13810 17522
6119 11223
5814 5916
8215 14760
59 2716
8592 10445
3977 14490
3705 4774
5393 8366
951 13819
13249 17892
13596 17255
9528 10124
2069 6619
3922 12266
4239 13600
2249 15401
3360 10543
5840 14466
10880 15912
4179 8561
8533 17754
3036 7979
5643 10836
13843 17231
1988 9792
4327 13000
6020 9187
3875 16092
4165 11154
4007 8881
4839 8617
12898 15361
14188 16580
2490 14667
16194 17307
5370 16114
4901 7711
3744 10524
9395 15152
3560 17244
5248 6733
6878 11030
2001 8840
4703 11818
17098 17437
14667 16102
6191 7007
487 5789
581 15325
5722 12780
3749 17248
7844 14924
15571 16260
10202 10681
2248 11088
1192 2088
8804 11789
15095 16763
2284 14023
384 4704
14515 16276
2665 5726
9696 16629
351 15281
4320 13230
8900 14803
5101 16495
10322 17690
9780 12491
7652 8327
1967 11865
811 8215
4554 12472
1290 16694
12502 15192
4978 10183
1232 16919
7658 13871
4572 16720
845 8133
258 1502
2695 11510
2829 7130
4611 7463
9937 16386
4321 12220
131 5101
3451 9271
5088 6654
4269 5457
686 2498
9785 18010
404 12284
6297 9325
6958 12519
12483 14948
10380 10880
7936 8633
7084 12348
2352 8474
549 2038
6765 17008
13917 17226
2915 3162
5655 14376
1710 15918
5923 12286
5707 9678
4787 13902
6475 9202
13255 14759
2573 16105
11200 16245
10235 13781
7177 13356
2259 10907
8278 13898
14326 18030
3058 14356
9534 17268
2088 13878
5174 7538
765 2725
5737 13557
12126 17201
3902 15403
14939 17754
607 10070
1382 8683
3025 7468
9726 15030
6309 14448
9756 17954
6519 12250
752 17057
11828 13932
3102 3732
10144 15142
14130 17247
3977 7532
700 2560
4027 16183
7164 13050
15947 17521
3118 17659
14035 17914
2383 5953
607 8088
2 16677
805 4546
7268 17400
7238 9749
5297 12181
859 15415
2768 7265
12599 15329
10260 17827
3708 8100
2758 4661
10811 17254
4555 8503
1693 8880
12277 15013
2383 3095
14435 17995
4398 13012
2573 16217
4839 8447
13680 16758
7502 9860
9726 11506
3288 4111
2473 12634
9382 9677
13323 17027
14175 14558
1760 2738
12180 16207
6493 6659
5341 16693
1998 13635
11324 13258
2289 6132
7566 15218
2866 10478
9318 16692
16886 17535
5213 12448
8218 11828
164 13028
9965 10712
301 2387
4589 9618
927 3293
973 17437
10362 14248
536 17120
11191 13593
15028 15572
1863 11498
3454 11460
16541 17990
6685 15374
6847 8033
59 13781
8043 16587
383 4179
6841 9953
9657 11425
14600 17255
8553 12716
7294 17505
5283 11648
17106 17419
157 3593
9180 17075
9552 15454
128 9354
2360 10143
10664 16978
12065 12196
5603 14629
1926 13107
4099 5735
7330 11311
7544 11894
9544 16298
4503 4523
8215 8531
4752 6543
3981 10235
8140 17421
2212 17520
6445 14035
5082 7199
8668 11263
6059 8100
2423 5607
12385 13602
10569 16779
11521 15538
675 2894
2357 11803
12075 16989
791 10132
1297 15151
10529 14535
7804 10394
16505 17481
13770 13875
5454 7002
7804 7879
6730 16331
11797 12532
1497 16254
5271 16116
4778 8203
13624 14598
7284 16578
11305 12495
2684 17249
942 10394
10298 11897
150 1718
14339 16897
3911 13910
735 13054
5271 12448
157 17248
5637 15687
6340 8731
7630 12442
12226 12839
4306 9956
5465 10158
1473 8347
6787 9314
7240 17463
897 2989
3764 9660
2153 2503
3389 8636
4049 14105
5102 14134
11012 16936
7322 8116
8720 12556
2176 7678
6247 10000
1974 3675
13910 16954
8278 12165
6331 11753
13460 17624
10181 14594
941 11814
6644 12293
6956 11660
5737 9618
12125 14885
10396 18015
6658 11756
10777 12977
365 9100
536 10425
11766 16532
4664 9280
5054 9823
1167 4579
10832 16749
6810 8353
7940 14084
4179 13216
871 7045
10295 10298
2280 6585
17713 17764
3869 12622
4697 10705
4261 16885
10220 11854
5561 15543
8166 13153
6560 6958
11849 17228
4516 14667
8495 10719
6931 16470
1238 15836
731 4918
12165 16329
11803 14346
3251 8775
17027 17873
8546 13003
4392 16079
1496 11577
4269 8567
2971 16828
577 7410
6458 12973
4040 16013
8847 11078
6136 7013
2743 15878
8237 12877
30 10564
5506 9062
10705 13706
7796 10361
10959 13680
2814 11835
3179 17063
7072 12585
6026 10085
15052 15772
2055 12372
13348 14310
1351 16519
4017 12165
14116 15382
6412 9545
11264 15405
1038 6856
1833 17840
12707 13951
3318 7238
6332 12165
1531 16331
2645 2931
10790 12402
10178 16238
14815 15041
12230 12808
1509 11322
4046 14435
2151 14043
5529 6228
310 5011
10283 14985
3864 7985
10425 11817
1988 13564
6218 6235
1795 6977
2971 3869
7006 15184
2430 4787
808 17924
1706 3423
11832 15525
2089 5092
3108 14309
2445 9753
3911 6104
2573 8361
10158 10975
1129 2899
9749 16815
2478 17062
2124 17481
12716 16353
3983 7296
6527 14895
8838 10644
1988 13629
2763 8713
6006 7008
622 10632
8353 9044
1975 9000
3367 8049
7294 15900
6114 11088
5313 18013
7609 8961
11009 13718
4611 8379
5782 17706
127 13774
11595 15591
13991 16161
11171 13761
2803 6853
4467 17859
8060 15894
1693 2516
592 7026
13539 13853
6941 8125
2836 4315
798 3191
3251 15776
5380 8327
7511 9140
9933 12278
3092 17932
4142 13783
2076 4017
9271 14031
8415 12540
10737 13016
644 8533
11617 11846
4594 15360
3543 8958
3158 6685
2478 7140
3714 12094
848 9448
1840 15411
5274 7202
9278 10426
6394 9271
1123 15499
6707 10914
754 4281
10802 11129
10683 12894
9007 11211
8869 10181
7858 16954
511 6906
2010 4789
7092 17225
5169 11364
1624 8327
173 15423
2478 8341
13979 16405
7840 8530
5027 11274
5382 13327
4057 13082
4181 15423
13689 15017
8384 9062
1111 12241
2280 15728
4566 5454
4046 17603
2187 16779
2218 5268
2490 12104
4020 14479
4772 11670
9178 10304
10956 14939
16092 17883
2686 11384
4535 8396
6780 15454
13220 14578
11517 12609
5234 8936
9223 17047
11439 14661
522 14632
2927 9696
6466 10576
5808 6368
144 15041
846 1263
2559 10770
4783 7569
2157 3218
6667 9105
9888 11245
90 273
5603 14140
3139 11692
5987 14658
7432 9756
811 3869
1554 12411
8239 13506
10084 17872
6104 10199
937 8793
4165 6658
8646 15155
6574 15892
11105 15514
2238 14309
523 9726
6509 16346
16683 17577
5248 6760
4357 11341
10247 15555
6182 9715
868 12452
114 9839
8237 16651
6773 13516
8642 11004
4601 7442
4835 5725
304 6958
14295 14400
2487 16253
669 16383
4741 8194
2566 9544
1325 6838
4767 13170
16662 17621
2745 2768
801 7349
8821 17632
9714 16805
15537 17311
6870 15788
2602 17011
10616 16207
12458 16541
4181 5732
10648 12887
3955 16948
15183 17785
8518 15580
8434 9566
10181 17898
6474 8374
12129 17691
2803 9636
7938 8877
10514 15042
10484 10761
587 769
32 3495
2028 15623
1320 4783
2645 9058
675 12754
353 2281
10645 17640
14941 15093
7332 16827
2944 13596
43 3251
2106 5356
13130 17085
9263 14509
2927 5751
4313 13564
2012 10960
4882 9195
2323 5096
6991 16261
148 15588
68 13366
12984 14389
353 14480
17560 17859
5437 8422
5870 9590
10921 14196
13710 16867
1442 9058
5316 16018
7904 11165
1133 1779
1701 16679
86 10628
15518 16142
15346 17924
13626 15370
13991 16885
2473 14548
9395 16017
8900 16821
5548 13657
12265 18046
6316 9696
8774 17144
11944 15318
8668 16629
12233 12480
3756 13825
2046 13347
3474 10158
11894 17638
2347 12988
3823 11460
4525 12264
2431 16428
1933 6237
4903 10485
2723 3746
3196 3658
13392 15876
4637 16032
6025 6577
804 6030
15933 17675
4263 10413
1701 7483
16629 17120
4165 7187
14300 18003
6031 14708
13367 17001
16505 17511
1931 6758
675 8327
301 1020
322 2939
15474 15560
1294 11539
752 4314
199 2449
78 14823
14532 16941
10175 13433
3496 4852
1605 4016
453 15678
1298 8009
1507 9281
3801 12122
12442 17105
2142 7958
3355 5354
4415 16513
2052 14276
5450 6163
7626 14389
7280 8229
10705 13435
14356 17008
8232 16910
4703 15652
1522 4906
5351 13557
3742 6598
2111 7569
1868 8905
5893 8085
12240 17008
2952 7098
5520 10040
9898 13596
14591 16490
3818 12411
5688 10832
16458 17120
879 5465
11009 13296
8277 10546
7051 8238
9373 12138
1111 14156
10985 15547
6155 16470
956 10427
7946 8241
4976 11567
15 3521
5274 16203
2284 4133
4147 9522
13590 15567
2039 8382
2160 7238
2589 3708
1393 3389
10496 13969
8166 11517
8635 9641
4108 10518
4320 16324
1183 5775
1924 3818
1984 13771
7343 16665
16168 16544
9061 15572
3207 5003
11129 11710
8237 8718
1209 9455
5105 17800
4017 6007
6883 9868
9737 13215
6274 9903
814 17532
414 4745
12269 17601
3991 14628
7239 17463
10930 14759
8452 10732
16167 17050
3849 4232
9411 12519
738 11860
1711 2455
8546 9260
5438 11244
10365 12622
2158 8244
1952 8576
1733 10870
1337 14318
8709 9718
9785 15382
1709 4387
7690 17372
4362 13169
8366 11633
1988 15166
14931 16817
1100 9039
7873 16620
3689 3795
2031 7327
11538 16502
4850 14972
726 10877
5219 12186
9317 16448
5138 13932
931 16150
12703 14415
2518 12266
5116 9123
8633 17995
7324 16029
7187 13062
1719 9312
673 2149
1676 11682
379 5353
9745 15085
4042 4886
9474 16496
4495 16299
3906 8718
2013 5144
13463 13495
1514 8139
11388 13095
9980 14815
6973 10881
14042 14668
10984 11428
11672 12180
7690 16884
1369 2473
8088 10430
5732 17507
12084 15089
14729 15730
9261 13230
11610 12441
11152 11201
8814 16152
10176 13557
11699 17361
276 15235
2363 13099
793 11861
2591 9307
1447 12821
6506 14548
10436 15711
4006 11496
8399 15832
6287 14484
1355 14578
3755 11352
4321 18065
1763 11517
13303 14704
2555 16756
1192 2268
1111 6900
4191 8218
6349 14324
4181 17008
9169 9171
5964 11507
2336 6071
4931 7084
7432 14843
362 6859
752 11290
352 9639
8108 14982
520 9469
2542 17517
10202 12146
12796 13216
757 3168
8713 14053
6384 7402
324 12732
11814 14864
8902 12937
9837 11466
10964 11725
9966 16088
5700 14549
6519 8194
13264 14885
6332 6936
3680 6176
536 12519
11155 17131
1003 12757
6683 14218
8107 17471
8179 18047
9078 12217
5788 17163
14726 17896
5906 12818
13064 14416
12519 12860
2632 11974
13249 15491
2052 8495
3616 7066
2333 2524
3462 15872
9728 15544
16756 17999
12122 16650
2024 16495
945 15450
2153 14131
8434 14389
4886 15960
1912 14845
852 16498
9388 15405
14828 17297
2512 8524
17695 17984
5449 6058
7272 12379
11304 15822
15694 16956
5515 17226
6358 11656
14578 14594
10790 10912
827 6671
6372 10394
5066 8711
3118 10471
733 8228
3292 16501
6794 9772
6506 16885
5603 15918
1570 14671
2478 5192
3344 12781
4092 6730
384 10132
5887 9436
5485 11127
8829 8968
6372 8327
1782 5429
6232 9785
1832 7332
14010 16319
1866 15884
3613 16494
959 17966
460 15499
1122 9292
2078 15377
5651 15652
11966 12489
3254 15559
16382 16924
9347 10410
2371 11545
530 3376
11944 16694
7908 11553
3656 16853
11483 11871
5054 8576
4471 6251
593 15105
9253 14528
14456 15665
1682 3867
6852 12712
2570 15089
4087 8448
1153 14276
8058 9290
13901 15993
1958 7765
2454 15252
13621 16805
2870 17418
4647 8451
6066 11714
1701 16692
9329 15840
4380 6337
9898 13551
1658 8695
325 11741
12274 17085
14981 15912
4131 12060
6740 14257
4703 17848
7731 16928
8182 15687
10529 15184
10003 17801
1719 16547
7495 8239
13341 13939
7500 17878
6578 13537
2518 3480
7814 17871
11125 11704
4509 7431
2629 4791
7636 13273
9961 14949
8470 13495
1245 17277
5397 5687
8754 14140
9401 13843
13241 14366
911 3809
7355 13133
4137 8426
3801 7373
5520 16891
2310 16400
9121 10299
14380 14700
5564 14029
11001 14587
12357 12805
8713 12519
454 1346
1219 4688
4965 13573
10063 16674
2645 10985
8013 12621
10576 12266
3351 16305
9657 10329
2254 3818
229 10717
1185 17789
2153 2886
13828 14134
2038 3251
4238 15415
6671 13530
7168 17789
11529 14140
8802 13935
3028 15618
2688 16546
7866 13320
4235 15814
4886 14544
7367 15678
11796 16235
5224 14705
1177 1289
12107 14297
13216 15525
13171 13188
4734 15120
6506 11355
6250 8531
11988 12579
3705 17225
1193 8485
5253 6330
3015 10297
1864 17211
9628 14328
2475 14978
9678 12559
10318 12159
4217 14575
8067 11688
12282 14470
2171 6602
9067 9875
1166 1811
7718 14670
6302 14719
3087 7735
11714 12446
9930 12192
2010 14810
10161 15041
7290 7295
8718 9390
14453 17225
3733 5797
2120 9720
4963 7717
9912 13817
2973 16309
993 12409
3976 15319
1528 10183
572 16217
810 4253
6904 9804
121 9902
1717 4552
7168 13938
1901 2194
12936 16953
13203 14542
1177 2595
2942 8725
12100 14329
9791 13792
9761 18009
1722 8718
8248 15314
9462 17496
1119 11967
6621 15281
5310 10108
7611 9687
1174 7835
1730 15311
12385 17613
188 8737
6842 10718
12163 17983
591 9851
8926 13328
6250 13136
4362 16242
1666 17835
7779 10873
2609 14453
15612 16207
3626 5747
409 3833
3791 12988
11725 17959
1878 2007
8100 17154
3630 12114
4448 13359
4938 14630
1854 2592
5495 14251
8166 14636
6011 13667
4017 12314
9011 12579
573 7916
401 7476
4478 11677
1473 9717
11195 15162
4594 11543
12928 16938
11384 16867
7611 9175
3264 3644
6883 16420
9061 17577
487 8783
3323 3982
11581 17077
4133 15361
9226 12549
9673 15101
8366 10171
9061 16658
4255 17058
4411 12159
1475 10517
5105 15109
872 7709
11059 16974
5757 15115
7002 11268
5789 11951
5585 5683
7455 16138
2688 9255
265 14263
2854 9347
8433 15580
241 8883
10563 17608
9450 15755
960 9300
3179 17170
4471 16437
6070 14600
4738 9229
6302 15851
2088 13323
1965 17294
8939 14173
10734 17697
9681 16066
4280 14839
14476 15171
8633 12549
6568 11073
2072 7005
4784 6109
10353 14981
3496 5193
5727 10538
5478 6246
1033 15291
10809 11460
1537 15628
2360 4962
1033 14471
696 4092
6346 12606
942 17396
4167 9593
4289 8653
4805 7220
14059 18056
1748 15281
3822 4392
11603 15973
2645 6997
12201 14880
2844 16958
4686 12522
8166 15480
11672 16395
10378 14053
3714 9600
14236 16104
9790 14150
3869 4892
4875 18096
6202 17393
10885 14888
3502 10880
2113 6843
953 1701
2188 3795
1782 2498
4777 11668
5138 11009
4007 8436
6132 6453
11540 15887
3867 6331
5235 15394
7347 17218
10003 14241
135 11714
4147 12104
4943 13614
6810 16203
582 593
12797 17417
11756 17891
4397 13439
4064 15487
2190 15281
10353 10425
6021 8506
657 12250
10077 17995
6228 11007
2881 7898
14582 15502
11460 13064
5478 7413
2371 14629
2923 14759
10196 17031
4906 8391
684 3964
8480 12662
3234 4826
2552 9562
6543 17393
9825 14842
9271 18101
4528 11070
10898 15685
11985 14734
1723 16224
10766 14656
4867 12237
495 2986
933 13569
403 12816
212 2702
12470 12679
12286 14595
4287 17764
8410 13911
15996 16753
948 16078
6737 14966
8362 8982
1439 4327
10040 16891
6262 17132
8142 11276
5177 9180
1514 6884
9987 11816
1453 9830
16736 17235
12923 14332
4772 10249
12279 14351
407 4207
341 15169
10778 12443
4734 15362
7852 15844
6365 16953
7718 14457
4839 9057
6349 10070
2820 3157
2388 17893
942 10539
7617 15038
11456 14161
843 9043
942 4734
8964 17334
14431 17848
8633 14488
4747 12190
15401 17990
4298 6465
1717 8713
3130 8133
1910 2794
3260 4492
1338 3970
5298 17524
4293 10117
1381 15016
2052 5449
6717 16183
8614 11263
8985 9468
1265 1401
13893 17690
3800 13127
16763 17470
5240 9427
5100 8479
2684 2866
14624 15807
4889 16578
3957 9642
2423 11664
15885 17563
1821 7609
14207 15497
8410 11832
4835 13838
287 6275
5688 9868
10139 15541
750 15043
1249 15652
11652 12135
4408 16490
10112 14652
6394 17903
5714 9569
51 9258
10631 11690
5017 10353
3937 6624
8985 17645
12868 13309
2060 2730
13872 13980
3289 5489
4372 11660
7442 14409
5643 6283
495 11894
2280 16650
10936 16222
64 5186
5492 10322
2931 17372
4677 15612
9066 15924
9382 13991
6338 7613
6298 9325
265 3053
7472 11102
4255 15097
238 14466
7829 8604
5253 6744
8344 12343
14678 15126
4694 4993
9718 12609
6087 12531
9492 10182
12519 14982
1898 9205
7924 8538
5552 11865
6758 8527
11907 13915
1174 2076
8412 8816
16220 17495
10907 12620
4397 4398
927 9625
4892 9879
5637 14218
9424 17926
1941 12288
15122 16249
4057 4752
3818 5298
2857 15955
6812 16753
13378 16301
12860 13034
5796 6978
9240 14655
524 13910
6906 8840
10260 15197
9156 14160
5643 8245
9505 11652
1368 5928
13437 16866
250 813
323 7168
720 13427
6636 13266
8818 12403
3139 4589
4093 4662
1926 11054
10231 11371
5940 10044
8996 9974
3359 8475
3540 14167
8194 10160
6208 12099
68 15132
6919 12166
4533 8193
11794 15267
10022 12879
5920 7611
2893 17424
4766 7643
8892 10862
15362 17053
14535 15970
144 8085
5738 14798
7667 16091
7244 7611
6431 15680
3894 12041
544 13973
3624 15807
3301 7466
301 13392
2808 7103
4785 9447
13706 17845
1369 13676
1997 6910
8322 9923
13174 13939
15068 16054
978 8849
10746 18023
15015 15873
6340 7737
14167 14928
9608 17372
4566 10064
614 10495
9804 13833
13877 15122
8346 10438
9686 13485
5616 16710
706 1692
7337 16089
13146 13489
9984 10157
4968 13437
5928 7492
4570 13961
888 3724
2795 18007
5137 12277
514 1385
2216 12936
8357 9097
10380 15918
9337 11911
8677 14617
1544 15503
8077 18065
10044 11725
3355 12140
1853 13904
6311 6543
12261 17343
11167 16245
6349 17546
9056 15794
2949 15887
1832 12144
15505 16648
1564 5513
16489 16861
623 12899
6685 17974
7295 10972
100 10639
3243 8775
15559 15810
10249 11086
13872 17012
6128 10764
2209 5457
10016 14276
798 8194
14421 16628
55 365
4863 5636
5741 10911
9569 11828
4479 17878
6394 8713
8327 12390
3267 10675
400 1720
4767 12234
5119 5463
7738 10364
12928 15849
669 14699
12348 13767
3439 11670
14981 17632
3818 8485
16700 16804
7060 17502
16753 17447
5230 9379
7620 12519
4404 8049
7657 13571
8240 10199
3243 4766
8456 17097
8447 9467
7977 8648
11205 15333
12224 17237
6058 17606
9346 14534
8533 14140
4863 15996
10430 15173
9963 18026
261 9106
648 5373
1988 6538
10409 14544
11366 13012
1941 16648
1717 10629
816 7516
3447 14600
1493 5218
9831 18094
2179 17185
6898 9883
8626 14055
442 16194
10247 14982
10632 16551
1530 13391
1336 15505
3537 16749
2464 17892
7844 11948
11196 15088
4789 16260
1285 13552
776 1482
2790 15735
9041 14108
15525 17566
2436 11709
4546 10235
7158 17521
1884 5928
13336 14407
10672 14694
7645 10983
11711 15332
4351 6363
9622 12729
5616 15548
173 11818
14822 17785
2516 3323
10698 11931
4910 11951
16022 16124
12165 17624
6477 9180
739 17518
4697 10779
14249 14676
7870 10790
4702 11265
1776 5667
522 6997
4892 9215
7917 16036
17537 17559
2885 6845
4204 17515
2183 10637
9073 9466
4947 5655
927 4025
6125 10719
4069 15637
8840 11987
2991 5093
4374 16579
3715 15830
398 13519
13779 17205
3279 4783
11232 13149
15133 16776
9907 12672
3498 16161
12771 14578
12648 16710
5426 15832
293 4523
3122 15526
3045 14042
1576 12159
6623 8599
1722 13996
15377 15987
4849 7613
3337 13557
15113 15640
1635 9506
2298 7530
7463 12989
5495 8622
3545 6579
12856 14667
8435 8885
9768 16374
229 17046
16494 17168
9699 16466
4333 9474
3169 15232
4168 5386
2706 7270
11321 15655
2686 15912
9597 11630
10349 11460
7452 9490
3064 12492
12704 17105
3337 15938
9534 14297
13253 15282
10199 17959
3692 9761
4378 7254
3423 9839
6297 14336
7527 10633
10442 15406
12111 13994
3818 12507
2915 11983
902 14131
1156 1864
4802 10440
5920 16540
13296 16539
2719 5866
629 1253
3404 5026
2894 10975
3166 17582
12146 12410
3705 15232
6543 14435
12893 12967
3895 12944
951 8171
3028 12142
12655 14542
4874 17862
6104 14376
7132 17893
3574 14065
5797 13714
2383 11460
946 2305
4207 9492
3820 15157
4796 15328
3674 4553
15618 16468
6021 14042
2480 17496
3596 9769
1229 2692
5035 6013
4372 7818
1033 10832
16115 16116
2025 13195
11753 15361
10944 11631
4006 6071
2836 10687
2062 11817
2504 13564
10322 11213
5814 15992
8167 9183
6349 14551
1313 12685
11398 12182
6791 13396
14421 15770
2289 5190
1586 15740
5234 12467
8355 14401
9472 10321
3689 15572
8124 17824
3454 16219
4127 17196
6643 9544
1034 16458
3318 15742
8745 17899
3559 7609
2870 6104
310 15468
1719 16596
1710 15961
4422 12257
1018 5982
5981 7092
14528 14824
6774 15240
1832 12519
6062 6071
14091 14267
10365 15151
5492 10452
1967 6333
10779 14667
6560 9449
8013 12669
14140 16578
1454 4557
2907 8867
4162 6203
5108 14567
1682 6717
2722 11648
4946 7345
510 1831
8633 8924
8821 17120
2916 11954
425 12703
10442 12078
3850 5696
9544 11086
14 6363
13851 14175
741 1940
6408 13062
2756 16769
10147 10304
10975 12171
3064 8577
2449 6907
8675 10326
10504 17083
4422 10116
7706 17610
3333 4892
3813 11038
697 5305
9875 14999
482 17465
1859 10094
11703 11744
7912 11717
3756 10535
1619 16092
1935 5936
462 17914
5885 15961
1289 7153
6637 7506
6020 7942
1651 17848
5723 15401
3525 4689
47 8031
872 3142
8249 14844
8864 8869
6003 7205
4469 14026
7911 9126
5248 7085
13296 18009
306 5830
1842 7484
1812 8544
10763 15459
6385 14987
5945 16156
5775 14636
13933 15948
5333 14824
5237 11921
3273 16744
1163 17775
10489 17391
8602 17070
12413 13850
3977 5905
2007 3613
2847 14067
105 16696
9528 16936
4312 7827
7397 17610
8713 8983
15136 15725
6448 14948
4382 16376
6567 12250
4963 6278
4903 9955
8981 14116
8554 9532
3136 15253
1487 4882
2265 14436
7367 18079
2713 3317
10205 15583
579 12110
888 6066
4276 8292
7792 18006
14696 15450
5603 17999
8668 9280
10396 10761
309 1730
2971 5814
7954 14456
4977 18026
6523 14976
12271 15326
6855 14759
7857 8520
413 6423
6516 6753
4962 15066
5410 5929
3176 12815
4833 7747
6329 6417
12987 17653
2120 3352
5524 15928
6020 13010
8112 15432
7555 15134
4592 14803
8396 8496
615 11053
1937 5529
9269 11664
10697 13448
1784 11167
5133 8225
14774 15220
1680 5386
4067 14694
11632 16164
8314 14975
850 10140
1850 8327
8327 17008
15459 16164
6797 10345
1283 8391
12491 16324
4042 18039
8599 17088
13991 14801
7371 17376
5296 8742
8179 13218
4903 11078
1324 12285
1764 12889
310 1253
1477 15828
11550 14048
10389 16953
3859 17272
8934 13370
10552 10799
7238 15396
4579 6542
7690 12866
10202 14522
5236 14161
940 1770
1868 15171
3403 9252
5124 7005
4173 5612
7347 15565
5206 17750
26 6742
767 1719
3114 6612
8073 9538
10322 13082
7544 17693
3519 9325
12411 16093
2259 3260
359 11529
8327 8388
11714 12002
7110 15312
10573 13359
6906 14933
3525 6740
1478 6250
3714 6013
77 14429
8049 17044
14170 17790
335 3256
1981 5351
5492 9271
767 2666
5362 5802
4743 7468
6098 13910
1981 4725
15261 17347
2409 2436
10628 17119
6635 10144
3276 8444
3735 12334
365 7779
1233 1241
2914 15731
8366 15873
481 6007
2045 11066
1941 7022
738 12515
14409 15132
10326 11273
6337 11392
2689 9609
8985 9605
9281 14143
4380 14161
4555 9455
958 4153
9570 10432
1572 16827
2991 8633
261 7145
766 12905
6894 10538
9140 11232
4007 15011
4067 10125
11542 15888
7804 8531
1937 12483
576 15099
2514 16859
14479 17155
5078 8851
8064 9768
5475 8132
8633 15687
2357 9257
3315 13178
8064 8734
4915 6886
1369 13770
1763 9215
11077 13240
1031 8269
9544 16464
8493 10934
3058 18098
7655 9407
1229 11818
8487 9957
4060 9058
15577 16827
8391 9958
55 831
5126 9653
1720 16694
11830 14248
1461 4735
14542 14598
2183 17231
576 17051
8051 10714
1294 3149
11244 15801
14693 16009
3137 4885
6976 13279
7187 13086
6020 8170
4733 17871
15873 17002
6349 8088
8273 14738
3708 8983
4072 10720
8564 12434
10117 13396
4637 7719
5430 17851
1453 15374
5015 15401
626 1536
5308 13880
14531 18012
9600 13667
4606 8098
13064 14528
16238 17418
6890 13969
14532 16758
11709 15934
3025 12863
4380 14532
1253 2490
4446 7194
2423 6769
15530 17681
9041 9182
8713 12250
12894 15548
3857 5075
4942 6525
2371 14644
7168 10833
1692 8012
884 12380
5786 10976
4703 14435
11116 11282
15618 15672
2347 12866
3874 14198
299 4936
1600 11147
9605 17237
8904 18027
6623 13492
6683 11154
9382 15066
10741 17505
8661 10930
3813 15500
7397 9302
11336 11716
382 17278
5953 10077
15502 16397
9123 16628
17008 17120
1737 16035
2211 15373
703 13969
9175 9567
5181 12750
3735 4399
7002 7981
1419 12276
9562 12010
1367 17943
10353 14617
3355 13906
5284 17112
4601 16650
7942 8517
1661 5688
8802 13461
666 16844
12067 12675
574 6934
15434 15814
2708 17495
7575 18021
7205 7667
3967 10784
6475 10784
2974 3426
8837 9363
12943 13216
7676 16021
4276 16082
8222 14722
13683 14600
8531 11328
3406 4127
13458 16749
6223 10431
7109 13694
3922 10576
4601 7214
14678 17315
6472 17553
5756 15462
4393 17859
12954 17602
11968 17564
13897 15492
5882 8237
8981 12629
5928 9823
4011 13100
10482 17605
9517 15968
4546 11393
7372 10365
14421 15629
9036 10486
5981 16928
6965 6975
15 1693
11660 12742
8783 14020
4179 6636
119 12739
4580 17775
7163 13769
3917 9765
5082 8130
6730 8685
1525 15807
869 3732
9558 13551
11699 16540
2657 14803
7737 9150
6988 13241
6783 17615
263 2858
6496 16957
2973 8654
2252 4946
4337 16156
6811 16490
7604 13969
7280 10536
4352 17975
3360 6769
3714 18009
4351 15629
4283 8580
12619 13758
1313 10118
11425 12874
4466 12448
2158 8716
10429 11278
2731 5732
5487 17523
4310 8948
3073 3864
444 8472
1269 13802
7611 15190
5495 8567
6678 14163
13168 16720
3089 8798
1850 9657
8410 16201
13593 16441
5984 10513
5169 6453
2622 7484
11047 13901
8112 13359
12536 16691
2968 17064
16 11429
1713 16597
8969 9600
1135 3882
3251 6052
3869 15184
2160 10930
3610 8064
12710 14365
10523 11797
3147 16578
7803 8838
4664 15404
15411 15468
4628 10907
11885 13593
2515 5907
4910 9177
14534 16966
10714 15518
7098 14528
5853 11828
13718 15004
14283 17391
3115 17811
2743 14843
806 9938
11471 16772
8297 8730
4563 5688
845 2261
2574 17848
3937 8215
8023 10569
1117 6883
3816 14376
5138 13718
6202 6543
2310 14671
6621 16010
7168 7610
8218 17194
9658 16384
7332 15184
8278 10183
2371 6749
8324 15227
9992 16735
6997 8493
13229 17570
7864 14990
351 16203
8751 10021
4086 9974
13620 17882
839 13852
11522 14072
6732 15823
8342 11304
5218 15287
1156 9839
8637 17830
4969 17120
4160 8528
1478 13991
5633 11469
8675 10353
7513 11506
713 15565
16037 17891
1477 12519
1714 6944
3644 3915
12949 16700
3179 12728
15745 16410
8051 15190
11129 13806
2218 6588
1564 10843
11251 12304
6039 13715
2666 8768
13396 17974
11396 16289
3293 8864
2183 8366
2166 7328
9655 17146
1815 8599
4321 17591
5217 10392
4121 18067
3818 8366
1790 12262
12941 12945
3357 14456
548 16490
1719 3423
2784 6920
8793 11596
5177 5310
13655 16710
4179 12179
130 11285
7008 14133
8238 15498
1864 6316
2459 8396
5622 17011
863 3682
128 280
4606 14869
554 14103
5431 16505
1578 8116
1958 2306
13295 14043
12370 15639
14126 16002
6163 11521
4787 12071
8353 9657
5392 6233
4598 10632
4538 4976
8434 13654
5320 14689
10359 10849
4294 14977
12854 14982
4062 15524
948 10583
10859 12652
3770 14551
11603 17475
8093 14925
14075 16869
1289 9379
10997 16686
7744 9938
1837 8374
9061 16683
14126 17936
4849 13353
9642 10573
279 8345
13610 17396
13748 17011
13991 15029
4664 16217
1673 16030
6322 10283
8985 17372
953 12290
941 11448
5459 9226
2158 13365
383 9726
15580 17690
10451 17507
4612 16886
4930 6684
4518 12858
1697 16995
14580 18050
1508 16886
2682 14859
11255 13343
13146 15026
3519 12088
11057 15044
14126 16814
712 9212
1000 12695
8183 17999
6927 13220
2686 6631
12706 14861
11579 12285
11422 17441
706 7874
6331 11883
2357 4524
6472 18039
6094 7690
5320 9559
11234 13500
8815 18013
10155 11952
10181 17875
2357 6771
10053 10777
12889 15747
5426 8072
4568 4993
6250 14548
7002 8703
2371 11232
3199 5356
4495 11366
4488 12254
3357 12672
7764 8507
4271 14349
2290 15243
11668 15105
362 9590
8051 9566
2473 10336
10790 16108
1733 8776
8480 15190
9058 17072
7554 8308
10891 14470
1057 4296
5144 11547
6177 7094
14562 17287
10237 15969
16560 18078
772 13593
5920 8434
5070 13620
7491 12591
5414 13125
15662 17566
199 456
4711 17670
11322 12894
3274 5206
10448 13767
5771 6883
12362 15109
154 12902
11172 13831
7530 15725
511 3061
9063 14105
3869 13718
956 13860
4162 9647
549 1887
12298 14888
3919 7652
3251 4147
14131 17446
5578 9749
5848 7396
9662 14421
13472 15523
3073 9566
13910 16074
14353 16261
10295 10616
7102 9938
4060 4268
4547 11396
14263 16599
5400 9314
453 7356
16677 18030
2804 17896
1156 16541
13343 14208
12182 16199
9077 10100
4168 5334
4215 13536
4882 5296
5651 14544
6450 11818
17095 17586
2357 13229
12711 13156
6033 10262
1717 10972
9196 17582
956 15776
8215 13878
6889 13552
5446 6279
6762 13961
7195 16274
13371 13700
14887 16113
3708 12672
17551 17597
4704 12672
1516 1685
11306 14091
13459 17959
3409 9916
9958 14933
11276 15591
75 373
1776 12845
6235 7254
769 12180
1390 5156
16036 17171
2840 8829
15591 17797
11051 15588
3908 14310
7826 12883
14637 17027
5700 8907
4036 10036
3401 7413
696 11425
4869 8327
6937 9271
13890 16984
2688 15149
1791 2209
1611 17302
8442 16949
4634 6623
2751 8866
5003 7140
1279 10362
2789 17218
1380 16105
1302 17557
2306 10596
12230 13770
6052 10174
6762 10405
4293 5309
6465 16869
12928 16260
835 6252
4557 6910
1747 7569
6072 17606
6859 8482
9329 12928
10757 11223
3237 16344
8452 11324
4980 5015
2222 4718
6643 10960
1064 17310
4062 12883
5316 12259
6654 15382
16303 16934
9586 11450
2260 7037
4217 8508
5515 9567
4194 9830
5355 13551
10350 14670
10105 11987
3911 8528
13654 18085
8278 8599
8544 11588
6210 7154
11854 16762
10369 16048
4466 5085
9893 15224
8297 8368
7051 9398
3423 3983
8571 8576
5519 9467
10870 15822
6810 11425
3349 6729
5192 8485
6701 15334
4526 14635
17002 18071
2676 13942
3824 12631
3692 9876
10216 15588
10642 12298
3519 15029
10870 11003
4927 11974
5495 8433
382 10739
3034 12386
7828 11852
454 3908
5222 6886
10755 17369
4574 11986
12308 14556
16274 16924
6470 7792
2165 7131
14057 14578
11327 13072
12802 17553
12073 16376
2853 18082
9345 12603
4483 15873
10094 12747
12648 14254
10293 11654
3956 14597
9261 10235
10235 12432
1584 6128
1675 11820
9492 17216
4060 11813
12021 13175
11629 12200
5102 10983
15456 18056
523 15668
5314 6023
4123 10220
6052 9908
1701 7455
4444 10668
10637 12591
2459 12266
3101 15280
4289 15280
3650 14351
2062 13618
8049 10181
16536 17404
6206 17106
9070 15580
11818 16998
3045 9785
5848 16738
5823 12612
7548 16000
5616 17225
10202 13330
2731 17691
4408 16746
4770 4774
2398 12712
168 15711
10271 10571
10449 16261
11876 13955
5285 15062
9067 11936
13054 16263
14276 15150
2298 9569
8218 10321
8679 9577
113 13006
10199 15473
6701 16470
10965 13800
5158 11005
141 17008
7187 17949
6232 14229
13356 15786
614 10183
1426 5814
11258 16440
12472 15013
1228 7208
3144 9974
9756 10884
5296 5476
835 6610
9737 9980
5065 12910
12279 13495
5105 10698
3908 6777
5119 17849
10938 17699
1303 13998
1136 14992
1342 3692
11481 11716
4975 12234
15323 16961
6417 7168
7347 18021
4430 14532
1038 14539
2716 3008
3431 8753
16503 18066
3130 6804
5 15876
8718 17120
462 7731
3773 5096
7373 17518
3042 13679
10178 17586
1610 15478
2171 14272
3791 15732
14247 15685
2041 14894
6560 10183
6344 9392
7262 10431
846 1502
23 10721
4047 7490
4583 11912
9021 10590
3750 4373
83 2866
1719 14629
1636 7623
9281 16353
1858 9148
8961 17106
4494 14027
10687 15157
10427 12536
8803 10563
1522 5382
896 11352
13822 15032
9182 12519
919 13285
10650 12273
3139 11914
15682 16519
6654 13718
2731 15944
1605 13264
2590 17519
10727 17853
8056 13968
410 8057
8258 14361
6667 13667
4402 12606
7585 9176
2409 4833
3703 12176
1755 5747
1768 3468
1444 5975
7921 8298
9603 13645
10576 17954
752 12113
16170 18048
2360 9600
2745 5538
3812 4155
762 9471
2371 13298
11563 15338
9011 10712
10085 10783
8327 9647
8193 12610
3292 17593
12788 15999
8215 14914
8769 15938
2091 10248
4318 14760
510 14402
1099 2160
6506 17966
7417 15735
8567 17403
9714 14759
1413 10757
4834 6157
15793 17882
5308 9005
8046 8487
3072 11450
301 7879
2878 13229
1766 16456
7930 10832
1334 16041
4284 6883
11796 16464
553 10632
582 16212
7677 10220
306 3155
16505 17599
6939 8330
5297 10235
4634 12304
9283 10117
13961 16495
8414 16512
8577 9618
9830 15218
5938 7860
6534 7673
1730 10870
2165 5885
9687 16657
7886 8049
10258 10609
5055 14939
7194 8873
204 13060
4880 15412
3948 12274
5840 7969
6042 13211
752 15580
205 12151
5717 17982
4107 10414
7561 16967
12122 17053
5141 14707
11163 13683
4980 8933
11773 15242
3944 13543
15177 16555
8232 13215
14045 16667
10862 13054
2990 10704
8283 9112
3931 11856
9094 11179
1275 9780
5190 15632
5431 18028
2383 2867
1289 9140
13322 14315
10048 13117
4391 11396
5101 12550
2260 2836
9143 15085
14332 16051
2607 4784
9898 14057
15837 17144
7575 11296
128 16138
1432 1578
6685 8983
12103 17215
6212 7635
2555 17050
3911 10353
5465 14714
2410 15814
5900 14249
4969 7955
2215 16682
2684 12845
10299 16226
2203 8420
14859 17738
6347 11579
7786 10779
1640 9058
11629 13081
2736 4892
1060 13211
456 9180
3139 15312
2259 12682
9600 16539
12790 16637
8828 9390
10990 14885
5400 12159
4784 14556
5818 9427
508 13455
3776 8588
16503 16965
5585 16374
3037 13918
5344 14769
1784 15653
2217 7818
6538 10416
2929 12098
3158 4429
1184 1926
6502 12924
5731 8327
2215 14406
2183 15871
5264 17892
3254 10171
7847 13782
2761 3064
5450 14528
7164 18029
4455 12229
585 3237
5267 17941
1735 8586
12928 13396
776 16505
11652 17599
7929 12672
4754 7093
12138 13179
7440 10870
5286 11753
5599 15044
15152 16081
9133 16821
8036 15665
4237 13752
10100 17537
11 14974
4370 5177
536 16807
7087 15698
2543 12585
1347 13876
3173 13404
14247 16449
8758 15179
3267 8436
9288 14785
5597 16865
1404 2609
3293 12034
367 8503
1706 17226
4250 14560
14965 17937
7731 9120
9382 17008
10199 14242
4418 17845
2631 4053
1910 2215
11001 11144
598 4320
6643 17225
3680 14724
1947 9032
859 4362
6669 6715
9672 10271
1837 4411
811 13554
1375 11103
10143 11009
673 3714
7049 13461
8064 14501
2757 12360
2248 10688
9583 9919
11127 18065
1117 8556
4740 13396
1027 2780
6507 15547
1706 7495
2645 11171
5978 9134
1671 9058
157 2766
8366 13234
11911 12725
13634 16434
6737 17940
2623 13684
11811 12180
5934 17885
2004 18085
1695 2803
13919 14774
9058 15328
993 11174
7798 9610
13879 17779
6744 8546
1988 10416
11996 15454
7118 10644
3818 15776
4412 8492
160 12894
17127 17174
4552 16249
1047 1048
13986 17743
5806 8258
13155 14824
4531 13936
808 15346
1221 4686
12181 16260
4409 8416
2409 14346
4495 7290
8790 14416
11633 11941
6477 7538
51 11865
4683 15591
12055 17320
4074 17922
959 7059
13106 14667
6323 6804
12160 16385
11396 17345
6623 14355
831 5325
11865 13657
1812 3867
14263 15148
2600 16319
9575 16035
11435 12247
13917 17288
130 8658
15840 17966
13075 17851
3545 11592
8394 12900
11201 14578
3605 3920
1988 9988
5743 17896
9333 10362
6298 17599
11916 14407
10870 14738
7123 11882
4700 15948
6207 9410
4120 14389
2555 6461
3961 10966
4637 12328
10431 10504
9323 14480
15732 16618
12689 13409
2232 5936
4648 4788
3257 14848
9001 15751
1682 13229
6441 10538
1477 10202
6881 17030
8274 15501
26 7711
825 14341
3268 4383
12630 18006
10492 12003
8113 10489
8633 13746
259 6488
6417 15370
7717 14955
3897 16869
10164 16490
862 1612
7122 17265
8599 13366
10488 14081
2104 4353
3065 11796
6222 7280
1192 16265
6132 8980
3846 8434
2550 14492
3455 17387
548 14047
1341 7485
598 10632
3384 4563
2010 3525
12282 16763
13178 16303
4922 11517
6020 14048
235 9830
15577 16650
7544 14226
9254 11540
287 2764
7579 9061
565 7068
1530 16891
199 9058
6298 13398
12265 13676
8734 9565
10098 15406
9351 12631
6909 12036
12609 17697
9382 12523
5690 14175
8718 9461
9216 10983
9215 9271
11545 15081
1803 3337
398 495
1290 8215
4501 9675
495 11582
8685 11660
5603 9618
1971 16587
14501 15131
11422 17692
1749 5462
2235 9908
4206 10281
10576 17630
879 16551
771 2607
12940 17891
2760 5105
6518 15257
2245 3209
5796 12689
4259 14815
1911 4808
6250 6859
832 15874
9230 17362
4561 9888
11435 13539
11127 15677
3964 4146
8194 13343
1296 3746
2857 5635
1401 15164
7862 10183
16196 16242
587 4678
7900 9878
16478 17005
322 9074
12842 17098
3581 7002
16418 16648
9255 9566
15343 16244
10318 12113
6523 9226
14435 14620
10297 12743
4787 12799
4499 11517
6402 17771
11968 15393
5192 15171
3947 5659
172 9143
11469 16301
6771 18079
9407 15151
4554 12277
1426 11433
2108 11362
156 8531
5960 9586
3550 10568
442 12534
12929 13343
51 2481
3423 9968
9414 16332
4233 13419
3158 7643
14843 17750
550 6621
7589 12138
2656 16027
2001 9549
9694 17483
3683 15918
4397 10596
2731 7356
14504 15218
4480 10442
142 1911
10112 16337
5660 5797
3908 8470
958 7940
7375 10860
3908 5192
3130 11551
8382 16541
10478 14595
3885 10644
9088 16365
3795 16488
9316 13638
3447 13683
1685 6461
4930 10271
4390 6882
3804 12780
10950 16004
11583 17415
3289 15088
1083 7473
811 7984
5975 8727
150 6978
9569 16539
7592 12837
306 16138
1565 5928
8946 13443
5643 13827
2450 4965
2762 12341
276 2606
4418 6059
4393 18085
2384 15500
10489 11361
1481 13558
8237 14326
884 10854
10133 10254
2360 12670
7167 17899
7140 14126
2174 15050
811 4320
16217 16440
2512 5585
30 12449
856 6264
1920 6150
1705 12217
3094 7708
8340 10773
6783 16513
3028 12928
2946 10587
942 15694
5183 5564
782 16230
859 927
6453 17231
8133 12685
14319 15238
8096 13885
3634 13019
8274 9878
2971 16827
5683 16580
2171 13663
526 2265
6430 16805
2423 11915
7826 8193
6872 10885
12937 13646
4611 11448
1642 10871
2011 12288
3564 17954
4785 12162
101 4929
3550 4380
8049 16183
54 12713
6489 13969
8143 15015
11299 11391
8384 15559
426 4798
4315 6818
3987 7852
1367 2794
2392 12977
3020 10077
6555 12293
7139 7862
8025 15156
9556 13346
6417 16910
548 1114
482 16490
5105 5896
3637 17170
2939 15424
4777 15343
7327 14084
14266 15185
2257 6228
14914 17229
3077 7020
5020 13259
9662 10573
2248 6933
2486 3624
13006 14242
7676 15364
5868 17940
9761 9830
12669 13761
10044 15328
13457 15918
4289 7373
11865 16521
1836 9323
2113 6906
769 2885
7916 15975
6001 16824
6560 14140
10512 14911
7094 9255
914 16088
1114 5945
11725 16407
6236 10230
6271 7324
6073 7138
737 18102
11460 17088
3138 3576
1413 11131
5945 8194
9078 10558
14838 16818
442 16034
1969 14126
3833 17605
3571 12178
9018 13718
5999 13288
1314 15807
6453 16376
5928 16303
4492 11244
2720 16841
12084 17008
1109 11328
4343 9186
5371 13632
10287 12675
4341 9972
1177 6920
13226 14276
2185 13682
5933 11179
6299 15391
6729 9410
1663 3205
10079 10632
1641 10969
2158 10938
6937 12757
5190 8775
8965 14676
9140 10190
10477 16633
8668 8839
5359 12201
12540 14456
12508 16209
3707 5766
4777 10132
12508 12677
14939 17782
8496 12519
1926 12185
0 12434
1720 5248
4006 5654
5948 9583
963 12104
4360 17086
5583 14471
3350 10044
2383 4446
771 1404
961 3897
273 1226
627 3109
59 9868
10577 11830
5173 14351
7452 15797
12254 15164
9769 12114
130 5869
91 7499
11991 17171
284 4363
4512 13798
13856 14052
801 12787
2431 4661
12498 15939
706 2646
6203 11399
7238 17603
609 10729
9583 17385
4179 9726
1193 5885
1884 7187
3908 10581
1146 17818
5991 15117
1718 2666
3346 13804
11866 16964
280 997
5814 12250
5873 13753
13458 13904
1391 7671
3044 16027
5908 10430
2523 11727
6372 16332
3269 5349
8646 17568
1987 4577
10612 13901
99 3073
4964 15814
626 8801
306 3415
5495 8713
554 4396
1013 6282
7600 9357
843 13168
5467 17131
8464 14848
8053 17782
1323 9898
906 9522
3627 14082
7534 14525
10015 10712
1710 4471
1776 16981
14175 16144
9718 12552
2041 11001
2346 17322
3657 4351
3970 5711
4939 9603
8176 12348
750 13216
6238 17275
10719 16495
3938 14272
3056 10488
4478 10963
1057 13140
5877 15536
6332 8985
11191 11899
9302 9878
7131 15514
4205 12552
6484 14911
1437 12802
4793 15093
13259 15634
1434 13930
6883 13715
8193 17225
10659 17908
752 10182
4892 8983
8803 15528
2057 14723
2010 5489
1308 17743
2291 3179
17119 17352
6502 9224
10959 13220
9853 13360
11678 17880
9531 9966
15705 16226
4864 13286
6672 15955
7103 16018
1826 12802
4395 5898
2803 10705
1720 10077
11810 13212
12288 15548
16382 17885
7280 13010
8004 17407
2751 7388
2666 5830
9637 17234
8561 15789
7280 14483
4725 7672
1451 16272
2449 10378
8553 10044
11095 16312
1302 9950
814 10390
3337 10616
3764 15358
4181 8633
3468 4869
449 4431
5630 10936
13032 17697
6756 7698
8036 14456
12180 15935
16 14479
5218 15905
593 11191
9628 13968
2423 16955
4141 4766
7199 8586
7652 14591
5752 13307
11537 17908
10941 14432
8806 13116
10322 14435
2543 6560
1233 2371
875 7236
7949 9000
8814 9608
5916 16629
5960 15042
14271 16283
5479 17954
12250 16700
4892 6643
13655 16256
5766 13551
3236 12071
105 16744
11709 14455
13271 13311
1073 7445
2188 3689
14667 17093
13192 17380
3717 9470
9482 17524
4112 4744
11388 17652
3390 7485
3158 8218
1779 10763
9176 14416
5281 6578
4261 13770
5953 14241
13878 16113
5722 14524
9677 14131
7375 14602
59 9134
15776 16683
13770 16235
3299 8414
276 14895
10867 15459
11939 13275
9288 16488
17190 17630
2171 7083
9780 13492
2143 7856
1325 7497
1815 2383
7020 14296
5739 10261
3350 16198
629 16980
1210 5946
11871 13911
9002 17557
4333 9066
5313 17479
1185 2052
5463 14141
3540 7593
8100 9913
6232 16910
1548 5478
8858 17609
3376 8278
1718 8869
81 12174
9166 15166
9490 12561
1706 14247
8449 9882
4006 4628
7804 10181
771 3439
11936 13112
4194 15374
2971 10937
14006 16700
4396 5518
1383 10621
510 10183
8790 10287
5869 14421
10576 14871
1831 13870
3064 12897
382 14826
6104 11839
2007 2043
6880 14251
12894 17216
8493 12620
2060 6917
1172 15280
348 12099
8046 12475
7709 15610
4007 4708
5578 10568
4968 13238
2183 4993
10440 13632
3190 12928
6652 14632
287 14731
7375 13345
14300 14894
1289 11519
1659 16586
4101 16757
7681 13088
4314 15887
7014 17841
1328 5492
4877 5725
3415 17954
7472 16219
3047 13286
3400 15439
4043 11324
7620 13356
9816 12973
1520 2499
426 11553
9715 11336
5116 9341
5438 7145
9544 14448
8985 13586
7714 13226
5872 7569
8414 14672
629 9325
1198 12814
866 10391
2538 6932
2870 8031
858 10213
6429 13788
15633 17566
10059 11414
13106 16924
1974 15980
9677 17998
8268 16830
4237 4697
2564 15670
6287 8880
1302 12476
2259 4016
8170 17479
7731 12620
4933 17456
1233 5173
10202 14402
9327 14655
1120 6746
5920 8051
12359 15450
165 4725
12332 17983
6636 16293
16081 16372
8743 9150
657 9842
9453 10144
882 6688
3578 11742
2692 15823
16767 17016
1346 13229
13506 17372
2010 16376
1926 4975
4410 11632
644 9120
15873 17225
602 6049
4785 9806
5859 8081
10286 15985
7181 13718
1119 11494
3112 12994
4011 11167
825 15362
879 12070
750 15991
6334 13558
9214 16306
2171 2751
12261 15256
7296 16137
9830 13296
8399 11271
6445 12620
15492 17278
4036 6322
7252 7498
5940 14727
6745 10088
11366 15823
4968 13358
1706 10484
3642 5719
3457 6043
16541 17400
5492 10258
2496 12670
2991 11936
12882 16274
11820 12982
10110 17486
7484 9223
7707 15044
7072 9687
10305 17506
7340 11004
1921 9603
14083 17779
9974 14846
1192 3498
11529 17754
12069 17008
10799 15777
791 1378
7512 16502
2244 11154
5380 9608
2335 13076
7863 10762
482 17309
15327 16181
11652 17237
14826 17678
12348 15476
8754 12075
8768 11260
5107 5723
3138 5700
2349 14453
1609 3312
443 4137
6897 13767
7985 15190
1776 4892
2349 6767
14573 14720
6223 6908
14160 17225
750 12152
4323 14760
9108 14130
10170 14618
9382 14535
6020 6734
8153 10718
7483 11168
6540 12995
11566 18010
6714 8170
1695 6715
3692 9593
9011 10170
10143 15004
9414 13208
5394 8166
4144 6180
11370 15887
11897 14768
5690 13638
7208 10581
777 13932
13475 17157
8410 16244
7340 9566
10854 14797
741 5850
16546 17215
3423 10784
2915 14695
2628 7199
744 7425
2436 3227
8873 17203
6757 10790
3348 16424
6518 16513
5324 14094
8642 15335
168 9908
6949 9223
9980 14314
4043 14636
8214 9070
1568 17469
6311 13216
8922 16620
2629 5718
4147 17046
13121 16560
3795 7862
8546 12114
5173 10380
16539 17499
11103 11257
5144 9058
2439 4464
956 16150
10447 16893
3782 5908
1673 2117
7630 11514
1685 11630
365 15412
1833 13042
16356 17109
6960 10832
4644 8391
16858 17453
2054 10261
5164 12997
1020 12042
9063 17047
4084 13633
14498 17619
1034 7332
14140 14629
7093 7321
6717 8920
6998 15696
8323 9176
4165 8981
614 1779
3773 9490
8577 13440
10836 11276
4508 8379
7417 14848
5792 15040
2870 7008
6560 11517
6742 8249
14867 17605
6753 7706
7646 8051
10202 17799
5158 15652
993 16007
2731 11213
1461 16044
35 3258
9448 16677
7579 15689
15459 15689
10987 16391
2886 3101
15810 16815
822 7409
7946 15996
5385 6909
4343 17335
15460 18015
132 5934
8718 17966
872 13856
323 15689
9659 17712
4194 8161
7072 9122
9049 17138
1580 8295
9660 14421
4799 16891
13747 14068
7487 12507
201 4143
3576 14549
727 10070
11305 17289
575 14833
2991 9112
2501 9566
10956 13266
12355 13368
6731 7744
2913 14711
15105 16212
1 14885
4584 9342
10898 13483
301 13878
3790 8329
8512 17857
769 2592
17372 17871
8487 16022
7762 8584
11819 16474
3630 10873
7119 16164
3102 9677
2105 15358
7532 11343
2853 7168
592 11672
15828 17225
5723 6897
9673 18066
2071 10386
8482 9202
1296 8239
2215 4621
1836 4347
7792 11119
16161 17418
897 3938
2297 7800
4503 13121
1174 1659
5450 14185
16221 17652
644 4093
648 18085
6007 9503
6477 8387
4677 15938
4509 5894
1237 6595
4382 9181
4733 6722
10637 11370
1776 7620
4274 4960
807 11155
9569 16853
9570 12987
7060 13883
9851 11814
2671 15975
173 15485
16540 17361
6059 6065
17043 17810
7092 8883
6918 12235
10023 13667
3389 15873
10382 12449
793 4632
2454 11017
14704 16827
4328 6774
7214 9480
1091 4147
3681 3714
173 5830
13048 15794
6445 9123
11449 14727
4007 9490
7946 8541
4018 15328
8443 11631
3495 6936
8725 16291
7897 9689
7 16161
1682 5177
15115 16124
11058 11708
10181 17225
8280 14820
10552 15041
5635 13038
8064 16090
1791 7879
3911 12114
16648 17216
10616 11897
11775 13165
5313 12271
5454 10077
3474 12232
13286 17916
11961 11963
521 16376
14504 18010
8993 14145
4782 4828
4861 17464
11361 16088
14972 15361
1658 10791
3237 10933
8232 10143
10038 11519
10276 17836
8544 9630
2751 17216
4777 11635
306 12930
15436 17309
5953 8085
5739 8538
3455 3851
6199 11343
2416 17475
13916 16521
2235 13169
16505 16569
4502 11560
334 1461
11871 15095
4379 4851
11547 13054
4789 14071
2693 14535
6895 15323
8793 16161
11620 12928
1595 6437
2218 9642
9062 12176
825 10668
7028 16701
4570 9242
2573 2599
1297 8398
3813 5861
12177 16142
1270 4520
4314 4892
4189 7217
6574 17861
10326 14099
4668 16226
15386 17093
6104 15468
10235 12802
9520 10318
1219 14441
897 12977
956 10174
1710 12492
8272 10065
6256 16625
13464 15948
7008 10449
6412 7807
5144 6997
1119 17335
15766 16662
5521 9455
9403 15682
3009 14263
5929 9058
657 8049
3983 16989
482 2286
2753 10931
7818 11197
240 1031
3970 17505
2866 9864
6631 14141
593 4828
12591 13843
2915 3658
10431 17028
12166 16345
1815 14356
7167 17149
10543 17956
6222 14363
9422 10040
2279 4965
6623 16620
280 16343
3086 17898
2555 16769
12122 12250
5627 12304
6065 10807
9182 14928
6719 12561
14743 16116
2423 5720
673 2088
12584 17453
7717 17779
4703 10401
5616 6652
3869 16170
9556 15520
13889 17558
554 4769
1714 4711
6389 12894
4531 4766
12265 15983
1161 2142
5710 15637
4151 9641
6606 16974
2327 9828
2885 16342
7244 9255
5493 9644
4809 6669
7807 16235
5187 6641
14029 15346
2430 12177
160 14088
5316 5447
12250 16609
342 12495
5310 5814
9727 14983
6727 13799
7074 11265
17044 17225
13220 14965
750 4495
10705 15867
4772 15533
1253 12893
2550 14459
5408 10426
6247 18068
12061 13153
3804 14948
8145 16599
9569 14229
14366 14370
2375 8100
5814 17153
42 13220
2364 8561
1060 4980
2418 12894
2615 12097
130 9889
11959 13748
122 991
3384 8900
10880 13266
7525 10202
8318 8526
8869 14180
7125 10168
1368 2423
6135 8999
11786 15782
2473 6853
2113 9958
15133 17803
2057 2473
6653 12041
8761 15620
11911 14370
9002 16137
1696 16827
5906 9457
6144 10317
1229 3992
13663 14272
6595 17311
9058 9908
7347 14181
3153 10960
3540 7326
4121 12266
8561 17690
3869 14355
8633 10356
6667 11009
367 17714
1482 4349
426 17027
4991 6506
927 16170
15401 18006
4062 8576
15423 16650
4870 16537
576 14244
5920 9567
3234 10225
1720 13539
10853 13977
7949 14428
4703 15423
675 1910
11242 14353
7530 8384
15045 16270
9245 10487
112 8434
178 3114
8553 10972
8633 15525
12240 16137
91 884
3746 4035
3946 10965
4896 6598
4028 15415
2298 13216
11129 15294
5936 18078
4344 4744
5652 15524
7975 15532
16614 17602
11138 12307
15149 16076
11253 11903
4930 8599
12222 16281
8595 10265
4075 11977
15387 16753
3352 9121
3161 5090
4041 16194
10999 13736
7717 9231
4074 15597
8567 8840
6316 7332
2645 5310
1122 12940
8718 13637
1050 9963
6936 17088
1368 4962
2011 16644
1477 10181
8812 11225
845 4863
1033 8108
2783 3818
10249 15404
10849 13350
3970 4168
1253 5688
3574 16934
4849 16824
6573 15814
7049 15053
13238 15166
522 15548
9056 12887
4495 12155
3894 15745
1850 13460
11849 17053
283 10214
2817 10149
1127 4277
65 10266
11007 17149
14116 14504
13426 15919
7134 8634
8327 11091
10286 12894
751 17782
10589 14370
8085 16953
4886 6472
3359 8153
248 9120
10460 14667
1044 12088
15013 17080
2449 12809
15343 15633
5953 14532
2027 8311
4322 16758
7705 13370
1720 8873
3711 5014
2444 16763
5219 6623
5736 14704
1238 5015
522 11197
2111 12446
7879 14676
15446 16316
4965 11560
10396 17709
7093 14595
2761 17754
6216 17610
7006 8821
5495 14535
1704 10907
2183 4882
9134 10813
12569 16995
2300 12025
1686 5739
14075 14598
985 3906
6669 12928
1703 5066
305 4121
12890 17619
1179 13912
5966 8128
390 15741
3207 11473
9047 9741
7806 11178
5799 17400
12790 15469
1394 10465
10563 14549
6671 7080
5351 9756
3560 17027
8373 12259
2478 7151
2561 13911
1979 7674
4905 15786
14067 14425
8713 9224
100 6070
8204 15580
1988 8106
9725 11598
9134 17892
4415 4572
8985 10349
146 13179
16076 16657
7737 9269
5044 5637
7491 11423
4397 13812
7332 9839
13371 13552
9067 13112
10454 11053
16539 18010
6578 17675
919 1040
2473 4766
8232 15301
3666 10376
6474 7280
10181 15477
4766 11024
8642 14886
12288 12716
3237 14670
14754 17736
1479 2310
4142 7372
522 16449
407 10963
2609 10051
7886 9618
250 6397
1117 9112
590 12433
2310 12977
2756 14562
3584 17333
2873 8279
4125 11352
6344 16034
6012 12600
6861 15954
482 14588
6560 10274
14848 15814
4707 5591
1439 10118
3447 10807
801 1963
14409 16998
7998 10534
598 2645
4922 17156
1977 3070
2914 4835
13708 14279
4374 15742
14214 16758
575 12766
2740 4154
12110 12307
2075 8853
9494 13179
2397 16469
9769 15197
1643 5134
8209 14375
4628 17526
10397 12925
10746 16814
12821 14731
2549 5103
1120 4238
13223 16937
8051 16652
4804 14470
7511 9785
10411 16469
7182 11847
15810 17401
2853 16830
15283 18085
5229 10746
743 4570
2360 6795
6977 9470
11721 15391
4102 9057
2183 14453
12498 16298
14894 17858
2661 9200
15516 16754
866 13244
15933 16260
2291 17170
6215 7016
7672 8533
3242 8830
6581 16596
7096 13029
112 6177
259 13391
12532 15358
4310 12226
7656 11628
4740 12333
75 10198
16324 17120
8093 13624
1097 16682
3462 16666
866 14887
8051 8434
7151 18028
785 2731
4017 11291
398 4903
4201 7574
9875 12110
5045 12226
6331 9222
4918 10209
14217 17998
7709 10054
9647 11936
68 12165
5189 12104
1355 10741
1161 11259
114 12250
16316 18104
1275 10532
5028 12977
4367 8588
2062 12519
9677 10015
6791 13875
12894 16500
7002 11558
2731 12266
3791 17328
3109 17493
12088 14251
1135 8140
11849 17834
8194 15319
14492 15229
2113 7575
12716 17403
1713 13362
573 8762
8964 15890
3455 8907
14843 14982
3941 15362
2937 10010
980 17835
4320 8713
301 629
5088 6621
3266 13876
2686 6020
6949 12086
3840 11105
9646 17201
11229 16128
7763 9492
8342 10449
2026 5130
9844 16288
128 14346
2425 11099
7796 13435
9889 14667
8552 12158
2690 4264
7279 15272
1592 17451
3376 8333
1730 9903
2503 13781
6652 17188
5550 8130
6854 15130
2561 11668
10605 17736
6365 10719
14246 18045
3970 4796
3584 4358
5035 12550
8474 12714
13822 16514
595 11871
1910 16648
10538 13304
14060 16495
12537 13771
5861 6493
8758 16219
11521 13979
12725 17349
4262 8218
4258 4874
6758 11604
5463 11633
8133 11551
5751 8880
6375 9619
7007 18099
9286 13247
5819 9534
4785 12577
3658 10988
6202 8187
3951 4607
2080 8983
1407 15965
6730 11432
10865 17675
8771 14762
14856 15745
4938 6934
10232 11833
7193 15694
13366 15602
2183 13843
6032 11110
789 4050
8508 10448
8483 13588
6652 16767
9186 9660
10594 15730
5538 15508
9057 16805
2602 11871
17021 17144
942 12567
7844 9356
8736 18082
2283 14356
9402 14764
4276 5993
7150 7815
2423 3362
1770 6884
382 17111
4829 5550
804 1190
824 13054
2912 10833
1381 17388
4969 5885
1801 12464
11885 12792
8602 13435
8203 14453
5660 5788
9864 16827
3251 4362
9382 16650
4523 17875
3297 14982
14043 15537
4119 4506
4820 12212
9070 16089
789 17848
3266 8881
14094 17588
4860 12006
1499 3378
3337 14435
10887 12665
4678 14450
1425 7763
12360 15403
5877 18021
1229 2183
1745 16265
10543 14943
1109 4874
11600 11633
7956 13836
6870 9314
2838 7575
12029 13088
6441 13719
903 2908
4664 16175
5065 9381
5796 14296
3260 11244
7516 15810
8170 13991
780 3147
13166 13359
7262 17495
1823 5401
666 17334
5889 14611
1308 7875
1561 2668
1525 16407
1018 5351
304 8815
4794 12179
751 10235
3298 9431
229 4320
2563 10132
7473 10203
1636 17712
1971 3149
13151 15698
8396 16021
3869 9058
13304 17842
879 9062
1077 14793
5218 8961
1378 2573
10088 10746
6587 11071
5788 14162
9754 13904
214 2008
3693 15822
4193 17800
4519 16265
916 1369
4931 9908
5936 6586
1995 9253
4147 15697
5737 10907
8999 16753
4725 11999
11617 14421
12973 13460
2565 16235
3259 16512
456 5089
16657 18027
8713 16829
4677 12766
10083 16272
12469 12858
2289 6166
8377 10127
14616 15797
5830 5885
14000 16175
1185 5715
9851 10468
6659 10534
764 3777
4633 11017
2283 17483
5003 5055
5186 7152
11253 11785
12840 15998
6465 13624
4917 6449
10205 10580
3493 16872
12250 17529
1884 16244
13253 16161
560 2861
10972 11433
11554 13409
119 14862
13088 13156
10298 15652
644 17754
8790 12571
7969 10917
8371 13066
5576 10807
591 10468
12264 13188
14617 16061
755 16718
2333 4635
6623 12458
3770 10430
5206 5693
1926 11714
3490 6498
6053 15760
5647 16626
859 10867
14826 15852
10814 11539
1475 15735
9761 16539
8821 12690
9590 11909
5940 15900
13919 17120
4993 16323
4117 4711
2305 2335
5460 17345
11296 14714
2280 2449
359 3489
4445 10955
5506 11473
805 9184
4165 15218
2009 5156
3391 10825
323 7139
6666 14639
7585 15220
1015 1326
5766 10960
2490 2866
3671 7519
1177 13674
10578 17986
3423 6631
13770 15876
2823 8988
1829 10274
6812 11328
11708 15975
3457 15281
3118 17557
2518 9215
9856 17940
1022 7062
5289 16869
3237 8743
6052 15800
12707 12742
2870 4237
2800 17582
3782 5683
12568 17293
1718 15317
5906 17792
9058 11095
11724 12884
14370 14738
1238 12270
8713 15184
7984 9461
706 2259
12588 13596
5138 9785
964 6090
7590 14052
6169 7705
2741 4911
12471 17178
5900 15569
673 5568
4422 14850
13215 17499
3645 9538
9480 9910
9231 13920
11652 17027
1911 2090
10529 17120
7102 11433
5338 8284
5495 16164
9599 17878
1706 6030
9126 13175
11450 15537
4766 12536
10661 17064
644 6732
3478 15511
1926 17847
12778 14560
4585 17469
7874 10971
8199 15532
3535 6228
1467 1720
5830 18067
4075 4740
2812 13359
4021 10097
2450 4963
11597 17452
8584 17275
2216 14276
12580 16126
6389 13753
8776 15106
7187 9761
2183 8359
1702 4131
3840 10865
338 14553
198 6030
1314 12780
3605 4839
13460 13483
2753 10972
6986 8215
575 3337
5961 10262
1461 5545
4844 15652
6934 8524
10633 16401
10474 15446
7184 15840
5351 8851
6671 12265
10075 11038
13171 15859
4396 10607
8277 11819
1251 17137
7442 14667
629 12893
9260 16303
2660 15780
1772 11396
442 16513
3097 3833
9998 13321
6580 12507
4768 6500
8085 10005
6685 8797
2038 17307
1449 7020
16353 17481
1831 10740
1720 7677
2111 9974
11698 16261
4692 12271
125 14217
3692 9032
7713 8398
2371 12599
4524 7339
8193 16869
5796 10841
4570 14632
11230 14682
7544 7860
10907 15132
3869 10378
7060 8468
1307 7353
11623 16117
9200 15786
9569 14286
12672 16201
4509 17347
15190 17626
4322 4561
64 17372
7705 9011
7016 12500
4977 11652
7402 11769
8922 11433
3564 5366
8535 9571
9105 10337
3181 4284
2029 4968
8773 10689
14727 15833
4549 8599
4352 17848
825 9316
7593 11211
7929 10294
8 4996
3078 6037
12951 15198
4509 14141
1 17568
1054 6811
2559 3306
1653 8843
1236 5369
3714 4165
10325 15796
10867 15572
6474 16896
14441 15938
7946 11551
3867 11078
2695 16080
4008 11730
10533 14657
4559 5438
9819 12352
8138 9615
14465 17278
8945 14038
4207 10719
7092 10972
6271 12993
2066 10342
4360 9300
3158 16161
526 11194
729 2635
959 11355
9618 13298
10983 15362
9280 11255
8361 13709
5432 16290
3087 6811
13395 16160
6067 6214
11840 15652
4809 7705
5616 8501
4892 6348
946 9079
14492 18006
8396 14636
7029 10946
3869 10365
973 15814
1789 13916
4557 11059
16722 17606
8915 11232
9122 9567
3038 13419
4777 14450
7555 9609
12630 17098
1815 1967
9958 15171
1336 13676
10177 15752
1682 2753
2449 3571
8412 15232
2432 16424
1855 1921
13216 17678
8951 17811
1850 6778
8355 11371
6506 11978
6671 9397
12088 14181
9401 11429
13155 14338
956 16900
6828 18035
536 5814
3661 6412
4086 10181
2971 8145
1730 17307
6430 10485
2550 11196
3869 6997
531 2000
12271 18103
9569 12152
13439 13812
3771 16559
8817 9100
654 14096
4626 5479
11448 12237
10644 17185
9968 12718
12503 12515
4601 5106
12334 13166
4808 4892
28 1910
524 1525
11085 15107
4915 14844
9112 13249
119 7229
15900 16242
1192 17714
5833 7941
8546 9437
13220 13830
1509 14406
435 17796
13125 17000
9006 14511
4170 6331
5885 12393
8567 15328
5691 10676
1439 12648
13823 16869
1905 15307
10322 16893
878 2822
9605 14170
4846 9549
12430 14390
10462 17941
9387 10149
9633 10213
2872 17203
8544 12333
2933 8318
8926 9903
10961 14973
4770 4789
1536 1770
14049 14084
2391 10460
5368 7780
165 1195
5339 13718
12928 16489
893 2830
10202 12859
3426 12672
89 10260
3098 16007
3684 7002
1390 13366
379 5982
9226 15170
2113 10951
9112 10440
809 6360
1771 7851
15016 15109
1813 6351
8986 10336
4165 9449
4734 12703
9495 10428
1236 13385
6427 17749
101 7685
11699 17626
9220 14633
9223 13153
4526 10772
6107 8171
5325 9033
1997 4557
7295 10630
2190 6540
3869 4809
4675 10629
3179 9660
4711 10183
6112 15034
2473 10213
1453 5272
8866 9518
12976 15454
13676 13883
10583 14320
5616 10118
1444 8727
11300 14525
11660 15346
8827 12554
7743 14748
8900 10724
12061 16316
15321 15511
5512 9677
9105 11985
1408 10757
1492 14366
219 4322
1442 5900
10972 17120
1420 13901
9006 15822
2321 2449
1068 12744
8824 13723
4885 5700
4917 5492
4766 14636
9417 12271
12462 17120
9839 14031
1591 17743
8399 9958
1085 4759
2066 2107
4930 10252
2198 3289
14402 16830
1146 11721
14620 16763
2235 3818
7983 13369
10059 10283
2504 16274
4891 10601
648 6969
8049 8920
11146 16827
3693 15257
1709 4369
9726 12091
4968 6872
9414 10452
4531 17624
1851 9422
5156 15280
11660 12652
4248 10688
12702 14639
10231 16283
6180 17573
218 17574
135 5341
232 8629
362 10171
4980 15918
12472 14435
1095 17654
10632 11396
4217 5078
4147 8025
12569 13508
6232 6417
7423 15319
12871 17863
6316 8713
9329 13420
960 1347
9984 9993
4718 15223
4882 14817
11662 17133
957 8292
1033 13343
8342 10088
460 15133
10576 11999
2171 5707
173 10576
14358 16694
8049 13266
72 4127
1720 13106
2222 8721
7332 12716
5118 10786
4978 5426
6746 10672
14837 16619
4869 11291
14131 14251
10521 11016
3741 12609
2970 14557
9696 16383
3468 10471
6331 8964
1357 12716
3605 6685
7440 16513
5429 10620
872 11322
334 14569
2695 10178
1295 17487
4093 14000
15696 17216
12588 12973
2974 11829
1121 17418
2298 8561
15039 15900
662 5033
3292 16928
4864 16376
4839 6322
9102 14160
8748 11803
678 1961
475 16650
14518 17538
10044 14249
1855 13433
7296 7731
1988 9675
5459 10202
3945 11913
5285 5436
5620 8194
1525 17999
1026 11995
7643 9734
9630 10117
13934 16610
1219 15405
10972 14208
12462 13895
2054 8633
6977 11525
5426 5791
14723 16805
2836 7628
14251 17225
560 10374
9995 15725
11819 17524
2118 17514
14598 16869
12254 12402
10972 17372
1720 6769
9006 17582
5310 11017
4123 8576
190 7254
4841 16776
2487 9253
550 11660
1658 10719
3970 9328
657 14784
7238 9754
941 4027
6180 10567
5338 6397
1730 14361
11667 16849
553 14962
6397 10458
5343 17284
10346 17858
4882 9212
5284 6429
8518 10425
928 17798
2949 14924
3735 15323
3699 10348
10719 13763
4418 7238
9217 10392
2171 13878
3647 6082
3875 11823
5291 16495
9938 12170
1861 11167
933 2133
4320 9528
595 15633
7985 15515
5341 10368
14848 17225
16396 17015
13253 15191
10753 17120
7088 12629
11410 17821
2614 15568
11814 17565
5688 14471
1842 5830
6088 6666
11724 14811
3749 6349
3287 14097
7949 9851
1289 6506
12031 14600
909 12403
4349 7643
12472 15965
5945 13609
1606 7321
4585 7178
16865 17027
2751 9451
16 10836
5446 6290
8093 11852
2159 8487
12817 15668
1812 7339
2124 3872
9223 12061
14059 17044
1720 17842
10286 10746
4531 8215
4396 17449
921 3108
1713 13433
2283 9474
16659 17120
3835 7538
9461 11660
6274 7226
3100 12502
1933 14956
6652 13929
11820 12979
3540 17153
1222 11714
81 3757
1031 14848
2721 2738
9573 14338
8586 9628
9642 10570
2062 16383
780 10972
7098 13919
11553 15020
4509 14140
8295 12059
9143 18073
7826 13106
874 17585
7 2803
4289 12110
14290 15042
4897 11537
23 5465
7347 17505
11003 11304
8567 8736
6761 16021
11633 16514
390 10461
4542 12669
8258 13939
11396 11953
4097 7956
160 10092
9817 13969
10632 13898
1487 3717
1997 2029
6671 13074
3823 10850
12351 17267
10248 11962
11797 14249
1905 14736
1012 1763
7372 12402
8840 11522
5105 13012
5480 8851
553 15992
323 10172
7530 17880
10879 16765
8602 12703
10044 11917
296 12411
3816 14140
1127 8322
5046 6412
3721 16629
3422 17460
11986 12809
1797 15394
4501 13737
6767 13733
2306 8668
6477 14800
8985 16670
7672 9183
7848 13070
13316 14864
144 2645
10271 16004
2007 12670
10820 11344
1369 17418
808 10318
5800 14422
12612 15114
13359 14256
4874 12963
5351 9516
2023 2459
9684 16697
2976 4628
3131 17520
112 2688
772 6119
12500 15468
8327 15993
12069 13081
11660 16203
4268 5020
4830 15123
6119 11811
10448 12259
2095 17746
6944 10682
7498 16878
6836 10836
6732 10983
10104 14642
2436 15934
5274 17478
13210 15321
5687 6637
10113 10123
445 5782
5680 14218
3176 3883
9985 14544
1849 10033
8907 9620
1477 14704
5398 11380
6337 9401
7936 8999
3824 14676
10371 14718
15169 17521
7975 14147
2496 11700
1697 13755
5176 14900
9288 12544
14361 17711
8751 15164
2298 7238
10313 15056
8645 10983
2013 8081
808 13752
3733 8368
14895 15173
2936 6274
9095 13514
5920 17737
6926 15523
10161 16700
4796 17225
9348 13175
644 15582
2699 3337
5739 12997
5298 16238
12411 18049
14346 15652
8493 16108
580 15393
7548 13929
2348 11634
8098 16822
5316 14048
2745 3370
8149 9839
2538 5460
4100 15401
7270 16541
4839 6498
1313 2242
4651 6311
2183 7208
13200 16446
10621 11883
10299 11398
6163 7738
9795 15456
9320 10559
248 13366
453 10545
8307 14870
7814 16805
2518 2686
2839 4488
13405 13578
1849 16161
11155 13346
1651 12091
2684 15486
1984 16978
1571 7004
47 2186
8327 14421
15 11688
12930 14242
7738 13433
4864 17360
2942 3190
3911 9280
10476 12894
4623 5051
5788 16377
8384 17154
3259 7195
12023 17763
3616 17119
4874 7064
6986 12265
165 5351
259 11519
14480 15955
14005 18094
5724 8425
8231 13771
2077 6489
1864 12809
9066 14248
16695 17875
7031 10573
7530 16551
8675 12732
2375 4397
10181 17524
2807 3008
2571 13330
656 3720
455 2055
1730 10600
8705 12698
1753 10396
8377 10538
4131 11818
10740 11569
7754 10689
5438 17521
8399 10226
3913 10323
5901 17233
3161 16069
3341 16494
5306 14466
9908 14825
2298 9382
8263 15185
7002 7276
7036 10960
15407 16383
11948 14924
6658 10140
6843 16663
2770 15364
2154 17672
4131 8327
7532 8630
3771 15131
2836 15652
200 6598
101 13680
9411 14356
201 8344
7473 12362
6417 6422
9182 9744
4869 13877
3092 13966
8985 14532
7516 9780
6761 15099
7555 10790
9685 13279
8954 14699
919 11521
951 8595
14616 16304
12622 16597
14161 16495
10675 11939
5298 6834
15689 16683
3025 4743
8166 15580
772 11811
2459 2623
1783 9401
3864 7131
7516 16183
6032 11588
3202 13093
8599 12165
17541 17983
2423 13991
6124 11338
2550 12180
6350 16541
4766 6331
2235 13676
3676 6526
1236 1987
124 2385
4938 16559
10937 15151
1692 9780
365 8528
897 11854
1478 5655
11948 17495
6811 8170
9291 12901
734 2792
6461 12609
7763 12462
2416 8633
9134 9823
11574 15581
12591 15537
2645 5905
1801 7372
5144 17212
8025 16018
4986 16033
8939 13552
6997 12883
2775 14163
1248 1505
5296 15900
5492 5738
751 17582
6958 8268
12061 17678
5164 14649
4320 9663
5495 7347
657 9407
10017 13230
9575 13549
16316 17954
12581 17770
362 7388
1613 6595
4037 4100
2078 9140
144 4601
8310 14655
4134 10177
11592 12821
11677 17171
1733 3354
14722 16493
2087 4885
3627 15603
6030 7516
11492 11519
12491 13492
14041 15514
328 17109
456 4963
8769 14445
2416 9726
3166 16538
3118 10581
272 9273
1453 5248
3803 7991
1929 11211
5513 10596
6569 16953
4360 8523
9329 9480
5003 13439
11049 14872
1385 15015
6791 16150
6282 11172
6771 14435
3717 10171
5406 15412
3012 14632
8713 11953
4280 17583
5307 8239
34 1417
2958 13681
2357 9726
6761 16235
2690 11396
8267 11633
2645 17632
6101 13920
4731 9573
7059 16168
11405 12993
10010 13094
3721 17186
916 4379
6177 16657
15557 18065
7984 17372
2014 14079
9492 15580
1832 13230
3983 11365
101 5708
2615 8843
7362 14540
6708 14626
6498 7544
6417 11897
7725 11816
6574 6907
1442 18056
9269 15362
6897 10282
13634 17301
289 12609
8630 10907
3157 15149
7367 11506
3259 13054
11820 16455
4137 4829
723 3054
3567 12230
15404 16298
2980 11669
7975 10034
7250 9058
2623 15480
13758 14699
8447 15305
631 5349
4703 14833
456 8489
14448 17014
14133 15847
10639 12462
4963 15694
495 7328
12716 14704
2648 6978
510 16983
14928 16256
3554 17940
8203 8567
1832 9182
2062 6331
14623 15423
1751 5192
6417 9019
722 13168
1825 8658
7942 13991
9800 11959
6577 11819
2935 14759
4591 6477
15921 16168
3676 5861
10859 10983
2854 13840
4703 8750
286 9937
7045 16657
10494 11078
342 719
267 10867
6271 12588
3708 10813
1682 10812
5450 5933
11756 13063
8793 15374
6289 13196
4568 5506
5696 5773
112 9566
4196 4774
2677 13126
5371 16083
12380 17830
4142 6407
12771 14705
11194 14450
7195 16906
3006 10258
673 791
2156 6678
1033 4321
2756 6461
2374 4749
4314 8271
8891 16927
9223 12266
11460 17690
5394 7672
10478 12146
2570 4772
8407 13828
10539 13586
4170 11817
2746 4557
5948 11094
16683 18082
2183 7886
5410 16979
1477 17577
2062 2971
9058 15226
2764 6214
6350 15307
7290 12519
12014 12061
182 7841
2695 14682
799 5450
3478 12889
3139 17120
2931 4633
16682 17847
2383 7194
11558 16858
12764 17419
5472 16442
14249 16048
3118 4993
1720 16984
2589 9619
144 10017
7804 8153
2861 4598
2216 9870
4774 16880
3717 4087
68 4017
575 11131
13922 14428
10859 16858
1903 5500
6741 16548
3675 13748
6135 8888
5183 17334
801 13883
1706 16164
13502 14715
14249 18065
2490 16382
4457 17069
8217 10568
1455 14366
5900 6128
2111 9997
14181 16921
8085 15493
4626 5737
8720 14629
10436 14180
10607 13192
1136 5513
10059 17415
173 1018
6365 8999
4170 12351
4131 7296
1728 5868
1918 2757
6349 16030
14492 14624
9187 13010
9182 13919
3520 14682
7321 10927
168 6052
7008 8657
11494 12261
6997 10378
7064 13723
518 2386
520 9515
1837 5690
11926 14126
8311 8437
2950 14769
3360 4187
2298 18048
997 13253
2060 7455
5889 8100
6331 15900
3294 15492
6101 8077
1578 14448
9271 14476
1941 7347
4320 12144
5586 16619
10229 11249
7845 17934
2847 5853
960 7452
14737 17307
7238 9605
5680 16037
5737 12984
8720 9749
1146 9066
11524 16510
2598 2753
2305 8848
4053 12117
6316 16827
306 11830
3406 5513
2988 14587
6745 12988
3304 6790
4427 6507
11131 12766
10937 13919
8657 10610
10790 12713
9768 14501
3520 8067
1706 10985
10262 14403
1967 15993
4102 4179
5230 15751
8271 16022
4713 9039
4725 5394
9474 13230
10235 13466
1164 10809
9703 11699
3350 4637
13028 16490
4207 6053
1265 14911
1100 5814
7347 17095
1289 6377
8623 14535
6329 7167
5434 15164
8588 12983
144 1516
10664 13771
7340 12585
13304 13753
1054 12556
1687 4601
8493 10146
401 720
6477 10869
12125 18021
1083 10256
3498 4766
8011 15797
1657 10058
3957 8630
1205 15806
2425 16189
576 2629
808 16325
4914 14762
17021 17854
482 9694
9184 16569
10336 14965
2416 17691
1480 12972
11702 12180
1021 6505
7845 10215
12041 15993
2609 15404
11075 11080
9855 12618
6042 14382
6029 10048
14251 15423
727 3859
2581 9549
6643 13858
16827 17225
8829 17573
11558 13591
7246 13929
9120 14035
3495 5463
5680 11154
2518 14554
1914 7895
2448 17758
4949 8107
6322 8675
2501 6177
10830 17465
9552 16099
13511 15037
6705 15120
10199 14981
1313 16858
11800 14038
13772 15181
9686 10236
14350 14435
9805 11517
5877 12935
1278 1840
2277 17731
1180 9300
2766 15128
2573 11256
11567 14596
17549 17882
1338 9153
11734 18066
1565 5535
8783 8876
4488 16541
3360 17088
12715 14263
10425 13169
12780 15912
11707 12773
5268 10781
1176 11810
8257 11414
6783 17610
3777 17272
119 8986
3964 15029
61 4321
3812 4374
1836 12264
2013 8096
5519 14231
14115 15154
14453 17008
4774 10378
3708 9448
408 14884
5945 11986
7397 8576
5197 7644
5928 9382
3289 15498
14042 16547
2001 8379
5710 16495
15200 16818
2078 15537
4043 6586
5355 6791
7328 17638
6482 13392
2854 5316
5158 6623
6379 7258
8818 14498
5454 10523
1993 9178
11195 16242
2062 15849
841 10109
8847 9899
7563 14583
553 5707
6417 16643
10401 18048
6623 17135
6740 15222
3519 8633
5492 11762
4444 14341
4127 10610
9325 11749
10632 12271
435 8461
518 2116
1719 2550
2976 4131
10044 13903
306 8166
1337 15512
5756 17092
1237 6783
1937 6262
176 6015
7516 9436
4021 8049
14108 16256
2970 8576
8926 14312
3764 7886
1928 5196
5269 11865
448 4175
6907 13635
8343 14801
11095 16493
5088 13718
8038 14000
5518 17449
12533 17875
10898 16561
9709 10234
1984 4928
6788 7287
3698 7895
5192 10581
6761 16032
4523 17439
7321 14595
8436 13876
229 4633
15179 15965
4315 18003
3692 12343
1514 10084
12455 15434
10972 15970
4262 7580
4892 12250
6369 7738
1866 9058
7936 16902
14026 17651
2459 12930
3301 14680
3886 8615
11931 16514
3923 9864
12784 17475
9567 17675
8599 10378
2423 6441
3169 6643
377 12867
1879 2437
8462 9187
1692 4320
2673 11292
9737 16569
8800 16920
1635 5733
287 14059
4863 16288
10375 14844
5294 16136
4963 14492
10171 14421
3746 8653
9341 15770
1820 4486
1477 17225
4632 12514
13830 16256
3942 5493
8654 16236
10883 12151
2436 11672
523 5185
12821 16771
3064 13917
4221 10020
6595 16987
10523 15271
6725 14714
4003 11971
7761 10235
7761 9119
5060 5314
7146 9850
2179 9424
10972 15039
2071 5020
2696 13000
121 6810
12086 16316
475 6094
11035 11388
10199 15223
5190 15948
4348 11059
9166 15503
592 10132
3760 8571
8447 15224
14495 17954
941 14706
6371 12433
1704 12317
750 1192
14409 16329
3520 7738
13029 15932
10873 12114
9818 12859
5572 11543
7566 17151
243 2990
3737 15287
1454 10530
12792 14350
4143 12936
355 7051
9516 10299
11883 15319
7612 14255
3586 5686
841 17421
2333 16239
6717 7184
3379 5643
13748 16514
13893 14392
14009 16909
11537 13054
5193 17636
3381 16698
12766 12881
762 11162
15694 16474
6745 16194
2038 7990
5144 8111
11009 16539
5965 11146
99 15149
3937 13189
2076 11865
4412 11282
240 13249
12185 17991
7857 11664
6780 15832
1987 11270
589 1924
332 7987
6588 14134
2298 13991
6788 12234
4096 9079
351 11596
13206 17835
6791 12928
5417 8179
13460 13827
8851 13153
10606 11171
6322 12877
10249 12498
4010 11819
2634 7747
7807 12265
1866 14295
9215 14140
6349 15998
4194 13801
3658 10568
754 17873
1426 10632
5164 17558
2835 15218
2590 3398
3360 13121
12599 17047
442 8471
5738 12530
4849 15377
1104 9795
1732 15840
3415 8396
4358 18091
4385 7259
2863 12732
1289 4062
68 3454
776 3870
4744 14448
3078 12411
1960 14668
5940 14421
13958 17793
927 9133
8546 14276
839 4247
7542 8916
3867 10717
12124 14924
5264 5450
4777 13911
8676 12442
4121 9183
1342 11432
3505 14813
7624 14276
9628 11394
1415 14546
2371 13557
5548 14241
11594 16981
10005 14279
4526 11936
3045 4239
3481 8653
2583 4770
5105 16514
14257 17249
3543 7265
15066 17691
5327 12573
13188 14480
804 16244
2375 6065
1209 13205
3404 11127
12061 14480
1747 10368
160 2212
12263 13403
536 1832
10111 17261
10204 12483
8864 17446
8327 10784
9624 10797
12189 17171
2136 6358
2360 16910
12109 13179
17567 17782
1879 12307
6245 17892
1776 16827
6206 10158
6256 18101
6331 15840
856 17008
2193 13420
2992 16949
5186 11245
14313 14407
7895 17479
9908 16885
7672 8166
1047 10411
6695 15290
14043 16666
10478 13792
1350 3694
1311 2690
4725 17120
4111 5640
4635 7719
3259 13894
4165 10068
10441 17044
9200 13044
1091 3119
5153 8241
2360 5994
99 17737
5242 8332
1383 12083
14071 17818
10000 14975
9566 13132
8851 11564
199 13644
6927 13781
13632 17691
6748 15169
8238 14401
8567 17926
11398 13146
4221 7452
1801 10124
2563 11225
4025 12982
5764 5814
5519 13953
6791 11519
11366 15878
362 11547
4101 9644
9889 10235
11632 13346
12331 17983
12317 15694
6740 17517
10610 17495
2887 15525
6545 13893
1440 11939
8184 10820
5894 17225
4003 8100
13624 14075
1060 17185
993 13014
5733 14616
11630 17429
289 9894
9528 12690
1289 10199
6643 9631
14033 16164
1821 9016
5893 17057
7852 9212
9 8258
2473 4261
6066 9974
486 8876
4775 15938
7 168
1725 7525
5960 7613
2946 8086
10005 13647
2259 8391
6856 17542
4637 16440
5814 9663
8215 9222
12120 14676
4676 8565
6560 7139
2915 12473
4835 18021
2280 12929
6104 6631
5003 6055
6682 8843
7280 16341
15 4524
8464 12789
2236 11707
4973 15178
6484 13609
12897 17632
9974 10639
15662 15934
5707 8215
11753 14519
3368 9116
7135 12385
3859 8088
1522 14297
3656 6422
997 3289
5802 14845
8187 13632
4431 17192
5182 8288
6389 8025
4640 7290
362 1921
4509 8366
13919 15184
4263 7714
11121 17598
856 6381
537 9505
2409 17777
1270 2487
1482 11425
5177 10456
9673 14803
6048 16297
6884 10147
5203 13568
590 14933
4988 9494
7569 8848
774 11082
5107 8658
10933 11055
2974 15934
173 305
6988 10746
7008 8025
4418 13439
8496 16563
1901 5545
10359 13350
13994 14445
3302 12614
3729 5756
4685 14494
9140 17678
553 14286
6936 7873
5768 15852
8479 15044
1832 12254
2145 13998
2062 14855
5374 8412
352 4555
1404 6416
299 15365
7018 8789
6861 11524
5495 18015
5074 8245
3977 8140
15305 16274
6053 9810
6661 14542
304 1706
2364 15973
17225 17728
6695 8881
7886 9070
1123 16587
2108 2816
1730 15422
4069 14562
17149 17899
1683 3359
5612 8049
13151 15287
11328 15512
20 10425
14502 17372
9134 17449
2280 13582
6543 10758
1487 15171
12522 12707
1230 11311
9902 16161
10807 17667
14734 15777
6626 16489
4067 4907
4892 5905
10131 14435
4939 8746
1768 7118
5521 9614
10017 13392
2160 3976
13444 14892
292 2518
14814 17961
866 2042
6986 7145
14519 16025
953 1851
229 15881
6069 12351
9491 17983
11264 14436
6900 12923
3708 9351
4236 12833
15328 15695
1849 17854
3957 4123
12015 15996
8300 17601
13033 15610
3454 10075
4089 10362
15689 18013
2822 14395
8926 15822
11846 17983
5932 7119
760 2470
3714 5929
475 5026
13276 17899
8633 9677
4369 7714
8399 13785
8137 9595
114 635
600 1653
580 675
808 15543
651 11790
11067 16797
916 14801
4527 10681
3102 3735
2574 4703
5543 13871
591 17011
4128 9851
13185 14525
7856 14705
522 2949
3976 17309
9120 13920
6203 7140
5518 6247
324 8675
7538 10637
4133 14161
6066 14872
8176 8704
2555 8240
3863 17030
14704 15572
1382 8398
6293 6659
5478 16979
59 15305
12881 14435
7612 16022
1637 9070
2027 13424
1477 16650
9255 14016
7918 11733
2298 5093
13551 14704
1715 8466
1440 4007
3169 8623
10155 10807
7724 11851
3941 7869
1 14655
4370 16700
2076 11291
7084 16079
5835 15133
3248 5456
4894 4918
956 11244
859 5177
2682 13487
2316 7385
7445 11295
4962 5928
15677 17008
9077 17998
1418 17511
5928 7706
638 4906
2734 2745
8860 11488
1188 15169
1109 2723
766 16817
2622 11604
11260 14000
78 14163
2360 13718
5688 16455
5603 14624
11270 17050
5869 17148
1940 1988
2436 17777
491 1815
8012 10532
10836 14160
8124 14312
5226 14993
5590 6567
9312 10807
9569 11985
5655 16980
4170 14881
3362 4298
1081 5503
2613 4655
4322 5630
889 2891
2290 11494
12230 16945
5161 10761
16420 16814
2731 16553
13130 15590
1110 4289
5667 11271
5491 15890
15698 17030
7244 9122
8237 16458
12833 14170
5814 15506
8242 8524
10182 15580
3177 16514
648 13935
8588 15056
3292 12620
12410 14471
5253 9431
1522 9043
6350 16578
17328 17352
7849 9974
1711 13266
8186 13374
4411 6474
521 14332
7529 8553
9280 13590
7480 9780
367 8218
4786 11870
3580 16262
2088 9240
14116 16539
608 14230
4492 9993
4492 17800
7496 15166
15405 16424
1720 13032
1975 9892
2454 3454
4411 5689
10907 16137
2300 6355
1091 4719
8124 9197
1804 15936
7818 9653
742 3584
13215 16560
6001 15042
2887 15327
12877 16541
6641 17368
1703 15362
15462 15873
3483 9349
15525 16244
13793 17424
5003 5506
10062 13876
8653 14035
5848 7873
1981 5737
3308 8538
449 16001
3673 11270
14837 16883
2203 11548
51 3274
10985 16880
11268 13916
5401 10907
1342 8179
16153 17216
7987 8959
10615 11693
12788 12944
10488 13390
12410 14591
4258 13606
4186 7334
1595 13810
4179 11634
16921 16989
9372 15152
13062 17949
3294 9534
8267 15081
2931 16170
4799 15372
4062 5547
2095 16108
323 12519
5647 12940
13655 16343
12102 13392
15218 16539
1342 15281
1751 13323
6331 7620
5636 10970
10870 14737
7893 8466
1735 9628
100 13266
2289 13843
10975 11901
4046 15105
205 9871
575 10758
15090 17691
9480 11171
6069 12534
10022 12878
9357 14525
4334 14667
4320 11017
8049 16541
12366 15621
7031 7571
7187 14229
4745 8304
5654 13234
15873 16458
3937 17418
4372 11684
3571 5945
946 13367
2687 15890
1268 1988
5927 6058
9644 15336
3298 6744
5568 13243
9224 10972
4628 17297
6883 11222
1784 11888
2963 3593
11245 13539
1004 3911
3749 16559
587 10616
14263 15814
1234 12743
9337 13274
6614 8130
7045 9703
8718 11657
850 16642
4794 10770
8389 9477
1941 9605
7 7008
2752 12614
6289 12817
3824 10933
14548 16974
6685 16765
776 11963
13409 13547
13643 15226
16505 17593
2723 12856
3289 7132
4455 5248
614 9974
12799 16244
2686 3064
8745 12483
1350 17228
8353 16331
14191 15847
124 3682
9461 13713
1502 8124
4563 10639
5137 10913
3818 5723
7483 12817
5513 7153
14663 16144
12240 17297
1730 16003
1 2383
7295 14843
456 2684
4112 10650
3791 18023
7195 17030
3941 7904
3236 16201
16560 17974
3727 17523
200 14066
4796 9411
271 3657
752 13903
644 1706
11404 13390
5936 18015
8480 15296
14407 17895
2789 6600
5896 12743
1219 11092
5133 7268
7005 14268
754 17091
8981 9761
3917 6713
6935 12248
14263 16905
15867 17011
1537 16845
1691 6089
2259 4931
6053 12901
1167 6704
5928 6753
4411 8215
6650 10125
11516 17274
1286 13439
12351 13707
11770 16296
858 13638
4892 5386
1059 9879
5190 5298
2360 3395
3564 14389
9077 17125
4519 9830
5354 14446
2383 9569
410 14736
9584 11858
4767 13175
8599 15462
4134 17779
8471 16512
13366 16884
876 17898
6202 11603
1418 11652
8658 13822
4725 9717
14395 17558
7704 13957
516 13539
5403 8508
10202 13169
610 2328
8825 10353
2060 4905
4047 11892
14672 17857
291 8237
5872 7849
13142 14557
1963 13586
4752 9636
6719 10059
14031 15871
5655 6915
5940 12877
2870 6235
16773 18050
3100 14848
2570 12325
11341 16893
6003 16091
6755 8123
879 6020
6986 8100
5468 10740
7083 13199
6061 8202
3922 17047
3130 8288
8414 10530
776 15991
2751 15386
7238 13166
727 6934
5993 13668
8441 9817
4963 10164
3723 9974
10970 12519
4495 11524
648 10811
12796 15423
9518 14035
10199 16948
6653 9347
5243 10401
15939 16176
9672 11731
8176 8946
3675 12073
5978 13392
3463 6314
6880 14110
1941 7804
3805 17431
575 15965
6627 11393
6791 10174
1969 13392
11897 14435
2545 15665
10982 12373
4404 9538
103 11460
3243 4711
6663 16572
10993 15157
8869 12410
16821 17372
17170 17353
3020 13767
3224 10225
10610 17681
9371 12519
7238 16722
8278 14714
3292 14249
2398 17001
2079 15559
9754 10543
6142 17898
482 6062
3398 13925
256 11596
1792 5365
10213 14548
156 6915
78 6010
5177 5814
6694 13713
6915 14266
4074 7168
11818 15788
849 16158
12166 12981
382 9057
4499 8806
14320 16677
1077 11524
5548 11460
12716 18015
6418 10398
7690 16430
1979 17755
16540 16546
10166 10469
3237 17496
986 8866
1641 12310
4472 8327
8422 10832
4678 4775
8412 10972
11165 12778
2348 15612
10765 18081
537 17193
10111 17321
2583 8871
1342 1531
7530 10158
5869 15401
5549 12293
15244 16267
10363 10831
1417 11883
322 3414
2695 6059
10213 16393
6021 14290
813 13679
9332 10286
1580 4347
1247 8024
15697 16132
4958 5655
9070 16431
1947 16010
1705 10558
5868 12241
13302 15217
1795 9991
3864 7340
3708 14939
8209 9341
3172 9962
7139 12519
3930 7753
7862 13938
1929 5586
7371 11304
606 15154
9467 10930
1477 17340
12118 15099
1647 2690
7516 9911
6867 7782
11155 14985
482 1304
3506 13457
2007 12265
13069 14534
13969 15171
8718 14760
5655 15171
2736 17421
243 2171
11291 14241
8723 15166
2784 17848
6372 14191
3308 14353
2694 11697
2731 17678
11265 15089
419 16261
6317 14576
10784 13629
10777 14272
6560 13330
2816 16513
1682 17299
11009 14504
825 4444
11580 16280
11344 12612
3251 4905
11171 16587
1706 4196
1748 5274
7375 16382
13893 15485
9247 11999
3317 8638
8395 11401
5725 9628
1117 11245
1515 17343
3982 12155
11690 12217
12753 14765
626 6915
4546 14667
14369 17170
9974 13830
3423 14140
1584 11393
3756 13007
7238 10543
9888 10930
3179 12273
574 12843
7321 8166
3377 10444
855 1553
1265 12533
86 16376
373 5608
482 10202
11524 14369
4903 7525
7099 17992
1988 6694
3236 4777
8508 9681
2524 2565
996 1706
1411 9061
4553 9300
5015 6037
12270 15466
13942 15914
5281 15571
780 9839
4488 6791
1753 8960
12024 13670
5603 10747
10025 10950
2656 5473
5115 5995
7 12393
4147 16489
9140 15377
1812 9066
8443 16284
3942 10718
2446 15386
1030 4258
5209 10793
956 6685
4678 8451
10036 11245
3217 15513
10407 13045
8661 9811
443 4829
1304 14595
5654 10907
575 12129
4116 17342
9009 13978
2283 8713
2217 9226
6653 16018
7233 8407
16861 17537
2981 16176
10834 12196
8278 14637
4922 9805
2592 4666
8718 10781
10593 14180
1393 2438
5236 16495
195 16882
14033 16984
2069 12449
2769 11234
1119 1733
2760 8049
1578 6165
6748 14939
15319 16365
4601 16524
8194 17075
4725 8851
12706 14595
7214 16587
1970 12175
6375 14475
12610 14508
12967 14005
11373 14705
4708 14990
3673 16998
5920 9175
1946 12271
8592 17878
7008 15697
12472 16325
14160 16549
11371 13748
4890 8838
10478 17437
240 5792
6007 11974
7093 15010
12252 13852
14534 16903
9378 12461
3951 11855
13919 15151
8574 15086
8046 17197
4688 15938
1969 16644
3266 10020
2556 2753
13266 16153
4366 12432
4057 11506
7142 7143
15287 15905
10972 18083
14272 14862
306 14871
5635 15955
5017 8668
6043 9044
8124 11554
554 7736
4668 4804
4812 10640
4052 15088
2602 4777
1910 11396
2755 11732
6319 11045
9431 13155
2854 15271
13916 16402
771 12328
3357 17105
101 4261
10656 16696
2652 16381
9112 13220
9768 14630
6693 13858
3267 15480
3179 16514
8463 9250
5422 14056
3666 8675
9703 16540
6326 9937
6449 9879
4835 14163
7438 11145
13216 13774
624 8657
9329 12102
720 1538
12561 13792
10793 15971
1784 11671
2052 17801
7268 7476
1912 12383
3685 7188
3259 15280
5309 13396
1313 1439
7579 16164
2610 11092
301 4256
5105 13904
7482 13933
8610 12533
3320 12066
6393 17278
8379 14651
1766 4263
576 3028
8584 8738
518 961
1351 13390
2854 4263
4740 15391
4021 11883
2289 17225
2578 11365
4518 8337
17393 17475
3251 13169
9393 14229
4381 10535
7008 9957
5830 6302
10217 13300
6832 9468
580 1132
10449 14395
2062 3007
4361 14018
7 13085
4109 16903
1060 2478
10912 10970
10981 13200
13216 16906
5210 11560
9300 14603
445 8043
6284 8077
128 242
1985 10569
1 5725
5735 10700
5640 15539
13721 17990
6128 11393
467 17031
9601 9943
5830 16541
17679 17762
8864 14409
6761 10249
11185 16471
13104 16818
1791 7804
6636 17207
1475 15465
2426 8668
3616 11554
9121 14451
6579 12821
1803 11885
5177 14987
3315 6557
157 8064
4985 15018
5726 14836
6742 17890
9681 10712
7690 11000
1919 8964
4348 15311
5766 8009
10481 10498
1931 12014
4310 11182
4221 14616
6430 9818
8274 9260
4078 15838
14256 16066
12571 13395
15541 17681
2531 17499
1845 17811
4991 17534
3352 4112
3456 4425
9801 9950
9590 14174
2371 5768
595 11225
13676 15876
7530 13890
4002 7138
7338 15281
7668 13668
885 1753
730 16221
10780 16346
556 13947
8366 8816
14768 16441
7690 8599
4677 11899
4739 15745
3102 10462
644 9183
4153 14515
7373 9202
8193 11524
4351 9073
11455 11799
7886 8882
10098 12078
10809 15538
610 9474
4736 12589
9436 16748
912 1820
1521 11962
3708 15323
2423 4703
9036 13692
4037 17593
7519 9058
2113 15371
2696 12894
5636 5814
1054 1487
12393 14135
5690 6685
445 16587
6492 7327
8064 11235
1358 4683
5885 9183
1733 14511
10538 12894
2358 2872
5438 12155
673 7582
642 7240
1324 8213
14736 17732
8983 13349
1791 8116
7093 8436
3894 17601
14544 17225
5955 11282
3764 4343
9149 15765
5229 16498
777 10541
7620 13362
4839 7238
2392 5955
825 12197
13161 17194
12580 15836
2629 12326
5362 12495
4318 10536
739 5885
350 1720
999 12099
11819 15618
4755 16468
5984 14290
11249 14760
3301 7325
2113 17225
3292 12631
10751 12343
10097 10238
5940 13495
5581 13792
10318 14914
14834 14894
3892 13001
2870 10777
6560 17403
6629 8227
8713 11396
6239 12682
8087 15290
6897 17559
7270 8571
5953 6372
4512 12448
1112 13405
9205 14108
306 14248
16541 16589
495 1338
10465 14018
4804 10299
2244 11120
1356 10812
12279 14231
2761 17196
10215 12254
1769 14161
2425 4786
14312 15821
1294 6224
8009 9058
16242 17541
8462 16267
4745 12631
12877 13106
8271 14602
11865 13877
1390 15293
1136 17037
2328 14213
11877 14447
8886 11979
15171 17120
1855 8194
4333 11249
9891 14347
627 17043
7849 12987
7933 13857
9677 14251
8283 12757
8288 16682
12446 16693
3169 10632
5595 8476
6769 15742
12260 13516
13392 16065
2219 13323
3850 7844
14076 16974
51 1174
7941 13072
12462 14140
4703 9382
1582 14276
575 2348
4185 8271
4194 16161
12006 15814
1243 17270
14564 15196
8539 16880
8855 9657
11016 17652
498 3119
2835 11828
14629 17353
7863 18013
12616 17201
1732 14180
1408 15112
6854 17121
5982 8549
17268 17847
11648 13466
12072 14483
1776 15232
14441 14445
11206 16198
5105 14000
11659 13489
4808 6030
11377 17312
10459 12069
879 13898
669 13385
2329 17820
7563 18069
4844 13592
6405 16348
4320 5945
5796 7020
863 17908
12378 16118
4237 6973
4371 17894
367 2343
1706 14402
6417 14845
1505 4756
5674 14871
6012 16018
8267 17011
5217 8288
4121 13872
2761 3741
2635 8451
3753 16988
4483 5219
8388 10252
3049 7983
6590 16435
3181 10953
1123 14236
10021 16054
5397 9678
4531 10943
3029 15521
2514 7134
9084 11660
4509 14493
13418 18048
5707 7984
5151 12266
201 13951
4046 6302
2571 16468
8508 14676
8713 17511
9175 17215
9756 14242
14084 17255
1716 6778
167 13415
10326 17008
1409 11205
8389 8602
4800 5177
15993 17225
3064 14624
14667 17593
7792 10832
9875 14532
5060 14939
2360 8999
523 16917
12856 14263
17254 18085
2479 15996
5325 5406
10784 11393
3495 10780
5431 7151
1013 13029
1393 16650
8258 14511
3708 6514
1177 11670
2848 8722
11519 15697
12443 13502
5393 5586
10295 11634
4321 8905
10127 17154
7353 17613
3025 12266
1174 10656
13551 17216
3992 12390
12411 17991
16540 16652
8067 15832
1642 7855
7942 13551
5037 11912
970 5035
13825 16324
3389 9066
5782 14505
9899 16289
1931 11717
4067 6287
14015 15916
7632 15862
1146 16807
9462 13777
10084 13890
3681 9852
845 8366
15377 15872
4769 6203
807 1783
259 3921
7347 7765
2147 2440
6303 15066
7807 9908
769 16441
15836 17007
9810 13699
11251 12550
11523 15328
5905 16650
4374 9754
9594 12113
2661 15028
5860 17408
15468 17185
498 10767
4777 16181
9140 11586
9390 16068
5879 7004
7069 13517
1401 16021
8209 16697
8713 17510
5314 7934
246 2914
10171 14676
3200 14411
6443 11054
4123 15280
10846 11306
5748 13326
13936 15789
10416 13890
12996 13901
12784 15423
1128 4262
9271 14981
9243 15456
3771 11235
8347 15580
2171 4372
5492 15779
7532 13180
5719 11567
2446 8974
16753 17131
2349 2999
2984 3408
1062 5438
219 7379
6059 12773
2422 15705
183 2854
3737 10910
3115 8896
16455 16878
2113 9271
4396 9466
1701 11168
2478 5105
1136 12748
4552 14126
1706 6104
789 15423
1686 7442
13539 16455
6028 8733
6666 7668
4091 6397
1984 3977
2283 5144
13197 13771
13373 15041
2677 15814
10471 12519
5940 8553
4462 16618
306 9183
5544 15873
6589 13646
6659 11268
4542 6331
1722 5268
4694 6203
6013 15361
8096 9183
9261 17447
5205 10539
4313 5220
5654 7355
8183 15229
2258 9305
14368 17699
7484 10885
771 7385
2247 11342
2632 14660
1801 17002
8251 14519
9182 16599
4772 15965
10020 14990
2550 15823
4777 17777
2598 3229
3153 14843
7747 14593
5452 13215
744 7031
1163 13819
4964 5877
7397 18068
1417 2010
8359 13823
7338 10859
15114 16482
4687 9544
825 10521
4965 13343
5627 8392
4415 10449
2684 10621
5096 7931
4488 16827
2128 2147
1114 1298
4006 15677
10378 13398
6301 15683
460 10951
5269 5548
101 11383
8153 10686
4491 12550
2294 15212
10836 15336
13857 14667
4488 12619
14416 14843
12716 16001
4005 14699
879 7530
4882 9261
983 8502
12266 13872
1103 16650
6852 12324
3970 12716
13069 16485
1887 2038
9610 12894
14941 17027
15572 17479
2575 7777
7195 15280
449 16984
1514 17538
4675 7037
3144 11507
2358 14616
1945 10639
7886 14035
556 1593
2062 9696
15970 16434
2005 11848
12631 13243
1641 14576
1313 11632
7328 17506
1553 7886
2634 16181
8605 11413
26 3896
8924 16714
6623 11762
10959 12856
8561 11603
866 13772
9938 16285
10069 10394
9182 10632
9247 16553
169 10016
9338 17949
4371 10283
5620 17372
9796 12442
9431 16978
14578 16164
4358 9672
15360 16902
12660 17193
8278 17237
8150 14937
1289 1730
9683 15473
9341 16514
7386 15939
453 13893
1530 11423
3130 11155
3619 14469
6684 10578
2897 3490
6342 7911
4413 10431
2610 16424
8974 12807
3970 10972
9830 16539
5104 9597
3074 10087
6641 17481
1693 3520
2298 10758
6070 14470
3491 15307
872 11545
2606 3770
5248 7886
238 9618
4141 4519
9422 16917
12838 14241
1531 6810
6715 11421
8237 8366
6316 14578
7582 14815
4734 8601
12561 14222
7872 14854
467 16650
4318 13320
10016 17212
1026 8014
3251 5791
2198 7018
10644 13121
5953 6333
811 14667
10975 14714
2829 3148
2478 10235
4367 14999
12944 16587
6478 6569
9544 12540
10271 14600
10616 15612
742 14319
3169 9407
10961 10972
14406 17429
2892 6623
7473 16313
5105 9662
5732 5968
8508 11656
8132 14493
7437 17786
3602 5848
686 2158
4467 12233
8415 15618
2645 15993
6542 14726
9801 12240
16551 17880
5033 6560
3251 13464
3491 14815
4430 6276
6652 11273
4170 6069
359 18006
15171 16541
12146 15572
12346 13992
2135 9395
2423 5616
9800 12770
207 2716
461 15557
2303 8629
6682 8482
3869 17297
7 5298
101 11115
2684 16353
3423 6475
1730 11003
14483 15591
12706 14376
12200 14727
7048 10220
8237 13921
10714 17885
2542 3028
9025 16779
6543 12530
12028 17052
2532 5853
15316 17749
15099 16217
7093 10675
4766 6730
1706 17577
9549 16248
7912 10795
13063 16091
10171 13680
2892 9780
1289 15053
13919 14263
4711 5791
3744 6383
4321 9839
13816 17170
3187 9823
4774 11883
1902 17105
15996 16015
362 3102
8025 13344
4243 17432
1381 3509
290 2768
9875 9908
6236 12593
2235 4261
9145 10172
4796 10425
1531 15543
10779 17464
769 15105
1801 4320
4794 11818
14704 16880
14531 17451
10430 14324
5867 11524
4799 11924
3838 7837
1813 14815
2481 13877
3227 7929
4060 16650
1986 5984
8802 12536
650 7626
6659 17345
986 4187
2113 9863
676 3644
5548 14587
2423 4794
8709 14078
8457 13235
11481 16805
14451 17014
3344 9126
10088 14726
7092 9780
4060 15635
2555 16061
12087 14409
3466 17158
8149 14005
6915 8241
9718 13453
16720 17328
5885 14557
1477 13706
8142 14214
600 5248
6999 11285
12743 16419
1312 1711
6845 16342
1965 4406
4903 13519
9134 16274
5885 12266
15966 17770
11328 16753
801 10282
2183 6132
4006 4821
10533 11095
17064 17858
909 18049
6749 12266
12645 12966
16376 17893
1318 10959
5205 6637
5935 17737
4467 17560
11249 12491
598 10972
1701 15797
1536 3219
5725 14162
9528 17225
5738 18048
2254 8605
7028 15303
3744 14081
2357 8480
6013 16677
10933 11975
10972 16880
6501 14217
7379 9645
916 8593
4836 10431
1313 12648
1110 9278
8049 14453
2424 17229
2524 12498
10712 15156
9696 13230
9785 12629
8220 15814
4369 14667
4886 6115
1947 9628
4124 4402
11870 17028
2475 6516
11282 12443
771 2629
8407 17534
9737 16700
6329 12383
6076 15629
10672 13877
10452 10602
5863 15303
873 8238
248 2222
8327 12900
9177 9309
6180 16701
1172 8520
1972 3600
5994 7187
7823 10242
5852 14380
10378 12960
10203 15618
3815 9908
2734 8888
1914 5313
8755 12731
7203 14353
495 4494
7321 8011
5144 15900
10972 14854
12061 18067
1347 15010
706 16268
9057 13106
3755 8241
9727 12293
764 9177
12265 14180
1849 12652
6363 14181
1813 3491
10560 12237
4227 10304
456 16878
14310 17297
5289 7077
7999 10640
1864 8366
994 9566
13180 16681
589 11633
2242 10118
5667 16650
3823 15606
6761 8902
238 9968
5213 13175
3983 7731
12802 17170
1706 4499
163 571
2280 4965
696 6810
2348 11899
4804 8528
1313 7376
3813 5722
8527 14888
3333 12420
5651 13990
11668 12766
3727 5492
11633 16518
10985 16658
5491 11818
6987 13165
213 8732
4257 15192
836 15243
4261 13562
4320 13175
523 12817
2201 14503
907 13016
2259 17154
8015 9490
3162 11909
10440 15581
379 5394
3912 16369
4778 15523
14902 17027
1918 12712
8285 15148
8742 9968
4969 14723
3851 8907
7238 15311
861 13169
2962 12816
4800 8567
707 10787
11102 16219
13551 16541
2383 9260
540 11296
5914 15178
5610 14845
12103 16076
128 1324
1342 15346
3760 13514
15460 17577
1650 14570
10181 12341
9492 14421
4362 9070
10605 16543
6461 7303
11228 12367
9696 12304
9719 11351
15822 17711
3529 12343
8153 10205
866 6694
4017 12227
5316 9438
794 1940
4107 4521
6969 12430
3867 13733
4410 7371
12507 13629
3385 3744
9907 11709
2869 12409
8647 8974
3267 8087
4594 10963
2473 17082
2550 18039
10498 17531
10807 10854
5386 5835
134 10538
14939 17557
3869 11017
9618 12744
2910 5612
825 8009
6001 15377
1704 6669
9544 11258
11662 12096
963 8691
5190 17800
6652 8468
1457 6784
9566 11392
130 8485
7080 17154
5120 17400
7000 10689
1493 15905
2010 16771
5397 14862
6231 8592
1417 8964
4086 7329
8436 9490
4828 12180
7432 15753
600 17237
5269 15132
1295 12572
1318 7373
1650 7538
10576 16316
9672 18091
13504 15178
4394 16489
6730 8503
7876 8237
5248 10055
12441 18080
5711 10983
12894 14667
4569 17307
3034 8238
4351 14214
13919 17908
4740 15467
7131 16540
3188 8049
3384 14453
1012 17047
6250 6365
14935 16978
2113 8237
1910 8085
13140 13391
12925 13384
889 4829
1385 10623
6871 7320
84 961
5819 8327
4073 12181
3520 13433
2440 4922
701 10543
2426 8825
5298 11978
3606 6056
4243 12798
1751 10523
11340 11502
5153 9289
5019 17764
5144 14366
9646 10719
10206 12577
1748 4194
2423 15029
12498 16239
4498 8779
10378 12519
9714 16831
1083 11048
6412 11971
7009 8194
988 2010
8912 10631
3537 7437
10405 11537
8179 8218
47 8703
9197 12988
2661 7668
642 11028
739 11551
3937 11333
11091 13343
6010 8288
11993 17640
3427 7958
1149 8311
744 14198
11244 14802
182 14135
13933 15849
9116 11146
12843 14551
4290 17464
9492 10569
1115 3103
4784 14353
6489 16256
988 17483
6466 12930
10867 15460
4677 10757
2076 10452
4321 12809
2645 15506
6333 17088
2884 15750
2259 11971
10675 16304
4711 15711
1682 12883
625 13406
10705 14855
4444 12634
2736 11986
5814 6682
101 15280
8482 16157
8787 17553
7371 17268
6001 15045
360 7399
2671 11922
5889 6653
7131 11004
1174 2007
5298 13628
2360 17168
3239 6952
304 16683
1390 1720
2423 17507
5635 11717
4192 11342
9070 10014
128 8700
4531 11425
1147 11315
9494 14131
986 9875
10329 12944
1077 10342
13624 14412
593 14459
4733 15117
1078 13090
2677 8530
5606 6254
8187 9112
2518 8851
2375 4418
7992 8290
10495 14704
6453 10538
2784 3029
5739 7442
10044 16821
592 16379
4116 14349
442 6644
3251 9552
4770 17517
9058 17046
6316 8220
1941 4644
6560 11763
2415 12015
7435 9245
10425 12716
1677 4767
4998 6162
3221 15883
5313 10172
2761 14624
33 1742
6923 12746
7036 14475
1766 16410
846 7066
12933 15508
7815 15883
5496 10178
14815 15236
3231 17093
4314 17120
7250 7652
9448 10934
9174 11730
1776 5357
1706 4892
3191 7652
128 15518
4549 9605
5571 6846
3260 5190
1204 15454
4526 10471
12882 17610
6811 16316
14440 15068
6302 11225
13179 14409
6250 9251
6623 8866
53 2048
12607 14803
6021 15537
8414 17892
10789 14667
1500 18023
4230 14484
2555 16284
4070 17842
3913 15829
9594 12554
9215 15171
10428 11150
9183 12780
6113 6429
1714 14180
2731 4794
4774 8237
6923 14600
1465 6997
3426 15633
9338 14116
9830 17018
3028 4690
14924 17378
12891 15054
8472 16697
6104 11459
5394 8347
1019 9721
2950 17201
12585 14492
2990 14694
7094 9513
2900 10754
9637 10668
15015 17211
2363 4021
13919 15148
12824 15667
11084 11732
14038 14678
1948 3529
13106 17894
7244 8027
1095 8081
2474 11719
157 6349
10202 10425
4062 6322
7528 16843
7069 17750
2695 14806
6623 9780
4826 12672
1517 5538
749 10805
4886 8096
514 15873
1111 3737
2688 12103
16074 17999
142 10836
2165 17120
2914 9816
8695 13446
1963 4258
6072 11517
3446 8740
479 12501
1001 14793
903 9500
4766 13604
1180 14251
1926 14407
3169 13940
208 866
6346 17419
4411 6461
10204 17132
3463 14375
9605 12224
5546 14962
10790 15280
3373 16021
3950 12402
263 1031
3269 6646
6682 12716
12432 14773
8327 13032
9439 17619
5044 14444
3535 14948
2360 5928
10155 14247
456 12630
1745 14142
404 11452
8855 9044
5158 17120
2684 17630
11425 11580
4541 9311
2446 10217
16346 17850
1503 9253
7761 14829
2970 7289
4380 11425
11258 11810
17119 17707
7473 15319
3440 15930
9077 10521
14356 17135
7249 12515
10186 17203
15213 16178
18010 18103
382 12787
9908 16253
12146 12706
3266 11939
13006 17632
7611 9513
5422 17375
9590 12898
9563 12727
814 7532
16683 17691
4367 5450
3802 17029
12328 16378
9064 12115
10495 12536
5819 7857
16218 16440
2478 4568
2852 3721
3970 8553
5298 6715
1692 15252
4939 5203
5192 16085
5940 11814
8851 14636
14119 14143
103 2481
12955 16091
580 5269
7537 12973
5313 10202
4320 12467
17057 17505
9112 16906
16765 17926
13216 17974
8718 14356
7983 8174
2165 17737
8983 15823
3473 4964
675 16153
1941 14124
4704 13902
4865 6448
3857 12203
1803 13038
3454 16329
273 11756
14030 15492
3985 15541
8713 14955
5065 13197
2816 14370
16145 16843
12265 15697
902 17801
426 16155
4398 5248
9381 13565
7610 16488
1522 7818
8178 8722
7 6166
7652 13433
873 14180
5764 6623
7857 9779
11469 12525
9388 13994
11999 12599
6223 16677
103 5953
7744 17908
7149 9134
3069 10159
1731 7244
1004 13966
9744 17158
9419 17535
4429 11425
4165 9569
6502 10039
4525 14480
2043 15857
4972 15947
4400 12271
4808 17247
1289 14722
7480 16458
4568 8107
8058 8576
384 4833
2854 10984
554 14356
7441 17117
7051 15793
4352 11720
7697 12284
3237 11127
8576 14079
9851 13483
1564 7153
6911 17072
2216 7674
4121 13299
1572 14263
4168 10608
8841 17610
851 10901
13718 15301
6574 12472
4347 5635
11514 15559
806 9089
12901 17823
6247 7332
3897 13863
5814 16493
1229 3908
299 1076
10120 16828
4612 9419
7069 15355
12848 17738
4770 14257
6594 9538
12524 12612
10171 16898
7290 8229
8533 14389
2149 7786
3900 17613
232 10287
13220 15477
15267 15625
6543 11910
3191 9845
16765 17537
16513 17360
3714 9018
7531 9187
956 17845
3877 10821
3977 17552
1494 2259
2085 12121
8983 10580
9606 9823
9273 12355
3568 15708
4841 15814
12335 14287
2192 17208
2628 17905
9987 15834
14243 17773
514 9874
3223 11032
5185 16917
2634 17566
9645 11322
3495 14310
7 2235
1842 9223
607 14324
10909 11769
4347 9323
9790 13367
9566 15190
4343 8396
10131 14454
4269 6126
3567 9066
1779 17479
12966 13479
16827 17120
546 13461
2677 16306
8647 13889
3102 5156
8366 15486
11396 12199
2609 12762
10532 11171
6375 11551
8436 14616
2424 14982
10292 12540
1952 7036
5265 5933
13753 14395
2745 15508
12578 16088
5138 9018
9785 10514
1779 15460
1587 7589
12305 15179
2182 8489
2215 7533
6316 9528
4918 14718
3796 15572
1477 7863
4060 7417
2696 10326
10411 16166
4532 6317
1268 1730
11108 17277
8820 14293
6748 16300
7647 13003
15169 15499
5292 9251
2952 9696
7347 10182
453 575
2383 13392
4404 15477
13917 15053
7246 8576
1676 13806
13923 17372
6707 14496
6202 14435
9398 14933
5234 13170
909 2614
7499 10755
10930 12709
1607 10675
4261 14170
6997 12519
390 7985
2149 3873
321 12196
3416 9670
10294 15934
13296 14504
8685 16203
8905 9242
2751 8531
1913 5835
299 6650
2684 11883
5354 11226
7385 11258
916 2368
2896 3118
1775 11633
3092 10710
5830 12266
4746 13189
1608 4156
2770 17013
1336 2475
16410 16456
9898 10044
5603 10610
12788 13007
12062 13292
10181 12653
13911 15525
6033 14403
2736 17046
10757 11673
463 5271
7132 9447
7655 12536
2770 2912
2602 8768
3408 6715
5966 17061
4828 10757
11597 11858
14102 15851
2504 6927
43 16489
17495 17681
10448 11664
2870 13682
5627 15184
1401 13609
5161 16830
4579 13424
4775 11634
10846 16123
8974 12113
86 12923
8156 9624
1698 12812
1703 10318
9657 12652
3584 3656
956 6541
13014 14284
2829 14084
1708 10170
13261 15361
1686 10779
2699 11634
8100 10336
2364 11720
750 18048
8366 9251
12430 16520
12091 14431
6030 12364
14875 17459
11275 12291
13997 14249
16984 17088
219 4561
5647 10140
3725 7980
9681 15156
3903 5567
10781 16650
1047 1214
3724 8995
2895 9974
12344 12652
342 17317
3803 6460
5683 15014
373 10136
15972 17990
9299 9662
2759 15157
1714 13764
13830 17032
2490 10038
426 11842
1798 6007
5218 17306
6581 16700
3074 8466
4723 11653
2789 16818
2853 8815
2149 16722
10622 11224
6465 11628
6502 16490
1481 6334
3153 17170
10285 11244
475 11255
841 17737
2454 5144
14115 15718
1317 2979
11026 11669
9727 15875
10183 12536
7294 16170
14759 16878
4705 10194
13593 15851
3850 11469
7604 12638
4507 17893
5088 14116
1725 10937
8553 11883
16381 17519
6934 14895
4175 4322
520 13698
3692 6417
10985 11847
14815 14933
2918 9839
13255 14562
3028 6740
111 10092
8928 13715
1969 15832
9410 13156
11607 14600
5190 7385
14198 14676
8565 16224
1591 9543
12097 14676
246 14475
6518 9196
5743 16420
4676 14945
3957 4531
9983 17507
14251 17507
2873 16288
585 1417
1530 4799
2290 7924
89 13064
9983 16979
5295 15187
3448 4122
4829 8024
3308 5162
4666 15080
3346 10609
2052 13283
13690 14049
3502 5723
1776 6623
10859 16161
4205 17974
5896 14453
5208 10497
10080 12110
3149 6540
1706 10495
14438 16440
5264 5408
5791 14759
1554 4493
2160 9937
3506 16284
3142 7857
8158 15014
648 13917
3771 4938
1426 8285
6883 16274
657 8658
9856 15905
3519 14623
5594 17826
600 1531
1522 13636
1522 7289
5193 7690
5982 6505
1717 13683
4703 13082
8691 11492
3721 6121
7404 12462
6810 8855
4471 13645
2555 14624
1717 2751
3348 9388
839 9049
6245 17610
1114 8926
9309 11662
5986 9903
4453 4936
1054 17196
1108 15229
8480 9175
862 6236
12073 15876
6279 15126
4182 7347
6465 13823
15498 15832
4037 14035
2360 4179
14394 17810
8249 15406
15370 17604
4239 15751
5738 15423
365 7506
2237 2238
2105 13390
10792 17618
8521 14759
10190 12689
7870 15151
7123 14400
198 2514
582 13593
8804 17002
1189 3859
8382 17135
6915 13450
5495 17577
1738 15155
1497 11933
5266 12176
5445 9048
11273 12894
13959 14161
1751 5892
5791 10710
365 7936
2850 8338
7661 16268
3102 12476
2271 8368
6144 13375
1258 5737
2375 6055
10249 15645
12498 16032
6986 14941
9497 12936
4488 5940
2606 6934
10075 14130
1224 7231
646 2286
15498 17940
3717 5196
4882 13624
1192 9299
5144 10912
2155 9488
7197 11111
78 14412
13385 13510
3289 15954
1735 17013
4666 13909
14518 14532
4351 5310
2088 5990
68 2007
16166 17001
3624 4876
2690 5808
11517 14911
11594 15307
5616 14597
2666 3911
5491 14779
5429 13683
6484 12533
10632 17534
15694 16494
4519 13218
2952 6286
11321 15140
2064 3469
3321 8527
1133 18015
11654 16464
4903 9182
10596 11814
14421 15358
5806 14511
2565 15942
5575 11398
5102 11621
5602 8103
2841 5108
8024 16671
4377 11660
453 6771
580 8630
8090 13107
1233 13621
7275 9677
575 769
7866 10963
11841 17086
14214 16002
7652 10959
6258 13011
1415 15099
10358 12435
1328 2356
626 5429
3502 6010
9000 11652
9127 17483
6506 17418
492 969
9407 17120
3977 11343
12622 16541
1836 4968
2867 17974
13893 15678
2586 5218
1020 14697
1701 15290
14175 14944
4338 4766
7391 16476
17418 17845
4036 4531
10397 15575
7611 16540
2865 8340
4407 17426
16261 18057
2030 11918
15058 17467
7622 10452
387 15535
6859 18021
15014 16559
4986 8983
14933 16569
1258 9247
14562 16195
920 7920
10442 17890
3507 8267
2280 5258
301 16619
7593 13450
8926 16720
9844 15524
1525 14629
916 16744
1564 4143
11810 15664
2007 4804
2784 4703
5552 8985
793 17816
5737 14242
8227 11575
7280 13856
772 12792
3010 4829
8851 15329
13564 13810
322 9112
5830 15851
7286 16753
2894 10183
10985 18083
11725 14492
4561 15804
1124 3190
3259 13249
3352 7685
3985 11393
2499 8012
743 9778
10972 13977
486 5014
1065 8156
8718 16827
4787 11483
8238 17940
1720 2179
3074 3126
10461 11105
2166 7818
6958 7139
3812 10395
2864 7550
10378 12144
4558 10778
168 2316
9923 15946
2001 13753
5960 8989
2033 16242
5192 7886
4036 4554
4746 12588
10230 13229
5033 7862
5775 12144
10596 13682
3902 6852
9202 9566
5584 15652
11245 11993
800 5168
8974 9898
1303 15892
5192 6936
11895 16770
7498 14101
265 11533
3480 3970
4261 11095
503 8653
9642 16692
3132 16817
10757 11672
598 6238
4408 10039
8238 9184
4521 11669
2166 4554
14841 15228
14421 14660
7398 15730
1801 12779
4499 11974
919 15436
11818 14435
12640 16877
17520 17541
5351 5394
2825 3823
6365 15361
4738 16695
2048 17419
5708 18073
16513 17824
3673 11433
1503 14175
5138 7187
1098 1453
5219 10304
5916 16597
907 8064
1912 6417
6762 17801
8153 15480
5327 13819
7467 13446
6394 9879
4086 7332
14453 15677
14407 16843
8646 14130
4620 15568
787 2546
13628 17600
1375 8565
304 6560
543 17603
530 17027
13825 17225
2066 14519
601 9769
12111 15938
5460 12471
9513 9567
3294 15996
1442 1592
5853 8198
9176 17190
2447 11979
521 12591
14676 15878
1941 9253
2015 12619
1516 15222
14848 16869
3350 6030
4312 14102
510 1779
4207 18044
10394 13210
5654 13133
12305 16239
10484 13938
909 11452
8678 11245
1057 17906
2530 10893
5707 12219
4684 11646
2731 8633
6573 17225
3179 18049
1054 7886
8681 8820
8010 8567
1289 11009
7736 16924
1297 6472
493 16393
1054 2949
1177 8750
323 2853
2512 5908
15844 17566
5298 8866
6094 13111
5079 8239
2158 12556
5802 17608
2720 13303
2859 16810
9077 16964
1337 12293
840 17177
8997 16749
1797 8664
9271 16353
9706 12580
12483 15370
9647 12901
662 9061
3831 13340
13085 17508
267 7347
3992 14037
141 16906
11668 15525
7337 11517
3625 9583
13081 17583
4088 16269
1710 3911
841 15149
13655 15945
5888 12192
10796 12175
5460 10717
737 9747
9541 9583
241 4115
4975 8093
11249 12987
3423 7072
3983 14140
7886 11260
8693 18078
4369 12271
14214 17797
7481 13793
2236 11837
5066 13853
780 17782
6861 8532
4583 10985
14625 17187
3770 16374
3034 16674
1723 17521
4360 5078
5641 17567
9058 10271
707 3937
2514 3350
5602 6248
735 10494
8218 13007
2111 3765
15341 15364
5316 12041
3447 16238
6311 9382
1753 18013
1969 16153
7718 8152
1981 5830
4236 17677
6450 18065
15401 15772
5983 16345
6426 9856
6098 16144
4603 8936
13792 15358
5374 16700
1176 2524
4601 10378
8203 16260
1835 11573
7050 7705
3028 8203
5285 7097
12238 13871
1676 8472
7020 10190
7187 12591
9112 17705
15629 17396
6334 15092
5386 10378
6615 11517
11244 16150
5310 13849
6182 9528
2423 14435
7423 8964
897 4412
776 10911
2432 4392
15287 17940
14188 14501
10336 14862
1564 2216
11490 14118
17309 18053
6937 12548
7239 17874
2480 9696
8156 15315
1832 10378
16329 16628
8685 9657
4423 9493
8366 9280
7575 11760
6944 12291
1526 14276
819 16633
3717 15511
13620 14991
8085 11926
10515 14159
9042 9198
4190 15588
8493 9605
4173 9370
1700 16919
15098 16218
3234 12722
4057 4703
9321 9519
1461 16917
9648 17083
4101 4261
2341 12508
10522 15881
1693 2158
4374 7042
8886 9234
1987 13457
11897 16441
5401 15012
306 4408
8631 18038
2855 11746
101 14676
8334 17690
10719 16708
8084 13366
7072 8480
7981 17297
5594 6399
6861 8412
6289 11488
3630 9325
12432 16810
7736 17991
20 5190
8118 14154
8366 14676
554 3112
6221 10262
6811 7626
6422 9569
3252 9052
8170 11516
128 4777
7764 12894
13210 15493
51 9673
5310 17421
2106 4660
7761 13450
3463 16503
805 7051
11692 17932
1709 14682
626 17247
1356 10036
3986 14410
10438 16147
942 13012
4360 4708
4199 9694
5603 10380
7002 14175
4236 9647
4374 7238
6331 8718
86 16528
7465 9552
1624 13787
5550 15499
11047 15331
8915 17483
717 15823
9997 10432
3366 13815
14518 16941
3689 17577
13067 17828
4090 7392
8046 13936
5990 13346
1313 5521
14514 16646
10670 16109
407 12473
2106 11634
9341 11454
8410 12672
3522 13261
6475 12893
2769 7268
6458 14057
13961 16217
2475 7807
5715 17789
2751 8974
333 5286
3911 16437
6317 12119
13267 17094
7048 7327
7204 7373
15767 17111
4782 15935
6951 15475
5585 8064
3456 8099
3991 5392
3714 8981
14310 17537
3339 8845
4098 18006
5182 14038
9441 16330
5599 10018
4408 10161
7528 13827
6593 12200
8485 16333
1140 4981
2657 10923
5790 9281
5493 10686
8531 14965
8668 15984
8866 16153
9467 11245
4865 6975
10727 17019
5219 10378
5153 9615
2614 13375
5848 6936
3025 7668
5164 14759
274 8840
6067 9837
1921 14119
11630 15480
6811 15694
10752 16178
1720 1967
2455 2944
1297 15993
8493 11075
8528 10873
129 9331
4417 10262
7912 17713
9166 13300
11055 14676
9265 9683
13064 15606
4788 11092
14982 15319
8399 14815
9907 15525
9569 13296
5889 16810
2583 4689
10171 16066
8700 9229
3286 11968
1641 2990
5584 12179
287 4072
13175 13180
486 4910
4739 5889
1704 5578
4093 10297
1988 2897
5313 14402
9833 15814
10709 14831
118 7190
8891 16726
662 7895
5226 13543
8342 15505
11 17692
1703 10848
4704 10131
2816 3693
5655 17120
4644 5380
13822 15493
11366 14676
2106 2357
1415 7709
7813 12273
113 3911
9744 17933
8633 14400
12165 16164
8633 18079
10202 11677
9341 9732
11709 15343
5661 8306
14645 17779
5144 12622
6417 16304
8149 16804
3377 10478
9312 11366
8600 11517
2478 17940
3034 8838
7845 10812
10439 11622
4006 10021
3267 16316
11396 12691
6815 8194
9619 15454
703 17750
1330 5129
5599 6851
8052 8340
2347 16513
1530 8909
4100 12942
2082 5320
8081 14035
12134 14564
973 10478
10183 15319
1720 8630
10202 18015
6343 12956
876 17858
2606 11235
4407 10772
1884 5981
7548 16408
4638 4784
4007 13876
2791 15892
6722 11005
12716 13903
4867 11448
8571 14985
4217 13298
14261 16767
12780 13440
793 9583
9381 16016
2619 4738
9528 14699
8209 12226
13107 15591
7088 13932
2215 16409
2751 10044
8327 15293
8366 13822
4526 8244
2857 18104
3864 9513
6351 16962
6560 18013
6510 6533
5045 9684
437 8042
4453 8554
2164 3177
9656 12748
553 9898
15052 17979
13396 15876
111 4074
8470 13346
785 8561
1611 7673
11012 16035
10059 13792
10 10706
8999 14344
1645 10157
2344 2425
11714 12988
6614 14190
4963 8713
7035 10071
1354 11213
3279 4342
9796 13790
10253 14973
10632 14038
4670 6111
1575 13953
2478 4628
4125 14369
13041 17998
2937 6274
9538 14618
5979 15838
12725 17076
1811 15280
1733 1791
13577 15285
7954 15088
1318 8085
6977 16138
10568 15396
5552 17297
362 6883
15128 16580
4893 9188
5540 8999
9630 15730
7020 13409
5652 17724
703 5655
304 8268
16036 17990
5152 10938
15158 16686
1247 12993
12252 13721
11363 14377
15151 16829
42 10279
7149 16753
8288 8731
3912 13223
3058 5639
5161 9285
1031 5130
1706 9122
8218 13253
12973 16171
876 8639
997 6560
7714 8241
9062 14714
10912 13919
3147 8713
10589 14366
2409 15518
6297 10431
1433 11507
11780 12815
14306 15391
2772 17910
942 16814
11810 16440
9779 12094
14356 14855
6729 11211
12727 17166
10362 17419
1921 5210
7248 11823
9528 14297
1850 10859
946 12324
12871 14412
12634 14825
7668 17433
4322 9537
2051 16088
10349 14544
3673 3908
9516 12415
3160 15725
3042 3043
2130 12043
4558 10891
304 1477
14043 15987
4343 5196
8283 15826
678 5255
2218 2455
5248 17053
1176 16239
6883 13106
3091 17003
5722 16832
10025 12214
6682 16620
12620 16096
268 14034
3718 14457
3693 7440
4766 17194
13238 15069
10829 12173
5687 6407
11401 12260
8347 9223
2383 7835
1893 5454
1429 13214
8480 15391
8130 14190
4381 11633
8087 14616
1572 2062
2645 9544
712 8532
11517 11608
7942 18006
3274 15652
12146 18015
4752 10298
3064 5689
15301 16539
974 3306
7007 10297
14190 14236
1900 13136
7593 14117
1714 9314
10807 17008
4125 5723
6371 15454
6509 10780
6732 10907
8327 11818
8696 14395
12781 13175
5616 7548
1926 15568
449 16847
10285 13875
3294 12912
128 10707
16928 17297
6331 18015
12893 14000
8840 11819
1112 7029
1850 8179
4121 6502
9112 14793
14466 15411
5830 13298
1223 9183
11714 15977
12094 13932
4393 13935
4017 9378
7145 15712
6584 9489
12530 13746
2731 17848
591 5107
10425 12519
7338 7575
7145 11519
14407 17892
5205 13210
1320 8629
7709 11595
14242 15912
2666 17120
17566 17764
15718 15754
5309 6310
4915 9691
841 3157
635 5085
15386 15503
3630 14065
1426 16541
5612 8422
5492 18098
2008 15844
8085 17483
12979 14885
3045 14290
2158 5835
1821 5038
1766 2854
243 17750
453 12129
9513 15296
10020 14595
1692 10532
2760 8159
1094 3344
444 15323
12649 15491
1793 9043
5298 8384
9868 16455
6295 15499
12341 13706
646 10202
1369 7807
2863 9637
11322 16650
3714 10108
14650 14870
10656 16683
5896 11660
1477 17216
12106 17289
16541 16829
2684 8209
7262 13645
2041 10629
811 7213
5689 11725
6169 9011
7332 16353
5158 14355
5900 8711
3659 3969
482 10927
4918 10206
11796 12498
2645 7857
9380 13064
7705 17146
10028 14276
8133 11291
9649 15180
7916 16201
4373 8523
1189 8783
4073 4100
3468 15602
576 10621
12577 17170
431 16399
6331 12254
14042 17483
1268 17093
5349 10784
7008 15293
59 6883
11959 14374
15807 16074
9622 12716
2360 7513
9087 13581
2423 11910
6441 6707
5240 8270
2371 17214
3564 15329
10573 10723
5107 13226
917 4321
1854 4648
1667 15996
709 14144
9149 10287
9635 15876
6569 15784
13205 16376
11343 13785
3408 13770
540 10353
10740 16170
10271 15070
3665 6093
5577 7554
4678 8748
4573 17999
2645 9260
11270 15918
1185 7519
8193 15832
9278 9778
374 14261
11428 16805
4752 13216
16116 17896
1768 1967
9886 13763
6203 9864
3985 6128
1146 10117
1195 15149
574 3771
4261 8377
2970 7889
4851 10543
917 3717
14605 14769
4201 11388
6552 11488
2111 9149
5775 10425
14170 14573
10790 14351
3937 5693
7008 8630
12536 14535
8100 16885
2449 7473
11774 13008
1390 1751
10389 17090
7895 14704
582 11673
7857 10538
9329 10326
1234 3292
4360 15737
3234 15733
3139 12672
10288 14346
352 9455
4654 12096
800 10650
9968 15814
2991 17507
4480 5430
4942 9957
9884 11434
2054 7544
4677 11673
16966 17212
5502 16680
7102 10425
6978 13409
16066 16518
1369 2475
13215 17676
3012 18006
1514 12387
5192 6777
4236 14579
6034 14219
6378 6417
6449 6623
1974 11832
13295 15987
8415 15941
9226 10356
4707 12778
8167 17047
4766 15346
859 4314
5195 8472
5928 7149
8238 15171
1130 8067
12540 15519
1177 5356
15328 16821
4338 16042
4259 13015
3503 11580
6096 12784
3293 17057
8819 15079
2690 4263
6417 12430
5624 10205
8531 14914
8603 15386
1314 2761
7266 7889
6228 17132
9072 14878
2866 17777
1933 4301
4470 12155
8407 11580
2079 8496
5823 14089
4348 9534
4796 10961
7498 12560
10714 10794
6448 7607
2666 3292
11139 11182
962 9869
7404 8327
100 1229
3078 14859
7598 11921
8567 10677
6458 10723
6933 15169
10584 17511
2105 2286
2971 17840
12265 12928
6591 13327
1165 16460
13600 14290
1136 1931
2994 6666
3864 15335
1357 4314
6925 11818
7204 15169
77 8170
1702 7607
2671 11306
1791 6363
13359 17516
2863 9528
9967 17307
5575 16226
4391 7530
482 14603
10021 13909
5161 8567
6399 15250
6791 16132
3020 15697
5398 14604
3632 15401
6923 9387
221 9945
47 8681
3977 9058
5823 8184
3365 14150
9955 15148
46 554
5193 6407
580 5152
3139 5507
769 10827
2383 16287
4931 6506
411 7009
5830 8851
5612 11602
1686 6717
11725 17309
213 13448
3869 4333
5885 9618
4910 8783
14582 15232
8215 9451
1776 14209
6046 9744
7846 14652
3036 11018
10336 15712
722 1730
877 16635
11175 16878
6135 9289
16891 16917
3100 15465
6296 13041
7009 17908
6498 8617
6749 9756
11523 13014
560 17818
4230 9745
3523 5093
2349 11883
895 3455
928 14660
4458 12568
4111 16858
996 15514
11602 14249
1421 15808
6104 16961
4583 6704
3937 13713
1083 8363
6216 11714
2931 6883
1647 8034
920 15805
2371 14668
2194 5520
16084 17482
14279 17531
5984 10514
6636 14444
2729 11251
6523 16858
309 13238
9149 9828
1522 16043
1233 8366
2982 4661
9070 9800
1101 7290
6672 10642
4075 9283
6732 18006
11004 15296
902 6438
4029 16066
5737 14871
3714 17161
2153 9112
8713 13169
856 17638
6906 14072
10178 10717
1455 17076
10632 12690
9789 10779
4903 10494
956 3408
4131 14492
7671 7975
9696 10017
11976 18057
5033 5313
3310 17919
2312 2375
4025 14747
5772 17899
2555 17754
0 13074
11529 16490
4954 11081
2498 14406
14412 14823
10987 13081
4769 5099
5687 14357
6743 13433
1172 17782
3867 9652
418 9712
213 8377
5463 16795
4864 6595
1812 13758
13667 17499
7989 10937
12159 17974
14671 16999
2360 13632
2972 5904
14383 16905
2618 15267
3138 9165
2566 12304
16683 17475
7873 9349
8053 11075
8718 13551
10286 12024
7868 9626
10521 14828
17307 17582
16196 17171
3690 10923
7873 14765
6051 13200
5431 14554
10746 17011
126 13797
13823 13843
644 6475
4261 10336
3148 16557
3240 12180
1338 15415
5835 16487
12476 14631
3199 4678
3717 5399
5221 8567
306 17690
12129 17871
9001 14043
5709 9625
3605 7268
1606 13275
4006 6986
4179 14251
1607 6695
2490 16514
11865 12176
3747 17293
1172 8825
10879 10888
2949 11469
4315 13814
12871 14759
4518 12936
6683 16626
4146 5320
1981 13153
167 11049
5437 11975
4387 5616
4121 9717
7529 14982
14479 16224
6581 6762
850 5680
1711 6317
5732 16650
4192 5824
354 3264
7696 10095
144 9780
5231 7351
1686 4601
11009 17499
4991 9837
2853 6560
6276 7661
10779 12109
13452 17764
267 16683
9226 17872
5548 12539
2695 17032
2999 11883
13155 16970
128 847
9813 14612
4524 5309
8516 9079
5549 15222
3454 6521
2442 13446
6405 10618
9880 14834
15432 16697
9182 15506
9777 14664
1733 11003
5869 10336
8691 15505
5186 7698
7895 13330
1338 16325
5650 14976
9258 17956
8085 13680
1854 15068
13353 16666
2602 3177
7347 10425
3454 5552
8719 16901
1753 5936
4760 14439
8283 14764
6652 12271
2232 10452
7626 12490
7083 9678
858 6707
7913 9782
12819 14949
10396 10867
4928 14175
11194 15405
7779 15560
9455 16656
8480 14139
4160 5612
1136 12074
2887 16763
2423 15423
2445 13866
3468 11865
5234 17717
6020 16033
58 1693
1783 6337
5468 8864
1747 16693
4906 8653
2298 12091
11244 15849
5616 13230
10139 11948
1717 3058
2229 5483
2111 5872
4135 9528
5772 17149
6453 10710
4714 9047
1516 16490
5497 6642
560 12364
6331 9182
2007 16521
2401 12185
12085 13792
3887 9978
13849 14214
338 16974
4685 9609
3288 6707
6931 17724
1967 4526
12944 14229
3614 6440
2639 15854
10669 17941
2972 3499
3180 7261
908 15831
6713 9765
6745 17711
14828 16280
2751 10318
8193 13466
10794 17120
5905 14536
793 12516
3255 9800
843 16720
10157 12667
8439 17046
2543 11260
12981 17851
8867 11567
14913 16689
2011 8215
374 15783
1009 17643
4554 16325
11092 15068
5186 7634
1336 5189
13071 15408
4062 8511
4416 14576
3732 5429
10299 16235
5855 15559
9551 15492
582 14350
8639 12381
9312 12631
10756 14000
6896 16420
4011 14982
15836 17280
5400 15150
1229 17297
2038 16997
3983 5192
3072 16735
16546 17626
6362 12378
2864 17006
9371 12250
6331 17966
7589 12021
2555 3506
5797 6933
6461 13390
15678 15965
8139 11947
4310 14222
5268 11408
2060 13890
11672 15105
723 14528
1576 6981
5230 14043
4121 8533
6846 14461
553 1911
11781 14072
11435 17418
2179 2958
7756 13202
5096 5235
8669 14900
7674 8136
10833 14682
4509 16274
3377 8166
1 9258
5767 9316
740 5895
10224 11839
11762 12706
1769 9535
1360 6334
8166 12266
662 5161
7657 17240
8786 13385
7613 14219
3821 8747
4703 9636
4978 15358
7959 8965
808 10859
4676 11708
7187 8232
589 805
8689 12336
75 13802
5316 16387
1969 9556
2532 9876
5955 11156
7233 14051
8985 14982
10539 12448
15918 16061
1937 3576
550 9657
168 5190
5494 7735
14071 16770
17372 17966
1192 4194
2289 15505
5690 16238
5450 10850
4673 8751
353 2459
996 1731
5403 11539
752 4800
10431 14453
276 16580
12988 13707
9778 12593
14150 15403
4522 8338
7677 15166
7728 9037
2481 7516
988 1295
10149 10453
12625 13670
2158 10907
12923 13151
6344 8926
1686 12094
1426 17120
3406 4623
3274 10077
1997 10777
9860 13620
215 8653
10298 10616
2062 16827
4448 16066
807 6748
13748 14401
3911 5220
12428 14435
4892 11633
1850 4766
1018 15028
1291 3406
6652 17688
7599 15584
7835 13121
6461 10362
3764 5239
9080 9579
7356 10322
3109 5646
13718 13932
10571 17922
4226 12285
1696 10632
3594 13088
5375 12781
653 9307
16906 17583
794 4501
7761 8556
16122 16129
2695 8794
614 3796
3100 10386
384 11672
5020 5989
3053 5581
15652 17691
46 9782
14139 14729
7769 10144
1729 3436
5374 6560
4970 8934
4516 15081
4258 14856
4006 10177
1803 13764
1946 18010
1864 14843
5380 10532
13528 16358
6477 13422
3034 14859
173 7513
6094 8567
1641 8880
14120 14897
3020 8085
524 10380
8085 12138
6222 12152
15654 16772
2853 7862
2686 9325
9720 11398
4777 15518
3813 8606
17668 18097
6832 16013
12833 14276
12445 15555
9067 13893
7349 10326
629 15337
2974 11668
8199 8393
4030 15555
6238 15814
1817 12560
12154 12430
6335 17941
798 17372
7888 12328
1477 13862
5156 12345
2087 8745
6905 10350
3950 11433
323 16683
13680 16301
5636 7525
4170 11916
14595 17283
7316 10719
13095 16487
6307 8289
4654 4910
9077 14899
5413 17609
12498 15942
3576 8907
3544 11759
9647 11016
4994 10042
5248 13012
1020 13887
14279 18090
1924 12785
23 879
3169 7347
884 6998
1720 6333
11810 16218
675 7238
5737 8204
1710 5630
11211 16324
1233 8132
5590 10183
3456 12911
14820 16692
1692 1719
13169 17225
4179 14400
2087 5610
8083 14176
13011 14142
4777 6406
6482 8231
3673 12505
4263 5245
897 6125
6717 11632
1408 15938
8384 11386
13155 16978
2105 4427
7895 15459
293 6459
2686 4969
2183 16629
6417 15537
12871 15382
10368 12675
6684 9538
617 13405
4673 16362
8636 9600
10354 12485
885 16164
3938 4968
927 14209
1026 9112
994 17361
2502 14362
6299 12662
4908 8671
4557 15311
4766 17800
9126 14569
12448 17090
14247 16025
6232 9600
7609 11053
8431 14855
7196 8218
1503 9661
9936 12966
13373 15395
5230 6001
1913 9736
1453 15281
1712 12784
2690 14667
14532 15993
3139 17864
399 17219
2731 4962
1265 4499
7373 17447
12304 16235
4735 6289
4209 7128
2971 8285
382 9401
5282 14834
13965 14156
2384 13088
209 2608
7764 11428
2894 10158
14380 16779
554 1926
10781 14272
11341 17031
1386 17585
2899 8447
351 1453
1502 1733
9269 10448
3624 9684
8137 13967
3937 7835
12694 13908
11202 12343
8049 13458
5178 5508
248 4006
8866 13539
14117 17519
9699 15057
3252 9727
8187 9260
7480 10836
7234 17025
3169 15363
6298 15823
9657 17714
1605 5193
7432 16382
7763 14406
5597 6904
3389 5158
6373 16613
808 4478
11197 14027
265 16675
3744 4072
12259 15454
2383 15742
2807 15280
1641 11968
6253 15873
5 199
9988 15503
3147 10639
3294 6393
4725 7177
5520 9422
591 4482
13822 14401
2944 13007
11417 15968
4086 17225
16505 17893
1878 14126
1408 16212
10629 15993
10675 15011
1121 11328
12033 17226
4795 11936
9839 15814
6453 14817
3825 10832
11936 17170
863 9949
754 11988
2048 12425
5964 10339
3404 4143
1733 6518
927 8864
1700 9737
14974 16587
5436 12333
11701 11883
1149 13707
10396 17577
13933 15776
17342 17506
5645 15126
518 12596
6567 17369
5885 14389
14819 15012
12103 15296
5960 14090
3807 5790
2273 17764
2651 5755
13824 16961
13933 17893
9278 16648
4016 13678
5173 16961
1503 3752
4657 5791
2870 13077
6725 10685
3983 9183
54 9366
951 5327
2018 15622
9026 14604
10336 16900
10039 17047
3851 13276
4947 8743
1778 12773
8288 14038
1682 8713
587 15525
6344 17824
3389 11249
321 18087
6663 9183
364 6639
4216 16382
3289 14564
605 13455
3856 11373
8268 18015
4187 9253
10737 15998
10907 13767
10068 14116
6181 6381
10291 15087
6748 15524
9610 10991
14376 16503
4320 13551
7652 7980
12523 17475
1175 4514
230 2769
6071 13792
5392 9347
7698 11245
776 12073
8571 15468
3060 6715
1195 13298
2894 14544
8215 10392
6872 9658
2451 8848
6791 8342
927 2394
9908 10015
7045 15514
1812 5814
4196 11446
13169 13604
3755 9307
6222 17541
2510 11273
2673 7035
2274 15281
885 9288
15349 16926
2265 12111
9382 17975
5945 9229
5742 9005
10375 15406
6846 10596
3927 11399
5235 8551
5192 16578
12721 17734
100 7296
493 2803
4170 4348
7668 15572
1309 9887
14451 15026
10203 15015
6302 16316
2401 2534
16116 17090
5243 13495
14857 17185
10250 15105
3823 4350
9260 13667
5627 9528
4962 6880
1313 5637
1233 15064
12378 12584
11921 13218
659 3583
10632 18083
8642 15514
12037 15703
1177 7385
1717 5429
6052 7145
12302 18045
1077 8658
7516 14648
2645 6643
1167 13107
2563 7929
8447 14080
2012 2790
589 11652
10576 12924
909 12549
8531 8974
3236 10294
2358 4708
8779 17855
9662 12620
2543 8761
12431 13982
15814 17774
4509 9269
4563 6381
9292 11756
497 9300
9140 15042
4673 14441
1176 15404
1352 14719
17701 17838
1414 15612
1060 3364
2681 6670
11033 16419
8172 14407
947 7764
3330 9562
4644 4734
4380 10568
598 2769
1229 4628
3964 8986
5454 11473
3535 6262
2057 16132
7335 7969
596 12921
6761 14393
7925 12905
11635 12799
9522 14860
5316 8025
9726 11603
10888 17157
6705 8576
173 6311
5088 7187
934 5583
988 14081
12135 14428
13492 14131
2164 11127
10758 17995
12378 17398
1174 13732
2007 9378
2912 12678
637 7490
125 12196
798 16092
3227 16244
1135 6206
4096 12360
9278 11768
11366 15396
12071 16142
1570 9598
1318 11155
1283 16042
9726 12179
2225 8713
536 2645
2212 6745
5426 14101
14369 15852
2208 7347
7371 7807
3560 8553
8860 11924
671 13706
4766 17714
673 8009
12744 16921
12325 12364
6707 7698
6659 17861
2487 7942
14582 16827
1167 6542
4788 14436
3179 14004
3142 14994
7942 14249
1536 8138
67 13107
6732 16096
10260 11570
2187 14353
1195 14616
426 5486
953 16917
10543 11920
10053 10931
4362 6958
13827 17120
1692 13250
10545 11191
310 16514
10385 12234
3140 15169
5802 9560
5032 16614
2066 6760
3251 10705
9672 16853
8647 10984
2078 10514
3983 13761
3709 14466
11539 16518
7480 14356
430 9385
8085 14143
10907 17880
5460 9152
8154 8179
6119 14768
8139 15415
9756 15878
14168 18081
5640 15553
3970 5193
9571 17825
1453 17638
12928 13933
6861 14453
11635 17603
13347 16650
8452 9965
8105 16138
6919 8249
7805 10304
10976 12580
5928 9260
12483 17899
362 5154
5245 12737
1237 17615
2190 15493
7270 15177
741 14802
3098 14217
6627 14719
804 14994
5228 13044
4310 12221
5871 6610
2054 12277
997 14526
2198 4612
2165 17626
8353 12652
6347 12063
7544 12857
9205 14928
1083 11188
8775 15697
3289 8485
6783 13710
6412 9908
14982 17372
5718 16788
885 10183
4483 12622
3850 17388
6560 8533
2135 6282
1193 13748
1320 16601
6333 9253
4391 13898
5186 13506
14000 18065
5014 17272
827 17800
3815 5190
14466 15468
4348 13707
7643 8218
2611 8776
8871 8964
10740 12113
4375 15318
4547 5465
4404 14471
3632 12809
2088 5378
1009 17082
8847 11802
3673 8847
4799 8860
495 12085
4372 7121
387 18066
10593 12104
8821 10972
785 8748
3047 14219
13537 17626
1289 6417
2756 5603
4664 15664
387 4628
3457 14373
3439 10249
8821 15232
15572 18082
1289 10211
1367 2290
3660 6365
5438 6715
6096 13229
5725 6363
6423 7068
9823 14493
9106 14636
3447 16092
5905 6317
1033 5105
4784 10229
9790 11252
6105 13958
2384 10720
6811 18006
10853 14854
739 16753
10941 13933
12960 17249
9134 16924
1720 7544
7337 17630
14492 14622
6822 9242
919 14233
3045 11605
1670 1825
4233 17117
3864 8434
1768 16521
7214 16955
3818 5192
1978 14803
4953 13360
3092 10181
7408 10490
11312 11853
9260 13448
13991 17543
6533 17191
1849 11632
1719 13767
1357 10044
5969 8095
12883 16274
1739 17070
7045 18009
179 14837
289 15511
510 13348
10648 17521
522 16805
2329 6138
913 8241
2040 18056
3248 4412
1153 8528
10912 12402
10378 16458
2357 9066
6347 11661
12109 14409
16135 17081
9129 17726
6777 11454
2025 13792
6740 14071
5055 13370
6664 7477
1946 15382
7062 10328
5298 15120
2822 16874
8676 17105
3289 10712
5788 11104
2025 7197
2138 17624
1850 17255
1033 2910
6462 15044
5767 17315
8553 11755
856 17559
10378 16829
1334 14081
10632 13827
5630 12780
1708 9960
5702 16749
14369 17368
9589 16559
6284 16179
3885 7215
246 484
7262 13191
2550 11810
5651 14382
2870 3454
2512 3782
12516 17385
4519 14177
5439 16984
11186 14010
13498 15761
17095 18021
13667 16934
4766 7732
146 12390
2789 13628
8675 12471
4179 4794
2757 6852
6455 12982
7085 10055
4503 13315
2614 7473
1384 14894
16650 18006
2976 16998
5187 10209
8680 11847
2595 8811
2104 10924
6843 14476
4770 14941
494 2380
5976 8117
12498 15965
353 15164
367 7196
7891 8443
6429 13594
704 11211
12338 17652
11875 13050
1342 12859
10972 17057
2069 8194
2481 15602
1051 5249
5089 5688
4521 14894
4873 14704
4190 15602
2945 17905
12448 17896
72 3624
15772 16514
8324 13713
4186 12382
2693 5688
879 6193
4410 7857
3863 12923
7321 7864
1798 2216
3025 16082
14370 14929
6104 14476
4598 15582
1706 14016
7771 9605
4404 8081
8064 13016
7698 13099
13060 14396
8387 13203
6104 10794
4349 13218
165 12061
845 3712
10124 10425
9875 12556
2193 6334
5261 5999
1453 9618
4704 11832
301 5896
7244 12103
1344 1460
9605 12165
411 16116
3179 5981
6422 7168
16061 17120
919 17959
4633 13229
5304 12196
818 11725
119 13259
6715 18046
2545 11833
7719 13961
1569 12226
1473 10794
1245 8239
5217 14759
8240 14242
9622 12426
7895 12519
5310 8140
359 1279
13567 15285
2857 16316
10770 17975
9943 10092
4343 15580
7321 12599
4269 9653
2151 16735
10135 15609
4555 9380
5885 15807
1414 4782
12877 13022
2645 2736
756 5202
5268 13433
5 12261
189 4413
7807 10038
548 14704
8083 16004
552 17277
10650 15472
6474 16983
1730 5382
8209 16353
11740 14241
7656 13468
7371 11519
996 7611
5164 17502
5876 6214
879 1910
7002 10608
5977 6203
1146 10594
10038 13991
7910 18043
141 3519
554 6030
2487 12580
5696 7485
2531 5138
4141 13218
11839 13906
196 664
6949 17902
5690 6363
4518 17495
739 14542
15345 17612
8584 8944
1068 10842
8985 11865
5515 9513
10960 12146
2634 11832
749 15350
218 10555
13390 14595
101 17689
13247 15314
6344 15257
4111 5990
3087 15389
4198 14284
12085 16325
7985 9566
4745 15694
4070 8476
6694 17892
774 11711
3029 6417
1832 11249
3173 15272
6344 9196
5349 13121
1778 14785
8479 14263
3593 11517
8277 11883
14625 15780
16194 16513
3981 6443
2284 10598
3649 6569
6322 9302
956 8691
16886 17440
5650 6559
8412 16541
7721 15360
4668 14448
4201 13302
7195 10000
6489 14160
10122 12563
4968 9223
3475 13209
1248 15652
4322 15789
2052 16762
9806 17063
1834 9696
5478 6761
1714 14102
6214 11592
4775 10642
4006 4673
6516 10460
8842 11744
4739 11422
476 1719
974 10770
2007 14024
3964 9692
345 15696
6310 12230
7002 13634
7002 10862
4753 7233
7226 17598
15180 16792
1706 11974
9196 10870
8869 10378
6384 10704
6098 8112
8855 9902
1294 7690
6529 8313
2568 11640
3993 15198
4915 8730
10907 15627
4601 8327
9154 16734
752 6094
8382 12619
10937 18040
1586 8372
8567 15523
2734 3543
4577 16402
4204 16924
8869 9066
7949 16505
8472 11734
1676 3390
5164 13304
10025 11521
13932 14229
9937 13408
5546 13718
4246 7413
1303 10982
1850 14974
7252 18061
1094 5243
10514 14290
7807 13770
14407 15897
9247 12599
144 4633
12834 14843
2645 11396
1784 12364
12792 15112
1386 8527
8179 13162
6363 7347
6216 7226
1692 1866
7249 12514
8384 12691
9645 11819
7731 17968
7149 15280
179 5361
5545 6289
12186 15551
1544 14881
5073 11001
4405 9718
3447 6277
2066 16449
6785 15466
4057 11818
574 9768
7332 14031
9552 12041
13136 17932
101 16900
5788 18021
310 14667
769 9507
14409 17088
14383 18096
1941 12442
10359 12485
17137 17908
16513 17707
7946 18021
516 3652
3906 4930
13802 17760
1997 10778
2384 9410
808 5438
9677 15525
7319 7607
273 14218
12717 17684
16296 17514
2286 7291
8311 10088
997 8307
1265 9229
4519 16161
3630 17507
2784 16395
2690 3482
1174 11740
600 9902
5680 8401
11422 12432
2610 4777
9694 9822
6741 16777
173 3523
9894 15511
5365 8372
351 8002
4964 15697
9892 16215
7139 8567
12428 15525
11672 12428
13076 14150
1031 1884
1675 2693
14902 17624
2298 17008
9466 10460
2511 9868
10202 13333
12929 17591
13243 14976
11009 15004
6394 16458
1832 9696
437 6002
25 9696
14667 15088
1077 9889
14012 15916
6697 11882
934 8049
927 11740
4770 7244
13919 13969
10568 12532
1089 4389
7296 10807
6494 8353
5093 13216
9858 17475
11396 13090
5055 16928
10378 17483
7019 11604
5426 6685
10495 18082
4947 17496
12809 14987
6222 9908
550 3692
12128 12379
2165 15296
1901 4735
8516 16166
7879 10106
6182 11433
2111 15683
7653 16332
10157 12463
1077 5805
7844 16427
2319 2693
4749 6067
3519 17393
4978 16518
4347 8295
5603 6663
11668 11829
3330 4399
7976 18092
13166 14204
4349 13460
3741 16541
9423 15174
5306 13969
7332 8713
2524 16239
11993 12271
1855 13373
3717 7657
8366 14356
5515 17737
4991 13966
10775 13105
2143 9230
1760 2555
3317 8384
2679 15782
5285 15685
2753 16464
1681 15836
12135 13398
4006 14441
3148 7785
2383 8388
13275 14603
550 16203
5054 14230
3823 15927
2690 10059
9636 14833
7338 13405
4367 10595
7321 15290
5353 8204
5541 9178
14251 16906
4903 12082
3495 12094
4405 5795
10294 14435
1139 1140
1607 4360
4116 15415
3395 9983
6596 14843
485 1192
1578 12498
7525 11433
4678 15938
11168 13196
1059 7960
4488 10888
5928 10944
8915 10841
103 13877
1200 17617
7372 8718
595 14435
14445 16424
2166 17342
11929 17511
8503 9976
1665 18078
5077 5260
306 16769
8907 17387
510 14310
10584 17225
3159 16694
364 15890
6298 14037
4963 12893
9718 11946
13620 14532
1121 6416
4598 7525
1706 16076
3077 16547
15912 16061
7270 17120
6250 14939
9078 9820
5214 12614
7627 17436
12007 17225
3252 10930
3094 16016
6097 15182
516 12703
8541 13420
3526 15153
9255 14886
14376 15912
3177 3675
550 8855
6430 14721
6182 12146
2360 16303
8327 14035
8258 8926
5739 7857
1334 3214
888 7371
7432 8571
7857 15586
1164 9145
1988 14764
8725 13871
8116 17225
2341 11206
1297 3427
11858 17385
3502 5714
2052 2770
4732 10700
1832 13385
1195 4217
2475 13304
2449 2498
12500 14591
5304 10595
5465 7530
582 1803
5664 8096
5268 7738
10342 10807
2377 8518
4069 10108
9896 10426
4431 15511
9171 14753
5738 18079
10284 10477
8237 17492
2358 13876
8433 10972
1849 10705
12273 16415
4494 11543
1529 12090
3364 3818
6302 17495
2122 6813
10758 11506
51 5709
1678 16148
6519 7485
8533 14492
10551 11181
7295 12410
2880 4766
15622 17412
10927 15290
5591 6353
2729 10137
8113 11064
2820 10601
7747 8757
9354 17980
3064 16756
3632 8412
11334 12724
3317 6999
1408 12766
7917 8838
1218 13998
4647 14445
12879 14746
13296 18010
5928 6202
4547 10451
3584 11731
2619 8700
1706 6331
1676 9538
2222 4006
8869 17185
1655 13437
7613 13597
8366 17449
8214 17403
4170 8382
5518 5519
1429 6599
11934 13235
963 12265
3671 9213
614 8573
3637 4616
4011 17170
14939 16329
4374 9522
4379 4905
5161 10580
10656 16692
1094 10679
3599 9475
3977 8222
8775 14131
2436 11871
2475 10863
3770 11235
7478 12898
5463 9822
13373 17483
1294 4275
2872 8881
3911 14376
4150 15526
3823 8588
4927 7384
9898 10705
11106 15237
13894 14052
4994 8488
16397 17514
4531 13483
15637 16269
516 13718
2742 13974
10370 13461
5353 8166
2565 10051
2610 4665
8090 13114
8166 14140
3124 3531
6861 16541
12799 15518
12505 13457
7719 11102
11940 15568
592 1731
13781 14160
8262 14135
7747 12177
3103 4331
675 12716
5368 14405
12487 16434
10273 14407
6669 13230
7556 13245
11541 17594
2010 2542
9598 11282
3270 8916
1509 17275
8815 12536
5861 9958
8713 14453
234 7598
3539 9640
9780 15873
2741 13903
14652 17415
12254 16650
7161 10346
3667 12321
6236 8794
9280 11883
5215 13041
6544 11437
1565 16714
3808 4616
14911 15980
1044 12476
12140 14446
2525 9544
5689 16407
26 10076
1523 7912
5492 12778
750 2991
10685 12685
5945 9354
5796 13115
7149 15387
6407 7582
10907 10956
5491 15423
238 16961
2990 8239
14453 15568
1083 4620
4771 12307
11075 14655
8237 15993
1083 2341
126 7325
8956 14984
2078 14219
9134 14562
3712 9466
2425 11196
14249 17372
1289 10474
4121 11999
11393 14249
5583 12271
3243 4991
288 17691
2787 8254
1358 5743
1313 6652
2970 5862
5398 13792
8495 16762
4405 12580
2751 5896
8327 8682
7685 14448
9307 14897
11588 16807
6758 12264
4703 8561
2684 4412
1404 11896
5491 18079
8174 17264
1289 4158
2542 14071
6202 18048
2873 3169
15026 17014
15993 17008
2347 9534
11038 13519
4431 13991
14595 17098
8414 12293
5349 16560
2605 10665
14825 17376
2158 8067
13156 14731
10578 11982
1153 13804
1717 15171
802 3802
6643 8457
15302 15303
6377 9452
16162 17904
9516 17630
11560 14843
1915 10686
2745 15814
2543 3423
1033 10057
2555 11802
7417 16063
11481 11574
1666 16869
9474 16135
11664 16805
750 4093
5819 8718
5438 15697
10246 15977
8952 9278
6810 7196
696 4238
293 4499
1947 2914
1701 11621
1931 3922
11986 13582
1487 14369
10296 16212
1167 5037
928 10425
2454 11095
7244 7423
9222 10705
12740 12789
11132 14000
4929 6937
11386 16551
8133 11155
3130 4263
917 8985
4167 7097
7177 8923
9066 18048
8396 13830
12464 17008
2745 7532
3725 15462
1172 10685
12770 14492
1174 10077
13396 15391
9411 15151
1779 16488
10573 13890
1477 16821
10760 17400
6037 9462
10530 15386
1077 11370
17419 17553
859 10484
141 7936
7250 15040
197 11231
10907 17782
10141 12556
9534 15373
12928 16235
5521 5779
9768 14188
13368 15814
4422 5309
1717 4892
11294 12993
3605 8936
4175 12475
7760 13106
5158 13916
9 11423
5422 10628
7159 12542
7084 9278
11634 14251
13038 14102
1330 10146
10756 12083
6214 12596
4343 8327
5483 7866
2611 8818
7321 15011
3251 9551
2733 13663
8838 10522
3741 12060
5177 16563
3692 10023
6128 10768
8087 14595
12560 15438
12717 17105
9985 15652
10235 11196
4532 10658
359 14244
9534 11666
2316 4147
15500 18021
1289 7371
5161 10274
750 5738
5655 17516
7565 17824
9070 10436
7630 13359
11181 15649
1692 3074
2284 15361
6214 16771
5889 11553
4652 5933
3148 17583
1924 6340
3289 5723
4533 9908
7521 17785
941 12237
144 1832
5133 8646
9797 12861
4057 5732
7572 12703
4894 9341
2449 15924
11662 17272
3983 11222
4768 5106
12233 17459
1044 12269
2481 16329
15319 16490
7307 9256
8996 10946
11425 13460
1343 2254
3053 17627
1477 1706
323 1477
2989 8495
3636 13753
7008 11901
10791 17892
7886 18098
14837 16733
5210 16490
9271 16541
7696 10834
5094 5277
5559 9173
5150 14140
1719 3077
4892 10945
1851 16044
9471 11053
1541 1892
9382 17333
5325 9100
5454 17203
2709 3489
5099 7476
2099 6707
3859 5683
10790 16659
6409 9300
5900 11917
8532 14005
9213 12591
6623 14846
8410 10131
9134 10108
1588 1972
8049 16961
4519 17924
4262 10909
2105 17098
1803 6119
1275 12822
324 12699
14793 17590
1988 2267
5529 14549
4829 8502
3357 3708
4678 16362
1453 9522
7016 15567
6331 17225
11633 12411
3254 13142
12757 13046
5088 5994
8327 16578
7801 16442
8713 12470
1701 8435
5158 15873
1650 11380
8472 11129
3376 8567
2149 4396
8713 11255
16650 16880
6519 14843
265 533
2438 9066
16790 17514
6507 11814
10812 17537
5568 13220
8774 13978
14900 17897
4775 14888
4523 11517
3857 10343
3851 14342
14390 18037
10495 14402
406 5945
14356 16353
3035 4773
2380 12099
5933 11346
9696 16167
10026 17428
5410 16284
4518 7956
14669 15849
7910 15425
11768 13988
1778 10230
15580 16800
5595 12259
7178 14612
11057 12083
14031 16490
8399 17991
5916 9411
7731 15677
7291 16089
12519 14815
6353 11165
8578 13170
16 14829
8571 17347
4380 9875
3689 10484
7244 8434
2991 13674
99 7985
14504 17949
64 3935
6810 13460
4965 12929
3169 11817
4494 9791
3306 16217
9986 17508
2887 7026
6556 16725
4327 13347
1937 6329
173 5584
3994 13391
1374 12477
4320 13492
12857 14687
553 3169
11316 12716
703 15873
8576 14080
3365 13367
4932 14130
4796 7294
720 17568
2333 15942
3166 11554
3169 13827
8237 15236
11149 12438
17053 17640
743 9662
11788 13164
4134 9070
14070 15046
11460 14902
927 1967
2360 16934
5916 8821
6113 9552
575 587
6214 6579
10944 17583
6302 10139
4060 5580
10226 13322
13185 17317
407 6538
2600 4682
553 16714
7504 10108
2914 5530
5357 8237
12495 14724
13 4873
68 2076
6615 14501
2481 8985
1458 11820
4704 9907
623 6012
12866 15993
10797 13480
10378 13627
199 8574
5394 13153
2328 8628
5945 8700
384 14455
6271 14134
6643 7987
7755 11739
5627 8821
13654 17081
5791 7946
4153 5066
3491 5357
6384 10523
4718 17534
11450 13295
11090 15404
1929 16829
10181 14209
7732 9263
3444 13366
5747 9612
14466 17599
10036 17406
3179 4882
6298 17940
7157 11694
7168 11731
1174 7561
6247 8132
15028 17433
11847 17483
310 7254
6761 11707
3430 15081
11213 17475
9878 14734
825 7845
6384 10740
3337 11634
5479 10576
8543 10475
10285 17008
1605 8936
2761 3037
8633 14785
12265 16489
2484 2496
8485 11652
7676 16293
2540 12540
10285 13281
1263 14370
3377 4011
7164 8046
5289 8503
1177 17974
11692 11907
1289 17818
3956 4279
1926 6973
9908 10235
2518 15961
4320 8116
16903 17212
1235 7934
4017 10417
8860 12817
6861 9618
10380 18066
4393 17081
8058 9134
12265 13172
1910 13898
1098 7495
8553 15363
8668 11038
10420 13694
8633 13281
13770 15712
2316 10038
16074 17632
2002 17818
15015 16346
5351 15480
2040 14868
2708 14119
12317 13210
2512 17248
4703 14392
4808 9058
359 16865
11283 13454
3960 15694
3910 13757
4796 6331
4008 8599
1565 3630
11041 17387
8830 16465
1526 7503
5940 8713
5627 10717
10295 10827
1275 17092
8294 11725
16274 16805
1946 15218
9727 15318
6322 14965
3423 15582
4459 13718
14356 14535
3879 14379
1928 9660
1621 16368
15652 17848
9 11304
3269 3301
6412 15505
8691 9082
2892 9538
1733 4945
6331 17032
13458 14256
15212 17085
4125 4401
11865 16964
4411 9314
6654 8232
3376 8599
4890 11883
3964 12165
5806 16194
5756 14039
14824 17710
14053 16744
7213 9843
1174 1967
2839 8675
5459 10356
7372 8285
751 16198
10250 13961
7270 15493
11517 16559
6623 16835
6132 6844
1940 6382
40 4413
1559 10332
2794 13851
2574 14435
6394 15873
9200 13078
7327 16682
2696 9329
13578 14131
2846 16504
13879 16563
506 5814
6811 17690
7072 17675
1776 8965
8815 12146
4917 17249
8017 14263
3037 16572
575 17008
258 4569
10183 10533
3908 9123
5463 9263
1733 10628
3764 12532
10285 14409
4342 11507
11046 15652
5981 16505
6783 16528
7747 14435
8621 12519
6135 16817
845 13624
2222 16113
9477 9780
6317 14817
13617 15923
8267 17840
2861 8996
253 3493
14251 15652
1763 14140
6401 8373
275 856
2088 9057
1174 4869
12991 16627
6331 12928
7 15840
4628 14453
5716 15820
8193 17940
9143 11291
15403 16469
9605 14730
4665 15164
7873 15151
5702 14803
3316 5164
622 2062
2358 15797
476 5310
12530 17691
4412 12443
2453 10153
4903 16541
374 3574
4719 13770
1914 2853
6543 12091
7240 13368
9517 16703
15968 16703
1120 10740
1417 15733
7388 11075
6560 12519
3692 14625
2440 2924
13932 17949
12267 12937
6843 8713
4380 6973
9407 11817
13775 16531
9780 15782
6382 10218
2919 8646
917 3906
3689 8736
2475 6412
6858 9619
179 16508
1700 17893
14379 16894
10222 10336
6496 7270
2212 5382
2509 4414
4665 8751
16397 17908
2360 7936
11999 16553
8933 14797
1114 9370
7473 12706
2970 6915
14084 15548
10833 17684
5768 10235
1428 5276
7036 12893
2446 8012
13089 14182
3055 10075
1370 7342
3049 15046
6203 13683
77 9777
3348 15938
13991 15697
5767 15126
5929 13881
6118 13961
1400 14437
5584 15423
6574 11321
7023 14981
10080 15697
10247 14502
11849 16164
11609 12954
5169 9806
4131 4628
1318 15440
909 11870
1794 6540
1354 15274
1415 8811
10 6311
7850 13290
1725 3007
10225 16303
8524 14188
14031 17225
5026 8553
5814 15041
3038 7005
5736 6331
4510 6318
6895 12507
316 1508
7915 10940
575 14459
7886 10985
7308 14234
7613 14043
11638 11698
11296 15085
600 4519
10235 13822
7825 11098
516 14962
3019 8203
1769 11538
3816 8371
14765 17568
12442 14409
10297 11524
10859 16299
1568 13650
673 3020
5990 7288
11631 17583
5093 9067
607 5908
4127 13885
4785 18028
75 12628
7164 15874
7945 13769
5172 7651
7184 16955
4882 6915
5044 6636
3571 14843
10321 17919
11883 14453
6010 8133
11242 14279
5457 6694
17125 17568
7938 8414
10326 15036
2887 15518
11818 15423
6609 15357
7496 8975
542 10969
1874 6512
425 766
2217 4494
16970 17568
5513 13611
10160 14466
7277 7818
10496 14939
13979 16648
14913 15269
7048 9590
8831 17166
2563 3426
1509 13061
47 6638
4851 4905
7373 13554
7087 9213
3721 16939
281 5119
12232 13121
10693 14132
3092 10394
8327 11454
12060 15807
11121 12293
5870 15178
4730 10218
5595 8138
4881 15415
6011 17949
10610 10784
9605 13230
11769 13988
4554 11894
1984 14179
14629 16700
9770 12260
614 8732
9653 12549
861 4553
3056 8042
2052 10846
2211 5952
3495 10752
9176 12260
7258 10812
3692 5405
2415 2751
1704 13144
15317 17214
10412 16810
1045 11909
10462 17896
1176 7719
12660 13477
11720 15678
1981 6466
1475 13192
5168 17008
5492 8588
1680 3705
8983 17479
17604 18100
12265 16253
3257 14891
3190 4766
10831 12060
2751 4328
3737 3928
1966 2297
5218 7609
7708 11621
12113 17624
3540 13969
11521 12746
12910 13064
3869 10202
1355 15900
9390 14409
9658 12264
13537 18009
13510 14928
6958 7579
16065 16524
75 13925
4415 13939
536 622
9830 10329
9528 14263
2365 2982
1666 14542
5871 15859
12114 16902
1172 11328
112 13537
11195 17171
556 10750
1878 11460
11053 17940
2435 3289
6359 17568
444 4895
7381 15445
8356 12961
2423 15201
5382 7807
14480 14888
4875 16659
4362 12254
5860 12086
13878 17398
785 12129
8647 11273
1803 8549
7294 11290
10116 15505
10832 11275
9016 10226
1704 11532
4947 5612
4020 9644
1240 9772
1836 16316
2166 11444
4006 14450
4263 15524
1776 8718
4908 12047
8588 10850
8561 18079
8921 15680
1815 5651
13843 17115
2101 16509
8821 11146
7021 17934
167 279
6258 7665
12113 13596
3938 9055
8184 9958
5867 8485
12541 16014
3588 15171
1720 7002
10235 14667
4314 8965
8218 13284
14705 15151
7473 10884
11413 16764
9851 11633
3836 15250
543 3502
6477 8418
10123 17731
7347 16521
4239 15377
7594 10925
13557 15446
2300 4742
14623 15789
1901 15668
10832 13179
939 2466
3206 10994
6104 10378
4383 6778
3529 17706
5177 10836
11830 16061
2514 14378
4031 8470
16071 16905
2998 6607
2915 10922
553 1850
1183 1706
3081 10760
5690 9633
4006 4991
1832 3389
121 16161
4947 8720
4673 4777
397 6436
2780 7530
12789 14174
5830 10032
3622 7635
12624 17275
10104 15767
7111 17088
1114 2709
14680 16382
2455 10318
4416 13632
11448 13792
6453 14825
12144 14355
10044 17372
5190 6506
1318 9619
1467 17088
1236 4005
14965 16144
4263 11915
8869 15328
8366 14613
4455 14353
7146 16007
7886 8040
3398 9005
12091 12179
9543 15561
3851 12383
15109 18065
10784 17353
10742 11715
6707 13767
2503 14635
10784 12476
15151 16434
3565 16950
554 6997
9660 12765
5349 10854
1562 4239
14131 17974
34 6664
2082 6195
1093 16217
6977 14198
2183 17599
7681 9410
5351 8153
3870 5131
6937 16700
1110 13510
8116 10044
11951 12096
542 8244
144 2283
4348 7851
2867 10175
3028 11085
13170 16409
5105 5452
4666 8751
165 2731
3653 6247
8958 16731
4542 15319
11564 16316
522 16694
7668 14639
6250 7373
3174 18066
9195 9823
1941 4396
2113 14822
7750 10569
8157 11124
1719 13085
8194 10972
8119 15077
7393 9581
7956 8567
1404 16235
2047 17372
8533 9271
526 15938
3243 15697
5426 17144
1907 14889
11575 13916
8047 17123
15 3520
1552 9470
859 16955
524 15918
4030 4700
103 1967
2491 8718
13081 15465
5492 6394
3851 6228
7609 17614
144 9066
6159 13871
6550 8203
1912 16721
10336 11244
3139 8742
5552 14241
10270 15705
5513 10843
5350 13767
2709 7575
1962 5174
1442 14687
3254 17782
5454 5650
4978 11366
1318 14312
3207 4999
10171 12556
1059 2039
2163 10941
5694 16864
1195 5479
5379 17770
6840 14637
2062 16434
4192 15757
2473 10064
5454 15085
1960 6978
7685 10270
2931 10630
8568 9058
305 18067
4547 13898
10538 12196
7321 14603
9903 10870
5082 5525
2010 2763
635 17591
673 3605
2816 15732
7879 8116
9182 16383
5306 8571
1477 2319
5859 9782
1695 15876
5104 11630
4323 17363
13179 18006
1258 17630
4684 12800
16956 17882
382 13226
2684 3195
682 14574
4021 10596
8170 17800
14602 15530
1467 3318
4772 16344
1398 14440
739 5296
7548 15266
14249 17226
9203 14479
11258 15613
7051 18069
9260 13771
4628 4662
11255 13500
99 15514
5394 9506
599 3564
2052 9646
77 10610
3373 10893
2034 12911
765 5570
3683 8847
4021 9280
14535 16650
7144 16021
8843 15358
15499 17575
13831 13867
8583 17521
855 3911
14629 17297
17874 17877
8571 14843
7189 17987
2899 9808
5289 11551
12000 12865
7375 9356
11029 11187
3564 14140
4057 15965
275 17502
15101 15646
6621 16331
600 6810
10199 15912
11322 17156
11950 17063
1368 17393
4755 16770
7195 14332
793 17886
6812 16869
2865 9224
879 13210
13946 17782
2496 4552
4006 14421
3756 16873
11113 13041
5276 10820
1878 8985
14451 14506
11617 13085
7953 15470
8943 16267
1676 12525
2622 3606
12144 16541
8355 17593
1768 4869
3426 7929
10217 12291
1122 2244
1961 12533
229 2736
1728 7609
6032 9918
14578 16984
6030 10972
744 6977
9 9895
1347 4007
7480 9474
5906 8958
2543 7928
3632 11986
3908 4568
14395 17398
10278 17724
6937 8869
2358 16304
1214 8848
4991 7355
10826 15094
4143 8136
9325 15456
9272 14578
1289 2263
3227 11871
833 3842
2289 9958
2459 17433
2684 10781
15352 18102
13405 16093
3693 3791
11167 17975
10318 13828
16643 18100
14093 15868
14310 16393
6453 11343
5771 16878
7980 11001
15328 17601
333 13703
7422 12917
10922 14419
14033 14310
2440 17156
9622 10936
13656 17653
7157 15499
3373 14616
5164 12271
504 12660
9569 11452
9120 14677
12809 14248
5933 16397
7474 17011
1653 4343
7084 14074
3139 3147
6417 10766
7185 7818
5637 14785
14595 16089
589 14893
2935 15539
11554 14239
10329 13161
4374 13689
6331 9300
4777 12177
11570 16288
14011 14056
739 16869
693 8980
916 13366
2259 3408
10378 17485
7149 13667
10861 17377
5889 13706
2138 10983
1709 4327
7120 17185
7083 9735
5599 9278
3801 15342
14361 14737
2373 4574
7806 16434
801 3263
9865 15272
6527 8088
8485 11261
3464 15415
3539 8241
64 14989
6107 6919
4179 17981
1850 9261
4020 11429
2150 11180
2052 16332
1763 16061
827 10038
8151 8543
6623 16981
2062 13919
5655 16960
4253 9249
7483 13196
1026 16902
521 1522
4999 13370
5492 7627
1083 13180
166 7210
43 6506
9084 10983
933 6882
818 12492
13391 15876
675 14855
3493 16736
6338 9586
7765 14483
4807 8207
599 5351
1573 6263
5190 11971
4200 13356
2451 9828
8283 10845
8096 14140
1728 17940
7705 12164
8237 9058
47 12341
2011 7786
4387 9329
1711 13648
4017 8495
11539 13142
962 7465
1562 6338
2544 16231
10203 15772
1830 12571
15401 16530
1111 5038
4542 12993
1112 12860
4531 14057
2694 8379
1178 11887
8382 12254
5054 17404
2835 9600
8530 16306
8351 10036
1580 1803
164 16027
648 16135
3337 16395
5914 8283
301 9771
2688 6412
6358 8149
2795 9494
12069 17968
1713 6997
3053 16675
9785 16666
618 6707
16420 16498
7946 8653
10471 11460
11840 17848
11384 16962
11333 13017
2138 17924
163 9737
5341 5872
352 13801
10411 10883
2124 11633
2784 8434
8853 10099
6484 11119
8140 16493
9618 10794
776 5736
9516 15737
3101 8883
3873 13220
1687 10066
8083 10025
6986 7984
3380 12601
546 16135
5106 8327
4182 5205
16738 16744
5953 10471
2315 9528
2422 10270
5314 6226
9357 15688
8884 17677
11675 16276
10298 14350
10209 14706
9958 13624
8722 9052
15782 16776
5377 7214
8496 10985
3191 17075
3169 16271
536 13229
7850 7877
287 1447
10324 14284
4601 10017
9433 10936
9513 14389
12155 16253
1453 7731
11722 11785
16767 16934
3375 4320
1753 4362
675 10158
8107 12823
12809 13398
5688 9888
3957 6458
11069 12536
8926 16958
16591 17553
12690 15134
328 7117
75 6991
10795 15028
2225 4892
997 2848
858 15362
7074 8749
5173 15088
8340 12519
9908 14723
363 7503
6182 10632
11196 16198
13034 13758
3234 12142
5936 13109
9898 10983
8866 8985
12601 16865
1320 11507
8324 17782
14955 16353
6623 15370
4673 10803
51 2158
808 4519
1289 6560
8713 16370
10490 17453
4306 5100
2046 4320
2965 13718
13078 14170
8723 12271
569 1179
13014 15526
15462 16541
9300 15580
560 14119
785 4794
1713 6567
4465 15315
6769 14532
12351 14407
8124 17352
6407 12591
5576 10966
7844 9648
15867 17847
1112 11652
3977 11341
8493 15280
3142 15184
3693 15821
6249 11627
3525 4542
1263 15821
4674 15084
3818 10448
2721 3939
6366 6732
1560 4386
128 11871
15230 17908
2348 4782
858 12208
3078 8933
8675 11953
6331 16571
673 11435
13458 13845
6069 9392
3454 13877
983 17740
609 4547
2602 4620
7516 11366
4783 12446
944 14667
8965 14801
11510 14682
9534 16513
11058 11224
3692 5138
8100 12631
2920 3079
2076 14241
1901 13196
536 11110
8381 12988
9339 9820
10158 10632
11210 17011
6933 13919
7168 9013
3302 8564
10425 15148
750 5889
12716 14366
10748 14982
11517 12572
2771 17808
9002 17008
14346 17975
12757 13781
11433 14699
6202 9569
1668 4290
9864 11684
2409 16763
3410 9543
12923 17615
10907 17297
7326 17519
14535 17120
9449 11756
5578 11797
1682 16984
1318 10779
9694 15716
7579 16683
6298 13234
17299 17447
7922 10209
5144 12716
8746 14026
173 6466
8045 11233
2974 11225
259 5621
13472 14244
9214 15483
2571 6623
11277 15311
7779 17652
2519 12040
3818 15270
13185 16197
4754 8087
3144 9570
13046 16005
8350 11964
6448 12780
10636 11651
12716 17505
14731 16041
973 4134
12677 15109
14117 15868
2166 16325
3172 13564
14130 17079
1685 5689
8605 16764
2629 7719
2816 12293
14909 16240
9717 15580
13733 15523
4351 16924
2289 8508
5076 5174
3321 9323
804 3101
10719 15735
11707 14393
8232 12871
3935 12273
6020 15293
2734 14765
4124 10362
5923 18005
4377 11580
9778 10501
4928 17689
9678 15224
7167 15528
1114 3653
3364 10590
7337 12143
15335 17737
7690 8278
1221 5914
4300 13461
8133 9143
3181 13375
3695 16351
11341 11953
1940 6694
843 8926
141 13893
229 10202
13031 13808
1642 9605
2260 15993
2693 3343
2645 4633
1768 2076
7561 15606
584 4770
11634 11803
2794 16682
15690 16758
8718 17552
3494 8658
9229 13681
4988 15511
5885 12733
5247 11151
623 6568
14543 16944
7646 17816
9393 17499
13810 16874
4313 8531
2778 13758
7737 13767
3239 8814
7356 15652
9786 10972
4035 4619
5575 16139
10972 17287
592 15965
7978 13473
4448 12097
4170 15386
607 8608
1897 1902
1273 3857
4121 8153
5936 15459
6826 11167
1710 8240
7066 11003
288 4962
5206 8368
4410 8581
5384 7818
9233 10219
8866 17225
4118 9788
8775 10593
7657 8774
11605 15751
6389 13883
5732 7936
16382 16596
5238 17843
8218 14044
15580 16153
361 9597
3594 4542
5439 12661
2803 15876
1428 4357
4217 14616
785 2364
4542 14257
9474 16833
17132 17899
2451 5263
1706 7863
2614 14000
16795 17424
6643 12146
6465 17021
3289 12577
927 5709
13064 13650
8909 14676
2587 8358
2555 13971
3717 14197
5169 9184
11744 13961
15408 16878
1811 15134
1525 10353
10033 10879
9590 12502
3970 7294
12780 16948
1113 15154
4370 12572
1507 13857
12809 16961
5161 10495
917 17353
4541 7470
6104 7340
14983 17011
2543 4620
4351 8992
5627 6643
11506 15652
1825 3179
5715 7232
8464 14141
9035 9176
8049 11632
5268 13483
7419 17260
4809 16744
3225 12540
8447 14493
3681 14734
4611 15874
673 7954
5831 10518
10402 15734
14011 16618
12763 15935
678 6780
14639 15480
461 6101
9048 10125
3125 11244
771 2565
8085 9373
6098 15229
2615 11539
1832 5636
4170 12254
9937 13056
6621 11828
1320 1433
5078 15473
13537 17737
6861 10639
4279 5616
16353 17485
14483 15507
2160 7634
1784 11025
16908 17502
13680 16220
8279 17942
7895 8736
7404 12137
9016 16081
6043 13218
10049 17505
2357 10594
8414 14407
498 14329
385 18086
4408 12905
3494 12857
12261 15642
2027 6274
14369 17678
10619 12549
973 6417
15859 15873
2487 6235
6475 17105
4411 13858
13333 17541
2078 13600
822 6737
12404 14941
1490 5874
1971 5555
7371 12379
922 2560
12631 17165
1253 10235
10714 12490
600 10786
6114 13714
476 17483
3964 16744
10719 10963
6643 9816
1850 4377
1963 15041
4855 7435
12702 15982
10632 13458
3945 13874
1216 8169
124 6091
11084 14000
5316 11849
777 3714
9475 17956
6774 12612
3243 7984
16555 16733
11592 17044
4188 10245
13824 14476
5877 16489
4802 13152
5616 16805
3191 8237
8012 14877
6016 9703
3346 16959
13564 17697
12771 13418
2939 4555
8630 8985
4835 16119
2473 6986
4170 9407
5433 17316
10790 12279
8654 16326
10060 15426
6046 9040
2714 3132
3919 8194
11604 14480
6334 10602
12411 14864
13142 14676
811 4372
5459 17171
4690 15519
1552 2158
9653 13128
13510 14930
3100 10517
14905 16780
2473 17418
8936 12932
5260 10346
2518 14376
4572 9196
9595 14194
2335 12712
1717 17225
8774 17183
4143 5555
54 12685
10597 14244
3737 16385
10277 11545
9662 11425
742 10178
9337 14239
8632 14475
10489 14283
6616 16124
5187 10378
8133 8880
7238 10700
17670 18083
7404 11901
3478 14143
1033 11255
1651 2364
1020 11057
8158 15131
4268 12502
4598 17396
10455 16814
7485 7747
2578 12485
6748 13715
7607 15912
11672 15518
948 10534
3606 12059
4204 16900
1997 4968
3705 8412
675 6506
3083 13493
5875 9295
10587 17885
6609 11321
10697 14935
11012 15447
5131 6581
8880 16733
2794 4404
4775 8549
2601 6334
6475 15171
11090 11670
5268 18038
6096 15391
5362 13089
605 1720
10999 15588
7597 12473
5093 9858
6626 9409
8237 17249
2892 13827
5177 7480
4115 8883
242 8314
3236 11225
3692 9569
20 6052
10976 13405
1975 4128
3811 17653
7031 14217
10235 12015
11692 16457
173 12930
10425 13333
144 5616
10478 14861
6474 14341
10336 15767
799 10059
13994 15068
522 3869
2686 14815
5027 10891
9780 10378
1836 4312
11645 15029
3693 17119
7008 17008
6763 11244
1697 9460
550 9226
6309 14451
8170 8983
5260 13170
2048 3179
8821 9879
8116 13921
15814 17827
13359 16551
12716 17095
2961 6275
4446 7705
14899 17568
14342 16643
7839 12426
12129 12271
12361 15093
12110 13189
8775 10700
8675 8713
3426 15525
662 10867
2525 11251
257 8913
5492 16903
2108 16810
7002 10233
7731 13097
1177 10038
2612 4579
6436 8646
4807 13483
508 2789
2357 9630
5476 18021
5103 12890
1320 3279
7987 11396
6984 7209
14140 15015
2162 9329
6477 16823
2149 4644
10022 17190
2731 13557
6503 10676
2113 6596
2039 9411
3130 6707
15776 15948
4038 9300
6297 9023
78 2775
7280 7984
3118 13230
2555 3139
1426 10912
8741 9055
2213 2728
5274 14159
3532 7027
14000 14456
8578 15588
9605 15170
12881 16207
10202 15148
6992 17458
10820 13818
15607 15873
10378 12716
1696 17854
520 11153
6422 11731
3455 5610
13229 15948
3243 6416
6202 13991
9633 10521
4978 10568
8830 10225
2686 15229
8112 16144
10172 14402
3535 5529
3292 16628
4766 11492
5502 7051
7725 14479
9437 15144
1185 12616
2778 10972
15415 17506
229 7372
6448 10968
5288 16674
8139 8244
5274 9902
4217 8347
5868 17306
17499 18010
2048 12250
2602 15327
10580 13763
16813 17278
9066 9474
5768 11255
10831 16074
6436 6507
7595 13696
1515 18040
6375 15493
7510 13831
9140 13600
7818 8472
11194 15068
7181 15004
823 3918
2952 17120
379 8166
4403 16197
3459 15675
4992 15294
5792 8999
9717 14644
14090 16824
8170 9187
589 2289
13385 15407
8327 9618
2283 8537
750 4794
2568 4067
2296 15757
404 850
8337 12355
3866 15193
7367 11603
12470 17225
6317 15415
2996 6426
12607 13539
10456 14047
4752 17475
572 11256
8992 15582
12154 13805
5156 14985
9950 17431
5855 7882
3870 17511
1701 8860
6244 10460
2870 8531
15423 15652
16776 18021
738 4632
239 13775
1229 6777
2584 15091
4149 5745
1521 2848
3519 12943
1693 8067
9727 17847
2989 7955
2173 13560
5156 11540
4092 11596
11113 13169
7933 15726
5394 9717
10318 12973
13586 17932
491 12306
14428 17599
11146 11753
4218 16505
4780 11722
4802 14161
15640 16244
2593 10518
5908 15128
1815 9066
1701 16044
2731 6949
9747 9979
10907 14636
13774 14296
10740 17154
8279 16284
10299 16139
13106 16096
15432 16085
1578 5859
1083 9280
11853 15192
750 2298
2721 15918
5610 12483
9536 12074
504 912
1624 4397
5872 10287
6741 9292
6125 12227
14361 16513
12649 12958
6812 7845
11910 13893
1533 17464
9211 17940
7867 10067
3727 8266
2504 4561
3020 6236
10699 16053
13229 16346
12210 17011
10575 14144
1195 15480
12144 14636
8838 14314
1440 4221
638 3466
8539 9180
2519 7831
8293 12269
8408 13385
10068 15218
7088 9830
9534 13054
10972 11290
4422 17570
7429 14755
1418 15434
6128 12124
5460 9544
1411 17479
9341 13366
6934 8608
766 6602
16027 17667
9963 14428
5636 12519
1229 16998
5374 9998
7857 15363
10492 17692
11517 14035
8024 12402
3240 16395
7946 15524
3782 8524
14407 16151
12999 13579
3112 14407
8546 9325
4322 6732
3911 14065
3922 6949
2555 10353
12266 16316
627 9979
3059 8761
11258 15965
13262 17624
7844 17503
9227 16009
7425 11420
8653 8695
8657 17396
17330 17743
5737 8334
14886 15296
2473 11051
856 15266
657 9411
2540 15519
750 8470
6417 15935
5120 9181
4348 13589
1850 9594
5193 11473
13296 14229
1318 14667
4883 8950
1433 11714
14495 14636
3531 13247
9653 14589
1 1877
744 13979
4558 11245
8480 8642
9756 14676
9544 17632
9726 11213
5655 9183
1796 10840
8003 8383
1887 17307
6331 10495
4099 4601
750 2731
6615 8088
16054 16362
553 10705
5375 13175
7232 7238
2731 6920
6719 14072
8818 15529
3927 11321
7349 13883
7609 16081
11483 15105
2290 14255
1697 16872
1692 17331
1911 12736
5791 7385
47 13077
4021 14457
13586 16956
12194 17174
10137 13961
856 17691
4766 16169
12094 13296
11433 12402
4942 18099
4006 9251
8153 14170
15169 17276
11855 15682
10233 14101
776 12146
10918 12754
10169 14769
8347 13298
13797 15981
1969 3092
1426 1832
1703 14720
4962 9325
879 12317
5651 16650
2846 3542
7280 14871
1238 12633
4766 8002
11603 15423
2218 10318
11157 11470
8962 12703
8869 13940
351 14373
13392 17008
6760 15285
6641 17011
11830 15918
1733 6595
12162 13748
12103 18009
13230 16541
7737 15456
8095 13176
7646 18027
85 10362
8218 8232
6224 17011
213 17697
801 10283
10616 10757
5806 9937
14535 15363
34 6020
6643 14699
8269 12200
6331 15752
4393 7049
5960 6338
1478 1719
14454 15633
9112 16274
2519 6229
9510 11968
8199 14396
3717 10814
518 12519
15975 16224
2487 14180
7119 13360
2666 6104
6465 11551
9492 14636
1453 14035
10293 13961
9907 10288
4703 16206
2695 16650
3343 8237
12768 16841
9428 14081
4092 6494
9269 9271
10650 17372
4766 5791
1453 6445
6020 15568
9058 11343
1514 15170
13919 15615
4062 5652
3714 14116
9803 15726
2555 14376
2207 8340
2514 15041
7481 14859
1735 9875
6368 7705
11068 14908
2896 8084
2052 14807
1289 15115
2296 11952
8274 8387
4531 6043
4752 8748
5125 8319
8737 15804
1984 5115
3408 10436
8340 17524
3708 16096
13220 14803
1788 18057
356 7857
1314 12060
1803 12059
2551 12449
196 16258
845 17231
1587 14699
7942 17211
14723 15697
1696 15812
3287 3391
1048 15403
15372 16917
10596 13763
1 522
10322 13991
353 8806
1560 15852
5080 5809
3818 15849
1194 7789
4358 10571
16519 16975
4787 14455
1342 13460
4991 9749
9800 12572
5651 17088
9830 15281
5380 13689
5513 6812
2962 11676
1911 14855
4938 15131
4183 13939
53 15445
8732 11324
2930 10940
5723 7764
4052 11198
7599 12636
1352 11370
599 13120
130 13550
3267 5150
3292 4718
9932 17378
772 12763
2753 12540
2158 8690
1753 10762
4028 13680
11971 14180
604 8981
455 5437
2645 8869
14965 16924
17615 17916
11861 12515
15043 17131
13243 13259
3869 5616
3163 5094
7750 15305
2300 9866
12930 17408
1453 14140
8264 17073
1411 3795
5124 5277
2942 16291
3195 6843
7091 8592
4244 12010
10871 12828
1970 9936
1997 5027
2347 2425
3181 6883
1453 4191
2626 7657
4962 16955
8926 14929
2743 8498
6338 9992
1926 7677
11939 14595
6397 10629
9630 10594
4962 16650
13551 16065
6757 8025
6441 6897
17105 18075
5403 9908
10155 16092
6547 12155
14127 15009
1986 16824
11672 15934
10513 16735
2459 17630
1673 2417
2794 13998
715 2854
10607 13235
6331 10584
5916 12622
2298 8012
2079 12420
6685 7077
3627 8338
2059 16263
15483 17098
1290 6760
3864 6578
1175 10197
3122 15085
4131 16998
9965 12703
3869 11540
1834 8396
382 16274
6020 10919
15042 15537
10142 14242
5673 14894
3047 6034
3815 10907
14167 17933
6683 11452
9992 15537
10155 11248
6253 9879
5571 17892
2690 10565
9856 14966
8840 17369
3772 3854
5011 5869
2476 6793
1277 13628
13366 14572
10237 11491
5126 15980
8712 16901
5497 6756
6732 6923
3143 12871
2343 15991
2820 16384
1823 6213
11245 17234
5788 5797
482 9696
4690 11732
5450 10897
140 3381
13878 17785
3315 12114
8049 12250
8166 10576
14005 16604
8153 8347
4771 12117
4784 14475
5187 17701
389 4578
10389 15591
3693 11554
4320 9786
10757 15105
2447 8840
1026 17008
179 2706
589 11446
14249 14492
5477 16287
7119 9853
5679 7830
675 12070
13146 14448
1969 7804
13713 16274
1412 1420
1084 16602
9241 13393
374 9563
1411 3689
3692 6621
4892 7473
9658 10885
1 7002
10339 11864
1314 5603
9089 10907
5257 11974
4866 8730
1283 12348
3683 11396
8079 12154
4179 10285
2767 10789
9656 10900
305 5479
4431 8431
1472 3297
4689 13330
1498 11396
2666 4681
3464 12085
3268 4194
1720 7959
4963 15319
7879 10710
6177 9122
4074 10271
5138 17499
15697 16323
1719 9660
3036 7396
6912 14812
5659 8288
7525 8838
17066 17605
14639 15572
10632 13919
8970 10205
1228 9209
3130 8093
8408 17331
5283 16516
2172 12649
10012 13119
6199 10075
5955 12443
11059 12351
14229 16539
3423 7731
11129 13680
1487 1545
7957 10598
2113 17324
10288 15343
1520 11244
4530 9549
3493 11590
3087 3762
871 7340
8477 17459
8025 15610
21 992
1791 7280
2415 7442
101 2235
11185 18006
14759 17161
6557 16934
5463 15810
8327 8985
3100 11312
3597 11352
4276 6413
2153 8515
4704 11483
2723 2936
7857 16908
6417 17859
3584 5304
8576 10789
23 8085
9817 17345
7668 15982
1119 14632
8974 9594
3025 15988
2138 10318
4963 7036
10579 15418
2597 17644
14679 16483
14402 17403
5610 6262
3009 6358
5704 14228
3587 14689
2060 2168
6458 12113
1803 2699
9546 15992
10719 14160
1564 12707
12126 17911
4711 11016
10436 11519
14236 15351
133 17353
59 15280
8167 14140
819 11753
6379 12432
6125 11854
16919 17897
6881 16354
2398 4096
11182 14214
2848 12986
3869 5546
6322 14667
6062 8011
841 9683
11102 12498
2444 10132
1119 6960
4882 14138
4100 16510
1169 4611
3571 13015
9058 11171
12126 16884
30 14078
1884 13255
377 4383
7765 9202
7008 14191
5586 17903
518 5933
5452 10523
2052 6864
4280 11909
2487 10184
12336 17429
15836 16415
263 14475
3490 11380
4735 8860
2866 6415
10282 16000
11438 16251
502 1545
2628 6614
8801 14130
859 6316
8869 15993
6375 16505
5492 13825
1233 5771
5905 12519
14376 16756
13938 15689
4880 5406
912 17193
11251 15105
1052 4311
8938 9551
7268 16623
1696 2751
8731 13767
3795 5313
6652 11632
6163 9875
6122 14759
11040 16462
9175 9292
4541 9472
14217 17936
5497 11547
4918 11039
1781 5117
10294 15327
3738 8871
6945 14155
2142 8479
10378 14356
3415 4165
2160 5630
6235 12878
2113 6030
3530 11537
13885 16419
9120 17120
6560 16683
6303 10125
13396 17095
9965 13646
10014 14656
10370 12480
5177 17120
4439 8037
9516 17442
6765 13889
7717 10203
12144 14544
14818 17545
8568 15258
8288 14128
9472 11340
4978 11797
6071 16116
7844 15541
1421 5951
15068 15080
7021 10746
12987 16601
14016 17361
942 13435
7718 16896
9986 14135
10780 12580
3102 4743
2565 7719
9605 15408
4554 10439
14607 16116
6395 13393
4869 5953
7338 11419
8789 15854
526 16362
10025 11820
2666 7072
2242 4327
7862 7895
6008 11129
879 15511
13645 16821
8030 18041
8821 11433
10714 12071
5220 8531
7852 13060
2052 14764
17285 17452
576 1407
1849 9662
1401 4186
5916 12519
13878 14272
3404 7473
11911 17076
3237 4637
1447 4072
814 5044
587 11131
3717 13458
126 17885
2244 16626
2955 14065
3288 7376
365 7213
1293 8199
10203 16505
9620 12037
7367 12179
522 1010
2950 16323
1770 15816
2510 13753
8965 12809
15057 16594
10357 13016
750 10492
6316 6524
182 14742
2132 9212
1706 11386
573 11708
1297 4886
10252 13262
4266 7262
2565 11024
229 16599
5034 5386
528 4384
1723 8782
11945 16843
572 12183
7582 8668
4235 10683
15085 15789
1701 7452
7284 14475
12871 15218
2199 7746
8114 14966
8288 16974
7006 17878
9149 10624
362 14667
5814 6182
1701 14169
4214 9743
4074 8191
248 7604
9943 13054
1336 11244
4320 4366
15177 17991
11834 18049
7480 8237
15789 16906
4579 14511
791 15934
12609 18053
4261 14573
7610 16683
10898 13007
4472 12900
855 7886
2947 6679
8847 16167
13676 17008
8366 9103
10632 12691
2259 15115
3115 5429
2496 16249
2149 12877
5916 16541
3564 18067
4869 15132
4342 10339
2991 12796
7835 10077
8248 17472
1004 10781
12448 13107
948 6778
575 14768
1091 3228
6329 13276
12091 15678
4918 16505
7238 16955
12490 16940
11037 13237
961 15334
4701 15354
1289 15177
6643 17942
4138 7813
2516 8067
5722 7830
973 6412
12812 15324
9398 11592
7857 10072
9077 9875
3267 8523
6058 10216
1653 9653
124 14812
4621 14448
4444 14409
14244 16865
781 6727
8775 14636
5568 12137
6180 15241
1110 3813
2259 15697
1590 5634
9196 11003
7020 12689
10712 17670
2235 16579
2731 18067
10280 14548
12622 16599
1456 13629
240 6365
5268 6163
7060 16000
3818 5431
1145 9438
8952 9456
15029 17691
13997 17690
9668 10183
10075 10987
845 11155
1013 8095
6698 12573
16199 16226
4772 15098
305 15149
2991 3517
11433 15148
9594 13596
2030 13497
3267 14595
728 1036
8455 11119
91 10063
822 9016
4629 7061
2696 14597
3702 14424
13278 16513
2880 7616
1503 1522
1733 4569
6351 6623
16692 18074
5174 5310
11799 12531
1901 11924
10183 12691
11457 17818
897 14272
1289 3340
3455 8745
4882 8215
6986 16885
2216 4475
4097 12936
1174 16521
4494 6366
11584 14641
10124 10632
12106 12862
14259 14498
4446 6565
6611 17254
10088 15257
2602 14455
5578 11814
11325 17461
12102 16068
5283 14696
5156 7238
8485 11633
7020 7053
9544 13961
456 10543
7104 14351
4402 12609
13440 14617
2524 4772
12329 17602
229 1426
2565 11867
5720 17693
542 9745
5567 11729
5920 6177
2011 5380
6890 7284
6810 15281
5264 10059
9260 15362
2218 18021
1706 1731
6135 15862
9292 17131
6810 15543
6977 14676
6122 14038
6148 13185
1801 2971
13903 17372
6804 8898
456 4804
15099 15404
4945 10870
16513 17119
13081 13192
3795 14667
6006 10610
4642 11756
5500 15280
2033 14360
13718 14504
2576 15620
3132 13713
1706 12491
14373 18092
15128 16559
10325 11623
5003 6059
1045 9590
3758 11244
1675 13712
7519 15424
1940 14035
4383 9635
8167 12061
14441 15405
16514 17434
9816 15918
3289 14205
2840 16701
6958 16488
4991 11425
2684 15236
3737 6426
11512 15937
7582 8058
9830 16910
6578 15514
1653 7859
34 17479
15028 15480
11517 13574
3262 12937
1253 6247
16512 17598
9311 12265
5291 5398
6475 9297
178 6886
7426 16507
6771 15525
1289 10356
182 1719
607 5683
14381 17941
5236 9058
956 6412
3897 12871
4248 15865
11517 12843
5766 13856
7083 14415
11276 17672
11633 14706
3831 17461
10235 10590
10639 17148
8900 16831
2571 10231
4922 14356
8647 10255
10474 16520
3468 8327
6903 17893
7873 12753
6895 9684
11560 16650
2188 13109
10781 15524
4789 7423
3077 13409
4835 13714
6740 12888
956 3179
7886 10784
10370 15053
9 14370
6393 8026
4844 9075
13919 16659
11697 17591
11819 15745
8239 9202
10111 10797
3489 4259
4918 8485
7985 13537
11630 11797
6331 18006
3927 17145
7818 9226
4969 6104
9260 9769
2409 4704
927 13266
13710 15498
2706 6682
6748 15720
387 3384
1246 2518
12254 16938
750 11846
1039 17593
3423 11832
751 8049
1487 14249
9726 13632
9522 10946
8323 12900
8396 10164
8194 14926
3028 4530
10972 15222
5468 7294
7688 18080
7388 8116
1730 16513
575 1651
114 5586
575 5738
2314 6605
237 16050
7620 16650
7818 17095
9186 14421
11344 12887
7420 12814
10015 11244
8602 9260
4017 9402
9190 9541
111 14338
2894 7942
4410 6652
5082 6614
4950 10144
5984 8989
10295 12881
9594 13460
1766 8025
17393 17690
10161 12519
3132 13860
1940 15178
5467 9601
5236 16391
6203 11536
5869 14401
6331 13938
5833 12379
5449 9089
8215 16541
14066 15499
11127 12519
2723 13054
2606 8064
1088 7052
10440 10596
3694 17228
8308 14180
50 10453
4744 14506
10632 16597
10532 16677
1946 14116
1193 8238
5218 15289
14845 16721
8203 8553
3390 11734
1685 13006
8419 12124
9737 16806
4549 7238
445 12288
12339 14201
9058 10336
7104 14760
1136 9536
12172 15661
9549 10069
3138 5802
9786 14356
9247 14644
9790 17001
592 11105
1941 8723
5918 17264
1302 14409
8893 12973
4243 12942
1783 11155
1851 5185
12061 17690
8506 13353
2784 12180
7610 13330
6737 15905
384 10131
5447 9317
6599 14498
598 17120
4918 18028
6938 15426
10705 15697
1004 5636
5756 17120
262 14369
7196 17714
1531 15281
11809 14679
9150 17115
5906 15508
6636 17586
8167 13299
1998 11936
5738 6202
3894 4263
6114 7455
1477 6331
9138 13400
7131 14016
10661 12571
10630 17372
5561 6494
13797 14593
6906 13658
1228 10581
4373 15149
7162 14436
2867 4431
5310 13022
6417 14461
8907 17608
5953 17088
7347 16153
11422 16410
5495 17511
7036 16541
7294 11821
9612 13940
15281 17924
3593 3859
12008 12562
114 14794
10010 15196
776 4405
4598 12519
6631 17120
3908 15039
8472 11937
10305 10439
1192 4349
6777 14310
4969 9271
5636 10937
3937 14532
15822 16194
8327 14310
51 12288
13046 13655
15377 16547
1696 1849
229 11753
828 9916
6002 14937
5530 5905
1784 15931
4612 15196
11714 14395
3020 12247
1302 14948
510 3796
5872 10368
1963 11915
4832 14001
2117 8064
1404 11251
3077 10841
7277 12310
9699 13371
6659 16402
10495 18013
4475 16953
9569 9785
827 6791
2867 16560
12159 14084
8718 16955
1313 8133
9641 10144
16650 17591
304 859
15751 16270
248 13002
2958 17875
3714 14504
9116 17111
7289 9837
5604 10372
3911 9800
701 17544
3791 16717
6997 16597
5680 17058
13069 14935
10939 13865
4809 9066
8215 13788
1298 10106
2011 14985
3236 15662
6202 9112
5350 13226
4057 10770
960 16304
1367 5193
5154 15029
916 10436
5111 10935
14382 15151
5981 9009
10596 14084
15346 15543
5271 5310
1229 13266
11566 17499
6643 14579
1572 10790
7889 14297
11341 11377
2165 12103
7973 11105
15404 16464
3997 6094
2550 11832
15521 16395
3650 8132
353 15350
1794 15323
6502 14591
1515 7372
12817 16891
6811 13904
2873 15725
6660 6981
3605 10158
9347 10064
2863 10353
15541 16164
306 10959
958 12717
3864 7611
5450 6870
13243 17053
1754 13619
3258 5030
8958 16696
5945 12533
32 9437
11346 16397
870 3980
113 10363
873 14369
8041 17170
9662 13532
2168 3970
10239 17470
2383 18046
15580 16316
16138 17111
8336 14836
3874 12097
3045 11450
4814 9278
4360 9291
1233 10235
4907 10601
11852 13304
13250 17587
4052 15162
9955 17120
11488 11924
1770 14542
4701 10228
13244 16091
13002 14310
1124 5782
7880 16160
8447 15280
6199 13519
861 1183
7641 7777
4787 11225
2151 6001
10425 16597
11450 14043
5761 7857
585 3234
1832 10365
9226 14226
6375 9147
13655 16013
6664 7244
3867 3946
311 6671
14855 17120
4125 17793
9595 16974
673 1160
6844 16555
14291 17762
3098 12493
5806 16513
9338 17499
14100 17973
11866 15880
933 14138
9730 16948
17434 17599
5005 10044
780 6020
8754 16901
1776 1813
3448 7064
3020 5766
1682 3869
1381 9591
1262 11974
9187 10610
1926 2368
1161 2549
2409 10288
7340 17626
3634 11959
1522 15725
1401 7301
3495 3540
12199 12471
11633 15568
16683 17505
2054 15120
2330 17967
9191 11733
1019 15443
4602 11714
5343 8620
13284 13599
13593 15612
3249 5871
246 14353
3630 6557
7657 8184
927 7980
4526 16670
1091 14544
7767 16967
7108 12868
5188 9980
1757 2467
11059 15311
1732 6715
15323 16697
11820 15523
8288 13883
3771 3782
8203 8964
4301 11787
2240 14843
8571 9448
121 600
5738 14833
2771 7961
228 16198
2915 10703
1146 4700
4165 16539
4521 10414
903 16144
17389 17419
8064 15014
8433 14251
15783 16767
4396 13621
6897 11545
11425 13253
476 13862
9316 10668
6751 11972
2985 10580
8869 17120
5248 9677
11433 12519
2492 12380
4549 9325
4786 16243
5655 14140
5400 15502
7017 15044
6588 10318
3357 13500
3908 5055
3869 6331
7052 10640
8186 13379
8265 9856
1728 15289
11817 16541
4968 13188
9544 15184
406 13343
4931 10683
5492 6256
15449 17103
101 11968
12324 17480
5210 8194
946 13076
4262 5193
9002 15823
2751 12807
1258 13179
1970 2439
6870 17154
10026 17225
6810 8793
3547 12711
13343 17893
2347 7084
7497 13077
10363 16074
4849 9379
4303 16341
1265 9354
168 8775
1008 12549
5791 17670
12769 16623
2753 5627
5964 9570
7119 12110
8989 9785
11854 16123
3877 17264
13175 18057
7048 14019
12925 16870
6299 11721
199 13963
3381 6018
3131 17160
282 13595
6051 6347
5 14073
2025 11819
1718 10686
4928 13448
587 12881
8846 10708
2769 14934
1713 1855
13674 15029
8647 13054
8140 17640
15665 16198
1302 5722
4875 8312
4948 13364
46 4557
14871 15149
5156 6733
2104 3296
17008 17475
13792 14652
750 6202
2367 6935
9974 13146
2459 10474
206 13654
2007 17690
2353 7406
1192 11432
3948 17201
1525 5630
957 17433
4362 12230
2038 8938
10854 14857
10789 16022
4321 8731
4946 12612
12134 15854
4408 6502
3749 14895
301 12015
12428 14346
8629 10368
10425 17976
13000 13347
12288 16065
5325 9893
575 4775
1578 7731
1347 1606
11326 11332
801 4263
14990 15290
9686 16372
8221 8237
9958 14162
2242 13347
6029 15842
7917 17636
7145 10051
13627 15401
10808 15568
2415 6458
4531 9062
5568 6097
7026 10714
4021 15276
2425 16175
6623 12960
12307 12775
4885 15528
10115 17437
8713 12809
6262 10204
5786 16462
2623 13668
4396 7761
2247 8677
2976 8327
15252 17331
2040 3494
8577 17999
1345 17216
3714 9876
11893 16465
2929 5506
1735 12571
8528 14276
14521 17896
1312 2030
12826 14268
3509 4434
7985 14041
3075 12493
11537 15757
5719 11402
825 942
8658 11652
3266 4708
3495 14419
4553 5775
745 13665
15829 17024
3177 9243
10202 12770
5431 5799
6070 10891
3384 7404
11999 12930
6226 16941
1228 5192
752 5814
882 2420
5822 6702
5313 13109
2695 10230
8300 14478
5397 5650
12060 15229
3816 15807
7196 10329
9980 12162
4255 9274
14456 16198
2716 15085
3420 9129
4325 14511
5900 9642
5583 11255
1077 14118
6623 12809
11540 14143
177 8576
1815 16650
4350 8015
3822 6626
11491 17839
5689 9183
7230 13948
3369 16790
10684 12867
6669 14180
10 383
10569 17871
229 17483
25 8653
2079 16001
1289 12591
595 2974
2431 14410
8136 13951
359 10597
5060 17447
13292 17322
542 6181
3423 15568
13109 17479
4568 14126
15481 17359
5276 11341
10778 16222
4243 16510
5777 12889
2568 15935
1453 16265
3141 7496
1725 12254
14475 17365
6694 10928
3150 16799
5089 17155
2565 11246
2684 9898
3612 9282
10738 11895
8837 9092
3576 17387
9393 14276
3944 8203
9312 11818
927 4930
9868 17969
4109 15606
9229 13537
5398 13683
10779 13392
14329 16939
2923 8520
5576 11414
15329 18067
2867 7561
10196 11540
3455 16643
8974 14849
401 9077
16145 17892
2034 10986
8118 9137
6846 12560
11818 15090
1425 15734
2849 5349
3964 6236
5841 14755
2111 10339
11630 13825
7582 15041
3994 13802
8531 16183
3714 13087
6754 7543
7710 8724
9196 15732
10703 15408
7778 12564
201 11820
1719 13885
3659 4198
662 8268
7761 14667
2371 16274
3624 8005
1749 1960
5459 7771
5792 6135
6244 6915
7503 15921
14755 16345
51 6333
9570 9974
1801 17225
339 14375
127 14668
5264 6372
4720 11458
15047 16328
8009 18045
6643 15607
15751 15872
6973 10410
8366 12250
1641 4927
12722 15993
2853 15459
12381 14894
8668 17636
12165 15602
1313 17299
3406 11540
9106 15876
10193 15991
6544 11226
4413 14125
15638 16714
5185 6289
3872 16514
1637 17098
6986 11660
1713 8869
5144 14803
2387 4372
9937 12988
6776 13564
2375 13439
8363 15109
5984 15537
4954 6071
2088 13346
8100 8775
10616 12180
2066 13919
2248 14838
8090 13300
6443 17847
6732 12069
11828 17499
2062 10436
11258 11654
4626 13298
3986 11669
1969 4906
9764 13140
8774 12591
4637 11086
78 739
12672 16198
14059 14466
3454 4903
12402 15148
15033 15670
8675 11396
2219 14862
15869 17619
2409 14435
11371 17011
5463 17062
15777 16272
2436 10294
1176 3065
167 315
1303 4106
5297 8085
12035 12348
12561 14072
717 9312
12248 15050
9780 16562
4414 8531
8166 12599
2595 4719
4795 14980
2708 8085
6203 6917
4450 9200
4839 12364
1033 1258
2606 16559
8880 16346
636 10805
3091 17207
526 14441
248 3983
1101 8792
6560 7895
11017 17372
2615 2709
15015 16367
7598 14576
3766 5962
99 9567
7516 14421
284 10676
12487 13776
2550 4828
97 10439
826 3279
6623 17372
4121 15149
12640 13379
2985 12640
3159 4371
7480 16650
4403 13781
5487 7501
10440 13763
941 8049
1803 14435
1711 5850
959 5881
5052 17321
10955 14956
14075 14553
5906 12261
1836 10642
965 9439
17008 17975
5995 6698
3113 8013
702 6104
9176 9770
4809 16541
5044 18021
47 17684
1170 15056
14493 16924
160 17268
13266 13761
6997 17610
11841 11921
6275 8869
1289 15751
16629 17008
13086 18009
1990 16185
8567 16765
2025 6906
8086 17885
9354 13609
2573 16243
8028 15240
135 9974
10181 16955
15483 17754
6331 7244
5637 8633
5883 6478
673 6685
3869 11433
4808 10972
3377 4343
2091 11757
1706 8815
8218 15218
6611 17047
4740 8480
30 4205
2723 4074
1285 9326
5298 6671
2010 8396
3705 12809
2570 10759
9992 15377
8396 16490
10297 16419
5895 17597
15480 17954
12271 16455
516 6422
5077 10982
5437 17027
3036 5693
4798 6717
2328 9474
4172 17274
11255 15171
6883 13781
6917 15760
2084 18053
1963 12432
46 4137
2425 13927
9980 16382
9226 9657
14860 16677
6104 7072
12347 15528
6020 6224
6765 7764
6406 8528
924 15283
2609 12404
5870 13504
7332 14421
10184 15117
16434 17120
12432 12651
3195 15213
2425 14000
1536 14276
7672 14389
10181 11912
1350 13532
3031 7429
8880 10453
6018 6607
751 8359
4525 15955
811 17120
2560 5354
5640 16710
3605 7476
2731 13082
7006 9528
5983 17890
540 5313
6043 8685
527 14395
5669 8532
1692 16677
782 3412
8278 8485
3462 11605
2602 14620
3139 12069
11711 15199
2638 12595
5196 14249
12317 17192
7378 8040
4753 17534
8568 11210
8815 10762
941 2289
10938 15415
4918 5187
7178 14100
16882 17687
2054 5590
752 12306
6771 7367
7533 13786
4771 10917
12241 15289
3950 11937
12089 15265
4101 17266
5217 17315
5274 5561
2160 6358
9702 17641
10440 14060
4310 13587
10170 14035
5791 15081
7611 8434
10079 15502
6453 17842
6789 17520
8745 16643
6388 10019
1180 6331
2941 4542
8794 11510
6436 8026
2383 6372
6477 10255
6218 11490
47 10596
11519 14978
353 12014
2416 5732
14198 15559
11977 14850
14435 16244
17812 18064
3047 13710
10959 18066
3181 6896
9696 9786
5349 6358
7326 15029
5282 5543
8567 17505
127 6978
2361 12134
749 5035
6331 11244
924 2004
583 9978
2894 9062
4060 13933
4320 7332
7555 17372
3169 9696
3632 6348
10907 17954
3355 15162
1286 9837
2011 13266
8377 14655
3139 18098
4642 5647
5236 10719
1851 15668
1393 3274
2364 2731
7064 10136
2298 15030
3364 17636
2357 17690
3673 8517
689 3692
12993 16587
8293 9207
2509 14689
3030 11029
5342 10309
11884 14369
7215 16827
4179 7936
7340 13917
6436 14503
350 3318
717 5654
6297 14803
6745 9937
5357 16962
9662 14279
1503 5268
11539 14676
2048 12013
11432 11660
7347 12536
7277 14589
8310 15635
3986 15993
12877 13857
13993 16348
5814 15900
1253 16510
5913 8245
2866 9730
7464 14948
961 2108
8366 15559
7780 14405
7987 15607
10367 10987
743 8046
10329 15999
5655 8412
11554 16720
6443 15407
5264 9314
10907 12637
6453 17144
576 2364
5893 6090
7164 10072
1514 3490
3873 7804
68 9647
9839 16458
8174 14578
9448 16493
1030 2201
2060 2709
1706 17737
12746 18078
2459 11564
1720 10188
7886 15015
3809 6104
7007 16749
1177 4962
6094 17369
2116 5035
546 14875
3519 9382
8722 10628
12043 17837
4569 14312
301 17418
5298 7347
2576 3228
5078 5737
2235 3251
11854 15826
2670 13901
5714 13063
5549 15822
7291 17483
3287 16189
10616 11885
8187 9067
1972 6584
9182 12622
15498 16569
4725 12599
2728 4585
13885 16048
1357 3970
924 9059
7933 18085
3012 16865
9253 14676
1914 13109
14273 15015
9618 14031
379 5860
2000 14637
7857 14667
6732 13085
2830 6347
353 16319
4958 17225
3130 10914
9255 17675
5553 14576
2164 4947
917 15559
6236 8633
14557 16749
5737 17690
14833 15965
1514 7316
26 17890
6345 13646
8430 11895
3869 4320
10436 15712
1954 15206
1059 10632
101 6791
5651 7396
5814 10607
2825 5050
5144 5271
3544 10972
1667 3516
8918 14801
6202 14251
6685 15404
3843 5021
2731 5860
3746 9347
956 9974
1497 3053
186 16696
739 1223
9641 13330
1599 12234
877 1039
3937 17928
17008 17690
1766 9054
11563 17080
8381 9937
9172 10231
6757 17692
4976 13564
3124 15314
1526 7058
9005 15470
7579 16488
3617 11851
7838 13390
2012 3540
5334 17269
4101 14720
476 8085
13916 15185
4612 13094
5533 15871
5626 9395
751 11551
3176 9774
1695 5438
4744 16139
12179 17475
3783 13969
5478 6114
8340 10012
11444 16108
3420 17359
807 13132
2878 12129
5981 12073
9079 11252
154 6826
9860 14991
2383 17393
2532 13086
16402 17942
8523 15473
4839 7634
8972 16957
6978 11586
1768 11291
130 3494
16201 17566
6569 6897
956 16885
3118 7705
4851 12328
2599 10051
12682 13605
3657 5271
5028 5955
4946 14868
4264 10326
9475 11238
1295 4963
9175 9703
4991 7476
8081 14891
1094 12781
6682 15564
8642 18009
7178 9770
3169 10717
1531 9657
6389 13054
3624 4861
112 12103
10929 11740
11436 13238
5409 14794
3643 14231
16514 17940
875 7007
927 3454
5037 13707
2835 7181
10719 14024
14784 17979
276 6527
7003 9106
6358 7016
8085 10907
99 3846
4404 11255
4804 7360
1718 5493
4032 11919
644 9271
11343 15832
4637 17299
5037 14656
17743 17820
553 8718
12073 17610
16569 17827
10616 15105
22 15788
12784 14306
11709 12428
6769 8109
1591 17631
536 9918
4568 5401
3630 8999
11887 11977
6810 13483
5515 9703
10367 12260
14441 15068
8153 14730
4153 17974
14256 14965
15550 16618
5035 6678
3069 13167
9630 17570
2076 5953
10453 11616
4143 10843
1525 13910
13792 16486
5253 10920
15092 16818
5377 13179
7134 12017
2693 15039
3759 12583
6897 14826
15814 17225
7195 12923
6663 17335
10583 16731
909 18018
934 3981
10436 14636
7483 15372
3423 16901
9058 12031
3407 7612
6911 12001
10469 13591
10689 15304
14466 17372
9412 17578
16194 17824
8958 8999
2390 4856
6519 16650
1885 12888
3190 5448
6674 9311
1077 1253
6761 11892
7707 7857
3674 12536
9907 14454
2695 12333
5829 9052
7826 13192
10406 15990
4905 9647
2757 9079
1737 2682
7857 16983
13567 14519
3136 5928
1490 13070
5349 14314
3331 6567
5018 10431
3977 16587
5519 17449
14043 15872
3656 9672
7873 7979
4523 8700
3707 8718
16541 17247
751 5426
1411 16488
8254 16377
9196 15257
2645 12519
1371 12556
6621 17949
2270 17630
11537 18068
6879 14709
10108 17483
12150 14258
1536 17671
414 10938
2570 11265
14981 16503
6502 17047
10515 17331
7002 11182
618 9235
2013 3624
2570 4972
5322 14055
16670 17362
16051 16700
16595 17770
4380 16579
382 9112
13606 15791
5044 8703
9213 17030
1034 2311
3329 13808
2723 5355
9528 17120
4322 14201
1408 2699
13107 17896
12476 13366
6465 8722
11682 17556
11849 16410
14000 14005
4782 11876
1940 5870
1418 6762
4869 5269
2244 16037
10322 12091
287 2351
11577 14492
11947 17216
3594 6275
4906 9733
916 16253
2779 13393
6348 12809
16235 16489
1425 11907
3638 5396
3791 5788
3864 17545
1693 4734
1238 10854
10621 10756
7104 15172
5981 12069
595 15343
6233 8042
6461 17982
7289 14424
1195 10474
4333 16744
3714 17499
6715 6791
9122 17737
918 929
1728 3559
1390 12462
5461 8531
2024 10740
7685 12415
299 9532
833 14359
90 11756
4718 5043
9672 10571
12792 15521
7628 16444
8800 16072
6363 12271
536 10790
4660 17848
754 8261
5935 9265
7844 11682
4964 7084
3179 17991
10632 11433
11120 17665
1855 3331
2165 17675
11971 13770
4963 15483
3594 4789
5782 12063
1114 4408
1701 16891
10630 15507
1926 9143
8691 17716
4896 5651
3357 4013
2444 9907
6548 17207
5103 11314
1911 10891
12809 16458
11553 12100
2478 15779
8827 15062
2933 8526
11680 13775
4343 16137
7176 16039
7088 7187
6949 13153
7332 8869
3605 13490
11373 15151
6582 8085
5932 8823
9112 16924
11334 11681
9943 14743
7011 13468
7050 16984
12676 16469
7244 13537
6407 10637
12471 16541
293 12944
8639 17064
4679 5580
3404 15672
1290 14519
14306 17400
4895 9807
9362 12552
8774 12073
1477 10552
9 8852
144 18083
3597 6813
1740 13496
3278 15454
2475 14723
9636 15652
2172 13516
3064 15807
9448 11613
6973 10318
14856 18099
11547 13923
4804 14148
5424 12317
5335 15606
10867 12146
13843 16694
1582 12955
10431 11260
16201 16224
2537 4512
2692 3970
2259 16716
9788 17520
669 8546
1948 17521
5513 15209
4962 9067
20 4050
398 11038
5830 8527
12266 17690
1110 15996
3840 8051
3683 7891
8567 15580
16330 16779
8485 13822
2743 9318
5408 17469
6237 10955
4820 15243
5215 14142
11579 13835
2743 12716
5928 6557
13101 13179
13064 16903
14331 16974
7151 8320
8058 12442
15972 17185
9962 10613
8047 13180
598 11753
9393 9600
6707 16156
11760 14078
1714 13770
1404 17299
5382 7440
850 11154
6567 6960
8974 14759
1959 2174
3967 6678
9660 17353
1619 2066
9647 13657
5738 13174
657 3350
1911 13713
8924 9112
13810 16996
1812 13229
16880 17075
1048 17001
3746 15601
12649 14612
4349 12652
3632 11819
476 13620
10938 13150
362 1941
8237 8922
3502 16091
1357 9622
2349 4826
8915 17678
8647 11422
4969 6631
5123 11179
6506 12265
99 994
3711 11951
8851 14389
3243 9749
5014 16566
7643 9830
1739 10779
595 15327
5268 6353
2846 8399
4347 4968
3493 10708
1083 14449
12669 13990
5868 7609
17277 17451
9832 10111
3576 12037
2260 10629
4372 15046
1638 14797
4187 15742
1544 17598
8112 15535
11565 15458
12866 16610
9696 9842
3305 3991
7226 18068
351 16161
3139 16419
10158 12232
135 8848
9341 12240
133 3732
9752 17910
12033 14389
1503 17340
2218 11660
6623 13229
7553 14885
2537 10759
1911 13551
14815 16569
5309 10117
8196 13361
5655 7886
986 10543
4942 8633
8880 14419
1953 2892
5101 9953
3958 5999
144 9663
2686 17120
675 15582
8539 15473
937 9935
5908 14188
10322 15678
1029 12455
5549 7468
7214 12102
56 9235
2194 9422
769 10616
4188 11343
1763 2555
4558 11116
10717 15184
15061 16635
2159 5215
3410 6138
3073 15296
5895 16185
14623 15029
2785 8713
12160 12241
10632 13637
6426 17614
6574 17892
9556 17941
14737 15821
17681 18066
9041 9205
1239 12389
3847 14531
12934 13230
5808 7882
1163 8595
382 7397
15307 16962
3605 16493
3381 5473
9591 17388
6504 8431
9853 13014
6938 13905
4531 10859
14483 16814
1607 2872
5795 17500
5060 16899
2769 16896
5919 16345
1336 5791
4360 6062
10051 16218
5296 5859
15525 16763
8838 15411
8344 17987
9378 11865
1477 8553
12111 15068
2689 15568
6271 16731
6202 12530
3242 10225
10700 14409
3199 8750
14933 17827
1343 7109
7544 17567
1544 12534
6182 11146
1024 14714
7178 10731
1077 5869
10310 17652
5248 7763
2532 11566
1884 2923
4619 16810
3742 9864
8371 14140
7094 7611
10972 16691
10038 11244
4922 11322
5586 8742
8396 16431
6595 13278
3408 5438
3733 13508
11127 15618
6577 13130
4396 12877
13991 16900
1997 8090
7596 12154
4673 14450
4724 12905
12261 14130
8985 13761
514 6475
1692 10075
5808 6543
14621 14985
5298 10700
7764 14667
7525 10365
8378 10900
12554 17593
4769 15386
3597 13730
2696 8468
3941 4707
7736 16200
10108 10972
3693 9006
258 17711
9983 17393
523 953
7041 12031
6952 11547
12599 13299
4799 16044
6778 15361
6621 13460
8285 10937
4509 11155
2754 9544
482 7452
2415 3135
8673 9575
5984 15987
10271 17624
13991 15652
6623 17966
7303 17630
10158 13761
6586 13179
4036 9329
5150 17690
675 10632
6811 16553
667 14562
3705 6524
657 17519
10739 16805
2377 5457
5377 6717
8060 8659
14885 14889
831 5861
13618 16938
382 16805
4036 8470
1565 16303
3897 8521
13674 17975
112 15335
14126 17216
13385 16383
3627 8432
14421 14466
7302 10226
11455 14217
2753 11670
10755 11819
3359 14730
6605 16926
12129 14392
15459 17403
1408 14768
7873 9095
3964 10077
9967 16720
47 4119
11007 14948
1475 15453
5392 14471
14160 14167
1682 15363
3970 6424
13366 14241
6434 11028
4843 16618
5181 15683
4752 11634
14769 15876
5792 5814
5945 10202
10632 10790
13878 16194
10161 11630
6192 11926
12863 17433
2411 15065
927 8567
7327 17648
3572 14131
1862 12996
8388 12165
2728 8153
3725 5576
10865 15933
7718 8799
10581 13756
622 7525
196 14676
2684 9180
8724 12993
2347 16682
497 1330
4370 10108
15834 17705
6275 16854
635 8492
3323 15043
482 15010
13278 17360
5654 16928
13646 17811
9223 10576
7626 10039
7476 17605
5426 16518
3605 5355
8236 13581
11025 11971
14426 17787
5802 8907
12065 15391
1506 11719
15105 15327
7218 11329
101 4431
6817 17923
6131 12042
350 6769
1177 6543
2391 9467
10146 11968
1578 16298
5719 16744
1554 15836
15280 16303
7671 12579
10180 17908
8396 12859
2816 13914
6350 10639
10569 15140
7706 13106
3007 15148
4173 4535
10368 11529
7510 13176
7973 17666
5309 6299
2166 15415
13356 16669
1530 5520
7861 14639
7376 16710
3137 18100
4588 15373
912 4457
14356 15486
4263 11902
893 6051
3047 15045
2316 6363
12585 17560
3287 5791
4918 10044
5830 15480
8724 10346
8140 10378
10186 14247
2645 17008
13767 14629
26 8171
4043 17966
8840 10959
315 8345
1682 17188
5447 13177
8723 13392
1706 9445
15561 17330
3169 8869
4025 13100
2190 17638
6114 9199
7610 10396
6321 17277
5150 14616
14544 15151
10985 16650
12341 17216
7677 7851
6472 13304
4374 13500
4411 5707
3451 9839
5994 6654
3683 8443
4221 8881
959 9635
5029 14125
4953 16888
4704 11668
11999 15580
11885 14459
9706 16911
11012 15481
2087 10204
155 10930
5621 11519
4380 15958
4325 18023
4320 17032
10880 15807
6902 14711
8685 12874
9011 15132
5374 16324
2165 2688
4310 5581
12307 15331
5121 5278
1952 15171
1104 8417
8268 8815
9265 16316
10134 13899
1338 7029
2364 10770
11362 15447
10888 11466
9362 9971
3864 17215
1651 10322
2283 7274
4738 9354
398 5792
9468 16013
7106 11329
1487 5426
8025 15271
14914 15044
10038 16955
9059 12585
1751 14571
12348 17304
149 10286
262 14667
4314 14594
216 3489
1682 16827
2686 9271
2510 7857
10972 12491
5 12905
3195 3218
3994 9507
7717 8159
1850 16587
2426 15881
8368 17750
9002 15770
4429 10318
9605 10655
1038 14921
6778 11813
2171 9448
14372 14713
12165 13032
9663 13229
3350 13212
9631 10026
1926 12988
1753 12519
1896 4775
2666 3423
6644 17598
2289 11656
7698 15766
16644 16648
9756 14421
382 5173
12792 15935
4788 7162
8598 10779
4623 11473
2635 4688
5705 17677
7322 15828
3106 9263
5911 12166
7853 13072
2518 17120
2760 13234
6475 6631
2289 2602
6624 7144
5952 7764
5739 10779
5814 5981
9014 13786
16928 16998
1357 17505
692 4581
3606 13038
5720 14533
2709 5099
3692 4519
2892 4508
11714 12438
3181 18066
1986 14219
9958 17447
7239 16450
4120 15149
1791 12288
5616 8468
6094 13343
16137 17965
6085 8379
4968 14272
7652 16048
8817 11489
942 7736
5308 14129
3572 17008
328 5258
2357 2364
3065 3439
10073 13365
6791 10285
8470 10145
5187 10203
30 9362
4372 6203
2514 13087
6477 8133
16691 17403
8153 8395
8608 10430
7019 14102
9 14738
11635 12672
600 3447
7859 9703
1572 9955
8561 11634
1478 5192
4074 18091
9123 12240
6506 15712
2666 8754
11920 14175
4151 11714
8658 16324
10378 12500
6895 10959
11608 14472
17088 17146
5581 11819
3612 9005
850 6683
8869 17046
2098 17339
10246 11138
15171 17754
5610 15370
5739 11516
13286 17615
6046 13969
6011 15218
4591 15408
3884 5712
119 13243
3408 4050
15544 15756
3962 14160
10328 14179
5885 8049
752 15828
1703 13048
4993 14310
7525 10095
5771 6013
6119 11191
5293 8064
14422 16095
2164 3675
811 15524
1059 14066
5521 9678
8297 17468
3580 15594
7863 15689
2475 17307
17346 17638
8677 11342
6052 12536
4017 9233
9497 13248
10199 13006
4382 8485
3739 13006
1659 7242
469 3344
1111 3559
128 1706
2598 11246
10425 15849
10927 15010
7321 10176
2185 14084
10756 15665
9655 13396
5707 11657
2576 11098
7844 9673
10324 10568
3763 16522
5861 9857
9013 11823
4179 6311
5520 8314
7026 14455
4882 9839
11131 13593
4978 8012
7303 8539
3327 17660
12705 14639
7097 8002
7371 11971
7917 14351
11673 15612
5990 12017
5376 17520
5869 14493
4316 9794
2449 7652
1998 11296
4143 6203
4993 8452
10420 14560
9630 15948
6209 17427
4557 8603
1578 5945
3092 15271
3741 15807
16700 17163
15045 15987
14249 18006
6623 14053
4403 5771
13961 16235
8340 10478
10336 16885
351 3923
17401 17481
6453 8647
6643 12622
956 13464
11249 17064
2629 6425
3864 7191
4135 11433
5398 6277
4763 13175
2454 4320
3813 7660
4783 9400
6807 16929
9703 14886
2482 11795
3251 6791
5177 13390
6389 6652
7452 7864
10672 13890
8983 15326
5249 9991
4205 10515
3587 16526
4312 10642
2642 16154
817 7583
9707 14576
1676 1697
8926 17328
15498 16096
6643 16871
7145 10436
12525 17378
1404 7472
15401 16674
10891 11274
11603 12179
5478 12937
1924 8768
5119 15559
7349 10728
10428 16980
1179 8762
12989 13658
10707 17885
9737 15677
1602 17761
6104 6475
3911 15085
1351 4370
9261 12334
12973 14134
6750 13174
9175 14016
8184 9857
5830 13997
2105 4134
14632 15548
8718 13860
2461 7675
3742 16947
3816 6475
3864 9229
10913 11983
1565 9769
1253 15401
604 14505
3956 8135
7205 9115
4343 5401
4448 12395
67 15166
2495 15619
1722 9048
5161 10396
12052 15164
5583 6717
1033 16149
4021 17327
636 14084
3137 6262
13885 14140
305 5733
1795 7248
5103 7103
11924 12817
1128 7544
3293 17505
2471 15126
3933 14307
3191 4963
9447 9980
10568 11814
6861 14466
2091 3696
6408 8232
2863 13959
6068 16254
8866 13628
5695 12128
23 3020
4903 14297
6615 14324
2820 7508
1453 14994
4910 16991
6715 17154
1236 17908
777 12629
7653 15645
8268 10484
8184 10637
845 14817
10492 17244
9868 13781
12086 16940
10740 14213
3268 15374
633 6349
12753 15191
14077 14189
8405 15928
5495 14683
6714 16581
11778 15754
13343 14587
9615 13967
1719 10841
229 2971
1718 13149
359 2440
6707 8447
218 9935
10059 11944
2660 14625
8869 10972
8003 10226
15303 16701
3689 10763
351 5605
16953 17797
1908 2252
6993 8860
464 1774
13632 17008
7227 7684
276 15014
503 16274
8713 14476
1706 9696
2353 3637
10790 10937
811 8366
1709 6222
8096 15169
9020 11362
6948 16668
7150 10128
10632 15148
7178 13480
5792 13249
791 11871
2764 5103
696 16331
4373 6505
6557 15360
8815 10985
5105 7731
10538 11540
4354 6242
7208 17297
3874 8508
8166 17408
8088 14324
13359 14578
10233 14965
5431 14864
4986 10736
11255 16102
4623 16814
3801 15169
8624 11005
8549 12059
6453 14939
9407 14356
7134 7288
4217 12599
2836 3233
3451 14140
1290 2866
1659 6369
10552 10789
6623 13749
15085 16779
12716 14652
13877 16521
13618 14669
601 10488
1732 5190
2684 14375
212 11449
8399 15887
4965 15924
14006 16806
7396 7873
7154 8070
7008 15170
13464 15849
5654 17008
4767 12467
10495 17479
5652 12591
8237 8599
11536 17105
1205 10123
113 12060
2154 5271
11899 12763
14290 15872
3448 5738
16062 16626
13593 16207
6883 16878
13253 13284
4509 16961
9314 15910
4575 10334
9290 17520
1794 16697
4725 5737
2518 8347
2602 11732
7036 16783
11668 14459
2394 8116
7 827
1850 8793
2106 10758
3289 8307
4525 5635
1228 17965
5723 5867
919 8294
879 2894
10972 13460
4533 11664
1970 17973
664 4914
857 6141
9123 16634
1963 16805
2289 12271
12998 16362
4312 8295
14090 15872
2391 9466
315 3869
650 4626
9839 16569
7291 11725
2578 3106
4170 17120
6417 11731
988 10108
5699 15415
3439 15105
4918 11950
4859 16286
12620 14421
15507 17898
3337 12763
14375 14376
1089 13170
555 9898
3237 13590
376 5325
1714 11025
2870 4372
13188 14888
2949 12097
5667 17032
294 14918
10668 12208
4170 12619
1342 5274
1311 2423
11914 12744
14676 15493
135 10339
5960 13597
6223 10922
365 15224
7305 14705
3547 7681
10585 13506
3873 18051
9937 15166
10235 15991
7150 15883
9810 9864
1667 9769
9058 17225
3154 12724
4147 16253
7145 12634
361 9804
2684 5357
342 5802
4521 10411
2158 10146
14005 16419
2612 12988
15160 17887
658 17397
7698 17070
2048 12181
13019 14815
3494 17893
2555 9341
5217 9316
678 8610
17059 17830
10171 16815
7093 8011
2951 15217
9281 13857
10632 17942
2394 13682
8377 14217
4125 12070
12799 15662
8384 15505
9830 13218
8623 11069
8802 10370
6477 15041
4546 5867
14176 16343
7813 9608
2769 8959
7041 8388
1812 5916
7938 10530
3464 14027
1981 7672
12432 15379
4075 7398
919 4310
5577 8308
4775 11191
2473 14636
4360 16384
4217 6636
5168 7548
600 3875
17231 17567
754 1082
2183 11551
9261 16015
794 10218
3357 13047
5630 10380
5654 7296
11191 14768
14218 17058
2753 16827
1172 4263
8327 9593
4987 17632
5055 10083
10344 11159
47 6732
59 5173
11059 11277
4261 14515
750 15423
6732 16329
9959 16920
6163 14170
11865 13230
14870 16261
7744 12937
2176 13960
6045 16266
276 14188
8844 13483
12612 13724
1692 16493
9196 10449
12196 12983
11225 15633
91 12380
2010 8713
10112 17031
11839 16061
2757 12324
518 7681
4326 12226
2686 5533
5929 16979
575 2699
2383 12519
5929 15041
5607 8647
3237 8799
9641 14193
4664 7954
5017 8825
4928 12754
1313 8538
14961 17912
9143 15814
772 15112
2825 7318
398 6199
2036 5757
7178 8156
8926 9006
1706 15741
2863 14356
11182 14629
7917 17185
7493 14580
998 13482
10758 15029
12254 14039
10318 10596
12178 16700
8137 11059
1417 15319
916 8343
2008 17764
7498 10930
9657 9830
4963 6358
859 8718
3245 10912
3102 11309
554 10235
8771 15900
9715 11716
1708 8840
544 6440
7745 10983
847 4499
10653 17216
1014 5258
7570 9745
9260 11543
4393 13917
8237 10836
13836 16953
12472 17638
5637 12933
9437 12889
5578 14249
11318 12900
12940 16037
1522 9733
9474 10017
7132 9795
2035 13398
10515 12088
11958 15272
2222 13041
4598 17896
3087 13458
6659 17543
9516 16316
11876 12180
4891 15473
6316 8567
4775 16316
11255 15055
3023 12409
6236 7530
8142 12735
12060 17754
11916 14881
2357 15029
2648 10190
8237 15900
449 15321
4626 12984
1780 11425
4320 9058
16046 16240
5655 16578
6261 12483
4093 15477
540 1166
5586 16705
14126 15591
7764 16908
12761 15249
1477 7280
4411 11660
14595 15434
3870 6641
11095 17046
1101 17754
8396 15483
5945 10512
10590 13212
673 1784
843 10449
6332 7111
5193 11498
8291 8429
1109 17376
5205 17329
9726 12530
5830 12086
4975 17932
592 15343
5907 11062
7284 18023
12250 12706
4524 10178
12612 14669
9875 11768
7827 14888
4121 17047
4321 12519
10073 17692
144 7295
4679 16309
4601 5869
1580 14888
5380 8229
9696 15970
12995 13645
9624 14612
7008 11304
1141 14283
2332 8083
11524 17593
4687 11796
1189 16075
3560 11819
741 16005
2172 8576
14483 18006
6475 13910
9839 10026
359 9645
8983 14600
7611 16546
10209 11814
7371 17598
11631 17610
1331 16641
8455 12533
2319 12010
9066 10378
5515 9687
1378 11704
1917 17386
382 13883
602 15466
810 9249
8700 9926
10960 13655
13975 15185
6559 14400
2436 8410
6680 15261
11632 12328
9119 12787
4360 10109
1233 17871
4585 11401
1736 4017
4963 12519
10920 15829
1077 5517
5301 15379
10454 17106
1417 13330
8693 13979
5040 16015
3423 3911
11803 15652
9682 11553
12154 14166
11878 17858
14738 15822
6999 16053
1303 15140
12935 15381
10632 12877
3133 3657
495 17506
