925 16006
8691 17081
4130 15632
3752 6792
9046 16903
9035 14365
11994 13639
5412 16711
4815 7340
11359 17839
16793 17807
7893 14195
8695 16614
10717 13778
14045 15791
6941 11308
10165 10733
13279 14856
5349 11282
3159 16914
623 15143
4664 11607
12127 17709
5465 17657
5452 11135
6857 9623
2946 10421
12598 17641
8327 16202
9444 14260
4981 4991
8487 8961
1583 7331
4690 10268
859 9360
1466 11710
2103 10107
4158 9733
3590 14042
13714 15065
1404 5932
8579 12816
9360 14544
7388 8907
683 13332
10296 12557
3273 15799
8695 17935
3603 6291
911 6337
1227 3702
2366 5137
12781 16926
10007 14332
567 10518
6511 10285
13882 15792
7741 13923
8489 12362
7216 15605
7149 9622
7400 11706
1923 12593
2507 2813
520 15136
1378 9599
1136 11053
4100 8076
5984 15891
210 8829
5932 9994
6818 16644
9206 14013
11316 13688
10755 11074
4949 17081
7633 13662
437 4401
4192 15855
6741 13807
2593 14419
12743 13996
3241 13332
12979 16925
2467 4247
15306 17323
1709 9664
5722 17081
10172 13126
10059 13050
10568 13798
5800 8396
3536 5800
2079 2752
14774 15356
6895 8333
4393 17657
3995 17589
5982 13269
6406 10987
1577 10398
4704 16186
302 11539
3708 4897
16802 17035
6876 16386
8142 16525
3198 17919
7632 13106
7050 13719
3297 8384
499 9843
13027 15439
4529 17787
11176 11862
1657 10881
8875 10685
16219 17281
1349 16133
11566 15278
2182 3154
9254 16515
12554 14672
3752 7036
938 13319
4327 14603
4789 8557
5673 15772
5423 14315
5039 8458
1654 15645
10587 11110
9408 15987
6223 11681
5416 8231
10080 10368
8352 9331
51 14372
4158 7848
8015 11035
5195 10470
97 3855
829 7121
8743 16328
3 11825
15472 17114
1722 10352
1781 17160
4489 13703
298 5751
13216 15558
13150 18025
6369 16194
69 2407
2406 13341
2810 13319
8089 11323
7700 16140
12104 14535
650 11761
4456 13624
11106 15054
7554 13426
14333 17315
9571 14567
8552 14703
2425 15080
10340 13882
1350 12975
849 8076
9512 15451
12100 12398
4599 17481
85 16494
3148 4496
10774 15315
49 10761
2291 6531
13082 13185
14333 15698
440 3526
4127 7670
12802 13150
11528 12069
8014 16453
7803 11576
508 8126
5674 6617
7238 12254
1872 10630
7128 7871
3901 7755
1000 4396
68 13339
6265 14495
5999 7166
960 9110
113 9817
883 13375
3707 13967
6789 12349
1212 13180
51 7246
3412 5815
172 2419
3224 8394
3500 10459
8003 10465
4002 13334
3310 17888
8396 9859
481 16956
906 10676
321 16795
5423 16455
3287 16471
38 10450
4540 6499
296 17126
14014 15835
4131 17016
1925 9888
3257 7180
4556 5041
8742 12508
4241 15976
655 7833
768 12969
12688 17651
4331 4955
4356 9590
10183 10761
10008 17445
8840 14672
14102 17723
10755 15803
393 7511
4522 8599
3079 10011
5914 10919
753 4232
754 13020
14060 16244
6361 6495
6700 8521
12547 12602
4694 9469
751 17822
12077 16645
2734 3367
5878 17561
2143 5989
11491 15451
9888 16095
5435 10566
7194 17481
5482 15539
4393 16708
321 10731
592 9673
4328 16163
4425 13932
3711 8991
4231 17571
2419 9546
5053 13650
11436 13627
851 10445
3492 17861
5184 9165
3132 16610
12057 16392
13082 13216
1781 8252
8955 11408
16056 16206
12220 14813
3153 6494
7489 11152
2379 8141
5205 8096
4047 17546
7200 11768
3347 11781
4001 4966
312 15470
7012 8653
12969 17501
4870 6441
391 17828
2844 10733
2291 4781
3837 7324
11682 15076
6130 13408
9281 10202
3349 4791
3274 10494
4283 8686
8201 14976
8508 10859
770 15903
10990 17321
1815 6017
14773 16244
7180 18035
1671 10240
1390 3024
11917 12135
12135 17998
1970 17331
4475 11903
11317 13320
11786 12369
16425 16507
11715 13627
5575 6614
10078 10792
7463 12029
1717 13735
6585 15505
5293 10374
14195 14453
13304 17036
13307 14498
8840 12117
9425 16641
1756 15561
6168 9855
1923 11319
2897 16799
9876 10653
13673 14822
3877 12294
9169 17740
1803 12369
10934 11724
4279 4686
547 11962
932 7986
13643 18016
578 14912
14667 17733
8504 10091
2261 5551
10621 11512
5374 10048
138 7755
4467 11300
508 5640
6873 15393
10947 15913
13201 16890
8150 8319
8192 16469
7577 8958
2864 16130
16513 17643
12165 17133
3330 9540
589 2438
543 12621
1939 12687
8137 11768
8201 16870
3295 14460
11976 17187
5414 9229
8632 14421
6354 13985
374 8150
1381 4284
4439 12701
5914 15014
9388 12588
4436 11908
2457 16779
13638 15448
6023 12547
1351 14570
12179 15565
11809 17723
832 6601
10249 12382
1258 12152
2979 3953
492 15165
4575 7467
6372 10710
1803 8690
1237 9889
5165 13364
14540 16360
13847 14025
11559 14635
3964 14557
4472 16222
6399 12554
5684 12447
3258 9019
4752 9278
6840 15182
1939 7010
8029 8352
1023 16284
8878 10985
520 4764
10414 11548
10599 14275
2791 14728
11037 17860
2498 7741
3570 6655
4852 8624
4876 8809
10093 17942
5268 17640
14303 16727
688 8201
3424 4764
4890 16801
6880 14345
12525 15381
477 2747
977 1356
3632 14785
3682 7431
2697 13923
12972 13185
4546 11153
6849 11232
4318 9997
7749 10070
8268 10743
13281 18059
8511 9194
2992 7857
7725 11799
14437 16507
2741 6914
705 16741
950 9055
3673 17749
11208 17445
5076 13027
1401 3993
3374 5338
4327 16298
3583 5306
2354 3339
12378 14621
3285 4100
1636 11427
3139 16568
1717 10564
2009 16614
751 15997
7956 9329
9042 15888
7093 9384
840 5066
3207 16734
9703 15837
9032 13549
8543 13154
11278 15408
14096 17217
2351 12757
8361 12167
12485 13376
3126 7833
9640 10961
4965 10165
15985 17466
6697 10760
5293 8352
10126 10506
1707 8048
16162 16665
8505 11211
2508 3711
8555 16890
7695 15057
8719 15283
10604 17496
2225 14540
947 1054
3428 8176
3116 6086
8979 17269
1179 16184
1106 16616
8463 13448
484 12287
8589 12431
1765 15451
10906 15486
9229 16421
1192 3850
6840 10881
3507 9567
7139 8304
12578 17271
10217 15057
609 16127
112 4115
14488 16933
5499 13580
4063 11558
377 16770
6252 17361
3535 8466
2467 6786
51 15264
2212 13521
7002 17808
1849 6585
7877 13377
6645 15981
2606 14213
6558 7775
9673 16142
4948 16920
3797 10881
5205 9835
800 1130
2469 14950
5423 5720
6288 11855
5023 13145
9764 10540
2252 10881
3516 17964
1968 12673
7889 17651
6628 14556
3618 6924
2429 4483
10924 11495
3362 11228
3133 11427
10148 11533
4508 16436
13519 16542
12485 13320
141 10142
770 7368
12035 16635
226 13882
10639 14178
5533 8065
3752 6788
3002 7369
2593 4609
9624 11903
1475 8333
1488 14580
16116 17000
1500 2817
584 16974
524 12421
6674 14835
10737 14291
10099 13368
12677 12967
5290 14731
5972 9357
847 14880
2547 12698
8068 14463
8831 15634
1206 8168
5053 11404
10878 15962
10590 11837
547 15689
803 3533
2910 4205
2418 16163
5619 12031
6623 9303
7356 13524
13880 17660
5774 16956
2073 5217
10268 12395
9856 11798
8381 14557
6992 7564
11522 16382
1020 12903
12063 15188
4762 8508
9618 17635
8831 11148
4552 8871
393 9032
6990 7706
10150 11902
5301 14470
661 3695
6436 17362
6602 13898
12272 16183
12961 17313
935 5983
4841 13477
8611 15453
6853 8220
2741 4683
1899 14914
3630 15454
3285 15343
14247 17387
1547 8628
13953 15662
7990 17296
13882 16792
7274 17426
2635 3860
4365 5583
9917 15785
2720 15929
7986 9032
8725 15077
4332 13558
1922 9720
6248 8878
1303 3601
167 8509
594 8826
6179 8665
8396 8868
4354 7945
4356 17894
584 12106
13986 18050
3176 5875
4762 13917
13187 15744
1373 2201
6896 11606
997 8416
766 14213
16949 17048
12556 12887
8311 16030
2 7557
3287 8984
11211 15103
9010 10458
672 1303
986 14218
6914 13052
6046 11448
5214 12020
2157 15267
11188 14785
4824 13368
1104 11589
15393 18016
477 5822
618 2044
14103 17952
6346 14452
1699 6652
10646 14561
10025 16614
6406 14249
3965 13154
4254 5587
10172 17175
703 5362
4688 11681
677 1959
773 16271
2061 2840
13966 14475
2741 13996
8497 9055
7979 16124
7321 13214
377 5337
12441 15264
4377 5867
4245 11666
10071 14275
770 15500
11259 14235
4194 7986
642 8853
3184 9802
6949 15426
1717 10398
12197 12284
8346 14473
3285 8749
11898 16480
11151 12717
8608 8957
12485 15490
2430 16105
842 10843
9054 10811
14213 16867
9360 17657
6189 11575
3630 17331
11404 15722
13161 16434
5753 13472
4109 5337
587 11110
9295 14645
11345 17820
8368 11467
4067 10512
5106 11785
2263 13933
6170 14666
4824 8236
2132 2650
3409 7469
8261 10142
576 11469
8514 10723
9721 16280
2863 6049
11833 12426
3871 17348
10208 16044
2678 3069
9911 16953
4296 8670
1148 9898
1986 13986
8631 15960
3291 5923
7142 9241
11496 12437
5978 7264
5283 15863
2002 13624
1395 1970
728 2626
1488 5092
10277 13559
1979 12055
10495 13156
10646 14982
10191 11917
12229 16423
12259 15516
10811 11139
10019 16202
5753 9087
5415 13021
7795 17304
2557 14411
511 6922
11943 16217
13614 16786
3731 10909
10313 12744
47 3015
1081 16056
2319 2660
845 14706
4406 13795
5944 15018
4134 15493
9445 16244
2661 10748
8454 11240
875 2314
13534 13746
11412 13869
154 14634
10465 15978
12039 13998
3125 11122
11444 18033
2635 11371
7246 13614
11593 17233
2141 7781
8219 12591
13931 14071
7277 8532
12758 16298
5283 6354
7528 9930
5014 10748
11526 16257
469 16616
4039 14233
2409 6370
12224 16564
2534 17480
1805 11170
11267 17935
7930 11041
3985 14084
2006 4052
4952 16616
2583 13956
5224 11889
3025 11843
845 14473
1186 9279
2674 9758
10872 13793
1479 2276
3666 15990
4919 6592
5919 15470
5338 10685
1815 11855
6448 16913
9508 11751
3024 14221
4354 7305
7491 16468
2221 5926
7833 12243
5643 13788
11809 15199
3982 13987
6863 9293
6360 6989
10217 11984
12949 15421
10683 13006
4000 4989
10675 14661
1179 8724
9351 16350
11153 15282
7450 11645
4560 17269
8223 13849
5844 14456
2709 14011
4938 9382
12834 13007
11368 11915
739 6119
6401 12237
2907 6901
15649 16940
14236 16665
9 17864
10725 12220
12901 17752
2108 12689
1886 15488
7887 17704
8132 14989
7038 10202
7806 17007
10444 14553
14830 17706
2503 17149
4558 10141
12382 16977
3669 16783
6693 17692
1590 17043
5415 15298
6302 15384
2937 13432
1111 6623
4471 12850
14288 14813
2141 3938
9673 10687
470 1716
7078 18023
8498 11868
4357 6664
16526 18044
2564 17982
8896 11839
1294 17316
4752 16223
9859 14313
13633 14948
1917 10385
2710 12976
6690 11463
1778 6381
2108 2512
8475 10761
3936 11729
4381 7791
83 7333
5235 9318
4331 9635
3137 5800
770 15996
2221 8512
139 15957
832 16759
2426 2975
3955 17081
16519 16905
4322 9606
187 8833
7331 14740
9647 10781
14049 17197
2794 17114
8464 9097
8695 16027
7007 7463
7251 14767
5701 16665
1945 5782
9251 17886
11099 17020
1709 2045
8176 16974
9621 11377
753 16115
547 4305
9424 9817
7368 16184
14847 18052
6837 18043
4769 4815
10534 17109
15882 16374
6361 9583
2481 2829
2049 4053
11549 13879
9456 13339
3764 5891
6594 9241
921 10755
5800 15143
13204 13972
10398 14313
6215 12447
15655 18049
14831 16641
5577 7173
8295 9516
14427 18001
5178 15676
3132 9598
2381 12806
13562 16177
12337 15607
5313 12541
878 14864
567 10275
4236 15745
784 7351
8007 11616
4043 16171
5777 7234
234 16013
255 8240
3051 8972
10934 14937
4299 17187
6640 10300
10587 14737
1910 6702
701 6090
366 10181
6390 11958
11529 13739
3500 10181
6039 14143
6555 12835
1123 4194
3993 14404
9723 17006
9471 10540
5285 8211
5788 17867
4561 7147
2006 11489
2605 12714
10163 17487
8880 14643
3708 16038
9883 11725
1186 5482
11919 16056
10685 12454
8372 13331
4335 14937
8695 16792
15 343
5310 10045
2705 13603
6804 11634
8686 9341
6133 16436
3742 12193
1709 15481
4835 8697
4346 10165
2861 13521
8197 16655
6008 8961
5481 7716
6487 17889
7381 10099
2171 2840
5139 8958
5417 14520
12751 15029
17871 18064
13344 15616
1421 2574
9817 16546
7153 7400
2175 11526
11768 14643
6804 9808
11147 16214
8038 17749
10142 12903
15193 17723
719 17086
7066 10959
4295 8717
2711 11622
11130 11701
3352 14408
6179 16943
9474 16290
2759 13257
7408 7833
9733 15366
11802 14213
10947 10994
2886 8368
17635 17935
123 9125
2299 2393
7115 7443
200 13034
5091 8454
377 5672
10278 13057
5874 9454
999 17507
4160 12523
960 13436
2656 7960
8512 10490
1169 12286
1529 16636
1705 3979
2674 17205
10805 11252
2771 12132
4453 9489
916 10645
16235 16594
2794 7368
11838 12041
1944 9316
2626 15902
7356 15491
2363 16377
5265 6690
2101 13857
7712 15193
2057 15125
11515 18033
7492 11903
14476 15647
1884 5151
2172 15835
303 14603
9331 15643
6318 17541
15540 17793
8570 10776
2603 14694
13600 15990
9872 17668
1407 1419
15518 17229
15986 17890
5105 8611
4979 14384
4392 10743
13808 15646
5969 8430
6190 7670
15381 17144
14215 15587
5022 5464
15677 17114
8513 14238
9673 17081
12150 17943
1611 13147
2208 3288
2964 6907
12008 12447
2150 16949
575 2689
1939 16614
2764 7786
12485 13304
1437 9125
12485 17187
8456 13774
568 15601
8302 12566
6318 8695
7383 8614
284 3541
960 6666
12253 17271
10621 12245
9285 9728
2674 12152
8532 13241
1051 17442
1927 16700
2211 13793
5575 7331
298 5026
7722 13022
3536 17112
9654 9995
8532 8936
6529 12123
4059 9042
11289 13601
8262 11371
3361 5181
7282 9723
3539 12906
4306 12902
6080 12001
7010 7222
4173 12137
1257 12968
2791 14830
4177 4506
8968 14574
4207 8067
9744 17237
4588 8124
5967 11491
859 16456
4660 14413
5989 9357
3146 11888
1569 8329
3143 6092
2005 5256
1118 8047
7178 15659
8695 14498
4012 4307
15 8767
8991 11541
1972 12642
7180 15251
13999 14318
937 3184
3860 8219
5007 13701
7755 12085
5215 12655
11368 13837
4710 14612
8394 14398
4308 14729
16635 16972
2548 11235
6639 18036
11603 12957
8842 14221
15057 17474
5812 15821
14301 17487
4057 14364
6265 17500
1443 16674
382 16194
2671 2713
13216 13756
1052 12293
1559 3596
4976 14666
11809 12753
7163 12231
6341 11145
6614 14354
13030 14473
13521 16995
6853 8311
9234 10544
10741 15492
15489 16990
10663 17567
5983 16113
7300 13618
13966 15835
2798 11788
6545 13153
12741 16530
1452 13133
14491 17642
2252 9938
535 10067
9223 13133
1825 15295
2277 12309
2686 6890
11792 15012
5970 12897
3886 12954
807 2131
9606 11369
9878 15957
12850 17334
10345 12544
4764 15898
7126 17624
14407 14420
14152 17508
303 5868
5160 8955
3107 10660
3630 10451
5586 6235
4903 16667
2043 11317
6337 9747
8454 13953
1929 12476
9706 16913
2443 4952
11115 16023
10451 14989
9941 14920
9673 15799
7056 14707
1689 7377
2685 13293
844 5301
14372 16030
3353 4677
991 8381
6807 8175
2807 8273
185 4398
1374 14395
9489 14568
9767 18013
2906 10546
1029 13677
11670 17988
3242 10060
7815 12393
112 5614
5041 6056
4305 13606
2212 14734
2419 17523
5271 6201
6316 8878
7323 9263
10933 17191
1686 17081
3176 16616
1518 10643
13201 14332
4057 11498
4052 12590
9115 14635
4651 16202
1179 2600
5343 15492
14634 15172
10539 11768
2009 7855
5600 13044
11781 13923
14273 16360
8106 10599
2974 15996
751 12985
2983 10819
8482 16526
13578 17843
11889 12966
1612 4741
5970 8508
9855 16976
8600 14498
3711 9110
2150 5139
17965 18054
11816 13598
5824 13744
7862 8219
2970 12357
5283 16147
4916 15984
5365 8311
8341 11514
15125 16587
7612 14062
5175 12180
5088 10710
1851 5545
5094 17805
12830 16871
1815 11124
770 10273
7515 17004
20 11002
9815 13931
4165 4739
7849 9329
1178 6104
12109 16792
4104 14583
6376 6890
12095 14569
4209 11947
16538 17999
11734 12676
6333 6412
8119 13929
8752 16380
10197 18014
3464 4004
10682 14506
2720 7340
14002 17979
7220 10805
8964 11726
2720 6189
403 2907
12150 17658
5439 8489
5845 14026
15507 15521
10296 13718
1510 9396
4196 7117
10142 17976
5307 13405
3750 17984
12254 14481
12346 15126
15206 17527
4588 12485
6298 15393
7925 17805
272 17465
5776 8749
11035 16356
5053 15299
4955 5015
3067 11688
2775 15492
9068 17578
3 16485
1983 14319
7747 11652
12117 14212
10451 12256
2051 18033
4959 9047
15167 16853
3547 17384
3526 6335
9188 16515
4492 12318
3024 7456
810 10503
2970 4556
3835 12918
12485 17334
4249 14884
3657 4184
14336 16167
1732 11884
4770 9377
702 1520
14236 16293
5466 12903
10575 16339
307 1258
9583 13853
6700 16118
451 16265
4459 12128
6076 13850
9763 9808
143 11447
3906 9297
7966 17284
4863 17829
4686 12757
12682 15373
4511 14697
8508 14441
859 13154
10031 14659
199 13817
3621 5047
3671 4542
3187 8177
2984 5436
1721 8886
5723 14093
1635 13049
16507 17095
4636 12082
4424 10315
2291 7351
1781 10370
13303 16921
4823 13150
2246 14033
7334 10241
13598 16222
377 9858
2363 5872
6804 8339
5007 17293
2393 2394
2064 2263
1628 3033
635 12250
9757 10750
5673 16024
9031 12874
2661 16191
13081 16060
3513 11545
5080 15003
4933 9094
2555 10112
6406 10985
2484 11984
7763 13241
4305 9640
4556 8089
477 8381
1087 2997
8763 14315
3028 7411
3116 16377
12220 13968
4240 11499
8532 14213
14599 15964
6448 12540
4385 6461
6384 15751
8667 15837
6888 8094
12981 16873
5192 6237
2638 12658
2833 16554
3074 15114
1063 16507
6977 12487
797 9678
5148 10165
6170 12485
10862 14523
273 1677
2980 3123
1158 9195
881 989
2108 4245
4453 17860
379 2425
8418 8856
10643 10881
2354 10051
3224 15492
13062 13746
13154 13408
1644 6372
15471 16376
839 1796
1920 6528
14399 16328
5671 14833
10945 14227
546 13332
4356 17379
16332 17081
489 10961
1309 15515
7228 17640
10158 10547
1907 14105
8695 12063
11703 13912
2690 10959
3837 17979
8820 17403
3341 14329
9125 9953
573 3284
11161 14596
946 16487
10063 12068
9593 15172
10081 10502
1118 10993
3648 9445
6606 14865
5445 14548
1 16783
6429 17465
546 1910
285 5080
1188 6857
116 6804
8512 15251
11165 13204
4004 11436
6485 8358
6170 11691
1351 4694
12060 14093
1457 3421
3408 5723
256 10682
9702 15754
10784 10959
1534 11148
8839 12021
9118 15108
6808 12431
5286 15467
13251 17580
11281 14706
2021 2984
9499 13256
14859 15814
2209 6863
14306 15475
3749 13553
155 17508
6523 11875
1583 16060
14937 16190
1699 10676
12063 14466
3247 3292
1722 7855
4827 10699
877 1035
15371 15737
592 3137
3087 6495
9840 15346
9418 11366
315 17483
4979 12523
960 2252
4443 5230
664 17755
1924 14723
1294 5639
4513 4858
3994 14982
13037 13623
1713 13088
6532 17130
753 3898
9522 16183
11970 15901
2329 18041
6531 16240
2640 17777
9512 9875
6495 14143
4853 17580
5086 6001
7979 8201
2946 7609
15371 15778
4150 10506
5206 6635
10180 15451
3153 4877
14597 14987
4893 9709
9691 9719
12077 16649
7210 15192
11803 14419
4299 7316
6120 6649
2513 12010
8067 13839
6623 14339
5855 15177
9130 16697
9425 16459
8252 16622
9661 15348
5098 10938
9615 14240
516 11176
1869 3492
201 10857
12092 17144
4506 6317
2043 9758
4487 4510
3249 13407
3491 7297
7876 15332
2091 13689
3057 6303
9612 15838
3235 11038
6464 13239
7059 16996
11126 16792
10302 15976
768 4764
4478 6096
3516 4739
7477 10905
7278 15490
2449 17500
9634 16867
5995 9482
8026 9639
9051 15620
6990 10892
969 14204
17541 18049
8749 9953
10352 11622
2004 17928
2741 13841
9032 11015
2730 15863
8609 9797
2801 17896
14989 17172
921 3896
11878 13191
11515 12677
7949 15538
1681 5415
3858 15835
11080 15500
9087 15038
8176 17802
1576 15965
4342 13686
5545 9018
9917 13146
1837 13729
2354 17470
2108 6722
6278 6982
5193 8354
1237 10217
6080 9360
10165 10456
6990 16961
2937 5255
7264 17379
9887 13865
1815 15990
7988 9469
3111 14543
6659 14441
6495 9753
857 10913
3627 6655
593 8384
5845 6394
859 8577
13061 17979
1052 9768
6298 9043
5815 15413
5484 6942
7172 13061
548 3154
2151 3049
6023 9440
804 15535
10326 14637
1754 12117
2150 18016
13257 14728
1832 7149
9194 11508
1081 10779
11789 17657
10078 11447
12104 13150
3911 7608
6652 11245
11407 14336
12518 17469
1628 1722
8029 10975
9614 13994
4535 5604
1241 13927
6106 10518
195 5306
1526 5973
5889 9579
132 6875
4739 15003
811 12732
11631 16076
6749 7679
12603 14603
1179 9888
2892 8001
12581 14636
11250 14599
752 16665
3570 16979
8937 15659
13677 16143
1939 7331
8695 16611
4397 8474
2077 2503
9506 14528
2157 7035
2613 7007
5024 9191
922 17271
9527 10025
5567 17437
4153 7132
7413 12152
3267 17853
5268 15897
1198 16905
158 4096
2086 10228
9162 9938
14622 16719
7172 18069
3982 13767
17220 17739
4752 6677
7128 12117
503 14634
8219 12435
6337 14286
8044 10332
348 10921
9451 10299
2988 12672
1263 8137
1335 16608
2955 16821
718 16434
7321 14485
8543 13358
8735 14396
8283 10779
2273 4393
6287 15786
8124 13986
2215 15118
14193 14466
3735 7144
2797 6953
3800 14819
2453 13011
7594 16698
3621 4865
9471 17895
4861 6424
4150 16505
3810 10019
1969 12145
14961 15261
151 2752
8509 15124
12185 13081
379 15898
8174 17877
4072 16240
6244 12846
10265 10564
3952 7509
6106 14737
9780 13721
1198 18034
2219 9166
713 8846
8690 12676
7554 9951
11822 13277
2730 14731
3861 11929
2419 6996
273 15993
5794 14604
7423 14219
3713 11089
771 10727
10422 12229
1019 1104
6332 8106
10352 14989
8493 16134
2425 2593
10621 13027
11699 14781
4167 13603
8024 16920
4017 6288
3736 16913
6125 9521
358 12313
13872 16328
8555 14041
4579 13914
3470 12107
5848 12237
2016 8560
6405 6495
1723 3912
4262 14606
741 1714
768 1886
999 1709
14407 18005
3517 14649
3810 5002
3901 14589
4946 10611
8352 8396
6707 11939
9764 10604
779 6373
151 3033
6916 13857
4163 10977
9115 11577
3935 6090
2560 3336
2252 4247
10088 12202
11607 13191
5717 10375
1914 7013
6615 14043
2355 13069
1689 11700
99 2830
4796 17048
4816 14154
17389 17474
3120 6677
11292 17187
1289 10151
5065 17381
12580 12676
3036 14728
3714 16821
8364 10200
15601 16346
6316 17092
84 12575
2863 7432
1765 3736
1294 14785
9879 13870
15966 16779
14620 17376
3223 5950
7 6039
10163 11053
4491 15793
1374 10304
12816 14463
9888 10265
8516 9548
12576 16422
10553 17866
7712 12600
5513 14431
7062 14857
10278 12151
14491 14798
15497 17648
8695 12901
8819 10342
14663 17946
10197 17935
874 2414
9856 10124
5569 6674
8686 11732
5695 13017
10726 11164
3770 11918
4431 16614
10113 11838
4380 10444
6299 6972
1733 15481
14495 17048
6844 10385
5417 12774
2861 8009
6848 10401
742 14704
11936 17528
5297 6985
11110 17716
4677 12113
10325 14509
8535 10217
3958 6413
947 14391
12203 17010
2449 10872
9733 12152
4483 8401
1419 12089
4796 6661
3347 10142
6491 14557
582 4558
15601 17530
4588 7140
226 9764
6296 8362
7838 10733
16894 17259
4605 10578
4588 16564
1653 1717
10981 14324
15122 16792
12229 15710
9192 15686
3025 11647
7180 16494
15525 16935
10337 10934
7463 15814
13201 15435
9622 15836
8115 8951
3277 9976
1939 16681
5002 17959
5924 13319
628 6755
10989 15089
2628 14045
4662 12539
16230 17211
6773 12301
5258 5297
5268 13507
2910 5969
12992 15205
32 8368
2629 15817
5193 16700
5508 15005
1704 14983
2625 11451
1519 3797
11574 13154
8624 15172
2264 3109
5090 13639
3642 16614
4609 8742
10428 17579
1430 7503
4158 12362
2552 11412
7305 9733
4898 6277
8333 14352
6967 11033
4393 17866
11773 17136
5912 11498
10872 13565
469 3170
920 14143
2957 6337
7695 15065
2629 16853
14402 14411
2583 4637
9597 14664
6866 13430
3714 15833
10531 11422
7028 13476
1069 7163
4393 5932
2497 12529
2083 10026
5067 16468
6047 12152
1319 5621
7739 13953
4377 17042
2425 2625
4249 6563
3405 15472
2968 10112
3057 8112
4622 16616
1388 11620
5083 16221
6286 7170
11232 15339
3720 6902
151 7603
9637 15524
1529 15882
6612 9763
12966 17062
1570 15754
6734 9272
4247 10750
12145 12618
5852 6585
3232 17245
3230 6007
585 10838
4660 16315
9622 13583
12703 14695
16011 17390
5415 5588
7025 18060
8122 17445
8492 12043
7155 17155
15467 15737
6661 9839
3764 5667
3788 17985
12384 13344
9377 10267
6084 16107
2888 15790
301 10456
4229 11498
2323 15670
4781 17944
349 10212
7197 16257
1465 6982
1113 4881
6090 9251
4254 6670
9596 14097
2572 13771
2744 10947
6291 17568
4368 17681
11653 17848
578 13962
2752 14339
9671 17144
8219 10352
4755 12259
359 7481
8695 16223
11371 15155
7609 13053
9447 15977
2931 12304
887 6949
14416 16665
13723 16257
4721 13523
13277 15234
5297 16919
20 9888
2141 13521
4762 16407
6837 12588
4561 4613
866 12634
921 11436
13368 15838
2730 10628
5982 16505
7740 7790
4556 8907
5479 6341
2354 9303
11464 15382
4007 4241
294 1097
7214 13911
7111 14067
8713 10732
3278 15526
7172 17091
6240 7316
7541 14549
6686 12467
11069 11644
2495 9236
8690 10825
5742 15090
13928 15978
1723 12831
17533 17991
9182 13841
298 15061
10626 13954
13205 13726
5913 7687
6461 10784
8166 15772
751 2377
5987 15673
3407 17786
1923 6119
16666 17537
2351 8471
1657 3082
7133 9523
6466 15752
1704 17271
593 2056
11517 16869
1417 4762
3133 16850
44 16984
168 14491
16512 17979
10371 15542
3352 12753
952 16077
1748 9125
7066 14965
2404 14389
3621 14105
16258 17911
10136 10779
6273 16132
3306 12294
1116 15057
2734 3539
5327 16658
91 13096
6635 13364
4249 11869
1938 15976
8840 17445
4536 5450
1590 11368
913 12370
2580 9251
10518 11782
8083 8375
2685 8767
3503 15239
8268 8522
1726 11028
11850 12687
9454 9673
1379 4614
1359 15242
229 16568
8814 17245
5541 8461
2211 10680
3103 3469
7819 11657
13841 15981
5094 15143
30 2137
9377 12411
3764 15145
3120 8597
288 15833
12993 13604
12440 13795
10546 15973
6806 13257
4393 17943
14308 16145
4255 16398
4710 16519
9241 16788
10685 12237
26 7692
4153 14235
1020 4105
9763 10004
2862 11941
3000 11316
1654 16859
2285 15822
2378 9455
9938 14565
9673 14791
15123 15300
8886 17445
9524 13333
10738 13351
2540 5352
10153 14220
9596 11504
1534 3693
1390 9887
6361 10041
15495 18066
932 3958
6786 13735
751 10037
14548 15473
5482 9354
8044 11778
2623 7582
8219 16794
784 4043
5989 13569
1689 1713
5437 6080
3958 8546
6278 16858
2928 14728
8690 9202
3195 13057
5093 8311
5722 7162
2057 12588
2965 5620
567 4647
16272 17658
2647 14773
1035 8090
10181 15095
6055 7658
5437 13322
15495 17092
921 11603
14603 17048
14473 15784
1457 4024
784 17657
1950 6907
16 14440
8150 11539
1379 13503
2190 13069
11220 13953
2622 4758
13339 13627
2209 9850
4157 9297
6080 8469
3241 5518
8614 9179
856 13852
7227 12987
4275 16560
9965 13953
1363 7487
2720 17658
7826 17860
9516 12955
2837 14082
6924 13882
3865 13430
11165 11809
2326 4759
3901 15199
2969 11802
4326 9377
504 3057
9054 12891
1651 17837
1716 5131
1699 13616
9827 15619
176 8282
3361 14313
5242 6808
3024 8811
10066 16243
11061 13704
9530 15421
9966 10579
9872 11785
13526 17316
9123 13734
2079 17969
6653 16043
5285 9888
2698 14082
5080 17658
5474 17095
1270 12080
6949 13304
8690 17935
8098 13005
2560 15580
7695 10217
11151 17016
10279 12295
470 17293
2680 3278
11790 12871
14667 15475
12485 16425
8611 10331
7531 10966
5853 16926
1198 13272
9806 17372
5094 9829
989 9455
2059 10664
321 8546
3142 8311
7612 9378
5498 14634
9802 14427
2011 5885
6670 9869
11512 13027
1721 5718
1006 6948
1103 4842
8250 16585
12301 12431
3775 16340
5040 9411
4447 16554
8441 17056
8624 14092
8691 17723
2241 4232
4104 12903
7923 15305
1721 11529
1357 11684
6865 13011
4059 15695
2717 12851
13538 16403
645 9118
3051 16298
7222 17048
1717 3405
7354 14691
8909 12240
3087 10368
5639 14384
3994 15762
3583 14714
742 14702
12132 17217
1714 13625
877 4436
5723 15645
4004 9624
1179 4815
1786 7454
1120 13027
5722 9162
9649 10250
9496 15932
2421 11873
7573 10292
9550 10807
10609 14470
4949 7286
5596 18032
3866 8937
15772 16469
51 9650
10314 12063
8096 15869
6583 10963
2634 12653
10008 12485
1705 4617
6090 9259
8994 10561
12979 16718
9568 16946
1484 4518
6355 12958
15955 17483
7311 7457
2720 3195
9251 12687
5165 13362
11575 14176
5446 5627
511 16871
97 12072
2073 4838
7480 8447
13399 13919
2911 13767
6028 9673
10613 14064
7456 8936
3162 17790
12386 15017
11728 16156
1384 4640
8854 10805
3697 13281
8570 11415
621 5587
5479 6512
8788 14835
12413 15966
13150 13165
7619 9193
5432 12229
7780 8809
6051 6130
7056 9175
6770 9098
8321 17337
4522 6805
1752 9583
9673 13205
8381 12456
2240 8653
10809 15957
449 6770
2759 15475
2449 3070
5636 15707
11210 13081
16223 17635
7994 11542
14604 15526
20 3113
9979 10334
8368 17550
1113 10687
1503 10423
5453 17019
5311 6482
14082 16901
13589 16906
163 10158
4771 6754
9733 11402
7141 12713
325 335
4083 13228
10805 16028
13736 16451
13967 17108
2498 17664
9673 17209
10779 12589
817 3736
477 1356
16322 17865
10508 14888
12408 15838
14495 15707
6963 15016
10236 12718
9307 15803
8560 15528
9031 13392
6292 17293
4546 10202
5384 8810
768 2775
5180 11430
9400 16970
4719 12983
4363 6653
4410 15740
6951 8854
4098 8867
4365 7850
9583 14175
6511 15332
5935 11738
15088 16819
5297 15597
11495 16726
3290 9098
1196 8514
5800 8122
2381 5919
1529 2547
4276 8631
4024 14213
5568 8579
6990 18035
9356 11436
1748 15132
8219 14430
12792 13647
6723 7713
11074 13060
16460 16949
3861 17828
5144 7739
5665 11134
1358 14943
6710 10623
17362 17443
2294 6343
6371 13301
3148 17485
7608 12957
5401 8227
298 13928
5268 10434
2008 9193
2785 17136
3277 14877
560 14429
3421 7062
1196 5094
7740 13732
2537 8636
7500 13841
7452 11622
2928 7620
7203 9309
9911 17380
5478 11420
1324 11832
55 15194
7591 16622
2547 3736
4937 8767
4456 13880
779 10568
4955 9301
14544 17468
1706 11151
7662 14042
10919 15679
6080 8029
7775 13435
6364 7061
5757 17109
303 6484
6743 10621
5777 16358
9036 11053
8596 10390
1657 12031
3133 5640
5208 6778
10180 17595
5087 16598
1803 16967
9995 13183
5655 8227
3286 15507
7197 12080
2209 7932
8526 9087
3787 7155
4754 5651
6705 10826
1193 15014
15754 17156
2775 11648
449 8311
10610 15535
8546 9360
10337 16832
1567 13566
2844 7591
12157 15519
3751 8132
2775 10518
8856 14561
5028 17052
9522 13723
8102 13339
2683 3380
16 16641
489 17602
2156 3174
6318 9354
1850 9293
4482 6355
2180 6949
12725 16825
7466 15681
2498 4828
5414 13763
1705 16781
9577 13637
9167 14783
12485 15545
9938 14506
14423 15054
4905 12544
10113 10268
7018 12815
8742 11167
6219 13895
7321 10719
7062 7228
12387 17485
2547 17911
3921 12900
2026 13165
3380 14773
13304 17209
4905 14686
14201 17719
2744 8813
2441 3062
457 7712
1640 9686
8766 9882
8625 9593
3754 6324
11575 17964
1851 6029
4710 7608
7153 17295
6540 17509
1137 15539
520 1401
2386 9444
2901 10066
2101 9613
5483 10083
7591 12485
3929 4693
633 12435
10017 14178
4378 9033
2964 3007
2154 16674
9570 10152
3382 13614
5285 17048
4725 10099
17541 17676
2858 3058
8137 17783
2751 15608
3614 17587
8352 17993
4109 10481
5926 10025
4043 7351
533 6718
2467 6975
4081 5499
8975 15786
4190 11157
8211 13305
4725 14697
6939 17010
15298 16725
10180 15404
6507 13625
11897 11939
10779 12220
9916 13414
4183 13409
16454 16795
5800 10183
2052 6055
9471 16507
16369 17977
585 17745
2446 11583
308 15289
2467 10019
6836 12856
5105 6062
810 4305
9115 9971
5162 10523
4944 5640
9105 17547
11221 14065
578 10025
5066 16285
5899 9354
10660 14021
10485 17843
12200 16910
4280 14949
4610 12961
141 18050
1132 7522
11318 15723
4262 15002
8214 17074
5047 17749
5998 16984
5284 6287
1519 14599
4764 15136
10423 17269
1119 4316
2760 3730
4519 15169
3468 8032
1833 8759
3057 17882
4773 16200
6123 7001
4052 14661
5053 17228
11355 12287
8326 14067
9191 15260
6398 7246
11188 16293
3021 5981
2460 12019
3590 16005
172 1020
10814 13315
7035 15706
8642 17586
12095 16294
8226 11053
1015 13151
4824 12090
3816 12302
6318 16967
2717 8379
5437 9601
4222 15190
2810 5131
602 6639
10897 16806
5680 11709
2976 7953
10805 12132
8556 16925
7833 11250
13888 15848
5634 14724
511 6693
1280 9758
3688 13221
377 14195
1583 10118
4878 7316
11498 12045
1147 9415
4254 8139
16786 17864
10561 16277
3368 4580
8854 10090
6296 9096
15807 17530
5559 17777
8667 9026
4161 9510
9609 16414
2038 3898
382 15503
10120 14687
1641 12743
13467 14313
12714 15028
1805 4331
6864 16312
2403 17278
13351 15265
3486 13848
2150 10993
2079 8701
4453 12538
9763 11541
1227 3536
7458 7835
4131 13493
4476 17187
3424 17530
7264 15791
9046 12901
9033 12445
14949 17803
8983 16703
15199 16037
5701 16014
5365 5724
16741 17733
14714 15854
3635 9025
4615 12903
251 6837
4530 8186
2278 9209
3736 12753
8837 17565
1028 13191
465 18043
12588 15835
5423 13665
3693 17430
5258 13813
4408 4511
7133 9888
7582 14627
8396 8981
1740 16272
13344 14085
385 585
2135 2541
3277 4854
3882 12303
5632 9272
4304 13878
9758 15474
6748 9026
1061 13363
14275 16479
4431 12408
2459 4045
1703 16342
2001 16134
5469 12867
10429 16779
2238 3206
3180 13747
907 6876
2250 7152
12447 16685
6090 6586
5409 17486
3133 6670
1130 5151
6888 12472
6786 8082
5047 9597
6563 12437
8497 9768
2610 8677
1654 4647
4642 16038
11086 11561
1252 17075
14318 16507
3057 15467
16635 17324
7509 11151
2984 5181
2848 7803
139 4795
317 3172
10448 13064
2626 10002
5474 16400
7384 10643
56 3624
10168 17163
5227 12144
13249 14815
12255 16391
3718 12316
4286 12203
141 14227
3826 14107
6925 10053
10710 14177
10093 13210
6268 17948
449 9320
3354 13962
8426 16253
3800 17567
6661 15600
11850 15852
6806 14239
6224 16563
1315 5435
1479 8936
2005 4791
7670 10978
2952 9061
2785 3992
2515 5329
3993 8436
7172 10124
9444 15220
11855 15434
51 5636
9948 11232
5843 13746
6927 8957
1232 3797
4837 13756
4589 6461
4511 17535
3421 4491
4588 15125
11241 14403
9994 17764
3800 10393
20 2310
7407 10683
9557 15503
7133 11946
11674 14503
6201 12793
451 5197
7249 8972
11420 11606
7109 9111
7795 10760
4952 13337
5205 17066
4408 14143
6483 9634
1657 9527
12687 15169
1007 10217
5882 11602
6661 15741
12243 16459
11675 11850
141 6614
4518 14884
10366 15332
1996 5569
226 5131
2011 14082
5800 11920
6090 13880
10405 16568
2682 16595
12642 12771
13998 14909
3176 12135
12840 13241
4305 7199
2752 13873
7056 8240
6392 6403
3291 17019
7876 13178
1713 4396
6168 15802
10732 12687
14092 16782
4017 9042
5692 9429
11498 13714
1479 15384
4541 8012
8532 16616
8790 10422
4396 7906
16167 16300
15976 17704
2484 6853
14138 17614
3341 15558
4710 15300
9792 10307
8961 15952
13191 18016
2844 12504
9121 11495
2201 14443
487 1942
4560 9175
7709 13639
348 9433
4979 15489
7957 15474
3165 15169
2757 3743
6175 7843
2924 15778
6635 8546
7698 11606
3736 15925
9657 16310
9502 14738
2542 6106
8233 15522
1386 17350
3951 10187
17080 17315
585 12148
4775 14403
588 4652
10947 15548
10083 17499
1443 2235
1832 2950
3536 9162
11791 12840
4417 14495
7078 15119
162 16456
1686 7986
16285 17549
10503 12224
9694 13271
3810 6322
2252 8376
3663 11055
3926 11251
5686 10716
4023 4518
4207 14847
2282 2656
3531 15135
7510 11320
8466 15194
1527 8528
9384 16792
15545 16995
907 10905
2780 9720
294 3148
9030 14300
15136 16564
217 9924
12350 15495
5995 6346
4413 9671
7154 7833
4102 7149
8613 14433
12132 14622
4431 12441
10897 11976
7755 13637
8201 9634
2676 15300
5370 11281
9878 17217
12200 13436
2117 9733
12739 12763
6664 13011
16436 16966
11232 15500
2674 4522
887 1414
1114 17909
13464 16088
11312 11371
5561 10153
2180 5148
520 3346
4772 10191
6190 6266
10685 15706
8107 13685
10404 14299
642 7862
14857 15161
2457 14937
4567 13674
10689 12284
4233 10600
6215 16685
7222 9855
12117 16792
3887 12623
2355 12105
1858 16805
7670 16396
3886 17858
2678 13880
6585 12043
3619 7617
4975 9516
6543 15550
6361 11322
2871 16191
7638 16904
8065 14666
3332 9912
14947 15784
3481 9108
11242 11860
4004 6112
16919 18033
2070 6167
4336 10728
6805 16369
6645 11869
13335 16792
1358 10561
1916 17999
3910 11520
14498 16530
11299 15160
6585 13927
8818 15882
1762 4975
13857 15003
3758 10422
5290 12578
5530 6982
5672 16422
6039 6318
3373 11528
5797 7069
8979 14899
6225 14964
9290 9888
5156 8176
6627 10125
1123 17297
4519 6277
4004 7931
9767 16920
3176 8220
10840 15539
866 16437
5382 10013
14926 16319
12485 16616
8354 17429
1359 12185
8570 17303
608 6629
10468 16454
6711 11556
3116 15524
11199 12151
7197 7912
3339 16460
15620 15835
875 9673
2393 13340
1198 5846
11642 12642
8144 14704
1148 14270
8840 9032
9152 17091
5315 12287
4358 10060
10931 14372
5131 12591
7653 8333
9673 10398
3352 9162
9046 16910
10156 12901
4482 10413
4085 14688
7312 8611
12617 12658
8998 13717
14318 17468
5976 7210
1793 8098
10220 15371
14208 17976
4772 8469
9469 14019
401 10165
5204 5431
753 6080
3952 17081
6707 12600
3965 8577
1124 2021
1911 4872
8223 9617
12437 17602
6777 13128
2712 17815
2351 13057
13627 16298
2453 17549
11540 14103
5948 9807
4043 9613
7228 7406
5620 9935
10581 13648
5555 9241
8220 16536
4689 11189
847 3014
5806 8546
3897 14434
3050 5052
4795 12456
8375 15604
850 5632
1992 7041
1328 10558
7787 12687
11938 15850
6677 8770
13905 17320
1320 15772
9697 14411
2110 15793
10225 11221
4223 5089
5621 14793
7456 8186
1480 15294
12490 12581
121 9715
866 4047
920 16455
15491 17425
8220 17129
1418 16172
4305 12591
11647 14308
1342 3461
1477 4045
4180 6723
2464 14431
12237 15002
16556 17177
4560 10981
2602 4666
2316 14932
1915 14516
1722 11559
9673 17443
742 7719
6171 13010
3551 3732
8546 9767
1867 11548
4436 6967
4047 13224
13909 14553
2223 10093
60 9711
11768 12362
1198 12237
10037 11341
11828 17413
11481 11688
4260 12252
14590 15003
4059 5296
695 9634
7017 15274
7391 9663
2158 7312
2857 15219
15912 17484
9874 14227
3436 16267
10947 16242
2718 15374
16131 16510
16636 17595
4129 4278
9466 12911
6771 11784
932 5342
1540 8555
172 8333
6050 16101
1251 16521
4580 9462
7264 9429
543 4076
3317 14236
6303 14700
5843 13472
8937 10165
5746 8273
2884 9536
5677 5782
7554 10925
8508 10572
4126 6654
15698 17546
440 859
4505 7932
8295 9305
2837 16790
6635 12109
1258 13931
9217 13358
2099 3995
5448 7358
4916 5384
7178 17914
9317 12187
2306 4404
4081 16918
9307 15516
4931 15785
7035 17705
2411 5144
11797 12144
997 1709
11234 15940
8775 15254
3082 17766
9448 12345
5995 12795
7 4979
7509 14826
3033 6670
5052 14622
8065 11721
8029 17395
3017 7775
3933 11881
2288 17909
6437 8219
5776 17635
2221 4356
4045 12467
1770 5256
7228 12861
4204 5722
1596 14672
1696 16739
11753 15966
10643 17034
403 2890
1805 13729
8778 12144
10401 16945
543 4506
1195 7322
12647 16194
2801 15163
8533 11484
10537 13161
3043 13259
4852 8948
4436 5596
9170 12679
1686 15689
4715 8364
8166 11788
10304 11688
3763 9747
9251 10509
510 5064
411 8570
5239 15969
768 4664
5868 16469
5624 10750
9858 10202
3209 6078
12830 16480
11408 15136
6315 15369
13996 14589
10434 17782
7945 16319
8814 12091
266 10382
5114 14839
4029 4873
14433 16456
5284 11346
13027 14706
6045 16127
141 12817
12470 15882
1033 16298
10913 17528
5255 11634
1788 17393
11201 11799
8550 13484
4513 13853
4948 13087
4353 16890
4322 8437
15435 15723
664 15058
10760 13081
382 4617
5583 9258
926 11202
15797 17672
6043 15814
3938 10750
10739 14638
3531 11412
11902 16495
9713 17805
5125 5838
4589 8697
10306 10959
11095 11259
533 16235
1699 13304
5592 11817
476 5741
2794 6039
9268 16043
190 7712
4295 6899
58 5674
278 16471
3013 17881
489 14092
1689 17172
11065 14013
3060 9162
10592 11175
4029 15490
1691 6461
13455 15979
4795 13719
1395 13241
8177 14599
6877 10128
3336 6106
7511 9404
10266 15558
11202 14408
10961 16127
2900 11542
661 5148
12257 12571
6705 10947
13447 13940
5800 7316
8031 17979
12979 14596
14436 16468
172 378
1535 4333
11807 12746
10825 14215
10410 16903
1258 16546
10580 17642
11221 16845
3864 16419
8819 12645
5 12232
3966 17442
5461 16782
8894 12085
9101 13150
839 3191
7862 17765
7469 11226
5421 13489
3207 10213
2930 14473
13883 14213
726 14987
5913 10217
10761 15051
1837 7463
8601 9384
9673 9764
2276 9622
12979 15876
7166 14193
3255 13986
3403 7174
2682 3958
6156 8289
489 18020
8047 9534
7128 10961
2009 10368
7605 17276
739 17991
7062 9544
16039 17640
792 7233
554 2035
4255 6210
6332 14852
13096 15707
7706 10704
1725 6169
8352 11498
16573 16630
15822 16307
793 6370
51 12581
14264 15222
9258 9876
6338 13967
8837 9497
3184 10217
3223 8110
12568 14603
5242 9906
6677 11904
15057 15535
4483 15956
1805 9301
4544 12870
792 11830
9815 10536
8968 14695
4719 9610
14273 15509
15735 16972
5341 17130
2447 2732
7440 16573
6376 11638
7606 16510
1654 14355
6607 17602
12399 14855
6545 15968
6372 10160
4293 7354
8570 9999
9680 15482
4518 9234
4332 11037
13764 15557
12278 15942
7975 10508
7084 14983
1749 9808
5561 17316
1833 15835
5969 12243
325 16260
9974 11822
1717 4297
2075 13043
4589 9454
8695 16616
6907 9110
9979 10251
3892 9055
10518 13562
2547 14953
8073 11311
13381 15347
8396 9948
9581 13614
12429 14494
6101 8384
7608 17010
16253 16872
1111 5673
8478 12485
3265 16273
5620 16564
3375 6822
15297 16384
8481 16563
2817 3375
3395 10200
12160 15301
1047 12360
2087 12592
7085 11673
413 6298
12196 16796
1148 12596
9719 12827
8398 12508
8837 14603
4327 14643
2879 10113
8366 9384
1709 10685
5938 10250
799 9019
6642 13731
5090 6264
2684 10270
129 5851
5163 16903
7862 9637
2542 12479
5971 10416
539 16098
8811 10087
7819 12095
3665 11190
1113 9821
7 15472
8468 14633
874 17379
4361 8391
6928 8219
2164 13486
303 14843
1294 5701
9565 12989
12736 17516
13681 15835
7316 8793
4326 12645
1300 16456
3526 13228
14313 17081
4754 13060
15945 17745
562 1380
7312 13756
13191 15067
12456 13364
6853 17187
9761 16600
1721 14021
8837 11257
9859 14498
10172 13191
1883 3827
5833 6880
8894 15003
4918 7354
775 14332
3133 5868
2419 8526
3407 7543
10506 15985
2475 9165
925 3103
3925 7222
705 10449
6736 8177
529 9506
11350 14731
12456 13304
2831 8801
6043 7463
3758 17458
6651 11728
2074 14363
2564 11678
1727 11368
5192 13999
10249 15000
5148 5922
11053 13996
5575 9471
2354 8953
7035 15538
10741 15929
10062 16792
1540 12589
6201 12475
14712 14992
6448 15360
2542 2775
12202 17114
2752 3504
6495 14514
3911 6805
3783 17080
8859 10626
944 5120
15628 16213
7687 9087
7509 11819
1965 5285
6905 10595
1064 4967
13985 15605
16564 17081
4225 15015
6578 12946
4649 16194
4901 16228
10191 17998
10569 16191
3142 5640
6967 14220
8688 17417
6143 14981
8528 17549
5275 8801
12137 15958
14102 15778
5148 12485
8254 13044
4393 4949
10710 15142
7903 11650
8073 9328
2335 15956
2101 3195
9377 15373
10779 16528
4633 10676
825 7547
6599 9007
296 16030
11537 13165
14687 16270
6755 11931
9509 16051
2445 8819
10250 11271
1020 2988
14092 16813
5 8013
10003 12852
14739 14885
4225 9562
10265 14372
4948 11449
1198 9227
501 1342
5 11940
7078 16342
3011 4701
5518 16107
1158 3142
12757 17535
13362 17445
4773 14402
39 9214
3526 14467
4561 4940
4023 6308
5442 6354
6354 8499
6707 17487
5922 8713
253 8766
10276 11866
503 609
10090 14819
7371 7781
4858 14205
9891 11488
9020 17828
9492 16621
6660 9577
8855 14491
8630 16885
6318 6635
2366 15276
1946 11431
12379 15764
9234 12254
6783 8862
5197 12387
1294 5265
11904 16619
2745 10229
5423 6663
10881 12589
5756 10905
3801 6514
6709 13923
13636 13697
2957 11211
4419 11824
10539 15329
1950 7267
7804 13232
10435 14947
10265 15838
775 14634
6201 9223
4764 16390
2978 11404
11448 12390
3482 7865
10847 16189
1749 8163
11737 11771
8273 16638
5482 17474
6381 16425
10913 18041
2411 10296
5452 6119
13301 13929
3601 9789
12437 12518
15028 15535
5217 5989
6709 13187
10434 16621
1935 17867
10313 10676
3272 6880
2775 8416
3287 4003
15706 17631
1732 16108
6629 15114
6786 16903
6384 17163
14559 16096
11822 16042
10805 14143
9763 13569
1346 14336
23 10604
587 15899
16130 17137
4851 7824
2535 11895
3378 5458
1986 13844
2993 3024
4512 13562
946 4719
4117 10551
7238 14330
5277 15983
4286 16462
10410 16910
11412 14233
2175 14787
11634 12621
13880 14102
5090 14204
2136 12744
2438 15492
1230 9080
3246 4397
855 2182
8132 8396
11235 16406
6189 6533
5870 8807
1118 5380
8614 13053
6734 16564
2498 6918
6148 12068
2854 16770
3235 4933
11683 14308
12142 12644
1020 17923
7453 13560
932 1939
2857 14584
1709 8499
711 5909
1733 7228
1351 6049
739 14746
7522 17310
10997 11942
9169 11127
15423 17793
4561 6057
10947 15812
5251 5435
1129 13953
3551 12211
10260 12853
3428 13714
14588 14957
1148 6082
2108 7945
3031 14358
12485 14008
14569 16187
12828 17065
2915 3316
13787 15005
10218 11031
12863 17469
8647 13182
3344 5428
9522 10105
6993 16917
477 3264
4039 16271
3901 7554
3800 16641
13643 14093
15238 16827
1686 8387
266 12308
1982 15417
1884 17091
2347 3148
6453 15123
3708 11918
7662 12433
6697 15095
4693 14526
7878 8268
3405 11001
12080 16560
2519 11235
8449 12762
13185 15478
2467 17065
2919 11211
5303 13809
3391 16272
12370 14415
1712 7833
9459 12071
2145 2878
8800 13154
5397 6985
9198 9552
12239 14769
3810 8029
8397 12264
3176 13714
4297 11576
3688 13036
10352 12485
106 8714
14372 17048
166 9888
10217 17557
15448 17394
6531 13091
3049 13446
5476 6818
16343 17533
4894 6751
14498 16967
13668 15101
4550 14585
15272 17979
9104 12386
1704 7840
5090 5571
13998 15786
1805 3603
13228 15252
4915 5692
3330 11515
1429 2966
1961 2419
8819 10267
8115 11135
99 751
3347 4949
2674 16456
8942 17079
6957 15756
6846 7178
895 12033
11256 14181
5181 11473
5538 15268
10600 17826
5469 7842
11607 13712
4724 8460
12910 14542
1935 8776
59 4388
2227 5277
2180 3788
4589 5805
14796 15815
1414 13084
2635 9764
5021 14497
2009 14544
1540 2765
1365 15374
245 2682
3731 12302
2033 2421
2799 5303
9128 10966
11514 13774
5338 10447
9182 15685
4414 11345
1029 5883
7700 15929
8381 8840
4343 10626
9624 12873
13429 16258
641 1975
11218 16565
12243 17462
1276 9733
5501 7324
8911 9374
9046 16052
15374 16431
2577 8933
6512 15835
12677 14543
6361 7010
1112 2252
7084 11906
2594 11717
3810 13575
2862 5426
11201 12772
530 4474
260 14506
11402 14239
6190 8089
3421 15550
4354 17723
3097 6354
8031 12072
601 3775
672 5342
10881 17848
3330 12948
3971 13726
455 5569
277 5509
7041 16644
2354 12641
950 16129
12658 16513
6082 14101
6237 17991
10659 17048
3670 11371
1590 17851
3975 12064
1935 6215
1175 8219
6896 17861
5792 10843
4542 6318
4305 6170
4897 8847
14496 17963
14251 16775
1914 10763
11328 11542
1748 5250
6836 9621
3224 16725
1548 12287
10881 13038
9792 13419
10442 13560
2754 8690
5092 8853
2569 5911
2682 3898
8252 17541
15080 16346
8931 9452
176 6879
15227 16208
17271 17928
10163 17206
3670 5180
6902 12006
4668 10601
1293 16349
14463 16525
324 4326
8892 16587
4771 10273
8333 13272
7128 17441
1261 9307
10094 12676
8546 17983
5088 7455
4061 4285
807 15732
11798 13269
960 13187
341 12539
5800 15835
5693 8611
6865 14859
7061 15294
9476 12708
2557 11781
1323 6931
10268 14418
3808 6462
7662 10690
13978 15161
1148 15594
8562 8929
10495 16206
1526 12867
1479 7277
4344 4694
13467 14195
12347 15263
9702 13857
1963 4391
3795 12674
3532 6249
5564 11556
13368 14101
6968 13517
2748 13340
1233 6056
13377 15800
1935 6316
7726 16305
3243 5230
7989 8984
4071 9274
5374 7435
3860 10604
14609 17825
6268 17293
12006 14903
14793 17408
798 9867
8050 9709
3133 5844
6332 7354
6149 9653
1007 16459
5501 7062
14954 16580
3993 6298
9947 16157
11371 12287
2547 4396
9425 12427
751 11860
7494 13777
6491 9204
900 16964
141 2276
5835 6507
3536 10750
13480 17408
6441 18017
11436 13840
12557 12946
3050 5984
3516 10375
13304 16454
9097 9664
4680 8082
7526 10512
6165 14857
14411 14468
3583 7959
6596 14519
6049 9685
11789 14215
6652 12129
7148 11071
5600 6614
5883 6115
6429 17522
13205 13339
3080 15556
7093 14548
4807 12086
1201 16575
15803 15838
316 16811
8756 17093
5429 15984
2372 5434
1331 13615
2005 12119
4312 5600
3763 5891
11070 17331
4468 10059
4356 16990
2241 7395
9598 12447
8713 13084
4655 4729
4761 9388
2953 9823
6317 13455
407 4058
13214 14968
2282 5776
12717 13073
9725 15840
9719 15778
1258 17129
855 6624
1526 17451
8223 9182
4742 10906
12150 13643
2786 8403
9397 11657
5800 9032
1094 14369
3187 6069
254 16484
1570 9853
1662 13651
11936 15363
8176 12043
9368 14634
4872 6316
4491 8311
4177 11400
1479 15655
6228 13936
319 10818
2404 3145
8223 15251
15067 17964
739 5868
6487 13648
540 11828
1233 16972
7790 9586
10285 12054
1242 12242
4518 6029
2027 4952
867 14888
4070 8955
7849 12724
13073 13278
9301 15814
14509 15125
163 6742
12968 13166
5271 11630
6568 11084
3627 6545
9758 14826
347 3454
2212 10025
12642 17081
5971 12138
1479 4346
3060 8356
437 14707
5076 9583
695 15252
3965 7198
4058 11161
2684 8363
4109 13920
13678 17793
1924 11784
2419 10698
5500 14156
2017 14545
312 12436
10542 17891
5268 7035
2741 10959
3204 9893
5178 7784
2857 3943
16110 16233
5343 14308
10507 11074
9768 16436
6494 17381
3191 16142
2542 7452
2186 9399
2848 10613
8690 9388
1555 10604
2970 14372
8552 16641
4476 16113
13076 13154
113 5381
4080 16436
2273 10542
3194 12255
1198 7305
781 6754
4917 17048
4476 11056
10816 12713
3451 11268
9152 15706
11230 12180
2043 8219
8150 12903
3623 17570
8690 11920
8044 10053
3176 9174
3131 8776
11220 14771
1479 8690
9094 15643
4772 9959
516 1012
12851 16086
642 3736
2438 15080
9808 17641
907 16244
11359 15294
3912 17602
8789 15194
960 9953
3821 4142
1832 5368
9982 17160
563 2156
5501 7035
3675 17279
950 12293
6576 8602
11624 17692
1591 15027
8192 8788
11201 14419
11914 17528
6674 7004
14283 16641
349 2565
5030 11431
11799 11802
5724 10463
5685 12140
4665 11865
13648 14894
3732 12133
4127 6190
264 321
2006 14343
5711 9242
3098 13884
2057 3938
2101 14355
4915 7876
2419 9837
9222 10542
2946 5600
7380 15251
10410 16113
7166 8201
3860 6985
944 16236
2481 9673
2008 17445
4816 8484
3617 17384
941 16118
5361 6960
3272 4882
1518 10689
16795 17983
2760 7511
3493 16920
9550 9791
10125 16410
12220 17948
4057 16480
2135 5087
8255 17043
3395 15990
2761 15863
6805 14612
14436 17882
9697 15670
15298 17568
9046 12504
1778 16926
13844 16641
14835 17443
3075 14269
5594 6215
4588 16720
6786 14143
13880 17976
2403 11932
10181 14026
2152 14596
2006 13527
3632 9708
9489 10817
2635 13364
4223 13996
4824 15263
1771 17160
4245 9713
199 14622
8986 17502
7035 9664
3711 10090
4436 16101
4109 4536
1035 16147
5922 10370
7025 8196
3133 5493
8581 9241
1723 9855
4703 7712
2023 6907
2761 2904
6081 17284
907 14545
2057 15812
4631 11134
10641 15048
2845 15710
10599 11601
4642 13982
8068 14987
9339 11947
14597 17508
4233 14946
4783 13903
8359 16127
9680 14857
8526 14767
3517 14877
1302 15801
4240 8489
4732 12161
1252 17427
4504 4751
4673 13474
3721 17398
12232 16825
10639 10922
2322 8560
9325 12572
2326 11835
5861 11328
8992 9577
1479 13825
7222 13986
11008 13035
3241 13953
1728 12224
143 15092
4668 8219
4558 10007
9193 13939
7222 17925
9506 10761
2644 8177
4146 5509
11269 16412
3601 17293
4756 15471
4558 14599
9613 10728
17359 17483
15154 15689
14411 16102
12287 12398
8397 14609
5717 17943
9868 16984
965 3901
4368 9612
3290 16595
4512 14064
134 12960
2442 17728
5720 17384
5148 16795
2043 9997
8837 14088
7331 16591
2622 12646
5673 17969
4255 7819
6082 17535
5434 9065
9375 12793
809 17666
1015 7489
6709 9368
8061 17479
8201 17462
2291 6223
4665 10002
358 2924
15012 17935
14871 17589
6888 8192
11928 16201
3003 4864
6548 13848
742 16783
260 8748
2915 6923
2083 3988
7989 9272
5867 9036
2282 10217
10764 15984
9370 14079
5180 13953
8461 16098
127 2449
11396 17487
5230 10654
6277 15169
377 7737
2600 9522
6237 8466
8957 17704
16595 16665
4708 5058
807 8163
5362 9977
12220 16456
1995 2026
2744 12462
11397 15710
8811 10285
1346 12833
992 8706
15925 16913
315 7075
489 1342
13881 17081
13154 16490
1938 6507
2725 13204
3816 13332
566 16340
7197 7755
796 10663
2309 10947
1911 2250
906 2457
6601 17337
11710 12884
8397 9369
4425 15163
5094 5180
2512 6623
8367 14278
10601 15638
6754 11235
15199 17832
9779 11491
2453 10020
4815 11110
10983 15620
4538 6361
2807 4608
4012 4834
4760 6367
5913 9593
15981 16775
8541 14803
12600 13996
5774 16038
7820 16727
1124 5436
2924 5444
5636 9454
5551 9583
1709 17036
2956 8161
4358 13472
434 10576
4758 12278
517 11463
10257 15305
4979 11984
3445 13197
881 10950
7775 8645
8120 16782
4314 17890
1722 16385
1950 5640
12983 17155
511 14427
1899 15789
13432 15754
10465 15659
4305 7305
2150 8026
10764 15935
858 8368
688 13686
8328 12073
5932 8352
11404 16191
4894 9157
12398 14358
8768 11422
4417 15478
4962 14818
3153 4357
5021 7773
2425 14418
3267 16308
2003 11818
15784 17674
1064 17144
1350 6287
10496 15936
3237 4672
5624 7833
12249 14985
11789 13953
594 3993
1577 13882
8284 8520
6996 8226
13633 14235
6635 15689
1985 13429
430 5459
529 10886
9654 12498
1158 16665
1747 15119
9802 14100
5632 10121
3060 12554
989 9731
12060 13643
6007 11605
2064 9992
2985 12498
9153 11650
516 9206
7347 9288
4129 6476
11242 11681
9239 10517
14373 16314
1754 14672
4231 12743
3563 9042
14336 16300
15897 16621
4739 10300
15807 16156
2512 13593
3264 14570
42 11840
13464 14749
1338 4056
4297 14064
30 3912
1596 14001
1222 3993
15229 17311
12768 16972
11628 13923
4266 6092
3033 14596
8616 9328
3855 7228
11316 17959
7324 7592
4571 12485
4335 4499
9405 12256
334 17901
7769 12592
1699 17977
3670 9098
15062 16342
2985 14093
3782 8314
829 15143
1218 14609
2512 14953
14634 16984
6433 16298
10947 17503
489 3461
3069 9544
5932 12319
3903 14125
8546 9172
7820 9270
685 1376
9133 12673
7154 8625
2524 9856
6786 10156
2945 12892
7331 9471
6496 12117
2263 10125
12357 16894
487 4131
4481 12205
1142 4029
3858 8793
4180 16551
6273 13677
4858 12137
2211 11885
7617 16052
755 4829
12856 17547
3354 13209
6504 13224
4927 8921
1058 7862
10748 14171
5953 13002
6263 9883
5139 14755
1843 15814
15219 15404
8851 9713
4617 4988
4550 12878
5418 16259
11089 17744
3952 10671
16134 16656
4142 4305
16358 16955
753 17334
8174 9928
3860 8695
1704 14583
7345 9984
796 2089
2453 9733
16208 17244
3358 13263
4689 14308
7961 10685
5505 6234
5746 8951
1808 2090
3557 17045
7087 15980
5587 15241
2465 6788
1474 14813
4757 12901
7 1717
5478 14221
5686 11891
3411 6561
7554 14464
14890 17197
6354 14220
6186 14690
1714 10610
8690 11053
474 15530
6405 8082
11864 16311
9713 13968
3272 7101
9017 12622
10262 15009
5951 16212
2639 12228
10060 12011
3667 4150
6899 11790
739 14793
3702 5569
10540 17334
2592 7308
6605 14290
7139 11343
7153 7958
4550 6361
14548 16350
7662 18024
3613 6544
5696 17893
539 4456
10055 11464
6635 6685
12411 12645
10037 14384
8876 11496
14849 16461
9596 14989
5858 7633
1605 12664
118 17016
6361 10666
10240 10752
11371 12170
859 3787
529 2000
9385 17944
7470 11398
10029 15998
635 13467
7441 15836
13191 14398
2784 13313
9210 10434
245 6287
11464 15194
788 11575
13339 16487
13649 16660
5427 8520
6531 9241
2322 17790
229 3139
4789 6354
14318 18000
6696 13674
398 15242
6352 7100
887 13901
11607 15067
42 10313
2291 11878
4084 11498
6935 17586
3365 6418
3308 7186
6396 14215
1817 14318
7492 9043
2074 12387
1696 11151
12518 16641
229 9547
5887 15037
7101 10060
8286 9577
5023 11626
10191 12135
7072 13264
1991 3087
5569 6119
3556 11791
906 1920
8927 12673
6652 9873
5131 9160
7816 12195
184 2760
2601 4636
195 4388
1805 4815
3385 14014
339 17129
5374 17187
6051 10979
7717 15795
16984 17977
3683 5978
1964 15687
2427 10002
4761 10025
11391 15663
1814 15843
10503 16616
506 10037
5729 10029
8396 16794
946 7739
909 1741
2282 10410
4762 11865
3077 17361
10283 17481
775 12117
10218 13457
11408 12109
1570 5913
2825 14079
3097 17562
789 16651
12621 14336
135 11515
4878 9506
2052 8368
2798 11157
99 7509
13269 17979
10658 10789
4115 10354
10958 13313
358 11404
8003 8033
12150 17964
4196 10334
2521 16443
728 14403
4668 7698
9575 9954
446 12950
307 8903
73 14752
12923 16293
13643 14215
634 14315
4376 8065
12850 13387
4579 12241
303 10020
4543 12518
14342 15854
8219 9332
12117 15655
2355 12549
187 5995
2039 6700
5781 17175
2891 10748
1372 10369
8457 11654
8381 16792
2445 16658
5853 9802
6289 14363
5543 11066
11141 14747
7254 14523
12738 15899
1785 6876
933 12360
603 6098
4417 6045
8475 16809
3235 8736
1697 8047
1 3318
3265 8852
4775 13956
3850 13544
2503 14656
8450 17668
8677 12501
8219 9859
13956 15902
7658 7826
1228 7215
587 3238
12218 15416
9721 13754
23 8262
7418 13118
3613 15784
1187 3296
9506 13201
361 3315
7616 7679
7658 17052
6044 13736
6143 6539
13732 17643
2589 2598
4105 14843
3958 17187
2547 15199
1484 10951
10916 11281
2848 7463
6836 12273
5124 6683
9425 11253
1457 9500
98 11789
3633 5579
4386 13920
8198 16554
10825 12115
2613 5815
16779 17549
14206 14227
580 10587
6615 7132
9388 16350
7509 9721
14984 17392
8955 9899
5571 10266
7075 12552
15526 15659
4335 17049
4794 8190
5620 16792
8144 16667
3382 13284
1518 3925
165 8330
3452 17569
20 10398
4223 10296
14427 14989
13923 16461
6462 11606
4622 5800
1317 10698
5300 17364
4382 8082
3543 9375
2760 13081
1340 14950
11461 15737
14102 15772
15393 17816
3808 13040
1988 5629
9341 11913
97 11673
10150 13330
2935 13066
5809 12860
4431 10639
10276 11843
20 16455
14398 16362
4504 13304
3858 16792
5983 8573
5751 7264
4460 6238
7820 13899
1956 10567
2712 6543
6210 14229
4416 13589
2625 6291
7163 9749
13898 16098
4131 4704
8651 11371
4344 15702
2393 16129
4614 15785
2946 17187
2291 11575
11070 15958
15962 16053
116 3688
9624 17173
7130 8439
7094 13809
6406 13974
4427 16168
10749 14235
10935 17902
4318 10983
2022 15117
9649 10007
9739 14976
7627 8875
1163 13639
10400 15803
12678 13453
8219 15299
770 11235
867 16483
8840 10961
5815 14603
6050 16656
4091 10492
4653 8727
7986 14540
4901 14643
2366 10547
6722 9387
582 724
642 751
3386 3841
6985 11221
2427 16390
4305 4350
8311 11341
2681 17300
7616 8521
4538 13205
4004 13341
12251 17599
2002 17567
8957 16301
1799 2123
5416 13050
5640 8514
739 17468
9676 14085
9758 15545
9974 15090
4498 15252
1721 8449
9713 15838
4953 16023
8176 11606
1110 6235
8105 11819
3677 4099
32 11410
8546 15042
3723 9512
1294 3994
9917 14333
5632 14280
15454 16507
9506 10604
408 11026
8311 10060
810 7862
12229 16840
15092 16726
4398 14680
563 9094
4017 4686
6614 15299
6461 15803
7694 11775
4468 10502
15454 15686
7560 10516
11436 12606
1986 8477
14773 17468
724 11929
1952 2655
377 18035
7740 10709
249 7383
12055 14352
8270 16741
10961 11457
1552 16328
3287 4084
15990 17917
3069 7324
2741 8946
1055 13944
14398 16213
5120 11490
10154 12504
10265 17114
13241 14909
303 8333
8937 15268
7379 7956
5469 10881
2976 9714
1709 4346
11277 17252
1475 12055
9750 10217
4609 11035
7590 12211
3226 7915
9239 9455
5470 7509
2861 3451
2003 10250
10506 11135
8349 12647
2145 8268
5852 16952
1901 16858
1913 7838
1797 8615
6555 9776
4107 16253
6049 15762
4513 11903
5492 12807
9583 15605
8166 13873
1709 7627
2508 16826
2349 8003
356 7383
4647 17944
11593 11623
11768 12091
166 12236
5619 6291
16187 17458
3124 6741
7896 15770
1677 8044
6287 16471
10185 13438
2061 10007
6382 17656
8198 14948
2869 6764
12114 12743
2512 17361
1127 14154
444 10354
11622 13438
7762 9105
4015 13614
379 15314
5717 15067
5192 5368
568 7450
7173 17737
14183 16241
15306 17640
260 11805
4776 6318
4332 11640
4096 13122
9133 10465
8671 10762
1979 4710
6165 7592
11135 14957
4104 5722
4158 9994
1383 15903
926 14233
6461 10055
1241 17885
16657 17831
8201 17147
1845 4091
14173 14560
4025 7840
1771 13985
8793 9384
5505 9094
2052 7133
6435 14488
1233 5180
7354 11965
1196 3421
12811 14435
1993 10566
9384 14791
4719 15095
4840 5964
3090 8026
6291 6618
4974 15997
3096 13746
9278 12589
14203 17037
4955 13331
4878 8381
3711 4107
16294 18033
5335 17081
8379 12231
4547 17604
13882 14071
1198 4327
13756 14989
2481 15812
1944 8201
1033 12243
12082 13956
11879 14203
51 7264
16972 17295
4076 15511
6644 16490
349 15051
99 16782
5506 12261
7 9888
3419 14088
2924 3860
6223 11855
1771 11513
9307 11250
8311 8670
10806 12649
8452 8625
1653 6076
2057 3249
973 16254
533 8797
2321 14974
4450 15518
1340 5285
15778 15835
10599 13877
8186 16230
6488 17642
4511 7323
12706 13005
6270 15294
7331 13879
6964 10041
4084 14364
1830 10379
1294 4988
4774 14418
1280 9649
8373 12137
6614 12850
2340 4769
2775 15908
4333 14336
7432 9279
6996 10410
15273 17537
1923 14454
14173 15384
6798 15792
2677 11850
8623 10959
786 4035
6990 15194
1300 10719
7961 9544
10165 12687
4045 8840
13469 16142
4081 9476
4015 8360
13393 13613
642 1457
10846 12085
5722 8187
1294 15148
13191 13517
14459 17450
5384 14833
3671 14215
2757 8044
1446 11124
6820 10688
6916 14093
1020 13638
10457 17293
932 9360
10423 14275
377 1722
8073 13846
768 16407
3776 9720
1104 4956
6635 17595
10947 17211
15643 16467
0 1019
4664 16177
14618 15819
9321 12187
14242 15334
3609 6902
5384 5671
3807 6399
5144 17031
967 16224
17216 17827
3570 16272
6017 14557
1837 9301
7510 8167
2038 5995
9165 11341
1429 10037
3257 7210
8631 17191
2472 7137
8727 13956
4158 14813
13953 15472
4307 5614
406 6614
1263 3374
632 8474
11833 16298
3489 7852
6635 12170
2005 12056
4672 10234
5531 7400
10947 14773
10352 11850
1970 14082
11074 11341
5448 15526
1869 4205
127 16145
4667 14323
5335 14559
4653 15055
5410 6349
1366 11395
7739 11589
7795 15985
10676 13792
1258 5672
2378 4365
4776 14221
10908 10910
5788 14815
3108 4536
10787 13328
11635 15650
2861 7222
5969 9110
5889 17759
3570 8972
448 4815
5757 10186
2351 4043
16249 17065
301 8787
960 8154
1019 6663
1986 10689
11559 13381
3804 4139
3885 12918
10982 11673
14206 17595
4377 6091
1268 17674
4244 10855
8625 16775
2223 12618
5431 5752
1993 9234
2467 5285
3395 9652
2547 17969
278 11488
4571 8197
1583 14411
10007 10941
12665 13454
595 3397
5148 16724
5478 6657
11250 13277
10544 10959
920 6039
4623 7371
1425 2119
1933 5922
3715 12718
4033 13874
1654 15620
4327 14634
503 10370
35 3256
13648 16720
3627 16729
2709 13297
4724 17536
2546 11121
7781 10088
4492 11353
2709 4118
9162 12360
13534 15251
4241 11404
7368 10279
6443 9516
12786 16573
12649 16101
2106 16412
8201 15344
1104 7273
1407 11644
17496 18058
3753 11220
402 6129
1965 17081
5866 6465
9360 15003
4579 12057
2635 10105
5971 10349
745 16101
10478 14773
5475 15466
12512 14755
6351 15659
1867 11015
5646 7395
11004 15331
2523 7411
881 4247
2924 16459
2225 13154
1090 8636
8811 14555
11845 16410
1732 16479
195 1035
9512 17815
9174 15956
788 2529
3758 7989
1140 7635
6441 13277
7351 13191
15668 16610
946 11688
2678 7324
9009 9153
366 16141
13879 17308
6286 12424
4605 7388
10485 12501
2336 2421
7 13060
2748 4080
9032 17571
12884 17659
6631 8936
2379 12245
10385 10857
8620 10982
6548 17188
15658 17731
1574 12605
9596 15300
619 9160
3024 14912
8165 12655
6448 12979
4241 15910
576 2498
6612 9546
2353 13841
5794 11903
4233 17850
4764 7667
8371 14646
8550 14957
7495 11488
5145 12115
2014 14555
4746 8746
932 10711
1803 8546
1042 1703
4003 14977
5882 13224
8208 17877
3385 14263
9195 16319
12821 16799
7228 15123
5853 8636
14178 14937
355 7862
2350 6811
12631 14391
15288 17445
14239 16510
9583 10682
1689 4396
10905 11404
6151 11032
7340 10518
9935 13882
392 11335
4536 9454
6738 16504
1723 8844
4476 10398
2467 15238
1294 4710
5179 10899
4904 6381
1388 11175
5297 17334
5699 16739
624 1141
14318 16425
733 13431
3665 12291
6757 10100
330 13670
7236 7477
4354 13362
9485 10158
5879 11634
2814 6558
3250 7849
12456 16706
2946 5145
2241 11616
2072 14898
8251 17564
3815 7719
7339 13109
8252 12117
9917 15225
3403 12713
1704 8856
8061 10610
12520 15721
12744 17975
1360 1479
2215 12523
8137 11968
12557 12980
5930 14053
12485 13825
437 2807
3272 16794
8372 17478
4249 13804
2647 16786
13681 17081
8065 11355
3904 8946
3074 17414
6119 15143
7283 10041
1179 7450
10183 16646
6571 16665
9439 13332
7228 9543
4609 4702
9160 9384
2440 13213
2760 7252
1468 11604
6628 8311
916 947
5092 12427
7089 8526
10469 14427
3541 16005
14506 16638
9169 9519
1303 9234
4456 12203
1720 1878
6017 14553
2757 10403
12404 15292
3901 5614
10721 16738
2145 12441
4190 15009
7952 8973
7413 17057
3711 7623
4915 17655
6464 9655
15435 16349
11111 11237
9095 17081
9546 14079
932 9109
360 10947
6876 14275
377 10217
5453 8835
1686 11520
3679 13065
6843 10128
4904 8396
10816 16918
8924 10284
546 8992
3336 11607
3041 6325
4089 7478
2304 2387
6612 7172
10779 10827
10905 16107
2378 6554
6733 13304
4115 17259
14384 16894
98 143
4186 6384
6319 8837
9694 11968
1547 16809
5486 12868
1914 6686
2108 12781
3421 7712
11866 16407
751 9953
5064 8611
7632 12196
358 15003
5069 15141
4881 8273
8027 17139
5643 14037
4173 10060
451 16456
13001 17334
12541 17509
3636 5383
2440 4546
10518 11170
5 15838
104 14318
199 9583
9492 14002
1613 14982
1234 6690
9609 12591
7865 16585
12632 15097
5614 11550
3242 13952
1867 17293
5446 17975
537 2324
3752 15101
13746 15014
4496 9251
2814 7796
2622 12344
4664 4769
1240 10979
12931 13210
8555 17860
10413 13535
12504 16223
1730 5852
10125 15116
12302 16028
7495 14643
9183 15299
8295 15184
7469 8729
1294 8082
6786 17683
3113 6433
6028 6880
8447 12860
1999 2497
13660 15136
2125 16571
3058 9125
5569 9159
743 15232
10093 15286
4835 9527
1923 9261
8218 14177
1275 7919
5561 15329
303 7122
4022 4249
1237 7736
960 6355
9315 11529
6532 14323
9695 9735
7930 11861
385 15706
4306 8811
11184 16162
8029 16884
3815 14181
3021 5534
16060 17259
1198 9733
604 17647
900 16189
1822 17152
3901 4396
16872 16972
9598 17349
14003 15952
11789 13643
753 12275
12437 14398
5303 10465
4381 5753
12236 15741
960 12600
5872 9995
4255 15985
9384 15470
5596 13809
162 1583
898 1260
3403 9476
3248 4374
7035 17979
16293 17129
8737 16191
13218 15207
3110 17777
9979 17575
8145 12910
3154 6677
807 11341
1577 10945
470 5165
3287 10683
1176 3451
6359 9782
5537 17259
10113 15485
4689 6189
9938 15838
10727 11866
1815 9673
7413 9094
5533 5918
2252 4633
9621 14799
1497 2857
3024 6318
5466 5722
2038 8690
3059 8257
5561 15840
959 1797
7747 13296
4268 15363
9032 10569
403 8200
1552 5981
834 5294
13213 13310
14308 16105
771 3238
3603 10613
15317 16167
6222 10224
8686 14039
2277 10175
1395 5144
4078 14436
898 2674
8134 11364
4916 14948
3064 12918
5887 6146
1991 5526
15474 15759
1965 16507
10208 15869
883 1302
5008 16051
9227 14456
5938 8837
1917 15373
7006 14530
595 5782
12091 15329
10202 12856
11065 11719
6492 10647
12524 17114
101 9356
4762 8528
12229 17241
4335 10363
75 3034
13339 14384
5704 16343
774 17848
5872 14578
567 15902
623 17209
7163 10768
547 7989
11877 13746
11220 12901
3714 14624
8456 16681
2055 3946
6287 13996
11545 15975
699 10206
2143 9562
745 3817
3090 4536
11220 13587
1689 12979
12251 14242
2943 10755
15784 17546
16388 16623
16434 17279
5401 8275
8155 8573
2179 5335
10578 15731
15209 16449
14033 16452
3589 6925
141 5131
12302 15978
10872 12254
5175 14674
7919 11792
5434 8557
123 2683
5471 5709
1860 3715
2864 4119
1292 1294
14796 17156
11037 11254
6548 12330
6652 10604
9191 10884
4323 7133
626 14071
1233 5388
3958 7689
10165 12220
4589 9128
4115 7893
6292 13091
7133 16223
1083 14161
2781 15854
14946 17048
8396 9261
8631 17599
1023 10572
8819 16966
1102 4092
1865 3142
8617 10600
1148 14697
9334 13578
2857 9888
11281 17290
10278 15645
1324 10267
1833 10340
5261 16124
11286 18014
1718 13614
7692 8155
2779 5374
2354 10987
3885 13981
1908 6485
8625 9327
511 965
8501 8521
7526 13483
5524 8231
2861 4789
2497 4513
12830 17334
3436 11767
5445 10687
4686 13204
8186 14416
10300 13643
8819 13051
3804 7917
1295 5235
11979 18033
10542 14887
642 3421
4703 14612
11247 11371
1295 8946
1979 12957
3191 8192
7592 9543
10697 11834
2430 15072
3302 10381
8695 8946
2583 4775
741 14772
1340 6707
1735 15698
2052 7094
5672 12331
810 13332
11652 15511
16513 17445
1938 6686
7344 12236
15753 17520
1102 3971
5722 5815
12309 14045
742 5435
3739 15518
1540 7043
12374 16186
4067 11938
10060 12137
12436 15688
15797 16400
1102 5614
10305 17769
2164 7802
4045 8268
4262 7837
568 16140
255 15784
726 6925
14452 15199
4518 9571
12067 16224
838 8437
16340 17210
224 8910
15602 17587
5248 5771
4824 5030
2386 13081
1512 10446
832 5855
1294 5156
12283 16582
11850 14416
12485 15155
13464 16425
6495 12236
510 14249
5192 7833
3011 9364
2008 8465
1727 11515
11118 15836
4075 7770
6429 14599
6028 13184
6431 16646
1195 15317
2492 9771
1319 1686
14133 14491
5614 17969
9234 17191
11134 16025
3528 13644
2430 4033
7062 14452
8611 15384
9043 12757
6717 15648
5261 12621
13533 16998
3759 13175
213 15738
2510 14043
9983 18009
120 4333
8469 17199
7169 11151
2079 16913
1713 15876
9094 16244
1770 13205
8680 17570
10947 17065
2547 13933
5667 9747
6734 17104
6573 8099
6461 9610
3702 6512
3316 11962
2906 17484
2748 16966
13260 14696
1684 6614
5506 7462
16514 17616
804 15918
12239 15335
5131 14318
4397 5932
12961 14473
10987 12063
5184 7222
14231 15976
6805 7608
15835 15882
7851 17594
6554 7179
8886 13381
3975 15352
6079 14881
2043 14014
4687 11698
7124 9342
8382 14672
6 2083
5492 13776
202 17010
9189 17259
4080 16966
1351 16273
3898 13998
4437 13763
12075 14488
10305 16738
9577 10051
1150 12264
3796 14919
9121 10781
13451 13452
8581 10604
6256 15270
6910 10059
10300 15850
12600 16990
5584 7180
4747 11839
5711 6303
2943 9758
5899 17381
239 8299
1357 7725
437 17864
5088 15989
2291 5995
10268 15492
10020 16519
4925 6354
12160 14233
1064 5284
11030 17414
5587 12715
12687 13304
8528 16351
5436 7990
7739 10567
3051 10058
180 7817
10004 14193
1293 7358
8886 17643
4105 13880
6853 6883
13277 16770
1732 3287
5800 14548
10183 12833
337 11431
2825 10987
5086 16690
1234 6540
8327 10334
2644 13001
6464 13166
8690 13307
6985 10994
2741 12275
520 4637
172 13254
7312 17602
1179 11774
11056 16792
824 7820
5257 12819
1169 6107
13792 14796
6853 10610
1081 2401
13346 14433
3744 15123
4372 16674
1817 8690
1657 16285
14591 15882
10752 16147
2143 15834
4508 10857
13122 16967
5741 10227
12986 15328
4979 12796
7423 12078
8509 11794
16867 16954
11515 11634
9384 10604
925 3292
8067 8852
8579 14286
1593 1985
3284 8475
8151 16519
4004 5938
9810 14579
3758 13430
11099 17859
172 2291
404 12399
4878 16792
51 5938
4689 12437
1526 3783
12164 16758
15169 15863
6273 8195
3093 17965
7481 16906
6170 16507
10513 11574
8222 8653
6602 14847
3685 5019
4878 9195
913 9597
5536 14050
10156 17945
883 2786
10266 10286
3736 13873
1457 6656
870 11286
1169 14623
7720 10215
3492 16471
1479 9401
14033 17376
8396 16319
7039 14847
5076 14415
10400 12901
7833 17515
8219 12259
1952 13078
5926 9725
443 5272
5482 16655
1747 16703
6993 14232
788 16972
16164 17148
7945 11715
16507 17187
7830 9153
1945 3526
1300 16052
14716 17065
10124 12063
8311 12907
11719 12462
11214 16949
6167 13372
9111 17104
13205 17081
14958 15838
10800 16407
7197 10750
3041 13566
4247 5315
6805 10858
14841 14846
5627 5693
5718 14259
4983 5339
5750 6474
1320 12979
1268 15225
15620 17081
8667 11493
9536 11245
2138 10465
15785 17080
439 8094
546 6406
4915 9139
9416 10942
3300 9630
16507 16587
1118 7849
497 2504
7528 16970
9377 10219
359 12511
4354 12485
10352 10920
4666 5951
13043 13620
5515 6215
10947 14958
8624 12243
6897 10337
1047 10755
2620 9119
8745 10628
7725 10113
3468 5820
2686 10100
12765 15086
9357 9971
2351 11855
1901 9399
9390 16156
9524 15957
3916 17828
9817 14863
10561 10660
2547 11604
12588 17081
1116 3751
3453 11944
4924 5667
6325 15505
1850 15252
14553 17334
13269 17641
6762 12128
5023 9994
15593 16188
13363 14062
6686 13996
4463 9476
83 17664
1258 4057
9473 13358
6013 15402
2852 6543
477 2008
6462 14909
6384 8334
775 1422
3522 16230
2443 6052
4544 7457
10826 10947
2957 8068
1696 8122
10982 15161
6489 9757
12907 16554
12908 15239
11006 11160
2607 17157
2100 10451
4131 8625
1107 9424
5899 10947
16596 17259
4396 11700
4346 4752
10881 13853
14332 17764
5189 14033
6985 10947
577 12334
2602 15486
503 1781
12473 13962
11072 12027
8150 13130
6709 7169
11946 15838
15240 16919
1118 17864
83 13538
9582 14301
7039 12554
4544 9193
3421 12045
10564 15472
8573 11886
11903 13087
1669 1933
582 17805
11408 15155
1470 9455
13712 15393
6441 16659
2467 5776
5377 8029
817 2857
5944 9115
2544 7819
5138 5722
6486 8820
2276 16972
1000 14489
8749 11863
10300 12100
147 9115
3204 6042
7862 15526
2355 9396
1444 3264
4051 4320
9856 16505
965 11304
6464 8372
6556 13405
9758 17354
12989 14517
568 16202
7717 16459
8695 14318
1705 3797
14905 16451
3265 5722
13180 14118
4011 10717
9845 17866
2080 16600
1613 4025
4661 12156
5415 15563
8870 10943
15935 17045
10092 10660
1112 14395
12318 15282
10423 15785
13209 16060
8495 14227
3493 16313
2358 11607
1341 14281
5296 12757
3362 8819
920 15662
6179 14103
6656 16954
4115 4966
2666 13905
5412 6677
14193 17462
5995 9360
5349 12072
6 5579
7990 10060
17446 17784
702 1116
10940 17141
2674 6614
2969 10274
5344 17109
6543 15016
1241 17575
2247 10426
510 13509
9673 12378
9370 13895
11539 12568
1928 7237
4568 6540
11539 15448
10343 16011
3272 7459
180 5335
1970 10610
9158 13106
8514 14352
5421 9462
7865 13929
3451 13627
1009 16408
13835 17487
4393 5340
7663 11212
2453 13552
5729 14483
8115 8273
585 15538
999 3831
9583 14123
9049 17285
4443 4476
11955 12687
10170 10368
34 15192
3620 16865
8454 17009
5598 17316
2676 8065
8964 8968
6394 16173
5338 12957
4150 17110
84 355
10186 14919
467 8029
585 17014
2101 10518
5200 13047
2164 5913
13241 17664
946 4633
1723 8912
8475 16852
2683 14105
10472 17477
1709 8713
3232 16428
8937 14464
6279 16276
1855 4636
4781 17816
10025 15445
7041 8220
2370 4556
4388 10198
4084 16890
4450 6371
4220 11496
5646 16753
14259 14635
2513 6216
12460 14692
12581 14925
2136 3847
2674 16792
5848 13527
6052 7178
3551 5852
5695 13985
2166 15023
9748 15330
9259 15435
14452 17657
8242 13995
9880 12918
10724 13977
4305 9160
4689 17816
6189 12057
2984 6289
1430 4890
5640 16829
158 12245
3600 4847
4949 10337
440 16862
2676 8150
4840 12877
8082 12600
16616 16847
1232 10881
7531 13879
6994 16792
260 18042
10186 15495
9015 9720
2276 2924
3685 16454
1141 17776
1064 16313
9952 10578
12737 17082
8398 16194
2675 4356
3555 17579
6318 16257
7324 17081
9052 15995
3752 13668
14445 16405
5569 14482
77 1058
8878 14919
13726 17704
5624 16825
1395 7919
5421 15220
13147 13164
6453 14352
8508 9301
17305 17306
8918 15100
5741 7559
4538 13241
354 3925
8219 15548
2798 7741
2128 13002
15339 15732
8352 8690
4476 10467
2530 3828
734 8863
9948 16546
5809 13091
3688 10619
2671 5282
6399 10051
559 10203
1789 16726
9007 16797
5507 5764
6220 8221
6674 7573
5712 15177
3655 17984
187 476
12275 15374
6324 14957
15356 17052
12714 15643
11800 17632
13614 13648
3464 10444
10 304
2171 14081
530 9943
8065 14682
2148 12547
7064 11242
348 10770
9195 14339
2519 16267
6017 8710
7172 9272
3675 3676
10099 12633
13007 14672
12377 14432
784 4665
4519 8036
1686 1793
4198 14774
5270 14663
3731 8512
53 7364
881 14634
3099 4008
3024 11675
11113 17031
4053 14123
6329 14888
10581 15497
7172 16877
855 14384
4893 15595
2686 4312
7724 9034
1444 10001
14442 17877
1347 2247
9941 16150
2949 12846
11626 17828
4733 15079
1704 2211
11188 16387
946 2467
4559 4992
2965 7355
2484 14634
14227 14903
7137 16729
10293 13777
10918 13726
6106 11782
2351 2565
1488 6462
9835 10884
13501 13504
6369 12578
10905 13081
13598 13666
6639 14082
4275 16257
5736 9673
1716 15490
12600 14771
2484 16480
4756 14370
393 17293
9042 12757
3984 4945
97 9236
8253 15420
4783 11839
1373 4045
16328 17385
10658 11643
7306 13650
377 3257
8311 14634
8898 9892
2180 6548
2741 5879
5279 16319
11151 17616
608 9764
4932 14521
4117 10414
9701 15051
585 589
3831 13507
6805 17334
4365 13472
7089 17029
15842 16982
5067 10359
9405 13362
9883 12961
12675 15539
15985 16415
6210 11976
15225 15785
965 6449
3990 15803
799 11359
4737 7134
5872 12011
377 1317
6491 10183
9152 9210
1752 6805
1597 9521
2910 4024
3374 3998
39 4304
1113 14863
4905 11917
6093 10502
5344 15278
67 1995
4550 9087
211 12744
4591 13776
5021 17566
5285 12983
4550 5614
4 16
4690 11683
4388 14773
12717 13704
3505 13348
8611 16616
14634 14960
5868 16867
3686 4398
8611 16872
1059 4247
1611 17576
465 508
16862 17515
6445 16643
4476 15472
10468 14672
6287 17564
2733 4521
6080 17589
1871 8702
13521 17803
7833 16862
13959 16867
4381 9673
43 7784
4522 6760
1721 10172
5751 17065
6074 10572
2574 3590
10902 15261
6265 9053
11363 17239
12170 15377
385 8031
11642 13562
1334 5116
2252 16845
1443 14564
4792 13534
9493 17414
10843 17080
2304 10801
904 931
780 7536
7595 8103
5323 12949
2685 13204
1459 11688
2884 9878
3292 17749
4965 16711
3238 6106
6399 7133
11235 16202
6924 13358
3560 6805
10750 16740
886 6986
6321 7308
6754 15977
7871 10468
932 3464
790 17745
2475 5537
15238 15838
11569 12480
3741 6617
3339 9211
8219 14354
3478 15251
12641 16218
3736 10338
15741 18014
2566 7370
1680 5996
10748 16468
13637 16944
14178 17357
6371 16585
2734 14306
12441 13096
7834 8052
5524 18063
2600 3232
13883 14369
4752 8661
8690 13014
141 10994
2379 15423
8667 16095
1819 8907
2651 4262
6429 10304
14498 17935
5151 6806
245 1540
7249 16898
9485 13271
9095 16060
636 5629
6602 8461
856 5131
4431 8862
672 8596
10025 10710
593 17643
11221 11962
4815 11782
7178 16007
346 6762
10097 10941
4928 13627
4318 13205
2946 15835
7592 9544
12287 14634
12599 12743
1109 13285
15710 16423
2565 11681
1939 5368
4419 11259
13821 17910
10222 14880
349 13204
11791 13142
11322 12806
3532 10186
14545 15712
2418 9096
331 517
6635 13606
12261 13171
715 17564
5587 16189
11379 17375
9623 15331
11035 15535
116 12860
543 1535
11251 12522
14748 16577
2844 10961
1063 9673
8690 12988
8381 15451
3109 14814
4100 11862
14398 15902
5262 6381
14082 14596
1646 3174
3807 16095
2923 14026
4501 17563
5 6017
656 14498
4536 9713
4107 6686
5092 9888
1183 10825
1240 13154
8567 12002
7368 10019
2211 16101
8219 15957
8839 10266
13882 15701
5103 11789
1294 15090
5104 12171
11504 16925
5889 9923
5672 11221
4468 5971
4724 15421
4275 16715
3749 5534
3892 8497
5853 6626
9097 17979
3235 11864
1979 8151
125 14559
6441 14909
5651 8690
8143 11907
5340 8822
8031 10838
5637 14315
6045 14545
4033 15492
8352 9182
1035 13430
2664 8729
729 17341
301 5300
8167 9938
5381 10988
4863 13256
6995 14523
3669 14704
8713 16127
6364 13787
10104 17197
7038 13601
4573 11377
5184 9733
7133 10676
2379 4949
13905 17592
6733 7758
11402 16935
5395 17430
5038 10093
56 11294
7139 14332
5144 15524
3560 5844
11688 12459
14703 16641
51 1770
8061 10404
6088 16007
272 2419
751 2291
696 949
12245 17334
2937 12980
1939 7781
5640 6462
11220 13436
2073 3043
2720 6764
3030 8809
6072 15508
3925 17048
2223 16358
7687 15038
7407 8090
4870 6876
8509 9592
7339 9095
9506 12436
2712 3739
5173 13171
1529 2727
5966 7802
5692 9432
2709 15717
3370 14583
2140 8936
6295 13618
3299 15356
964 3994
5217 10487
4404 5579
3249 16903
393 6186
4476 10019
4335 17864
5700 6531
9404 14363
247 6384
6278 7462
891 14094
13996 15643
13116 14242
9162 17901
4949 6704
542 17269
339 7139
2411 4365
989 10127
7740 13645
2944 5330
3995 10250
6234 15778
900 16086
7186 8519
5217 6325
5551 10913
3403 17155
15707 17500
5258 14634
5192 8047
4024 10213
8151 9227
6995 10236
127 15492
5978 10026
8611 12768
5904 7062
9193 13259
3547 11207
8311 13154
1114 14724
5571 17585
10827 14211
14498 14978
2876 5099
278 16780
12636 13777
9275 14376
8236 16541
2907 6936
1472 2220
7386 12243
2590 10590
5932 9210
11850 13966
9639 16360
6904 13465
1479 7264
5878 6246
4077 13195
2201 15184
141 17381
10412 14723
3378 8801
8505 12816
14220 16107
7134 15970
12606 16487
4377 14752
4756 17275
11827 12482
6514 8273
4929 14619
30 6113
2247 13645
12054 17304
13343 17106
9493 11245
15205 17795
8219 11734
1191 15851
672 803
6635 14545
16422 17938
4535 15535
3702 17081
13714 15057
11819 17009
2915 12243
458 12413
7368 15074
8791 15054
7381 11855
114 3879
665 8014
10421 16932
7591 16795
1826 7637
1230 16593
4033 12771
226 8128
7503 12591
15786 16298
4165 4948
1579 10051
1192 17093
6670 15793
16001 17020
14785 15205
2712 16802
15069 16783
1302 4880
2550 12232
6645 15401
768 1411
1342 5162
8262 14629
8140 10768
11688 13826
4615 15548
138 16900
10387 14363
11728 17859
303 5722
5163 12200
8029 10853
5435 9293
11674 14088
6249 17569
10320 10603
5140 8120
8511 15778
160 3465
4626 12297
7833 17654
5285 9583
371 10055
7014 13784
960 15765
12057 13881
4660 8436
1118 6129
6039 10197
6322 6327
1765 11800
3090 17048
1019 1635
1781 17441
8556 15925
5995 12387
8793 9506
2845 9327
2158 17469
5300 8787
5800 10105
1294 8953
8029 10217
6023 17459
5575 11789
4388 10273
3974 11643
11037 16939
10881 13998
4915 15931
2931 12756
4373 8279
99 12669
10020 15448
3093 15970
3966 4080
4796 6927
2206 8307
10947 15454
999 9152
6520 17692
2907 11922
5151 11147
256 14603
15141 16774
15439 17815
14557 16847
1 1876
1361 4431
7603 13380
2776 6243
1817 6725
5047 8345
3627 8972
8416 15897
9744 10826
8115 8475
9 845
3885 7038
4153 10404
15155 16051
5256 5533
2506 16525
856 3601
3064 4447
10332 15962
4204 12568
6495 16095
9170 10334
10761 10912
2389 9234
402 10744
11696 13368
3860 6170
5781 13315
2857 10862
5800 6994
3287 7827
12738 12854
2601 13956
14990 15353
858 1697
14402 15613
127 15732
6017 8219
4511 6082
7172 9856
13383 13696
3265 9469
8328 13735
13209 16385
2674 6473
3385 16706
10555 15587
16972 17437
9278 13165
7147 10066
6580 10667
10156 15181
642 8885
4436 17316
2283 7423
8219 9817
4652 15638
425 9489
5840 7449
2671 6424
6170 15155
2337 9535
1176 15508
11368 11444
8912 14828
8220 15956
3708 3850
172 13857
6548 7128
13130 15898
5930 6943
2985 12150
1282 17651
2213 8499
7791 13081
4674 9522
12504 12633
1709 15732
13788 16836
7380 9281
8989 17909
9758 13840
12735 16172
3336 10800
2974 6321
7679 17839
7060 15001
8083 11384
17070 17865
1324 10342
576 9087
9155 17093
12714 13959
14249 17259
10960 11403
8690 14813
1407 11544
5206 5800
10087 11956
4828 6677
8436 8727
1999 4513
7153 10370
6758 15964
9733 14029
9536 13521
5756 7612
13396 14426
1612 10902
7867 13429
5338 15448
2430 2968
9162 10750
7743 17173
3344 7539
3 16940
4084 11389
584 5094
4223 8631
16127 17676
688 1944
9506 16130
4269 8559
5600 15234
842 14899
7383 16007
11955 16711
3374 5137
3939 11283
543 9634
2052 11939
17636 18037
13082 17357
6122 8555
881 10165
308 2742
10053 14987
8690 15183
6777 12896
1014 1765
5724 11490
10313 13218
13432 14018
10805 14160
7945 15319
3034 6993
7371 11053
4316 7348
12988 13543
9234 10060
5235 11589
13929 14017
15289 17862
8001 8408
3049 9362
4932 16922
4111 6639
8061 14773
8687 14431
1299 6007
2199 4397
3054 8690
1686 11221
4122 7790
155 3743
10649 14848
5225 17810
5723 6189
129 16890
3543 7633
7008 8886
10127 15712
7093 8793
13381 13739
7064 15077
10266 17839
4174 4547
13901 17985
7155 12103
10078 14840
1112 6645
5868 8556
922 17688
8851 9719
5047 5712
2005 17657
11546 12165
10846 16272
3024 3556
867 17150
4633 6653
752 844
2775 15620
15550 15815
9024 9702
6271 11152
4771 10211
4665 16407
6635 12946
7554 9735
9713 15918
7120 9543
7246 14670
4127 17956
13967 17081
5712 15822
11310 11603
12938 15982
229 17429
3736 9195
15491 16715
1794 12172
14815 17109
12903 13835
10466 13681
5999 10124
3394 8978
8937 11514
13213 15356
8143 17747
11395 14213
8746 14400
6106 11170
12649 17756
7450 15500
11539 14612
3860 4878
8812 12896
149 4384
1717 4762
9878 10959
12546 13506
11330 14953
6318 10105
9497 14411
3973 14569
1911 3132
8031 9664
3673 4881
6007 15550
4393 12232
4764 14398
11314 16762
4528 9029
10710 13754
11476 17787
3736 16037
10750 11151
5103 16595
7865 11037
12560 13807
11136 11251
9944 10892
6764 17944
4801 10399
13154 14213
162 13772
9077 13931
13191 17470
4205 17293
5692 8946
1848 3998
2051 14190
10224 12581
6636 9369
1778 3054
8381 17445
1302 1387
5652 9442
2084 16650
10994 17334
16564 16623
2542 3241
10685 16519
5193 5833
35 8702
16998 17445
8398 12465
10503 16792
11850 15290
4381 5800
5963 12068
10 6298
7511 9032
9454 13364
4683 7836
8430 9110
1720 11955
2248 6614
10430 14008
4356 13841
5763 9682
6660 13269
8783 15075
1866 3670
6180 7551
7264 13407
5076 10610
7015 11459
3645 4417
13530 16860
177 4932
6452 14728
12045 14416
2228 12633
6196 16645
11920 14690
8695 9197
13153 13637
7921 10305
589 14417
8555 9411
2683 8192
4375 13735
4981 6115
9763 18069
8631 8671
11126 14318
3451 8204
6411 16820
1479 12130
9597 13683
6567 13866
13130 15300
1483 13368
14011 17747
7765 8444
11095 16189
10183 17983
4949 17593
1732 8896
4341 13783
10540 12259
13840 15569
7931 16086
4617 13241
4229 6633
4979 15956
6998 16917
3826 6394
5061 16752
3663 14882
1294 15135
6837 8690
4244 15981
3154 13432
4781 14215
5627 15503
1035 7456
7833 14273
7310 8198
155 8505
3107 16933
977 14672
439 4881
2149 3215
3721 14835
4305 15125
8690 9454
4752 6975
1233 4617
17657 17923
12202 15092
7004 17639
7796 9541
8779 17823
2141 3601
2864 13065
11404 16272
8743 13872
4541 14603
4240 11514
13560 15805
5587 16540
14419 16162
10880 16059
439 16294
390 9112
7331 12096
1965 9997
7960 12387
2794 16455
3938 10398
9119 11890
6223 10212
8240 12961
9433 15138
9401 17895
3672 14590
3826 12518
7158 14436
9227 17010
3925 16262
1479 8532
2252 4480
5445 6635
16253 17136
468 2510
8762 13069
1790 6653
7318 9314
469 14213
702 12781
9315 13247
3250 7612
1905 6614
4979 16223
12272 12297
626 10935
5007 13234
13180 16342
7005 7133
533 12604
547 6903
4783 7277
4595 13504
360 7758
3464 14205
9817 16507
4854 14860
1848 6053
4589 7849
2764 11007
3814 8631
3015 11674
9203 10765
4909 14318
7228 7627
77 17459
5815 11539
8376 11601
9261 15778
7083 17187
13132 13219
17864 17944
810 14318
2886 4109
422 14291
7695 13277
946 6393
3362 3892
2745 11222
11939 12603
4835 13104
4328 9697
241 4917
234 15206
5800 14557
4178 11218
1449 8704
915 13788
2099 11189
4578 13555
3817 16107
7963 10604
5292 5983
13603 17672
4890 8219
1832 8026
7448 11476
1058 17116
4404 6677
2807 3287
4652 16328
3774 16071
8743 14407
2512 4367
2020 9227
6074 11983
1092 10611
2127 12833
6332 10981
59 10905
2443 11162
1113 10935
9119 15138
5665 17859
2101 4043
13832 16786
88 5861
3958 16845
5600 17465
2592 11527
1570 17029
7731 10561
14260 15158
5635 6547
1979 5722
180 16526
4263 4487
6296 12719
4384 18033
5137 10020
4762 17360
980 12196
3560 8151
2240 4534
14777 17777
1065 10217
13442 17057
10165 17676
5702 11700
2585 16671
10755 14580
4091 9314
4933 13074
8868 9948
11607 15080
5074 5995
1734 13735
766 14102
16165 16440
2106 11269
13152 14738
2603 12961
4187 7755
5969 9163
4954 9978
6318 12901
3055 15614
12003 17188
1195 10853
13992 14102
12441 16596
8214 9739
4697 14771
10122 13603
1308 4089
4327 17458
9520 17847
10041 13756
14373 16394
1046 3062
15273 16666
12409 14171
598 5182
2419 11189
4792 11981
6457 10805
10091 10572
619 14227
1188 12585
3860 4622
3008 17849
6786 12073
12840 14954
5559 11317
67 8070
7305 14456
2877 6839
803 5538
2807 10055
7987 8546
5508 10217
13138 13228
876 1363
6857 12585
13156 14617
2635 12224
11894 14624
5621 12914
807 13139
3073 9115
8219 9251
9859 13882
2164 6232
2489 14215
259 14332
3618 9606
5207 9995
12437 18046
8722 13988
4725 14101
529 10604
1154 10009
6115 11368
7636 14212
10604 13364
9251 17723
2276 14317
10122 10422
6319 13509
7167 17544
10919 17575
1534 15021
809 9229
8414 15587
1185 15096
7311 16646
8464 17535
5258 16720
2378 7316
11785 14643
6248 13249
2386 16244
5107 6837
4229 14431
8464 9608
2651 15539
3235 10025
8607 10342
4346 5482
3291 12004
7737 7791
9872 13691
6430 7646
3498 7908
3238 15488
9370 14976
2103 4249
7193 11274
10599 14333
134 4770
2472 12774
4833 13512
11110 11170
2430 15314
2245 15148
141 16133
3810 5432
7634 12687
1939 16866
2352 10646
7644 9848
32 529
2932 16845
4781 7351
166 2228
3050 5321
11513 17745
12901 15913
2600 10229
6990 9966
7527 16824
7176 9544
5576 15456
8713 10947
1500 18004
4084 10217
11570 15229
2504 15964
11554 17038
5156 17076
4390 13377
9056 17650
10391 12781
3336 10278
3024 15192
1307 10552
13998 16972
3857 15164
6215 12314
5614 17723
4334 7989
3890 9068
5140 17261
3647 13570
5004 5300
1404 1552
9997 15958
10825 13145
1020 5340
1709 3133
960 10610
3441 5180
3804 10666
9615 13828
16120 16954
9829 17668
5435 14970
12031 14859
2502 3388
3380 8871
1281 14975
13813 16078
11862 17304
9859 14318
9115 14253
16971 17095
5180 12975
1407 2620
8929 12966
10502 14814
2049 9982
6843 6877
7191 9098
584 17668
2322 9521
303 3133
1979 9227
4233 6319
6991 10760
5632 11134
8003 12011
2795 10429
6614 15835
1 8835
444 5160
8446 8801
7988 14983
8896 14955
16374 17595
2057 2808
4333 13193
4190 9858
15188 15272
5520 9241
6421 13341
9923 14712
8045 17167
6988 14540
7006 17401
8832 12173
5091 7348
4015 14173
7198 14372
5181 6046
1292 4809
2474 3074
2322 15528
10762 11512
788 4739
4150 9426
5971 17819
14281 15243
8311 9459
5583 12243
10752 14826
6312 8570
5421 12301
9320 12210
7246 12067
2075 5092
9241 16868
6406 6548
12456 14509
12481 12482
8031 9543
10433 14634
1642 2136
3751 8469
8512 8946
141 4622
8031 17631
1711 2878
14443 17943
11642 12771
5619 14064
8690 15454
14723 16083
11970 15196
998 3040
13044 17777
3224 15314
2405 4764
16414 16982
9634 9882
3070 10946
5637 9938
4940 14762
2620 10585
3901 4115
277 16541
3162 5666
4605 5876
14173 14544
5021 16515
2378 8219
9263 10565
2144 14007
9650 17944
3445 12969
307 15371
10166 14962
7007 8508
4393 9694
8248 10643
14634 17910
11071 15043
3101 16689
6302 9948
12348 17026
17016 17822
12928 16054
1957 2166
5139 7578
9739 14079
4795 17081
514 2529
12397 17074
8546 8996
2547 14584
6993 13391
8454 12250
1016 17866
1139 12719
11495 15399
12485 14819
6266 13651
3636 7405
8475 9206
11225 17048
8784 11175
15843 17081
17149 17571
12504 14498
5911 17326
6805 10755
2393 16966
12152 16890
1732 17674
5982 16877
16332 17719
7670 11515
5549 10253
13367 17026
10097 17398
2252 3990
17291 17408
2432 3385
3614 13225
5995 17764
1118 5978
674 7331
9 8346
10166 13589
374 15123
4244 13826
3655 4612
12422 16990
406 1905
4560 9917
2542 12508
10535 14893
7496 17156
2512 11188
2245 3268
9673 9935
7608 18034
16028 16484
5241 6299
9165 15803
8697 11908
8270 10398
1248 17232
1488 9817
7554 15949
3804 10369
5255 8566
964 7840
1585 7803
13887 17865
1765 17595
7725 10685
752 6441
5479 7316
1890 8177
2965 15136
5932 10401
5578 5813
4360 7284
776 12598
5600 11638
9546 10063
4436 7418
3015 10913
11488 16471
1691 9368
5247 13328
66 362
4305 12224
4686 14697
960 1960
2985 4165
9763 10987
9895 15031
10274 15601
2826 4078
8219 15050
258 11520
10375 14093
1138 6193
7351 17657
11785 15803
1947 13302
11019 12736
6531 15492
1600 11431
3492 16536
3882 13589
10010 11490
4247 5178
1430 10912
6614 17334
1303 5342
127 6638
5637 16836
11345 14270
1538 8839
2757 16548
913 6773
2472 5041
3452 10985
503 17541
136 9408
7455 9053
6653 17379
1064 1081
1294 5694
13259 17580
12395 15080
4331 7463
1294 11304
451 17944
7612 13746
12236 12780
4536 13853
999 9544
10571 14852
11686 17384
10902 14961
621 15944
4694 8418
14540 15092
3810 5004
13061 14466
6297 12757
3992 14666
1421 15735
4194 4605
674 4204
1923 15535
2476 15337
10545 15985
2861 14688
2276 5800
8151 11539
2143 7490
13873 15882
16909 18002
3929 12888
2879 16725
5554 7912
7717 17148
5680 14569
9859 11734
3492 12831
809 14331
3935 14037
1028 8972
3104 17085
9036 14682
226 17081
12150 16972
1098 10066
6396 13145
4353 5709
1395 2145
14596 16926
2793 6895
8933 17066
3925 15707
5969 10432
10394 10426
6531 9043
2974 3436
7171 10615
8477 15789
4941 17071
10025 13881
2934 4530
5695 15331
7137 16900
9783 11299
10048 16541
957 15342
59 5753
14358 15964
4795 5627
8442 16902
816 15838
6338 16834
3656 3657
3424 12771
1657 7716
1716 14227
15803 16647
5913 6985
5999 8953
10423 11281
13971 17201
4543 13989
8863 11037
5636 10364
7503 15125
5435 6321
2375 6196
1765 12540
851 2270
8307 9153
7252 16507
11558 17803
3656 7577
4791 12382
2141 5751
4053 15605
844 8951
5349 8872
9087 16400
5838 8201
8979 10843
30 807
3395 13530
7166 14079
6189 9303
6656 9713
5667 14152
8339 9018
4408 15472
1477 4145
4505 16918
17844 17845
10981 17269
1459 17313
5065 5247
9775 11053
4165 10643
14452 17723
2562 15638
8137 12957
2903 12482
16673 16784
768 8304
12382 13122
9888 10156
1778 5479
2518 3436
13521 17177
4561 13344
11968 18034
8416 15481
2298 8653
7893 10761
3711 13257
15847 16312
768 17129
7590 16352
4812 13777
666 10090
13872 16017
2506 3589
2247 12600
5088 14698
5075 17980
7907 11629
192 8880
6725 17496
12117 12456
6376 7526
822 11684
2710 7796
5425 9112
1106 7278
547 12967
5489 16644
11491 14597
6997 12781
9900 17260
4741 14961
9855 17048
3404 10215
510 17295
14927 16572
15234 17523
13619 15842
752 13440
6900 6978
14672 16127
1953 14738
8546 15012
2008 14416
20 1717
989 3875
14384 14627
1792 3414
1940 5708
3761 17383
8560 10959
753 10163
3870 7912
1395 10567
3656 14247
3454 8661
5416 7692
3860 9032
14954 17065
1657 8811
3437 7934
15917 17336
817 11700
656 6318
15854 17226
11683 15298
13817 14622
6754 10229
6841 7648
5069 7584
11085 13777
2430 16213
547 3120
14954 15290
4626 10025
2340 15908
9307 13277
9654 11789
6459 14487
8466 17287
10375 15620
3339 4583
4393 4397
891 2059
5416 17819
967 13953
1069 12939
10158 12237
8417 10646
13433 16462
3707 5092
5145 9997
3736 12554
872 9152
10544 10643
4456 17041
1837 13562
12341 13962
2291 14215
6354 14544
226 2924
12145 17223
5797 16310
4109 8033
5815 12029
2807 16479
14122 14796
11706 16820
1969 9810
9536 15003
8793 13521
2432 4796
9401 16056
4067 14133
13895 14193
7180 15505
14869 17865
12485 15122
13880 13959
684 6555
298 844
59 5672
5365 9368
13218 17016
3493 16027
5285 6319
1139 7888
10387 15984
1324 12960
2057 2965
505 6264
1008 2249
363 13137
2542 18007
1725 9489
982 8820
1424 16093
7119 17325
4247 9009
3477 4506
1186 15548
10468 17985
7829 13172
8670 12547
14317 16706
1362 17864
7893 8809
10352 14785
12504 17541
2635 16529
377 547
3318 17048
5639 9593
5076 7641
8814 11785
2108 8111
302 5815
303 7930
12529 14033
1923 9174
8349 13962
10604 11546
2309 12485
4327 16894
11498 12983
10748 11602
2519 2718
1273 4155
1603 13645
7945 8132
6990 12649
7875 13707
5 12877
8026 8608
7413 13320
912 4292
3658 9471
2498 5753
4574 7074
4759 8734
5845 10915
10908 13939
2152 4558
7737 8550
4584 5776
5103 5180
7152 16610
784 15067
5770 12031
2467 4697
6287 11789
3292 9232
10546 16560
1061 2770
10564 17833
12237 15947
4918 14395
2569 5763
9049 9292
3706 14122
3631 6519
2000 15122
965 16720
13371 15932
2752 10354
3807 5423
15539 16622
2510 16043
8197 14672
4405 10806
3500 6329
5092 11106
3743 8044
6039 8749
3634 13719
4591 4981
1346 17238
6639 14105
15267 15306
6676 11218
3662 16825
3069 17640
3758 8154
3272 17048
3688 7979
9725 15526
11785 14213
4131 13574
1186 6396
11068 13114
2897 6075
2158 11418
2919 14517
751 13967
8718 11262
4070 17177
7456 12861
13314 13902
900 2304
8690 8955
15260 16952
12768 17658
2036 9673
13178 17478
7440 12172
16582 17257
6614 17864
7866 9682
548 10872
2620 15895
5021 5240
2674 17976
14570 14583
6080 13339
580 17816
815 1054
6029 13228
743 17042
3040 17917
6677 8143
11628 12462
13992 17007
9850 10398
8814 12066
6786 14925
11259 16189
5432 14738
285 2419
8724 14308
10689 14122
1529 11800
4367 9713
1877 17167
6550 15351
10792 13783
6675 17110
4868 5845
8036 10364
887 17985
3952 15958
10982 16039
9848 11221
6804 13432
2978 16143
742 14895
4905 17129
928 1074
7423 17568
7722 10498
6044 14431
5217 14003
5751 11631
7015 16725
9506 11056
2038 3191
2574 15852
3306 11002
762 5852
155 8068
458 16779
16506 16512
8713 8787
1288 4955
2741 9583
1619 15505
9234 13432
3696 8494
529 1148
6674 9182
1376 3258
5859 8256
3234 8394
10127 15384
8032 17487
437 8896
5567 17944
358 16866
4979 8082
6115 13351
12249 14951
3858 12275
4633 8026
12606 13339
9375 9387
6771 11400
4892 9489
385 8875
8482 13447
2084 5738
11232 17187
5566 6709
5163 10400
751 6338
4948 10375
3154 10832
8211 17040
3970 14634
4647 10741
1727 16187
5268 7228
891 6988
9054 11239
942 13224
5283 5843
11824 14733
10912 13882
9036 11058
6264 13056
9270 15567
6879 14814
8114 16890
16410 17826
2810 16984
5144 12441
5311 6652
3541 3543
1289 11995
3120 3262
1797 3866
7340 14308
1751 2680
400 7544
14764 16469
2585 17954
2635 11225
15800 16342
6354 13056
4471 9506
610 11142
1851 11407
13297 14212
1163 14348
3800 5128
4220 15417
12560 15800
17733 18052
4012 8697
7153 17441
2211 4731
2277 14123
8476 10689
11211 14152
9855 10539
6971 17388
5284 5969
5388 9189
13569 15347
1139 10874
9054 9792
621 16911
13718 17893
2475 4965
3230 15486
6080 10947
1186 16764
11408 13999
11134 16001
15320 16892
5690 17642
6936 7311
294 14535
736 5527
3860 16820
8840 14014
4327 9227
12066 15840
3272 6661
5143 14270
15723 17411
2459 15163
7464 8177
5092 14416
6318 9618
11608 15298
508 14989
4327 11606
2387 11259
8356 14102
6441 6477
4318 14014
11225 14864
6483 16300
2401 17144
16231 16837
10183 17866
15377 16350
14847 15254
1677 10878
7039 17420
620 6072
8766 14336
567 15086
1778 16556
12151 15580
341 2826
9080 14038
1526 3526
7324 17979
9733 15329
13631 15875
2009 14957
8033 11715
1732 16157
9035 16795
1386 1680
14236 15838
7892 16440
6995 14407
251 17172
7274 13880
12738 13562
2676 6007
10557 10733
11106 15905
4361 11634
2141 7986
1148 12757
7477 7612
2135 3795
154 2503
4327 4383
8198 16616
6754 11226
6563 16990
7624 16235
3858 13335
2212 10313
6464 10921
2301 16553
12458 15134
6104 11065
4503 9444
3766 6138
9858 13877
8389 13200
587 10800
9808 13686
10566 14491
4173 5938
2282 8489
4425 17173
5499 7587
10579 17634
11606 14616
15003 15492
3867 17225
12220 15290
6001 15014
3567 14369
5684 12008
15054 16384
15526 17443
2514 9261
3241 7423
3762 16534
662 8313
4674 4759
1240 12170
2776 6381
89 2237
6648 8240
12855 13224
15091 15732
16621 17705
15621 16183
14008 14672
5800 11788
14391 15786
2228 17931
3493 4867
4703 13109
3688 9006
4295 9622
13661 15092
2057 15470
2747 16731
1280 14273
2379 16821
2313 7433
6155 15106
12117 14318
15511 17018
775 7713
9270 15491
2813 16775
11155 16845
2351 7351
11457 17016
1843 15919
7089 8509
12589 13148
5276 8115
9812 10611
110 6424
489 4100
7316 8892
6914 12523
14784 14880
4043 11810
12537 16960
313 12549
10162 10835
15297 16758
2539 8751
6707 8667
2906 9795
7085 14857
1930 6022
349 2685
1196 4905
378 14215
1253 11858
1712 12617
2565 11810
1138 16215
2924 4622
1712 8700
549 2835
5903 16020
8374 9456
2205 12652
1777 10352
3133 16867
10981 15225
11135 17408
6220 14358
4965 11341
4265 4372
16890 17564
3497 13415
1504 5984
10494 13613
2784 4963
7175 13669
4232 17334
5083 17970
16211 17503
2807 10423
4557 13144
12854 16177
1000 8292
14495 16720
3715 14420
8363 11558
5305 10934
5148 6548
10825 17473
15182 17943
6862 10404
227 2760
141 10947
4225 16698
231 13234
7547 9377
8452 13846
9528 12488
997 17590
7322 12521
10063 12080
2163 10909
5995 11842
14118 16952
3241 10174
7590 17066
14706 17269
2083 2861
1696 9272
11110 13917
674 12901
9721 11833
16454 18049
5217 9562
8611 9721
9747 10053
1433 13085
5151 6441
13084 16454
8029 9307
541 5165
6996 8635
11287 11400
5217 7594
3866 14384
12456 17081
8749 13505
2282 8047
11833 12137
377 6424
15467 17539
2378 3860
2638 14003
2252 5776
3677 7623
84 16832
3939 4596
547 13273
5724 16490
5081 7684
9802 10215
2049 6421
184 17479
9879 13429
1811 6962
1118 2199
3522 11420
13436 16903
2005 4487
3560 4710
7839 10947
10974 13156
377 6890
13686 14976
4904 9859
3272 17706
16223 16455
5092 17557
7379 13004
1612 4207
8469 17998
11236 18041
1198 5844
8640 8829
6344 15555
753 10947
16317 16902
229 4902
1042 9713
9032 12612
6734 7544
5432 14959
7172 10004
587 11607
1732 8240
4511 15695
2252 5285
470 8381
12331 14773
2150 6615
7137 9817
16125 17872
7331 16783
12224 15934
8992 10542
8546 10840
8069 11604
7078 12063
17187 17696
3021 17562
11923 15855
1195 8661
2430 12041
13936 17105
2340 10278
13882 16623
3060 14339
833 5090
856 7526
3958 8154
8645 10376
440 16554
3477 6674
2036 6318
9162 14909
511 16437
9486 15734
2089 6099
709 8107
437 8979
1479 15689
1095 1786
511 14813
9360 10711
8258 9858
13205 16301
6292 15040
2943 14213
13959 18032
3097 11515
3630 5065
17048 17112
6491 16456
6144 14883
14624 16517
6805 14213
8262 14682
346 3925
1960 5092
3957 4184
321 8252
8638 12953
2943 11524
1995 14638
5450 8368
8082 13735
4739 15620
5998 13509
5014 10749
6431 9473
5614 10354
13645 17379
3148 5640
4402 11823
6331 16331
8790 14223
907 13509
10195 14273
1179 16311
7452 14954
8007 8873
1064 10561
1036 16665
402 13316
4332 16478
6460 14704
12338 16050
1298 9362
2152 16540
15723 18016
10685 12395
5081 15584
13512 13561
8797 14682
2298 4084
15125 15473
1794 7440
2932 3668
4536 13243
4704 11864
3265 10547
6093 10059
7406 17480
6117 8089
6215 14515
6462 13209
1295 5853
11036 16440
7686 17048
7162 14644
521 13683
8608 10127
12861 16230
5879 18032
11540 17823
3783 16939
6119 14036
2617 9373
9484 15411
8489 16028
1195 2083
10278 15492
16385 17564
6337 8711
10166 11361
1410 11235
14336 15252
7331 10368
2182 8821
2965 5445
3560 17870
3815 17397
3290 12045
1690 16490
5868 16546
9 1118
8625 15751
2758 4353
7381 15913
12153 16193
1585 13562
1208 16699
1348 4285
3708 7347
9791 16641
6318 13606
4158 8968
5913 8170
12700 17187
11603 12903
7128 15426
1088 6190
9813 14391
6297 16058
5180 14416
3334 5086
2011 4891
8096 16044
2347 7419
5251 16301
8154 8311
6676 17026
7398 15129
770 13923
3094 5509
8151 12957
6758 13483
10645 17996
6264 16507
13142 15981
800 10304
6677 11645
2638 14259
34 14221
5122 14835
6644 10784
15570 17682
11232 16926
1270 9334
16902 17187
3596 17755
3579 9225
3911 13130
4892 9448
8637 9004
2284 12774
11164 13962
633 2820
2680 4065
2878 9087
5065 18031
4617 5492
14200 14970
1720 6302
3290 11789
3107 13089
7988 8417
2635 5741
2049 11896
6491 12903
4003 7909
4870 15445
407 6990
6367 10960
1709 15841
8991 17980
3877 9957
3995 11436
3089 13139
14443 15791
1697 14556
3191 12762
14022 17849
1570 2524
3124 13846
4327 8200
7747 11626
4518 13565
859 8381
5914 7311
3965 7833
1699 8946
4511 9608
4094 6996
6990 15521
1723 16301
2427 11173
5382 5722
11225 17081
3480 14318
2419 14634
10423 16684
11259 13534
6045 10507
12151 14422
10165 16330
5635 12725
9618 15290
9328 9469
960 13838
1485 16263
1387 9535
1771 4117
2114 12382
7695 8625
8258 16788
7867 13065
5767 16733
2469 13645
5180 15143
12509 15977
2157 14002
5481 6895
8822 11603
2438 13865
4496 11809
10217 17408
5481 11768
4541 9358
765 8774
10029 13092
977 4413
1265 1741
14236 18031
4965 10755
3622 17854
9156 17483
15021 16228
3199 9079
6007 14102
16157 17674
195 11940
9913 15934
8579 14517
8264 17911
3412 8822
4131 7075
9506 16350
13007 16616
589 10685
10398 14215
1705 9780
5926 9583
4759 12374
3397 8913
2366 5781
4783 8690
661 1137
7406 13304
1772 6877
4878 6837
1403 3419
1526 7272
3841 9567
5621 5632
3903 9869
152 7791
2615 14937
824 5285
5255 16869
2857 6404
9757 16490
2282 7690
7785 9576
9948 11188
10547 17593
5499 13985
4033 15601
4631 5665
13241 15106
12841 17596
1479 14544
3742 15642
6431 9328
4087 17545
8219 16972
12508 14419
2378 14729
3241 10410
10041 14602
10327 15408
366 14137
9500 10517
4327 5184
3073 5781
7824 10342
10316 11688
7633 11106
11515 16994
11604 16944
9276 11086
1732 2807
5266 7909
2014 5224
5969 12600
13196 17532
962 12132
10497 13343
4964 9943
8541 13857
429 3884
2079 14953
75 9630
734 9444
5088 14239
2660 15614
3087 17659
9378 12679
5452 6429
6024 16828
566 8579
8795 12507
924 15770
5282 16580
8596 12243
9029 13528
2759 15786
3086 9855
10540 16920
3040 17487
6877 11824
4363 4892
4762 15919
3124 8951
4754 12204
3516 8526
15251 16825
3958 9109
15143 17474
2673 7616
13879 17496
13587 15838
6635 8219
4665 4775
9366 14413
658 9023
5847 8564
3487 7907
2136 13390
10401 16552
9583 11914
7526 8452
1718 11404
722 17877
1692 8013
13030 16504
11467 14603
5395 6840
449 3670
6614 7945
4708 12027
10862 13355
2579 7599
10352 17381
9887 11802
16684 17080
1217 17442
3775 13544
2559 15745
3842 17109
11520 14596
3323 6748
6900 11162
4160 11553
4247 14495
11012 17239
2209 12511
11472 15651
2276 17733
2347 8907
338 9538
6205 6798
5092 8326
4081 12909
377 6907
10062 11151
6318 16764
12487 16779
14796 17643
11390 17699
2430 3424
4393 12319
9152 17176
1970 4261
1113 17118
255 4557
13367 17826
6 13190
6240 6562
8766 12621
8240 11570
4731 17897
12435 15548
7103 9408
1342 11680
5826 10502
9953 10342
4559 4989
4512 16285
4305 8381
5276 14506
4878 9859
8532 15474
17860 18035
4128 6598
6990 17672
3970 10291
8546 15863
7592 10838
1713 1765
5479 10130
2467 5551
2163 8198
3887 16437
1991 2813
1722 13488
6656 17187
13643 17658
347 695
1179 6911
5777 16904
2026 5940
34 14009
2983 10202
6302 12588
7056 10071
6733 8936
517 1852
12687 17081
8878 15495
12039 17187
5092 5652
5692 7264
4299 12095
7512 8687
2680 14319
7830 11420
9418 16299
911 16803
7990 10643
5334 8653
2598 11069
3866 16780
1677 16525
4448 16729
6424 15512
8793 15155
259 5094
591 5969
10985 12314
13144 16684
803 17257
4895 10912
1720 4754
11165 12746
2780 4960
1333 12529
51 10224
6535 9017
3290 4979
1808 8924
8835 12687
12203 18052
10154 12687
6361 14086
10469 15349
3082 6007
547 9032
5534 12264
5007 10743
7113 9113
7133 12603
9360 11480
1589 2848
7321 10183
6853 13967
184 16899
13315 14635
6556 6736
9947 15225
1721 13126
3421 10180
9739 14466
7222 13205
8955 10706
4917 5938
5417 14337
5021 7067
3136 5993
8282 9920
10180 11068
13 4862
4642 12065
10947 15835
9053 17533
10629 12806
2453 13130
1123 2861
4928 14095
7488 15774
6753 15550
3272 14318
3670 8454
9801 11868
1720 8219
8261 9779
5717 18046
862 4937
3195 15620
11884 12318
8250 17486
1178 12275
12617 14181
9856 12243
4731 7110
208 8968
8027 13156
8518 9640
3965 5421
619 1728
5533 12606
560 3935
2211 14833
6725 17061
582 7759
3424 12041
47 4554
4442 8834
751 11819
10707 12989
9425 10412
2745 11227
4265 5600
6975 8661
3060 16919
1224 15356
8026 12345
5092 15833
4084 5853
2833 13795
542 1448
14123 15605
361 16272
9579 13052
3453 3720
6318 14785
5032 11700
4878 16794
12946 12980
10229 13923
113 8111
4204 5844
3385 9673
2712 13312
2944 16744
2589 11227
2961 8399
2839 11822
3268 11056
3971 3993
7083 13056
10947 15050
10567 15331
2994 14417
3533 3577
9522 17595
2948 7555
1662 6190
14806 15349
7141 15439
2045 10188
5978 17860
2252 11090
11498 16471
3137 6635
4166 17658
7133 15238
8859 16343
2211 13853
5759 16404
9193 15800
13021 15383
12196 17733
11504 16847
10039 10301
10925 14464
7456 16230
16 3517
26 8155
4868 5311
4981 7129
6790 17469
10250 13655
3814 9258
2682 5180
9246 17381
825 4754
1910 14122
3493 10250
14599 16972
6811 8939
9795 14649
16453 17239
5165 13316
920 7368
9133 10909
2378 13191
10732 16127
8680 10806
4393 12903
631 6928
5718 10814
9388 9673
729 16054
2421 14395
858 13584
4058 17891
9454 14847
152 2152
3166 16350
2354 9748
2152 4550
9992 13094
1404 13117
8472 15550
3166 10687
7138 7911
9276 16772
8155 12843
2300 10809
4353 11533
2565 4647
2516 5872
3287 17998
12039 16822
4388 13161
12220 13673
626 16457
9110 10785
8212 10609
7621 11033
3286 16674
2035 14862
1376 4480
1709 14826
3749 15785
1732 17080
4847 7018
7593 10523
14154 15467
8098 10025
4115 16037
14580 16487
8416 15306
428 11771
7512 14211
4434 14495
11626 16480
15753 17259
1803 11850
7876 15194
489 5434
5800 17211
1707 10710
1479 5800
14491 15573
9887 12771
6578 10541
270 7544
6496 7669
1935 18066
212 13559
4033 14398
9033 16462
1835 17445
8822 16519
1698 13735
779 10183
4939 15510
601 8587
1721 10657
284 5386
895 6335
4173 7811
6318 10025
5482 17036
3993 7148
7039 17216
4476 11371
6804 16235
141 195
6231 10433
14579 17223
298 1968
1699 10296
3671 10947
6977 10029
1081 5284
11773 13870
4119 15155
1722 2725
914 7706
2248 10025
1717 6291
17114 17683
15662 17160
1045 6053
4538 6509
13956 16017
7482 11402
1479 10779
4680 4981
1721 5781
3793 10832
646 14847
6491 17445
4395 6677
7228 17188
4506 11476
989 9583
2443 16616
8384 14785
5800 8029
7485 8931
12606 16298
6201 10690
2884 10752
1179 10410
9658 13430
6548 14672
7495 17668
5437 14871
13648 14213
14884 17191
1498 16224
10195 15095
16001 16593
12315 16961
5196 10183
4895 5419
5573 8177
5342 13645
5479 13992
5217 10486
4542 5760
10814 13126
1468 17575
6924 7183
13248 14583
5757 9598
1938 13703
8526 17658
8625 11869
158 11161
2354 9316
7641 10413
12224 15913
4327 13721
16517 17848
75 12110
3812 17826
1939 6237
12345 17359
5215 13555
5629 16149
1570 6244
1686 16487
6614 14544
13019 13726
15015 16698
4496 14835
1985 13154
1121 13081
10208 10884
593 5722
1704 2186
10010 15106
4150 17091
10835 14712
1299 12578
7305 8381
4718 6714
5619 8508
5938 9109
5165 6491
4565 13616
6491 14672
10041 13081
5999 13190
1723 4356
4047 15491
154 6907
3234 4033
15043 15055
4579 16887
12397 17010
4052 13379
1721 14003
1735 15791
4550 15769
3277 5275
4466 15778
6642 14660
7340 17816
592 8695
8902 12345
753 17468
5727 10972
1280 14954
17158 17160
2661 16165
12148 15601
9779 10142
4783 10936
10119 10944
166 1129
10285 10413
9065 9750
7507 8475
1029 2283
6480 12724
11968 17010
8201 13036
129 1422
6056 10872
11268 15569
815 4474
4834 14716
10631 12966
4709 8288
1958 7008
6602 17827
4221 16961
5492 6190
5120 8385
3670 5103
5815 16905
7274 16456
6614 10578
1691 16862
5175 16480
13788 17091
2229 12746
273 14865
12789 15342
4665 14737
8896 12264
1195 4076
13543 14212
3952 8512
14379 14497
9779 17593
4180 4883
10825 15587
9290 11220
1703 11606
3219 5950
82 14071
12488 13474
2992 12987
6305 13777
5423 17026
12617 14218
7089 9856
3810 6786
14363 16460
2484 17557
3720 10606
7368 17261
1061 18056
10180 15945
8919 9830
172 4689
857 9999
4835 9516
5068 5358
4491 12241
13652 16045
6399 16095
1378 14670
15494 17536
9370 17641
1686 8840
4312 12973
6985 18014
3601 16459
2440 8070
6725 12410
2219 11343
15732 16124
11222 12462
7740 16875
303 5844
1052 3966
4424 9883
2443 12485
8896 17815
580 771
609 8252
5349 14488
4944 6853
9971 11577
1058 3866
9657 14732
8436 15043
581 3745
9327 16961
15747 17991
2299 8497
9930 15146
6159 14181
4612 5037
2251 7746
3993 4077
4873 6101
470 16616
7509 15478
997 16512
10888 13392
4127 8118
674 932
5081 9870
1141 14357
13339 16894
12834 15642
172 3560
4764 14418
2427 4764
6046 7127
10935 14898
7725 15492
4870 17410
10313 12710
1112 1294
932 6318
226 18050
9199 17050
77 6007
3733 7406
12235 18071
13303 15156
3074 5736
575 10276
7242 15130
8886 13739
5722 8381
1361 10495
9166 12581
4870 10639
2500 3072
3573 9804
13595 15205
464 3342
12090 14125
7452 9527
866 3466
5538 15526
8667 9703
6297 9263
771 6406
10491 13637
14213 14452
12301 15361
6864 13777
609 1913
284 3211
3451 5537
11931 15402
5872 12884
77 2943
11287 17606
8840 13477
14176 14398
8926 14666
5131 5672
14617 17566
4318 7459
7246 8964
5178 15600
11890 13474
6261 13365
1526 5182
9471 16147
3901 6244
10667 13567
7751 11408
349 11214
844 10609
3052 3739
4283 12521
8061 10660
5724 8311
10369 17912
646 17420
2157 16506
784 2291
511 3466
65 5308
12077 14948
3176 5390
8327 8571
6585 16479
1457 3154
7435 8198
4431 16206
2600 3436
9476 10816
8687 15118
355 14208
12901 13619
4499 13762
4305 13464
9174 12302
9623 17767
13216 14483
2008 3287
4697 11074
4453 8662
12172 16573
3015 10892
11408 12275
4739 14355
6335 16412
3810 9959
1087 16212
8499 9279
6346 11188
8463 18041
5640 9817
13507 17782
1479 10468
6297 9608
85 3043
10985 16685
6755 15402
1111 4496
10676 17379
2747 4354
5217 13566
7755 10086
1639 5844
5532 9858
7824 12645
632 17871
4318 16616
6220 8232
3858 4476
15327 16528
9459 16156
5800 15473
739 1227
3706 14416
7133 16455
7322 11400
6674 16701
10750 10752
3039 13647
4697 8328
2358 11480
9087 17672
5913 17860
9261 14105
907 3950
4771 11781
3359 7919
1557 4481
9015 9160
3460 16662
5007 11534
2900 8838
1529 16037
15125 16350
5384 5624
3113 4513
10467 14260
6338 8352
1209 16303
5073 8562
4639 15549
12866 13968
1722 11929
2952 12831
790 3240
5883 10125
3253 12504
906 13538
3014 15765
10153 14213
7900 12182
6853 14416
3724 7139
4173 9239
5178 6666
5709 9095
14384 16147
4550 13534
6424 10898
9042 11726
3857 14080
2310 8652
6911 15620
11098 15723
12309 14581
10071 15784
5387 6863
5741 5800
11613 16177
14672 16456
11422 13756
5970 14441
6244 14026
7635 10160
1257 5485
9513 15331
10451 15778
705 7252
11602 14436
9046 15240
3004 17539
5178 15803
1521 2760
4052 5357
5932 17866
13430 14643
558 3179
11371 15835
2291 14495
3737 16792
11074 12485
10760 15238
7862 8550
8106 15225
11672 13416
5519 6462
7851 9521
2504 10506
11074 15966
10750 17425
9258 16042
375 3421
5574 10238
1680 7464
7007 12029
8690 12504
1787 5584
4387 9779
3176 13187
12053 12429
16455 17379
6578 14132
2419 7989
2744 16130
7277 12687
2180 10468
10872 11634
9095 14391
1430 2965
9856 15352
3264 7305
16548 17210
5718 16513
9938 11135
790 6677
2524 9763
5568 6337
5201 6487
4305 6017
1347 5979
5722 10765
5093 8577
7541 14757
1920 17410
7862 11789
5972 16698
13728 17163
770 2598
6318 15717
11850 14407
10262 10304
13568 14965
15080 15996
107 10505
4212 7025
6548 15426
9807 16568
11002 16202
10165 12485
6829 18051
2935 5016
6837 9596
3246 14649
7152 17867
14275 14707
859 1781
4887 8155
4664 15086
1020 5844
12901 15677
7271 7541
97 15482
9623 14849
566 14286
8837 10164
9637 12287
1793 14210
2005 3969
4891 5853
8466 17991
10982 15482
4419 10689
8219 17503
5503 17564
3824 14514
10573 12132
859 16847
11589 12427
661 859
1178 1583
2163 7507
3211 12681
14188 14502
4508 8079
7035 9544
6318 14313
5144 9868
3186 5433
3163 16051
4033 13865
1035 5091
8835 10025
3541 11999
7139 16480
10618 17316
1749 4180
10344 15026
7568 16350
4902 14814
6584 9516
1964 13150
5435 14491
15737 16665
844 15349
8822 14603
7961 15482
3621 8160
2674 6318
6318 17983
8066 16308
6646 14976
1910 12485
702 16319
9673 16616
4355 17862
17348 17881
1296 10202
16820 17295
12572 18026
2907 4243
3087 14122
3952 10060
10127 14363
12029 15919
4306 8177
14544 15251
8469 10582
1419 4704
16165 16213
9046 10159
6493 9950
11430 17259
6203 14329
12117 15539
9754 17591
2276 16529
5461 9543
610 6414
6773 15421
1025 16897
1254 4743
11607 11782
1373 8139
16920 17658
644 7321
2943 5197
8609 10455
14976 18069
920 8374
2061 4589
3504 9031
1714 6996
6382 17940
1869 8876
1081 8469
2518 11227
8440 8677
8893 13880
10451 14813
4007 6778
2089 17827
235 17187
14318 15333
13187 15065
9596 10547
5815 10020
2037 2952
4656 6022
11834 17499
2084 9976
2135 9552
16546 17479
7572 16336
8023 16307
6325 7594
8236 9657
15323 18068
7006 12105
1754 7331
9664 15481
6244 7104
8311 17557
5503 16480
16017 16315
14057 14153
3794 16992
2879 14587
14816 17680
3753 7815
1720 3054
10165 18049
194 7633
214 7218
5810 8912
8690 12220
2785 11991
3673 16836
10037 13718
2512 8151
6634 7849
11606 12066
2910 15143
158 1120
23 881
7020 7435
11601 16802
4238 13125
13277 14358
1999 6899
4327 14427
7152 17109
7315 7957
7819 17458
9226 16062
11644 12089
9808 10959
6942 10540
3864 12427
6755 17144
6039 16910
11349 17864
17347 17413
5219 5230
10604 16253
5637 15491
7820 13765
13807 15795
9270 9766
2472 14792
7833 8273
7633 14227
9440 9673
9815 17628
4073 7273
6674 15863
2309 12224
1726 12964
2484 16866
4039 15612
1778 16507
17127 17324
6462 14643
4703 12523
8311 8975
5013 17025
4547 9583
2347 7583
4502 14633
5722 12568
9456 17651
2878 3804
8577 14634
6927 15294
6264 6318
8697 10539
8381 8822
1436 16487
1176 9624
9307 13892
9360 17935
13306 13354
15964 17522
4710 16905
5690 14497
6052 15659
580 15620
12236 13368
302 5338
8972 14092
5452 8273
8645 15934
2665 4706
51 9234
6766 16358
8608 12581
5235 5926
2861 14018
11210 11490
6661 14143
4104 8822
4759 16140
8454 10126
3016 11817
10170 16990
8262 16851
1716 2273
2108 15833
7286 15451
1771 10108
172 5952
7591 10165
12224 15812
10678 17853
7359 11546
1407 3061
2013 2085
6233 10489
4665 13872
7806 10540
2246 12687
779 3486
3732 15869
5632 11427
5897 15149
7923 9975
3004 5286
2949 14026
2453 10547
9879 17013
5918 9632
1294 7354
5914 8553
1398 10438
3277 10405
3952 11268
2206 4461
2357 7891
12642 17568
11576 16285
4247 10368
6906 7605
585 7961
12823 16729
9471 10368
8755 9855
1933 14526
10741 11147
10763 14849
2969 3424
3756 13742
13534 16840
2924 6985
5388 8001
3711 3805
10195 16206
6602 17524
4783 12687
190 13316
2742 6663
2689 11865
2761 10309
7893 8335
4682 7158
11460 15090
469 13376
3328 13224
2110 3903
2760 16661
8695 16507
566 14152
12931 15456
10447 11603
15957 16995
13301 16585
8868 12781
1639 13271
11015 11319
3898 5180
4236 5979
1646 12152
3714 5640
1479 2683
960 16640
1939 2221
3043 8487
585 14587
4127 15958
3627 16715
5385 10076
11453 17850
7083 16616
4489 8364
12436 16130
15837 16974
377 16845
13218 13656
5913 13392
5409 8321
965 11545
12438 16060
3516 13191
8690 11126
5941 12313
886 12347
12621 16300
358 8093
17749 17984
9765 14276
1417 10727
2678 16039
4105 5138
6361 8307
4421 12987
2007 5672
833 10947
1000 16224
10352 13550
3451 6509
6415 15337
7299 17774
756 6899
1765 10337
8840 9758
5088 12309
2621 2656
9360 15393
13153 14026
4029 7504
6777 13927
15758 18036
15958 17112
7356 15912
12409 13534
5125 9763
10275 15580
625 1808
1237 5672
6967 8065
3783 7865
8128 8270
6086 8361
9938 12560
5800 6381
4456 8775
4795 13364
9439 13958
10752 13332
7144 11668
16949 17457
6100 9606
11317 17293
8311 14813
7347 9155
12264 14852
4752 12360
7700 16207
471 10503
12961 13674
944 17533
547 6876
7839 10183
9758 12485
1761 9336
15492 15908
5971 17858
2535 7725
12243 12844
2605 10277
11656 14557
1320 2752
4353 9444
11683 16145
2273 3858
5568 14286
11607 15908
2613 6664
2675 7258
840 7487
2058 5469
4281 10764
6826 17961
11566 14705
14407 15136
625 7392
14697 17535
1734 10410
1763 15127
1898 6478
9843 15019
2861 11342
4023 4365
3964 14416
7862 8352
2589 11781
3265 4357
10617 14033
529 17381
1410 7469
8137 10574
3169 11147
1195 4333
4187 11363
1612 9469
8200 10302
1479 14088
315 12626
6464 14703
451 960
1793 6352
127 17853
10136 14239
2886 4536
6448 14561
10105 16967
2380 3936
6476 9729
7 13838
11341 15366
4336 15929
510 16820
5235 7809
5782 17586
1833 10983
874 12867
258 15838
12148 16105
6681 17412
4206 16054
3555 14938
4761 5482
4840 12297
2419 3359
8382 12504
10451 17593
3673 6514
11906 15261
1935 10985
2378 9702
752 14107
3913 11809
8957 16554
2956 6197
921 9637
4396 16024
4772 11927
8029 15125
13780 15585
7356 14106
824 14645
346 9731
16456 16616
11199 12765
307 10217
5412 8052
8394 16725
8219 15958
3330 15808
5549 10551
106 185
12529 12730
1699 3291
1734 3249
2045 12544
732 6579
3160 12399
6063 16720
6633 13370
6725 17016
2791 9281
5923 9049
1457 10959
1531 2547
1123 10215
8184 15721
1057 15265
3340 16349
4361 11400
2635 13825
1723 9731
11158 13362
11592 11939
152 2550
9509 14360
14093 17964
822 3907
6904 13612
2557 4674
3069 17323
6753 14596
5756 7593
1761 5808
3166 13903
2052 3613
6090 13959
141 4589
11791 13105
2553 2625
1087 7698
10276 11865
1051 15373
4870 14036
12237 14606
5672 14432
5069 9606
8327 15392
6211 11514
10561 10574
6888 9557
9032 9640
2252 10410
1294 3287
1778 2312
6846 8340
3627 14026
4030 4236
14400 15886
1805 7463
3996 8230
4328 4729
8844 9455
12318 15518
1716 9032
10512 15029
7718 15423
12241 16887
6695 13592
1686 9673
4401 14473
3464 12606
4354 10007
5426 16449
2543 6113
1519 13748
12815 17057
3352 17130
6755 10779
2412 9837
9996 17173
2660 15302
7139 17129
5851 16349
5247 12432
14596 16954
14170 15001
9527 17206
4105 12237
2379 17129
3896 8608
9540 15985
13219 13623
1 16667
11418 17602
15505 16494
7368 16455
9763 13686
7141 8896
10512 13852
560 5746
2437 7045
4236 14540
2152 10688
4741 14583
2467 17042
12781 13543
8690 9536
8690 16972
7633 15013
4710 5066
12220 12902
4948 10265
945 11422
7883 13534
5894 10416
8583 14269
14172 15686
4642 17093
8695 10496
16845 16866
9 9175
1567 15018
4383 13547
4357 16285
11568 14336
4366 12921
9673 16456
377 6418
2710 3927
569 841
14830 16646
93 15136
13852 17523
307 14211
12331 14634
6427 6994
14036 14519
6422 17065
8607 11832
1909 12040
5995 12781
10029 17230
9451 17959
8381 13376
7367 7384
1167 12741
2892 11090
14809 17060
4045 10360
17547 17575
16638 17537
10688 11221
5793 7137
7740 15516
2106 9976
1823 15258
2055 5499
688 9763
1504 3580
2020 2720
7919 16183
2103 2807
1030 4247
253 6029
3227 15613
10906 13867
11968 15548
2136 7288
9203 10020
13521 15545
5370 10071
10581 11368
5144 6237
5197 5995
642 7062
5723 10375
2229 2685
4739 17944
10908 16711
4949 6614
2605 18032
10579 16400
7129 8706
12781 14212
8454 14634
5487 15148
4377 5861
7909 16918
7883 11095
8102 10854
1320 3060
6709 7717
672 5703
3917 9663
6839 14167
6981 12308
13081 17862
5899 11408
1118 7380
1963 17257
193 6767
440 13205
11235 11628
5926 6652
2193 14087
8701 15661
13089 15471
568 1390
3589 16340
1859 13782
1198 5382
9808 16235
12508 17459
11634 13793
273 566
143 15695
10272 10908
7182 7655
6090 6404
10183 10961
7228 8031
3678 17197
748 11236
4275 10752
2366 9802
12285 17605
1063 9918
2959 17496
14036 14565
4205 17129
1817 8578
4615 8151
9512 14852
751 1691
1474 5995
135 14947
15548 17437
8917 12315
672 15581
2472 7898
575 4665
1961 11972
9669 14689
8699 9026
6544 13365
6606 13544
166 8749
2038 16313
4624 12276
1125 2712
1213 2609
3024 14416
3943 10025
1694 7519
7348 9758
10112 16213
2252 6287
12057 14332
5883 7859
1686 7688
11586 14736
1198 12903
4752 18014
11486 17869
12167 14133
9497 13786
5255 12980
1977 15121
5059 12611
13195 13332
6628 14617
10267 10316
11827 17413
8336 14167
5912 12983
4787 12485
2358 2565
10352 16587
5722 6805
859 7871
16972 17964
6302 13112
1653 10805
2523 5182
8176 9534
4905 16758
1342 10921
6766 12231
573 11914
4965 5926
5047 15491
3124 4249
6055 9512
7356 17952
2674 14318
11447 15695
9543 9664
13319 17328
7959 17226
3583 9843
10959 11400
1675 9032
6909 12205
10722 16142
762 12133
14436 15461
5558 16163
8956 14427
8373 16027
4437 16421
1646 17866
2014 10822
4909 12815
2108 14813
13633 13819
9166 10153
2662 17155
259 11317
9153 12872
1411 10800
70 8443
5651 13679
10881 16487
8211 16337
13923 14634
1421 4757
10496 17081
8398 10352
14291 16904
1300 2079
468 8666
15075 16406
3964 8968
5301 14909
8708 17723
116 15252
7719 14133
120 6723
13381 14259
3107 4458
6045 14379
4626 10279
674 10165
7871 15539
127 16124
16840 17910
13652 15947
1777 12676
1684 8396
9788 12614
12073 13735
445 6931
6276 14661
8766 14121
11516 17558
7351 17816
3120 15095
1699 15776
14013 16011
313 3287
11457 17177
12688 16087
3252 7418
3002 13195
6726 10037
7591 10154
8690 9204
12901 16547
10959 13193
2299 13051
1332 5479
4775 14413
8333 10158
8852 14983
7554 11732
5216 5686
3898 12210
99 8454
2557 12374
6558 15527
3403 4756
8862 16893
5255 6975
7358 10025
10138 12478
3225 12395
1104 5868
1732 6263
8345 9938
3855 9236
4125 9808
4233 13344
1709 8546
3758 11785
6771 14542
5144 14384
3131 14515
16686 17571
8786 13886
6294 13106
11368 17155
10300 14176
3095 9748
2937 8946
10728 11575
4808 9816
4165 6873
3670 10947
2493 7992
3728 12884
1557 7533
2175 17193
5825 12866
7400 10542
5619 9203
12071 16862
10621 12867
195 5914
2453 15947
11666 16056
4070 7491
1537 4276
1725 14501
5235 11785
1237 7000
8251 14294
3113 16133
9175 16684
3087 7855
14494 17982
1595 6409
11444 15640
8695 9536
7612 7736
989 13616
5926 15934
6664 17705
7898 9785
2779 16783
10278 12735
5579 15494
6614 10368
4023 4371
14109 15499
1974 15956
3265 8137
1632 12650
1689 17595
5015 7883
14213 16780
768 11241
14378 14796
11784 15331
1263 10547
9639 17016
6922 8273
8107 14903
10911 15011
2484 4057
11188 17485
13122 14577
1192 11918
9079 12560
987 5736
245 5103
1570 17354
16494 17322
1245 6315
9153 14133
3333 17765
331 1534
1530 7048
75 13767
1583 3568
2512 5508
1529 14452
742 4351
7923 9822
876 12487
9211 13156
2510 10687
298 14235
5432 15981
8560 15343
7180 7679
111 14857
2571 4854
11202 13869
4741 8418
6214 13781
12420 16014
3107 15138
3969 18050
4018 12438
2562 12465
3403 4111
9033 17827
11255 13735
2389 7264
6993 14371
9190 14909
8852 14982
2762 9573
10291 16720
1258 9425
4605 10341
5575 8546
3579 13522
2252 6716
2990 3423
2574 11850
1900 5868
9624 9855
10947 16133
6452 7354
2119 8457
9272 17110
4034 4759
5092 16926
8509 16272
9546 16343
9182 16829
2785 7568
9887 11850
2844 7839
2858 6122
2869 11480
1263 9574
8632 15778
3717 5777
6273 7090
3041 14183
3560 17923
5969 17557
2056 11731
5822 14456
3693 16741
2027 2188
7522 16294
6548 12485
13060 17471
8140 9602
9096 10279
1196 17081
6700 9075
14079 15272
2949 16900
15786 16062
272 856
9748 14149
1910 8219
989 15707
5110 11158
5998 13846
716 1033
2051 17469
16471 17474
3925 14363
10552 17934
2553 11201
1095 11710
1417 13917
1475 8151
8803 15229
1446 11098
7100 12128
4408 6297
1457 7143
8875 15538
5602 11766
11322 17877
4550 7477
6635 11920
563 4589
3673 10609
11099 12914
8176 12560
12426 13205
4825 10404
1833 3860
16253 16258
4752 13138
6318 13587
7348 9165
5913 15251
9454 17187
9654 11074
5423 11220
4299 15384
589 14418
7368 11235
4512 5619
11769 12938
2528 12814
8295 13296
1732 13558
4436 5672
4408 9042
5891 13544
5847 17484
12080 13472
8029 12840
10486 16631
8578 13241
7418 12066
9895 17232
1016 5245
5202 17042
14542 17551
3174 14654
8366 10062
1910 2884
15186 15956
13677 14592
2274 14495
11109 16186
5709 10443
1735 14333
756 13628
542 13782
7121 8400
1475 9694
10547 12957
6556 10934
3166 13432
9203 17870
12093 17016
2443 6978
14956 16623
1007 3087
6324 8550
13549 14177
3912 17275
3613 4401
11608 16165
13340 13561
594 1851
10451 14339
8690 13931
4789 10551
14569 16270
8167 13788
4236 10983
7311 10389
5709 6287
2620 5092
15854 16896
6308 13081
10916 16961
11750 14207
129 16349
5995 16752
5074 14261
6692 10160
8343 9072
12771 13130
609 16454
12144 16149
12631 13449
3039 6033
3901 6448
3385 14990
548 4361
5627 13815
8975 13339
3568 14792
1081 1624
1717 9876
11634 15511
2903 12480
6237 8550
4086 4165
518 12979
2600 7695
7066 16124
5551 16949
7862 15778
437 17080
9997 15835
10853 12243
8065 14553
7331 7855
2565 15051
14296 15034
4807 9038
6840 15874
9997 13879
653 14057
10495 14617
1721 11793
14332 16563
3249 10947
6982 9399
6547 13409
10855 12603
5673 17832
232 9808
13614 14835
1991 3728
17257 17796
9492 16512
12856 16342
8273 11135
4435 9214
5125 8214
7862 10240
4030 6153
12349 15499
9527 17376
13079 16783
7120 14857
1732 3052
3764 10403
7541 14848
14398 15488
5844 6090
10383 11077
2026 2905
3431 10553
2378 16301
10112 15298
6758 12867
9487 13774
12314 14304
11991 12109
754 7992
3969 4870
7665 15670
6190 10975
8601 14318
7301 16372
12327 15373
1765 12866
1340 15837
11943 13444
139 4709
11053 14603
4835 6630
6717 17612
11960 12196
3898 12441
5700 9583
1195 5551
1246 6389
2157 5382
4190 7371
2741 12130
624 3104
1188 9982
2738 8625
11930 12959
4306 5800
1237 14062
6380 16778
5297 9261
9162 17723
9613 12060
1320 10804
479 17484
10410 18014
3672 11929
3462 9639
13180 15603
7758 12861
9125 10405
7028 15526
15404 17928
535 573
7174 17956
4475 17551
11419 15935
8677 13578
2560 14398
2443 2492
1370 9051
10571 14370
4327 12031
3971 9759
6405 11099
3821 16559
1855 15136
8166 10854
3081 11221
8132 17778
1226 12124
9357 15716
15524 16693
1972 11111
8964 16796
4353 6644
3860 17209
6600 15854
15449 17321
8163 15253
7503 17081
6008 13566
3116 18039
2635 12275
5412 17142
6847 10236
10961 11817
8098 13673
5532 18035
3264 6687
8991 9316
8464 16512
2720 4393
4981 16292
2854 5926
2583 15136
6318 10687
14474 14490
3228 4635
2857 14123
7624 13332
2524 12243
5760 6318
797 9630
3238 10800
353 4437
14303 16828
4771 12275
4535 14213
5381 14764
4346 16211
5861 17968
4830 5065
6356 16681
15186 17790
9295 17277
12687 14239
1085 7746
9546 14703
4858 13339
1910 11253
10919 11604
3548 3853
6373 13316
3505 14294
11671 15659
3292 14272
3901 17615
1983 15854
3614 11821
7849 8207
7368 8082
2051 11595
4147 9624
6996 10019
6700 14948
9405 14042
6925 8142
4622 8840
3673 14506
10711 12687
6049 9484
9995 13555
16471 17764
5437 15297
9193 13128
12523 13565
3688 5838
10631 12014
6994 10947
4561 14452
15932 16668
5840 7686
8645 8671
2625 12148
302 15560
6996 13735
655 3716
14502 16895
2592 10579
12467 14426
5845 14470
10748 10865
1884 5300
10385 15337
1087 11861
7 15662
10278 11866
5300 7558
2280 9464
3461 7819
2101 10300
6302 6437
7180 8038
4752 7070
9527 11943
11060 11685
7539 16869
575 12738
4476 4752
5752 11737
1697 16206
2156 7717
3709 15220
2467 12720
11607 15645
1657 3556
2717 4052
3241 5703
8250 15293
8453 9495
10881 14456
11707 13962
1996 2108
4975 12423
6841 14239
3992 11991
12578 16403
8417 14961
2150 12524
2211 8198
13311 15141
7 6666
6532 11174
7753 12050
9307 13719
16810 17296
1417 12237
13364 15156
8176 9713
17241 17483
964 16273
3006 11310
11838 16346
4864 14301
1596 7075
10098 13771
141 2635
8852 11906
1752 14604
444 11074
1930 17785
1778 1905
3947 13172
2252 17338
9341 12547
273 17661
11726 15843
5206 15429
9356 11268
14787 17749
8014 8936
11404 13027
3736 17081
4431 4719
1963 11465
1717 12901
3133 4111
3087 13928
9655 14247
4752 14925
578 16183
10316 15373
7303 17362
141 14318
693 13920
13247 14203
13190 16505
4153 15984
9656 17434
11679 11850
6093 12843
4155 8628
9360 15040
1790 17897
5800 13999
623 16546
11770 13252
4496 17832
7577 8200
6877 15791
6433 6725
1198 13130
4547 14235
1979 4393
733 2782
592 11408
6414 15316
3736 5877
12237 14102
9051 13561
1087 7450
1706 2861
3560 5353
5258 12100
11080 16186
3909 7261
4752 12621
6677 15333
1709 2512
7842 10938
2683 7774
459 1776
585 14398
14976 17641
8742 11184
4166 9360
7264 10558
2826 10211
10639 17864
1 5711
11868 15264
11688 15553
209 8132
9368 10750
4618 13469
5423 7784
807 4248
7242 11942
5178 6495
2419 10375
6106 10727
5193 16794
4396 6461
1350 16060
1583 1793
1612 8417
12099 12346
8461 12554
14286 14597
2377 13665
9979 10202
2252 16852
4353 7695
14275 16157
9512 11640
2195 8403
361 8509
8611 16635
5723 15492
16496 17129
11529 15347
2212 14833
8953 13895
2354 12846
337 4322
148 12523
11247 11773
9162 17081
10404 14773
3400 16174
2811 5921
2056 17360
9206 10331
9234 17048
2273 15454
739 5998
8255 14569
1373 5717
6384 13482
12745 12863
7 2228
1709 15290
1732 9883
6039 15838
9494 11133
4561 16374
9408 14310
543 8766
4255 12966
4000 12643
5532 15968
11233 16183
2005 4004
3807 12901
7228 9618
2597 3775
1081 5853
7041 13880
13316 14954
6760 10947
1503 10981
5600 16616
4754 8973
8627 9275
13464 16507
15550 15742
8667 16202
3982 13782
4443 11297
5721 18049
7907 16895
2780 13358
12641 17457
3238 12738
14427 15500
4070 9807
2419 3479
7301 16726
4729 14414
4008 13072
16494 17273
298 13879
2629 7006
10340 16507
666 2747
9370 16877
14470 14909
5345 11745
8198 9456
3751 11606
2022 9138
5860 12565
2748 3892
3971 17937
2854 14123
2148 8670
5464 16944
8613 13619
13156 13161
2380 9125
3863 17805
7133 10398
998 14310
2236 8732
5174 10122
4390 5230
626 6462
11540 16980
352 4350
1851 13432
715 8251
8930 14306
10589 12518
5414 12264
1111 17723
6225 17238
16851 17836
5899 14498
12901 14636
632 5396
5776 16223
8364 10217
2118 16974
14989 17449
2036 7093
1294 12530
7301 16526
10278 16407
4979 6677
1709 4522
10601 15474
16307 16334
2481 16223
1704 2160
226 10340
17443 17817
2674 8219
5131 7355
127 589
2519 10118
12858 16541
4165 15453
4741 15762
4582 17159
9321 12891
1709 5482
4133 13399
14003 15288
5952 17437
4396 10180
5482 13304
3377 7732
4783 10025
11683 17745
12527 14948
8582 11912
11291 12530
1411 14422
8709 17056
11067 13403
11837 14637
4327 17316
10025 14773
2542 11106
297 4487
4730 13904
1573 5021
7572 16350
11391 12896
4024 17557
16374 16913
8730 14102
470 16564
4249 6741
12043 17546
1837 12029
6045 7273
6461 15509
806 14957
492 13262
6914 14887
1686 7459
646 10663
9948 17901
1701 15295
6749 17334
8837 13884
9179 11449
3759 11635
15329 17376
8749 13645
8783 11235
890 10228
1232 4617
7172 15188
2542 15080
6168 6418
8154 9166
3403 4546
6234 14453
3136 17481
8273 16715
17541 17983
2427 4775
9733 17765
4244 11688
13204 15051
960 12576
3822 4502
3139 8819
1195 4180
10486 11425
8087 15732
13161 17360
613 12529
4109 10139
393 14690
1704 2352
5854 9188
13587 16647
960 16903
4100 9654
4305 9878
14277 15737
1532 2049
15772 16024
4948 12917
6084 17723
2351 3015
4275 15491
2593 8251
8690 15429
951 1317
5374 15141
8477 12284
2304 4419
4852 9748
9545 15206
1374 10676
4824 7183
2992 16524
11164 15371
8550 10262
4476 6635
8775 17420
10414 16461
10772 17986
9938 13112
6963 8116
1174 2422
7205 14866
932 13864
3267 7309
16293 16511
3693 15310
1552 7902
7945 16769
959 4436
3166 13882
4775 10002
3951 5357
4359 15289
6677 9278
1258 5284
11037 11640
2440 6903
11670 13712
7353 9253
3095 7399
10717 16189
3938 11250
9081 14950
5883 16101
1777 11606
8114 13681
8991 9546
6364 16293
5276 6394
4367 6252
14433 17445
5868 13112
3724 10345
2125 7025
3926 4397
1072 12001
492 16377
8611 9654
7878 8522
118 383
4772 7898
9853 13601
1488 17316
2857 10025
2039 6028
6407 14453
7316 12687
14714 15014
3776 14122
751 2419
1421 2341
5413 16051
2503 10909
9018 11407
138 16729
2686 14599
9291 10779
6090 11809
7743 14491
3330 5680
1865 4878
4236 7604
2725 8840
4561 11223
6749 9019
1394 13762
1725 5692
2018 9022
10224 12602
14548 15470
2528 7989
8527 14937
1059 4085
810 4276
4043 13712
12529 13264
10060 12640
10676 14514
8256 17361
146 1732
7264 13332
4584 5555
4591 5439
9156 12884
842 10266
1933 13154
7476 13754
11135 13319
3670 9637
2638 15347
810 15960
12687 15655
2712 6399
12072 15267
14181 17968
10507 11371
4680 13411
7733 13014
2214 8876
7149 16998
5390 9802
5117 7083
11498 12867
15376 17858
7945 9817
1450 12806
6399 11939
1569 10816
9881 12309
1398 8256
13191 16872
11728 13037
8787 10468
1179 3249
6109 7833
10180 11513
254 9026
1072 9293
4305 5822
8734 12462
1832 12345
11397 16377
1294 12160
4949 10165
1714 13618
92 9233
2197 11751
7491 16845
1651 3305
3693 15208
4828 11555
7990 15384
11210 15651
7679 12850
12844 13686
9055 13051
979 10299
2686 5155
11414 13161
4839 14944
10663 17461
2709 10961
2318 13878
16603 16612
5792 10981
12473 16174
5175 10352
1938 13625
16901 17458
6001 13239
12554 16462
2108 6837
7078 9512
4817 13650
2453 12031
13597 14931
14821 15695
6563 15407
6375 8570
5636 5677
3495 5102
5361 17827
112 10338
10222 14784
15239 16127
4231 11491
582 14419
5914 13180
8884 17348
3754 9378
3346 14399
9110 14041
10947 16211
127 6767
7725 12041
6115 11345
4128 6005
14093 15377
9080 14153
9988 10008
7919 10137
12501 12990
1593 13358
127 5491
7543 9521
1817 13364
8872 13977
6953 9559
11914 15548
7647 11299
8625 17465
13195 13795
9654 16659
9175 15785
2486 12092
2453 8137
1167 12941
1893 11214
920 7264
2686 8452
9444 15276
10430 16847
2760 3241
10945 15122
7386 10610
4612 5041
2322 17373
15655 17985
4890 14239
7331 14773
696 4339
1395 4018
6804 8826
2855 9400
13364 15620
3265 5815
141 16293
5800 8840
1138 4530
2856 8690
3097 4811
12311 13228
492 12982
4404 9893
14290 17874
2720 13130
348 9500
2421 2600
1191 3004
1837 14859
7979 8661
5800 14819
11317 12303
10750 11546
12387 13550
12357 17520
11331 14950
6354 8972
1095 11803
5291 5479
5788 15495
6106 15080
8645 8797
4513 17239
7040 17106
6522 11703
2698 10990
11643 14436
10265 12780
4239 13763
2440 12967
4759 8783
546 15957
4558 6810
154 13224
1540 15673
1885 8936
2489 8414
3452 12008
5412 17935
4381 6749
9433 15976
2734 5777
8690 15135
13241 16972
13746 14122
5991 16054
4657 11863
14255 14436
4751 13165
844 8315
5919 14442
134 825
6598 8940
1122 17575
241 6676
8352 16595
6853 17108
6316 10534
8720 14407
4741 10646
12867 13027
16566 17381
12633 17535
6403 10071
2699 15949
4665 11241
1378 3332
3775 15105
5047 11135
6376 14568
237 5777
4165 6533
77 15661
5575 16727
7824 11481
7862 9948
6897 16832
7247 15129
4025 7988
4361 4518
510 6762
2071 14497
12471 15675
303 649
8907 9158
5640 12866
2542 12765
1360 7331
9878 10296
4190 8555
15103 16548
8766 10554
1666 12637
8209 15396
3729 10046
8582 17860
6777 7078
3952 14495
3946 16647
8737 10116
12035 17324
14118 17579
7331 10165
3901 8556
13304 15539
7989 13339
10365 13218
6805 13154
292 10761
10707 16053
13436 15913
336 14592
88 13920
6936 17325
804 14863
906 9277
347 14336
3493 9368
8822 17369
784 15003
3714 10153
6575 14172
14776 18057
2427 4652
12952 15956
5283 12687
12554 12642
111 7324
5092 14634
7172 14466
35 7639
8198 10951
2472 7706
1111 16024
6418 12829
251 8690
920 6786
280 11506
4728 17562
2592 6990
1768 9327
2774 3500
748 1139
11771 12178
10707 12813
9546 17437
10183 16211
9721 10710
5030 7331
8646 11604
6781 9864
5776 14634
9534 16377
5397 16872
13859 14384
9471 17468
143 1347
12676 14561
1639 5137
3848 11215
2241 2768
15040 17571
5883 8056
4365 5720
7593 10354
8546 10711
9048 14021
1024 10305
15299 17864
3070 17491
1188 2761
4483 14651
2597 3743
4248 12621
13332 14235
14612 15643
110 9923
10503 14318
13562 15080
2351 6531
5139 10067
6475 13285
4295 10609
5702 7740
489 1453
15898 16179
3191 9581
13590 16244
11174 14323
6531 17470
4584 9748
3347 7413
13978 15482
2855 15146
2026 15236
5408 14332
2005 9524
46 6292
13285 17483
2716 15172
13905 15738
3958 6007
7321 17593
4600 13628
12862 17209
3994 10902
3898 10947
14018 16547
6806 16715
3621 4986
6644 15384
4873 15958
1 7811
8352 15772
8120 17261
2852 4588
6945 12585
8367 15014
4404 4981
5180 9320
3736 9596
9779 15193
2446 15132
9384 16242
5751 13293
8226 11286
10328 10467
8416 15267
76 8221
6853 9596
3137 5151
11569 11828
11282 12460
12753 17969
4295 13628
13056 14449
4275 10240
12961 13030
5619 11983
11232 14405
10805 15014
7331 8315
807 7322
8640 12476
4474 14391
17578 17826
8719 13112
2725 8381
15710 16377
6318 17595
131 10558
4739 11774
1885 5478
7352 16770
2457 6352
1273 4123
3296 9367
1246 2283
8170 8894
5949 10760
1197 7766
4305 15155
7268 15126
5595 16310
6674 16850
5181 7670
12863 17585
355 12575
6020 8974
2970 16894
7636 11047
14145 16728
6429 13597
15925 17969
10328 12753
6911 14308
866 8136
479 11226
8690 15143
2676 6084
10643 14363
10804 11800
16494 17885
12146 13627
1852 5173
1266 4284
10854 13241
13853 17840
6652 11464
5857 17602
7311 7464
16704 16705
929 16098
9763 17641
2276 15620
2685 5531
6928 12516
7264 12687
13143 15141
11939 17379
126 10172
3919 4113
11504 14672
4085 7142
16010 17244
810 2163
1380 11234
9854 14048
11218 16065
5899 8128
5436 14661
3208 10427
996 17965
8270 10945
3705 8512
440 16490
2470 2479
8198 9534
950 2328
2358 13857
4552 13332
2780 9077
4901 14731
4333 9882
1723 13815
6956 10479
3421 8352
5932 17555
2625 13874
10227 13316
6246 11637
10891 10927
1716 8840
9630 17245
2875 3559
4815 16172
5180 8975
2389 13650
3153 5066
632 8111
226 3001
2780 12759
8381 14672
587 11866
14909 16963
11124 16369
6563 15328
6205 15793
5621 11728
2131 6914
10370 15655
6299 6973
6421 17160
1778 16792
12500 14384
260 7130
2378 14925
11542 17355
8098 12414
830 6652
3982 13363
16030 16554
7434 14400
10236 11837
2247 4752
13058 13953
2869 5478
14857 16621
2049 12806
9855 13472
7316 9078
6401 8277
5533 17651
2475 4858
7351 14394
11576 13562
5452 5621
5276 16981
4948 5952
55 8430
751 5924
3609 8978
11220 16113
3846 12612
11664 14338
15956 17790
10297 13300
6130 13348
7905 15628
4949 7633
2946 14690
3771 16190
298 16076
4984 11447
2542 15631
1373 4584
15126 16895
6733 9618
543 807
166 6786
10266 11994
3082 17557
9536 17081
6223 11807
11237 12647
10202 12967
2723 6122
11862 16294
15985 17334
7238 17163
2555 4764
13455 15511
7095 15152
1267 7960
4017 15522
8087 16101
8176 11420
15548 16920
4346 8690
1589 11576
7495 11626
805 7038
739 5452
9639 17599
1233 12441
6526 13257
8139 9748
8973 16974
10153 12524
5058 5213
5741 13632
377 14796
2131 15979
9065 15130
13901 16622
1048 4266
9789 12873
6768 17533
1256 14601
3352 15925
9917 11879
5376 13734
5131 17445
9356 12137
3516 13601
1982 4339
3966 16966
699 4667
2419 5717
3148 3635
4155 16350
6468 13408
5538 15659
6001 6464
742 6341
946 16727
3688 10832
4902 6879
16056 17632
1000 11900
6052 13363
10009 16054
2674 14427
6614 15454
4563 4963
5749 13492
547 8535
6880 16587
2797 17192
3136 7475
1725 8198
3285 12901
8734 15581
1477 11976
4872 7152
6122 15475
12591 13882
302 6805
3733 7456
3441 3898
10961 15655
6614 14740
12200 12301
1913 10370
832 3020
6880 7956
7254 17081
4298 9260
330 10746
1815 9506
3860 8793
5160 8154
1723 12077
6614 9332
8489 9448
4776 16230
6497 12561
12713 12909
15635 16291
12541 17743
4496 9817
962 14045
9278 16124
9713 10217
7324 12003
15114 17828
10612 13241
3710 10916
3146 5435
8401 12255
2848 18071
4633 10881
4868 15382
4769 11648
2858 4683
964 7988
1510 17497
308 6663
9959 15435
5223 16358
1717 11001
14272 16624
5376 6122
9622 13724
11824 14950
7228 12186
10274 16213
13882 16566
1991 2684
9261 12812
14705 16946
11577 16698
1717 9635
6082 12757
1555 2150
10174 12123
6240 10352
6462 8396
12360 13060
14411 15616
9869 16496
6318 18050
9539 10753
2038 6302
661 2180
10020 14102
9947 11281
10747 15136
2276 14014
4719 6458
3004 8034
8311 13840
5492 8089
8863 9923
8975 12210
6996 7740
1479 7371
4697 10017
3242 5636
10424 15530
10099 11855
7763 16920
6960 16581
2044 5857
1927 14482
8540 17199
11134 16593
7198 7423
14443 16301
2484 15978
372 5403
2542 14737
529 15136
12259 14443
937 10217
670 13795
13566 15505
99 5178
8583 9928
6741 14588
4382 4404
6652 13879
8822 17657
2202 11220
5285 13597
5303 5872
852 4670
462 2946
3934 10156
4547 12950
8270 9935
7455 16750
6720 10913
10354 15199
3025 16362
4813 14416
1769 2654
7298 17307
2744 3061
6764 15645
87 13953
1401 16315
9425 10465
2564 3438
3321 9301
1984 5944
4588 8270
4668 5800
11304 16836
6511 13277
13792 16792
1529 14339
14706 14899
7689 13455
1452 16005
2512 14903
3995 11281
15347 15716
812 3038
9152 10982
7413 13848
7491 13327
17021 17257
8755 16976
5926 10755
10728 11810
1401 15043
7592 17640
817 1689
5868 9161
1712 5415
10316 16568
1457 15732
1179 11002
6053 10908
15934 16350
11227 15903
8031 15267
264 16795
3211 3590
1299 4127
14672 16795
8749 15677
860 12205
15466 17316
2911 8624
2471 11220
6 6677
9799 11139
9388 16596
6384 8701
11259 14249
1982 5888
11968 12957
204 867
14480 16906
7356 16257
3992 9351
6978 8570
10094 14620
13477 14773
11158 14042
6781 9881
5439 8680
2674 14227
6563 18047
931 7586
768 6106
4589 9673
5672 16101
5722 11491
4069 17582
127 8333
47 3151
6617 7075
14244 17663
9279 14570
10994 13204
9368 17515
5284 7364
5640 9162
4249 6367
5564 10339
8875 15481
5674 6352
1617 7654
6364 15461
8513 15445
913 11965
8132 10634
211 9261
14317 15620
10643 13673
920 3405
10542 17259
3176 14337
6133 12278
8918 10460
11855 16288
2547 3001
4160 9036
3603 14064
5534 5976
5670 9241
1670 5637
6462 10153
1983 3074
714 6645
929 15026
4077 10404
4514 10322
4538 7222
5888 6284
2720 17870
751 2083
2079 7162
1835 2008
5938 12907
13517 13739
3259 9559
7277 10025
10947 11939
97 5501
4328 14110
1296 1547
4496 9250
1657 5137
8430 15382
5389 10677
2449 8946
1926 8697
8278 11509
5417 16302
535 10497
3721 4761
10680 15529
9590 16115
13187 16183
6318 14672
633 15471
1268 14473
743 9639
7209 13971
3238 16407
1770 10444
4134 4235
753 8360
8562 12966
8713 10731
539 14847
13224 16955
11575 17437
753 2312
626 3087
11606 15775
303 16285
127 11790
10113 14308
615 8840
8264 8818
11944 15734
6462 10217
2857 13881
12243 13686
301 14672
72 8192
6333 12862
2002 10783
856 8625
1696 10058
6877 7300
1076 1196
3903 4491
13843 16231
4951 17241
7339 17496
11564 15360
1436 1583
1230 9546
7974 11930
9331 12438
8667 10156
2291 13712
1176 3464
2020 9694
1296 13213
2544 18033
7008 12658
5156 11927
6568 17631
2757 8587
312 5800
8489 9111
10768 13452
1684 4878
14656 16104
5382 5466
3516 9702
5608 16083
6338 16571
10685 11683
776 1118
1547 15044
11542 14227
3758 15833
4016 14161
2366 14596
8840 17081
8677 12431
4306 14213
4248 15978
12561 12868
7315 9440
4617 17259
1707 4008
10286 13027
256 1022
1920 2174
3166 18050
4177 8661
1507 15637
2083 13795
13275 15187
13332 17410
726 2919
1612 14982
12700 14318
4045 15163
2331 8516
4626 5724
4764 14308
3257 9979
3109 12913
11247 13065
1716 13346
10304 16875
1910 14138
8096 8933
12316 17374
4783 9360
10252 17860
4361 8198
7795 10285
357 779
6259 16310
7224 17065
2472 3568
4376 10139
6914 8391
4241 15265
1482 2550
12549 15817
8167 11343
6893 14118
944 1772
101 3113
14817 15294
3743 10053
1383 11678
10676 16455
61 4306
591 12039
253 15252
10183 17364
10154 17045
5800 10062
1488 16780
9396 9989
477 1835
10352 11225
10506 11954
13081 14634
11281 12264
9685 14391
7111 9801
5283 17468
11708 16984
5479 11734
4381 14062
10202 15356
7351 12150
2292 13385
1679 5368
10646 14583
2855 10398
7078 12560
4443 11540
5145 6928
3460 14338
7870 10958
3126 14235
8748 17830
2512 8822
2036 9506
3717 8645
3009 15270
11491 14452
7316 8219
5857 16788
12076 14272
6190 13031
3810 8328
5418 11370
11299 16832
9923 10162
4979 9639
2626 15375
5226 15359
3252 17976
1630 16931
3570 6558
2125 14557
13951 14903
7331 14672
6029 12621
3979 7279
12833 13007
172 9546
4332 9512
5537 16487
321 16127
3680 10879
3555 17909
133 2686
7050 13852
5268 7592
15150 16186
15622 16252
6686 11004
4890 8270
3732 9835
5004 15251
4008 9713
8137 10844
8204 17293
78 11135
3082 5160
4047 16272
9704 9917
16096 17853
5680 17340
15945 17951
16073 17361
1300 17951
3041 7490
8732 10952
4536 10056
2322 17711
5010 8949
9864 9881
11626 17861
2602 15778
6318 9878
12193 16472
574 11200
8937 10163
2497 13931
3502 7536
14358 15349
881 4417
6205 12852
1776 11775
10615 10779
1169 1925
779 3142
9206 9634
13959 17081
2773 16509
6660 7172
659 16697
13875 15076
8325 15490
1726 11840
9053 10160
1680 13770
7395 10659
1696 7578
4105 16905
9562 15015
53 5284
13089 13213
5537 14553
6337 17661
6354 10963
10214 15070
6165 15482
3177 12198
1051 3892
2674 5193
7839 12687
3154 11652
1322 7356
4270 17212
3148 9182
3965 14634
6876 12398
8475 10067
2682 6770
4131 15493
1855 13872
11826 12103
3781 8384
1999 14989
8384 15849
4892 5116
158 14890
3857 17361
10865 12031
1191 2906
646 2002
5418 12506
8219 12818
7533 12683
1961 4124
5930 15165
6602 9033
12495 14794
1707 7659
4987 12849
12632 14088
292 16641
2453 8381
6318 10710
11927 17129
13873 14909
1294 12318
688 3688
6876 8512
6080 10975
12910 17888
397 6265
9342 17578
10297 13782
516 15294
120 9018
11942 12606
6462 10469
567 2358
6498 16614
492 13555
3429 10074
11037 12370
4241 11524
4000 5180
7464 8456
4629 5912
1808 10609
4131 16455
2685 4342
4191 11669
15070 16428
4689 18046
12345 17177
8787 12117
4813 11462
16779 17049
2710 17125
3686 14231
5826 8155
4687 15325
469 11232
435 12187
3040 14310
3923 14960
2205 17080
3763 8505
185 12728
5926 12250
533 14631
2314 2443
3934 17114
5187 7083
4131 16360
7713 9365
11199 15908
6567 10399
11151 17564
10273 13923
8062 12085
5826 14724
1033 12039
11906 14982
6142 13574
13792 13815
3901 8972
9547 9953
8219 15791
2031 14175
11496 12529
2072 10935
576 9957
5137 5466
7412 13787
11875 14561
2984 6739
8077 11965
702 4944
1590 11444
6465 6558
4719 8580
11801 16224
2779 5732
1735 3162
11417 16650
12089 16183
12775 13405
4910 8410
4905 5175
9243 10495
10183 17095
6799 9714
4580 7716
2863 7305
14686 17998
13268 15505
1023 16285
10983 17187
1474 7559
2175 12441
2864 7751
518 1529
4460 10338
12224 13723
11422 12613
8742 14412
13596 15371
11927 12135
2366 14937
864 9514
4510 9210
9546 15003
1781 16454
518 12753
9859 15863
3033 4550
5374 14117
4307 4518
1437 10316
8464 9152
4476 10503
2857 8325
1174 1814
13315 17175
1689 3736
12356 14184
9952 12171
8338 15685
9115 14259
7040 13343
30 12521
8546 15835
3763 15145
7487 9512
5533 6995
6106 12151
848 8475
9560 17782
656 10183
6614 8840
7522 7885
2596 14604
5621 7511
12715 17081
12410 12985
1391 6751
13144 13902
10629 16364
6279 15101
11290 13007
8867 9925
3938 11408
162 4864
7310 13014
11575 15929
11626 16471
3006 6897
2946 11515
1689 10891
3086 3783
12378 14835
5258 17763
1913 10840
9528 16856
5479 15029
1414 8713
1118 5081
9153 14698
6356 17038
14102 16926
5868 17334
13217 15047
2683 11267
15620 17944
12774 14337
3901 16037
8326 10506
11498 13438
9053 15118
9379 17249
3763 3775
5030 5782
16382 17891
2216 9446
1867 13489
5075 5999
14509 17112
7862 11299
13251 16342
2495 8031
2241 5711
2924 16148
7773 8909
6024 12758
8273 16646
11967 14247
4775 16328
12224 14978
7367 14363
6511 13147
6786 10183
646 12927
11982 17516
10641 11747
8940 9627
3229 11890
6847 16836
11400 16867
4631 11728
14124 15843
2307 10844
4511 8047
2480 16319
1980 8333
9943 14391
728 4775
10809 13364
1136 15384
16786 17479
3266 5261
3936 6905
4709 9614
3547 12983
11515 17155
2045 12774
1952 16334
47 6630
11134 12914
474 17200
3116 4294
3093 18054
5397 17547
2157 15300
4589 9757
9673 12547
14128 16094
5171 13260
1902 17065
4283 10759
2164 2223
440 17515
1704 7462
9307 14564
13903 17292
8167 14909
4655 6296
15849 17648
4561 13756
13082 14694
9700 10351
14909 16298
581 18056
546 18050
511 1284
1926 15803
10398 12591
10299 11028
1307 4115
4052 9713
1118 7601
4636 4775
8620 9236
9596 16526
2844 15539
4361 12946
4513 10067
2036 16130
11596 16080
8098 12259
4367 17361
7862 10961
1921 3460
6319 6361
10105 10398
2535 8015
12557 13565
2252 10540
6424 14341
9241 10131
5435 17388
3833 4969
4150 16739
6865 13164
7930 11605
8546 17334
14410 15938
2252 13735
13191 17657
6723 13455
10935 17993
6352 14542
2656 6090
4255 14569
7249 10128
8469 17025
10362 10791
1886 12765
503 859
3805 11015
3361 5709
8398 15435
2439 6476
8031 15481
6934 10653
5261 11568
6302 17123
162 17487
17943 17944
3787 5019
4719 12673
7749 13476
11628 11781
3154 4752
1728 14318
11363 12892
12872 13005
51 13627
1625 9136
5545 8826
8352 17211
3089 3958
4718 10394
2685 4669
3162 7056
1138 12001
5583 6843
9320 12762
3723 14765
13535 13962
9577 9763
17340 18033
4955 6751
3010 13559
6870 15218
7386 8311
6090 10020
4776 17480
2720 13953
8550 14122
161 9094
9227 10765
1940 12753
12220 12676
3788 7153
11124 12092
680 3056
3228 3747
5564 7769
2838 14388
15663 17885
12688 15312
3862 10779
3711 5125
1939 14372
3775 8068
1438 9022
4824 10139
5118 16385
51 5256
3374 14506
7775 10336
3688 13137
15426 15655
1972 11731
10053 12816
10004 13637
5338 16519
3810 17443
3815 13405
5974 10026
8029 14437
8986 11794
3925 16264
9596 14352
674 15384
1833 4588
8545 8737
2755 5800
9516 13106
8094 16107
2429 3970
6297 15913
8440 9334
8823 13674
4115 10610
5600 11790
1773 7658
9623 12309
3912 13651
2366 13130
1035 6995
11418 17310
7655 11634
3632 5344
5335 15381
2547 11418
227 858
9227 17923
2564 10741
9530 13707
3627 6737
254 12195
5094 9713
2276 15958
8397 10252
8512 14018
2429 5423
14258 15220
9153 12191
7464 12491
11106 11498
4390 14039
11361 15021
10961 17541
10379 13026
3702 11850
4536 8851
2924 10994
1772 8207
946 14443
1421 7456
5623 6381
7736 9378
2473 8645
3404 13681
15611 16069
1 11888
4383 14093
312 9384
13795 16995
4870 5283
14826 16206
2606 7495
9315 11688
4511 12301
9251 14339
7690 10422
954 17733
2067 13902
5002 15433
4675 15375
5058 6986
1315 2321
5253 13183
3940 11652
1295 10514
879 13966
1658 13409
13714 16302
5178 15741
14719 15048
13901 16454
946 1735
1654 17757
2678 17979
7452 13867
1069 5038
1389 5528
9032 16507
127 10268
14657 16296
15466 16060
4022 4724
10765 16285
3525 12300
2676 5673
1527 14441
2516 3249
358 16598
1712 12297
7166 15188
10859 12235
5788 16685
7490 15952
1457 15252
11920 12436
1865 12781
6464 14728
10337 17390
4248 8201
1335 15106
1198 3911
6291 9301
4314 17725
1374 5776
309 10364
1357 9622
5932 13117
1547 11783
6704 12220
12072 14002
1458 7914
9713 14353
10970 13534
10934 12093
11568 11634
5782 8564
6461 16948
13363 16775
5751 13681
7977 14335
775 16563
15143 16469
7152 10186
111 13507
5773 17991
3405 5423
4148 12437
10078 13094
542 1887
546 3580
9294 17671
1444 6049
1696 16616
5856 12645
15492 17657
6895 9630
4372 14564
9848 10905
6395 6403
122 15165
11805 14506
745 16107
5255 13038
3736 8690
13534 14424
770 2518
8847 11636
8114 10433
876 13006
51 7331
6995 10934
7653 17657
1585 1805
670 6169
8214 9763
1772 5469
8766 11407
3330 5932
10508 16641
16100 17392
1774 11371
1238 3235
768 11852
15077 15614
9750 10881
9583 11902
2059 14094
7264 17523
6290 10054
6531 7749
307 15381
2052 3888
3627 17029
1480 12378
51 672
1925 4803
9888 10916
5092 7945
10668 13736
762 8096
1183 1186
10961 16622
9353 17784
9321 11239
11807 11809
10441 12106
7133 16202
2021 6739
2489 10352
15384 16920
917 10752
4008 8020
14015 15065
5255 11934
832 12416
1067 15875
12692 16377
349 15448
10880 14385
2857 15136
51 6361
3955 12241
3382 4726
14790 16656
10732 16795
4158 14213
4353 13560
5464 6754
402 15759
2671 17065
8001 16758
8491 14724
5137 10547
2825 13036
4873 4880
7803 18071
9036 11090
1459 14203
161 4518
511 15423
1086 9265
2886 11371
3685 7128
2712 15785
10982 16512
475 2051
10025 10936
10142 11495
6907 16890
16469 16925
2052 17114
6690 17743
4979 6996
13132 16935
11037 13558
3184 4870
6990 15778
3662 4916
2934 4078
9917 10665
4115 11447
1174 7554
5640 15833
4580 17393
4039 11202
3095 3885
9733 12091
601 14597
3814 13656
3265 5071
3860 10579
5763 9440
1125 2052
127 11491
8917 13416
6338 17455
13966 16602
4512 4955
1294 8415
8132 8384
12898 16837
2250 5757
6646 18069
1721 10814
16469 17081
8031 10434
55 5393
6985 13373
2503 6237
14773 16866
15511 16235
12775 13329
3166 3860
2562 11850
3024 12901
578 13187
11304 17191
6381 6437
1422 13304
677 11210
8497 11228
4045 7038
619 1803
7485 17682
2111 3607
3860 9649
13601 13857
13379 16280
4307 9878
5263 12303
9322 9524
7267 8029
4688 6754
2212 5120
2157 5815
4160 9060
751 16972
479 17880
5646 6100
9879 10604
11809 14323
9250 14523
5125 13269
3372 13555
11885 16375
946 8888
2723 15475
1479 10366
4606 10854
5204 7616
11917 14337
10872 15922
1686 17261
9206 12054
572 10000
1842 14358
6316 6406
6411 17295
1883 2269
9947 14275
739 844
29 754
1118 1503
298 7855
1732 9017
3841 11444
1735 4747
1547 3403
2291 5717
17372 17946
14573 15194
10988 11332
141 12115
2066 14247
5489 7041
5853 7737
3289 13464
834 6601
68 4109
15544 17185
8514 14452
11251 12409
1952 6601
5019 15426
3898 8311
1479 5806
7712 9291
3517 7719
7062 11728
11509 15042
10105 12698
7061 10934
1457 7066
4904 6837
12645 18048
671 5614
5615 17622
5608 13522
17103 17537
6648 9585
1788 5421
10115 15620
4928 15392
97 7035
6491 13276
10552 16595
6893 16342
15 10098
3677 3711
12589 16894
4151 8176
5883 10734
875 8220
2056 6314
2022 2441
7062 8620
8747 10561
2200 5806
12153 14468
2614 13638
11622 15586
2181 9789
449 3898
8715 17704
6928 14318
14821 17899
5554 17860
1670 17532
8671 12538
5086 13456
10547 15413
7264 8211
754 9265
10176 12254
3176 5180
4109 7834
2061 16206
10100 17840
172 18016
6448 10180
1704 15762
722 12155
8896 10599
715 17937
9042 12456
9654 13953
1081 5709
4909 9783
5549 7155
377 15815
906 9170
7919 8498
10217 15526
5240 10183
3958 15299
9392 13161
8555 9281
3864 12472
4300 9343
991 12256
3950 10666
1470 12080
5014 16189
6646 14193
4904 15835
10987 16877
490 1334
68 11715
2125 17395
3125 3247
5092 17564
2070 8824
14822 17379
11141 13415
8201 13061
2210 12249
4165 9043
503 7153
2304 11251
4761 17976
739 16836
13466 17016
5794 13476
4759 10033
609 15539
4752 6663
7736 16244
649 1020
5137 15300
8690 11188
3887 5776
13774 17733
5806 12687
14152 14987
988 3896
9234 13405
3447 13499
4155 17081
12300 17952
8878 14304
649 5722
2506 3775
6287 13998
7128 7153
3385 3974
7025 14436
4105 5466
11463 13171
929 17010
1397 9042
8484 12839
303 2512
6623 9195
6352 8124
3898 10007
6700 6701
4636 15055
4704 15630
2904 7958
16647 16972
4311 12196
13574 17299
142 2635
4689 8724
16459 17691
6847 14728
6346 11542
9783 17976
5686 16711
3810 15371
3685 10370
284 13133
1 10921
2190 4601
4962 9328
7310 9036
4600 14619
2013 3737
5452 11338
1333 13866
573 10643
9037 14067
7075 11601
6399 11954
3141 9286
5548 17296
5178 13436
11445 18039
1191 15141
8636 15737
824 14303
5640 5853
10541 13575
10183 17081
6614 16206
4918 12137
646 13433
6464 9690
12910 17787
1115 3728
6646 13637
11074 15461
4546 7781
2547 5614
11577 13566
4863 7652
8888 16697
3831 16621
1460 9967
4513 9206
5041 16596
8247 15156
7235 11877
6406 17010
12322 12434
9236 14857
1242 2481
5283 5635
7 11074
5067 8221
11453 13370
1000 15951
1198 2366
9032 16616
2683 8124
2546 16161
9673 14333
10300 11189
1212 5897
6190 9624
506 8311
258 17935
13195 15797
3995 15437
1527 11983
13977 17399
5460 13081
10118 11235
7329 14080
5717 7912
9079 17616
510 3654
1999 2857
12642 16165
13218 14833
16342 17575
1832 7695
259 16480
6644 14511
10191 16780
8742 14407
6090 14785
12080 17897
1386 5996
11855 11945
2006 17680
2651 5981
2211 15732
135 7446
1196 15778
2448 16564
9770 14052
5838 16505
1479 4783
5319 14794
9307 9459
1519 5388
2252 10098
166 15662
702 4909
4547 16189
529 619
9655 15861
1817 6080
7311 15471
5240 6737
4916 16081
11512 15435
4769 16177
8151 12055
2043 3385
917 9270
2255 13944
10041 17376
12917 14215
4785 14405
5021 16076
12315 13156
3258 11220
1803 5800
589 2968
11427 17630
11353 16478
10212 11681
15934 17095
9164 13843
6038 11603
7528 11483
10892 11638
2111 16525
753 16133
4143 12236
855 14627
8953 13686
2453 14441
9856 17616
212 5432
14303 16206
2411 8560
3249 9046
1217 12327
2746 13962
9043 11480
2845 4760
8003 9065
4431 10017
5338 8333
4389 11237
665 13990
6470 15793
15645 15929
4795 8219
1034 2841
14813 17948
4631 9546
2685 8593
3209 8827
10183 11700
1712 11218
8339 9634
10078 17138
3019 13013
8417 14570
5462 7109
14793 17692
539 17420
799 5155
13352 17588
2577 17066
4652 4660
905 17911
2132 14592
7878 17178
166 7133
5913 17575
14318 15201
1686 1833
2601 11173
11220 12633
4535 15371
6990 16343
2992 9237
9469 14982
1864 11473
1329 8708
4553 17073
6545 9853
1717 17114
2969 3234
43 10676
5156 7139
347 12621
945 10191
14958 18041
7655 7770
3166 4305
6099 17635
9258 15308
999 14002
859 8546
13368 13528
13212 16902
8873 12910
2616 9552
11773 16253
2779 13403
2943 17155
3441 16665
6433 13996
575 11782
51 10671
12052 15631
2378 9731
10305 17952
1910 3241
7264 13823
503 16948
7632 12840
9888 13673
4247 15292
6805 18034
4487 13288
4190 10262
7310 12196
818 10503
916 9685
8488 15343
4328 4655
1474 6837
9879 11247
4174 11221
2453 12454
6495 7264
3060 14953
2548 11677
5905 6459
9231 17239
36 6238
9944 10195
5145 11371
10555 14961
14349 17157
14403 14413
5594 8776
11613 12765
8163 8766
13562 14859
7498 16845
1114 12133
7606 14239
8976 12255
13895 17980
2291 9546
7858 13476
6738 13030
5561 8814
1547 14370
10516 13262
11644 11719
4506 4752
1000 10537
2481 10733
5272 15036
5625 14195
1833 7459
2586 2620
14411 16278
1714 8329
13853 16537
2299 3892
127 13853
9853 9962
255 11281
11897 16764
594 4518
5643 14429
1446 12831
3050 6264
12780 16223
8937 15840
3089 10296
2070 17227
5175 7139
5751 8311
46 6045
12568 14352
1920 15550
3735 14970
6877 8596
4589 13953
4542 9279
5422 8405
5412 10682
7452 16616
10564 18014
4719 6786
448 10518
1176 4004
7331 8252
599 1342
1898 14071
8039 17121
4229 5709
520 14407
2723 13846
6341 14526
3644 6179
817 15876
6495 17338
2610 9906
1970 7246
2052 14395
8197 10947
5872 11400
2826 4234
2389 4194
9534 17659
12989 16803
10567 12132
2421 11175
1479 8835
734 7865
8688 12077
5148 10370
6331 15259
1945 6284
4229 14634
10112 10268
5800 10467
13358 14093
5709 8636
1342 12249
2677 8936
9484 9943
4653 10002
1376 9290
15286 17283
4752 7624
2685 15051
5844 14352
1279 17143
977 17426
2485 4131
7695 7930
5439 5492
5131 17984
11800 12753
589 2879
8518 9032
15303 16271
10663 11581
9698 15411
5763 17326
3603 10859
3810 5285
3421 8708
6039 10710
6670 16954
7423 15803
11322 16364
2036 5899
5030 10680
3810 4651
10025 10163
5380 9974
6082 12301
2289 16417
13150 16011
8688 17735
2205 3162
16323 16849
3057 8036
2351 11189
11715 16487
4789 13728
1965 10671
8546 10961
3454 11634
1634 5512
11949 13091
4123 4546
5868 9596
3035 15678
2443 17976
1956 9087
13947 17786
16701 17409
10209 17986
8273 10055
5878 8629
2503 4399
10734 17618
4555 9815
2347 14195
1356 2100
12946 15107
99 14643
8703 11888
13947 17373
15981 16423
3421 11068
1374 3031
9401 10779
6418 10760
9162 16546
4305 6614
5374 16783
4922 8533
8714 17220
127 7725
16661 16904
2135 12339
298 15065
6052 10095
9917 14473
15675 15975
5461 16127
5815 5868
10566 15573
4279 11696
7606 11402
1709 9311
354 13332
2800 13214
3689 14275
8780 11819
5929 14062
5038 17283
8311 10152
11021 15206
7907 17699
1489 11054
13790 16665
2879 12395
4105 10158
8273 15271
4131 17045
3910 8052
413 7573
3514 17658
5926 11074
15776 15956
9471 17746
5577 15218
10755 15526
14634 15778
5349 16434
5409 6907
2443 7698
1417 11866
4762 15814
7690 10236
8793 13304
1996 4475
2992 7290
6686 14733
13339 13996
4666 8632
15662 16244
2892 16596
3285 9322
11767 16431
7452 15054
11098 16660
803 13844
3073 10172
10268 16179
1238 5029
403 13618
540 12481
5013 6080
4395 8625
13138 17681
920 3810
13303 17638
13996 16894
4890 12591
4396 12132
5914 16872
1362 9600
1851 12311
14212 16616
2490 11674
10368 12780
8464 15361
7279 13996
9119 14231
8151 9162
6318 16807
929 10783
6853 7139
1535 13432
989 7179
11111 11802
2907 4266
3952 16870
6525 8775
3627 6244
884 14185
7279 9189
7348 15366
2481 12581
7988 14961
9887 15298
4000 12642
5190 17928
9624 11298
5826 14814
8186 15984
2006 13461
5479 12781
4100 4257
13450 14922
1732 14370
7381 13368
16459 17334
12851 17034
1705 13772
8906 13324
6659 6751
6183 8316
9691 14728
4871 17920
13457 15869
3993 15960
2043 10177
9236 13507
16239 16299
8546 17746
6318 10398
9577 13686
4190 11404
10943 13035
596 6035
4052 6276
4991 13777
8311 12840
13846 17839
1772 6802
5382 8514
11371 13429
5269 15890
1495 12345
2935 14436
2565 11855
2008 10947
10183 15426
13674 14694
5432 15756
12224 15803
6233 8873
302 12237
9234 14884
1526 14272
3452 9142
1851 10250
7331 17167
2403 14167
10608 15402
1547 13213
155 601
13132 14794
5972 14253
11183 15611
2007 5142
2366 13271
5736 16142
4084 12916
11253 14443
8720 11850
2351 8611
2974 15075
7138 7792
4030 17379
10552 13339
620 3993
11538 12054
6513 16360
7309 15240
13682 15141
4658 15637
844 5998
573 11936
4165 16872
5131 12661
11282 16434
16241 16698
1852 12261
4327 12983
776 11541
4756 13213
511 15466
2720 17014
7695 15095
9769 14985
7845 14133
13726 17589
3685 13084
6091 16137
3898 11430
6660 17091
3336 11865
635 1644
1712 16082
14755 15653
5800 7083
6624 16469
8089 17433
1412 15611
8245 14097
4690 14417
2864 8793
2984 9242
784 17658
15251 16866
508 15143
731 13097
529 13882
1925 8070
5752 6279
1341 9180
6568 17507
585 4739
4510 10485
1722 12658
2977 11002
3057 11218
89 7544
9379 9650
8561 11385
5071 17571
1342 11862
6090 15435
2968 10113
5216 16779
337 2179
1538 10266
3688 5272
7593 16071
9649 11098
4895 12015
3074 16313
1346 4333
1516 16335
1457 13137
5026 10217
567 585
4882 9239
3122 5406
10800 12765
9817 11929
14118 16494
503 5922
355 1106
3706 8082
4351 10566
7855 8512
1786 1896
7838 10840
16137 17760
7932 10816
3979 6056
10993 12901
12856 17979
7420 8241
1778 15835
4518 12084
5912 7273
3044 5909
688 16505
3741 11397
7449 15526
13268 14253
9703 17981
1770 12426
826 13735
635 17686
5165 9758
14544 17935
15550 16796
7698 15371
1696 11962
567 15899
2051 14033
826 10564
5204 13999
8477 9379
10063 13146
492 9469
6614 8695
3938 13882
10783 12203
6354 13606
695 5596
8786 10114
537 2442
6635 8690
14174 14944
6055 7914
2150 10067
4105 13272
10882 15331
9492 15482
3493 8851
16140 16431
4330 13813
575 4762
2006 7888
13777 16312
3534 17316
4389 8029
8352 16930
7459 16706
2448 5165
6016 7487
9270 14506
589 2425
2705 6566
4796 13364
533 6990
16098 17041
5125 7172
8991 10124
10398 10579
9917 16353
7311 7762
5782 17719
14464 14553
10716 17815
5932 17487
2930 9883
2110 15221
8760 17516
10385 12122
6263 13395
8584 18044
2072 14071
437 17290
626 7316
4680 4991
8711 13542
14004 16789
633 14070
1828 4772
440 14372
6734 17616
853 4221
13190 13895
963 14239
10670 16016
4483 11341
3133 16120
5415 12205
9303 13601
10021 11463
928 13794
2565 15937
5700 14379
2398 14493
5272 8152
12499 16635
3238 13562
1602 11560
751 10785
10025 11919
2685 13795
2026 10847
10947 16764
8330 11025
9495 10279
2613 11576
7172 17980
1319 8946
9241 16272
9654 12060
12441 17937
14666 16257
2859 14377
5040 9572
5637 17692
10728 18046
2443 8440
5542 6924
8094 15294
12816 15105
9032 14177
553 16796
2678 11673
1164 4568
11488 14062
2279 15451
10629 13882
10388 12122
4344 14561
4058 17295
3241 6369
2252 4363
13183 13549
1430 15125
3860 18050
8625 8946
12523 14096
5092 14384
1113 17984
12085 16272
2005 12641
1419 12295
12264 12346
2365 7782
6942 9586
5387 9293
12210 14789
5434 15334
2219 8447
3688 11798
2150 17840
3287 9713
9768 12293
12846 16729
1268 10843
17351 17516
1911 17569
2237 10121
11491 12540
1095 14509
7765 16971
13150 15478
298 1022
1504 2510
9573 12349
1357 10611
8539 13965
4309 12169
2676 3452
5276 14728
871 10383
10142 16293
8539 17409
1935 5757
6056 8089
7128 10183
5387 17852
6399 13601
2405 16346
4510 11491
1646 9994
3173 6166
5826 5971
4107 6545
15564 17295
14171 14235
118 867
2037 14654
1442 2038
456 11491
10366 14843
4890 16336
9251 17832
8967 17581
13989 17602
1488 5853
5258 10291
11601 13574
11981 13509
4359 13081
1296 4756
2128 13796
1985 17136
9027 10784
6920 14040
12556 13523
9566 14426
1446 5883
5390 10881
10163 12309
6459 13470
10710 17483
7564 14744
313 17497
6751 6865
15429 15835
10954 16775
11945 14270
8311 17664
3346 4636
3301 8066
4222 14239
7477 16845
5297 8065
9227 11539
8240 14333
8608 17528
2282 17187
6770 11430
4859 7049
8625 11883
1198 15413
7008 13517
11090 14742
8597 9719
16421 17666
14036 17091
7608 7653
173 6189
5692 11634
11738 17847
99 6653
10004 16505
5736 8851
2589 15307
4313 12303
6090 16024
1704 17893
11575 13191
2346 5039
7116 11406
9609 15429
12456 14014
7180 8430
8660 15338
5978 16949
12084 12523
7811 9731
1722 5718
10680 14124
754 755
746 1717
15101 17277
585 15080
1498 16638
3374 13071
3304 13612
6639 8192
7387 8297
7474 10337
5105 11862
125 10685
2298 15723
4431 14372
4956 16086
4003 10019
255 3162
12441 13339
449 12210
3993 17496
8098 12224
3142 5180
13978 14857
4683 10676
4550 6769
13848 17886
5144 17568
9175 17790
2672 13459
6880 6927
2758 12297
3082 3958
13787 14102
9471 14622
10959 15061
3241 4697
11398 17674
3330 11368
9686 11441
1520 11603
3246 5441
4083 4629
4642 5001
15234 15964
784 11607
2780 9015
2720 5138
1130 15964
32 1912
3420 5432
4327 7279
1444 7840
5140 13683
10604 15470
10362 14812
4329 14298
2720 5868
1015 8075
6433 17520
4312 16674
946 6677
454 17174
1365 5088
5170 10055
4909 12676
17487 17917
13788 14429
10768 17223
2279 15778
674 13735
2512 2720
7833 16972
2045 14686
10858 14561
9311 17976
2678 16506
13339 14205
8585 9007
521 5249
3635 7584
7670 17470
6489 17515
5883 10947
2269 16943
8514 11802
1660 4333
8311 17108
5067 13651
16188 17470
5651 7107
5423 6039
10993 13143
1589 14859
8068 17508
4015 7246
4556 16596
1777 6302
6635 12275
3993 9041
768 3025
1463 8401
15526 16028
1360 17187
1388 3347
10398 13882
15604 15970
2038 4917
8124 14088
8840 13825
349 2378
2698 3475
1808 8526
3200 6641
10162 16079
2355 9989
6441 8345
6093 15376
5665 6675
1717 15182
2188 7314
6802 16638
1 1176
4222 10127
2283 3404
6464 17027
672 790
349 7638
1610 12064
567 14422
5079 5738
12456 17187
991 4200
3333 9733
3678 14890
11292 12933
715 2472
4962 6547
665 16792
589 10274
1148 1815
2163 4396
751 17964
12652 16437
247 6033
14033 17783
1457 13841
2419 15964
2163 13293
7312 12249
8190 8542
12843 12954
8874 9948
1475 3911
14857 17640
6845 15677
5704 8759
8073 11822
3292 4719
5528 7639
2780 13931
4393 6001
9270 16257
4612 13776
2157 3855
594 695
3483 6388
788 13857
4518 7088
2351 17943
12297 16299
16756 17119
8991 18069
6635 16792
6448 12457
5708 16797
15958 17081
8892 12781
7900 11824
5382 17923
9624 10944
1833 5620
4291 5087
6308 7137
4870 16546
12547 15799
9637 15526
357 9622
8391 14336
1109 17483
1424 7451
2946 6666
8096 8989
12453 12598
2816 3815
2079 8556
9602 15286
237 10058
6659 15448
7903 16246
5937 8511
11486 15901
10331 11862
1316 10629
12075 12460
9098 15786
6365 16795
5444 14663
4105 6491
1178 11644
7653 15300
2073 5944
9258 10399
6045 11498
3706 8956
8894 9360
12540 15193
7698 13596
805 15714
859 1479
6052 9953
5226 6007
12165 17261
2974 10229
5026 14544
5362 16665
240 16554
12077 14990
5667 11211
2106 11481
1689 5673
3296 4995
11218 12964
13190 16877
4241 5835
8029 13241
9043 12917
1384 8128
8061 16084
5273 17778
13683 15158
2351 10728
5382 15548
12676 17081
13395 13674
8982 10908
11518 11862
6644 7833
1735 14443
15568 16468
3736 11700
813 14187
7198 8311
6899 11556
8360 9360
5165 15050
6768 9053
2683 8690
2075 10785
14546 16735
7176 15161
1754 3787
4105 12031
448 15929
7015 12041
7517 16641
4710 5338
11155 17472
8115 8611
10621 13028
1294 6786
9917 13247
10506 15155
7322 14039
10398 17048
633 11975
20 12097
14654 18024
477 14561
770 16406
12938 17538
10599 14899
2378 2419
5156 9424
2732 7848
7418 17753
14341 15759
1657 14456
4109 16455
4416 9839
1751 8013
6787 8237
13230 13348
6596 16674
3116 15759
3249 10676
3449 8805
5569 7004
17458 18033
6395 8011
7862 11074
3517 13405
9048 10763
2892 6487
1242 4967
2158 14985
1925 9995
2811 15123
649 3560
2591 10212
3315 7912
13844 17263
2801 4425
1081 15371
8968 14601
1022 2699
5618 17483
3563 14101
10539 13096
5421 9241
3670 10506
2801 13932
5144 17664
11490 14634
1985 11371
2091 3029
11392 15932
11728 16621
5324 12356
16519 17657
3311 11523
4668 12647
5624 10225
5076 17938
8808 17578
4617 16194
14413 16017
1457 9278
8335 9984
5258 11753
1837 15814
3176 14332
1920 3191
8311 11868
316 15596
5558 10249
4025 8417
4948 15620
3670 16257
1174 8501
1186 14603
3373 7552
9160 14898
88 13462
2493 13733
9165 14643
7182 11956
2812 15399
4375 5178
856 13277
5163 15741
2443 13316
5024 7590
2619 3004
7354 7784
14133 17757
6470 16400
5097 16540
2291 2351
1979 5465
6873 8611
2150 9654
3807 13145
9244 16331
2682 9098
9689 13502
13329 13346
9375 14020
9234 13589
4105 7608
4150 17462
2642 9673
4694 13839
3373 7668
74 15229
4589 7717
11281 11688
10163 15297
5423 10098
9083 12232
14227 17948
8106 9175
9272 16739
619 13392
7517 11032
8769 17826
2261 8098
4979 6975
3800 7576
1787 13251
7862 14427
9635 12031
8983 14830
8154 11368
14384 14580
1815 8524
3737 6588
9476 11791
3403 7725
8368 15472
15741 15765
10268 16725
3387 11844
6572 13185
5382 8319
2503 3460
7952 9829
4739 8611
8822 9495
2732 8177
10947 14011
9694 12903
78 9938
2857 3901
4584 6594
2221 10541
4617 6046
167 17173
4963 6443
10728 13857
1295 14820
567 11852
2021 10643
1642 7238
10017 11220
780 6719
10881 11833
7893 13143
3013 17348
6808 9906
4883 9643
13735 16547
9959 14337
5800 11126
7554 12547
2550 6800
9399 11892
2674 8261
10240 15568
1107 14869
1141 17011
9204 17187
2036 16400
751 4689
7466 12472
6742 13130
12303 17361
13195 14763
9815 13355
12117 12676
1061 5010
16294 17310
3938 16623
490 1186
9191 15258
1222 4652
7368 15075
1198 16285
11031 14938
98 16596
9837 14215
2946 9624
5205 6414
4382 4383
3125 15494
3186 5528
9354 14548
9658 11514
162 17917
508 12116
7837 12675
14088 16115
2043 9128
547 14370
906 5131
4794 5150
2016 6125
9855 17925
6160 9520
301 6949
8470 17042
5991 15122
3522 15852
8347 11377
2755 10947
12485 15240
5771 15972
8840 13903
3860 14548
8304 11524
5131 15194
7432 13248
3454 4333
5806 9684
4412 12850
2467 11965
3235 4672
8195 18035
1646 3333
5300 10370
2419 2738
7125 17695
856 17664
105 9942
9664 13978
5383 12889
3683 10993
10017 16360
14235 14833
8730 16356
3721 15800
7075 13232
12621 15317
9719 10898
1709 3671
5041 11789
585 16145
399 1469
3964 5614
843 16546
10935 14071
47 303
2057 12369
2393 10385
12080 13864
2468 10639
742 15573
5300 10154
947 16231
798 8218
1816 3489
7839 8252
1295 8460
2928 6806
4059 10565
1573 13620
13367 14263
6614 14603
844 13625
5969 11346
12717 12945
9763 15347
8667 14603
16952 17579
12249 17602
1754 8713
2108 15990
2366 6968
1561 9724
9622 11850
7435 17167
7665 11312
16786 17468
1118 6308
672 1419
437 9947
619 2965
8546 15155
2023 8430
14871 16990
12698 16636
4710 10685
1960 5926
138 2354
6633 11346
1906 5053
790 8802
664 13639
11345 12397
15470 17877
4956 10819
2519 2598
1597 15528
2542 10025
2635 13464
9725 12066
3688 12918
9250 10881
12854 15908
2102 4269
8352 17316
1709 13297
11220 15812
11488 14674
301 859
6482 11464
4299 13648
6039 10564
10195 16360
5640 14436
3736 6448
10048 17016
13185 15583
8518 16616
4518 10959
2679 10234
2273 8325
3756 4249
2813 7740
12229 17269
2030 16160
5439 17991
5868 7712
11968 15448
4670 16779
2674 5800
12041 16165
10610 15264
1696 10121
8651 14260
358 10266
9596 14213
2036 17081
6479 10064
8437 11457
7250 14260
10004 12063
8322 12434
4014 14835
8240 11037
3892 17442
15863 17019
78 17091
8329 11515
7386 11868
454 12188
3118 15285
1459 12696
1327 10959
9692 9828
2008 14221
7558 12504
2419 10512
4870 6462
1362 8219
890 14578
4245 5569
2291 16301
502 5636
4003 13587
2974 3061
4385 7717
4155 17860
112 15199
14020 18024
900 14733
4878 5479
3249 4131
6298 9360
12100 12243
1992 4205
8163 13193
4703 16665
946 12983
4731 12557
1893 17048
6700 9307
10142 10451
6880 16794
13435 15153
9241 13857
59 3096
13962 16174
8969 10852
6963 8946
3162 14473
1645 10844
14132 15732
11636 17235
8512 14544
5614 12030
8292 11629
8984 10152
1589 4297
9154 17157
3866 9758
7638 14195
6612 9634
7383 16006
8311 13627
10935 14122
10434 15706
17657 17870
6925 16525
3139 10316
8098 11221
211 6876
1722 4382
4844 7416
784 18016
2035 13416
4665 15492
8289 8963
11303 13047
9643 11512
1329 8026
9428 15721
5569 5868
2143 14183
6406 7172
960 5092
5480 7013
5038 14579
4302 12871
156 7697
5128 14675
3454 16124
1351 4344
11640 13674
6382 13365
8311 10881
3087 10163
3589 3850
13320 16825
3991 12072
899 16741
2143 8961
5131 14443
656 11106
7154 7740
5686 16779
7133 17379
4058 11061
8748 12043
11221 17839
4305 8186
8555 10935
2686 7050
12979 17723
6318 12791
11480 15754
15785 17290
1231 12033
3227 10229
4936 14816
10205 10670
2676 3736
6399 17010
2924 17334
10913 17666
9575 10801
10403 11491
9495 9697
4409 9472
8464 16506
13788 17193
10234 10908
2884 9516
8068 10403
5639 12243
2279 15360
1910 7507
2561 2997
1925 15789
1851 8826
6661 14480
17043 17149
742 3580
7452 10891
3729 10095
10120 11524
9367 10850
13601 17658
734 15158
962 16087
2906 6303
1039 7707
3166 13304
8501 8839
8689 11602
10422 11514
6888 16790
9109 14773
567 768
75 15126
15913 17535
4965 8065
9918 10569
5230 17599
9368 16862
2797 7178
9622 13628
6944 12886
2036 9384
8979 17080
7840 16273
1497 9702
7249 15475
4043 18046
6899 13628
9058 16042
10587 14398
9270 17483
6862 14465
8061 14716
1718 3070
110 12830
2677 12901
2006 2463
13106 17045
14787 17193
6635 10007
4327 5388
1685 4481
742 6615
5493 8765
13096 16954
15645 17657
4687 11863
4073 16832
1740 17410
5481 6563
2946 10177
1696 8840
10359 16367
1970 3144
8546 15454
6341 10566
6150 14970
1534 4901
10098 17114
3860 9673
12825 13270
6716 14196
4512 6751
9265 15712
1429 11785
10742 15331
4431 7855
14436 17327
1258 5640
9498 14370
17295 17658
12056 16487
5439 5461
7210 13553
922 12578
180 12360
1722 4878
12445 17041
4725 14270
4299 5105
980 9261
15454 17795
10029 14955
984 5088
666 10705
11431 14315
4105 9694
5995 13023
1123 12066
1613 4344
4928 13795
255 14707
5966 10934
13699 16616
9388 12224
11826 17155
4081 8329
4165 17354
9733 10158
8327 17877
3885 7936
4773 11460
5717 16920
7325 16447
16272 17437
6101 8719
3775 11211
13712 18016
3811 12196
15550 16079
4513 9583
8749 15472
1643 12943
1291 13522
6441 17960
4354 15852
2525 7172
3107 8484
8545 11081
3737 8925
7558 16127
1302 10900
14043 15570
9826 15604
3113 9583
11838 16105
8311 12975
421 8581
8702 13834
881 14826
7368 13735
4112 18058
6207 10248
2903 17854
4361 13793
960 4223
6700 9915
4558 8026
8964 15640
3153 16284
14239 17866
15876 16718
1268 16157
5300 7871
3958 9360
1883 5847
15192 16230
965 3292
1063 11408
8655 15499
2274 8844
5453 10025
563 9713
5666 9175
1705 13721
10503 11126
12866 17172
2150 8475
6293 11943
2569 3101
1028 14092
6925 11211
1327 15545
20 6495
6899 8811
10418 14161
6396 10825
6272 9425
3532 8878
4948 12100
1457 6276
3563 4725
15956 16984
5534 15437
6001 10523
5242 12990
8504 17705
8801 12987
9042 14495
12377 14813
1 7153
3113 8975
1137 1781
4669 15051
16711 17903
9043 14215
9618 10125
13761 14610
2985 13087
9639 15344
11164 11707
16685 17349
1198 5338
5075 6219
3060 16037
4561 6130
10843 14706
3971 4000
9036 10610
6735 7692
11607 15393
13304 17187
2006 8829
9893 13343
8955 9744
3435 6033
8262 10950
2712 14395
2863 7084
7759 11739
1553 7503
2845 13363
1430 16564
1417 14398
4299 11368
1322 11135
9189 16298
3817 14643
9879 13065
10217 16650
8635 13538
701 6514
4522 8968
13927 17580
1720 15143
1738 16086
6829 10551
9858 15691
411 4730
10693 12946
11515 13553
245 4327
7840 8067
5487 8539
5640 8396
10113 15898
12539 14864
3489 12818
11650 16246
10832 13672
734 14260
2498 4388
7995 10562
10478 15610
4560 6738
3407 17594
10804 11700
16115 16920
6296 7529
1735 17273
2179 17764
3222 9774
2186 15634
2099 4047
15107 17769
14635 17175
5574 10580
16592 17187
1908 14521
2180 3685
10947 16507
3014 14099
17330 17474
963 11028
4626 15074
2310 15803
4838 6020
4689 13857
9891 17443
503 10456
753 15835
10325 15958
6223 8154
2158 17602
2849 11805
6990 17756
5717 15754
4537 13767
302 8333
10641 12529
4681 7127
9639 9721
4608 12229
13251 13678
3856 12223
1833 3385
8896 15289
3400 4757
856 17602
3750 11328
7833 12867
4775 16315
8645 17664
9456 16792
6528 16786
3127 17864
1887 17232
6367 10954
10936 11267
13320 13892
7881 8095
7863 14999
556 2744
575 14980
15800 15879
1985 6431
6840 17943
9413 15414
11418 17968
7075 14001
1676 12867
8644 17226
2366 11529
6464 6547
1319 5705
4192 5943
8835 16133
4752 10410
8840 11074
5991 17616
768 771
5450 10604
9489 9702
8352 9637
7592 17705
10981 17290
2557 2620
5753 14062
3174 5709
4456 13433
6389 17739
10250 13726
1222 4636
6696 9994
10144 12589
2443 6559
4165 13096
9982 12811
941 6701
11955 15965
4668 8349
15421 16127
15795 18017
15299 15863
10619 17147
11903 12442
8819 11033
5954 11090
2538 13150
7181 7979
529 10912
2635 8065
3050 13038
99 14524
3521 10604
8031 16039
10959 15732
8082 13183
4330 17877
10296 14045
8128 12429
1730 11031
8333 9485
793 1986
1926 11341
3290 14427
172 14398
13312 16233
3027 7411
5515 15495
3994 4344
6773 12990
8822 10765
8937 10947
5439 9455
4518 9808
3969 9888
15785 16684
1579 17815
8359 14273
6742 16285
3528 6511
5781 8886
125 1328
12130 17177
14344 17910
9848 13746
4312 14564
7320 11745
5180 6927
11199 15580
1126 9272
11201 11608
1404 16328
6635 9609
4190 4412
1272 9145
11872 14840
7285 9835
2720 9702
5352 12172
1754 10733
1421 2677
225 4671
2699 12508
4697 10098
14101 17535
11151 14544
6495 11493
141 2043
457 5708
15252 16867
4728 15785
10639 17408
2184 16134
1444 9279
379 11838
6725 13432
10420 15249
13887 14869
3500 6734
8333 10447
2861 15392
1722 17175
9 14706
15931 16107
5820 10793
7040 16949
2512 3060
5131 15558
6325 15834
3715 10077
6841 13602
6806 6922
2211 8236
2656 16162
1154 5983
890 4259
172 4948
2798 4190
7653 14102
2512 14102
2481 12547
3222 17961
6223 11165
3492 13145
5242 8677
825 8607
585 3831
7143 8221
1909 13862
10947 14172
6555 11454
6354 15420
6754 7469
5699 9221
8809 17764
1294 8274
4346 9035
9907 14634
10444 16616
10268 15080
14003 14253
5296 11855
7592 9210
4538 15423
7450 15150
10725 17331
13088 15925
9370 11541
1910 10865
1028 8526
5800 9600
4991 5181
7355 9160
3901 10761
11911 15289
7634 16301
3451 11317
4689 11607
3536 16696
6805 17010
2284 14686
13625 14071
8454 9637
6482 9075
4546 11640
8219 13307
13430 17441
2150 8248
15114 15328
12748 13864
1709 17976
674 14682
9153 13817
6080 16851
2837 8094
2535 11111
8475 11936
676 6805
6615 16071
742 7650
13195 17031
2512 8708
8268 16737
1316 11515
4297 6751
12077 13156
9747 14463
4182 5165
2600 11069
3657 10302
4988 5439
6990 13277
10140 11389
8524 11561
5384 16825
12530 13624
6119 13788
6972 9125
8658 11490
15252 16124
3695 5300
5019 7838
3807 10881
10359 15981
2761 7277
8073 12724
7556 16967
751 17437
8261 12194
643 1887
695 13455
5640 8555
4306 11535
4057 4535
592 2734
13088 16913
9182 16587
11529 12658
4221 9386
5757 6248
2850 16775
4561 17723
5926 7348
6890 7050
9719 12559
14634 15065
2418 16977
10792 13091
9166 17458
780 10913
6282 16130
5357 17691
4893 8631
14938 15258
5077 6476
455 15737
6844 14112
1716 6985
4443 9654
2985 13953
642 6548
4752 13838
8044 15145
8762 15817
2083 3015
9597 14929
15863 17081
8430 9075
5178 17683
3143 16523
11674 13840
6406 17918
6784 10570
2057 10062
9820 16971
6859 11638
5614 5994
991 14042
11404 14440
5982 8201
6686 10742
255 14473
4356 13958
4704 7368
15374 15613
4518 15061
5414 14331
906 5298
3492 7868
14318 15135
10758 16264
3085 6766
2430 15485
7254 8690
5969 8555
13769 14491
4476 11126
3878 11839
2907 10497
2599 15087
7176 16512
12588 16400
9649 14776
2826 17026
4417 5410
8968 10914
16127 16948
4579 5335
17190 17800
5600 13205
8305 10098
1748 2106
1479 10961
3061 4771
4710 10013
2005 13205
4346 8219
6725 12523
11085 15206
243 14315
8327 10423
4115 15772
1169 4571
4105 6548
9965 17471
593 8150
4617 16972
9175 9947
1944 18069
7605 17679
51 16133
4249 4724
768 11607
1458 11037
7163 10048
5240 16943
2689 9731
8381 15984
8859 13156
4948 16972
1737 5433
4655 16163
2061 4229
6489 12063
6858 7776
7368 15838
5989 6020
13547 15008
190 13996
4538 12137
742 9053
1052 14112
2481 14771
4239 5414
11491 13117
26 10059
6900 7705
5069 17539
13517 16513
764 13252
2057 9160
4887 10349
1786 3240
8132 9194
8059 9215
10540 13735
8840 13795
12077 15778
1503 14324
1527 6074
3632 15205
8430 10217
1671 9822
1124 4536
2519 6104
8182 8259
12369 12591
2184 15860
2299 3362
861 8414
784 6764
844 7331
1786 4762
5119 8966
3049 6465
4547 6511
13933 14067
1547 4332
1114 7827
349 7179
5461 5635
2108 16293
5960 5961
56 9216
1303 7958
6741 17291
1519 8648
12961 17674
3997 11790
3567 12988
11126 17081
4389 6369
6746 13423
7166 13686
14045 18013
4410 9416
10166 14643
6100 11067
10213 16471
6762 16110
10300 15393
7137 9281
6113 10936
349 1391
3150 12833
2187 8806
3743 3763
15643 16060
8807 15966
1778 5651
9869 10443
15619 16651
13114 14596
15605 16240
6925 14286
377 16930
7083 8219
11304 15662
3057 14122
9011 13639
13678 15143
1723 8625
5868 10804
6019 8524
5788 17349
482 3850
5723 17658
8651 10578
6587 14411
1817 13241
1714 10265
4470 8029
4956 13349
5087 14389
12200 14925
160 6075
6238 13988
14403 14404
15803 17833
11962 17293
1346 9634
11622 17129
4431 10959
10781 15891
7755 7912
9977 14830
3632 7852
14919 15340
9032 13489
7759 14863
10544 10693
2739 9262
3571 4919
262 15014
3452 17109
2635 10809
6325 9357
2052 15981
13165 13219
683 10544
2635 14143
2099 3296
4335 14178
3647 4975
2674 13492
858 10195
771 14312
2114 4655
10250 13237
5395 14622
578 3810
11408 15470
2725 18050
4771 10108
1770 8957
8807 12686
2512 2676
9195 14437
946 7264
356 13203
12843 17858
4510 15972
3898 8975
4588 10363
2291 15003
2603 2929
6804 8766
2720 8151
5587 15882
3082 3222
9917 10560
5427 16148
9470 17952
1112 7242
510 13686
1273 15789
4322 14125
7085 17323
790 15485
13317 15332
13204 18016
11368 11881
4131 8946
807 13455
11176 13989
1373 13191
6786 12504
11546 15092
1022 8351
1684 3702
5640 17108
5969 6257
354 17379
2475 11268
2530 2915
5723 13191
7930 16825
906 5297
4401 15785
1703 17865
4945 16840
5970 15123
3650 17295
1294 6687
2794 9613
301 6548
10781 16016
2835 8896
2253 10600
5751 7112
6288 15226
7686 7858
2946 2982
4012 13075
3352 13869
2674 3489
4045 8177
2211 12946
4577 15343
6288 12757
14282 16783
729 16514
11790 12845
2216 10302
1815 13723
13728 15605
8416 14703
4863 8749
6728 10368
5507 8939
3001 10886
11592 16709
9546 15188
2183 9676
4828 5076
6806 11304
577 4676
753 9471
11431 16341
1457 9297
9317 9321
4130 8833
8431 11371
2071 10881
516 14599
6612 9018
2682 2886
5647 15324
1405 15500
1537 9822
8742 15610
166 5178
14636 17935
8513 13962
12471 16636
1657 12568
481 11918
2074 15965
2411 14018
3577 15618
3148 5853
2279 13362
12522 17470
5382 12568
1479 10183
13407 16360
13625 16515
501 5732
9544 9680
5250 11481
7612 10525
298 6495
5868 10020
2291 6361
3143 7038
12687 16115
10676 16995
6722 11188
1446 14654
11570 17125
6996 8608
6299 9125
12286 14694
3385 5636
859 2709
1113 6652
503 1137
9265 9604
97 13507
4948 15003
12110 14706
158 5155
8961 15347
16652 17263
3041 15834
2949 16272
989 6223
7 11939
3057 5535
5872 17047
7356 9617
4227 15264
2635 15689
168 8228
10435 15953
8880 15021
3173 11751
9792 12922
5151 9616
8323 9075
6544 13902
3284 5139
3770 17235
10840 13304
1294 6287
3265 4105
2354 15393
11605 13923
6635 14498
8288 10928
6635 15835
11232 17398
1395 1723
11829 12480
5069 7183
2061 9758
2051 15384
6189 12498
226 8076
4365 17925
15155 16748
840 2074
13125 17908
2100 12676
2248 2562
3901 7361
6652 6931
1176 12606
12902 14212
5342 11939
1704 16124
5040 13892
5713 14133
3707 13931
8799 17061
3875 11603
12065 17235
9228 17384
5422 11943
6354 17810
1935 5594
1479 7331
5417 11785
10610 12714
8973 11606
1198 15300
1480 10025
5273 16769
8514 12979
6008 7594
1305 2948
1123 1686
1987 12776
16171 17816
7819 17851
2919 6925
7185 10959
11832 16568
12196 15503
15267 16621
575 11866
5328 10742
3287 7354
3849 12220
2472 7316
7264 13293
350 4449
7561 14903
1294 9206
5125 17641
4664 15902
11904 16740
11220 15913
8690 14215
10881 17259
3551 16352
2807 17315
585 7351
2626 4637
6053 11035
2077 15469
2076 10712
9878 11408
8653 10305
7443 15460
1373 8295
7149 7927
1986 11283
7 166
4769 11199
9996 16932
11607 12150
11273 15061
1233 17259
4104 5066
16960 17699
2043 15958
2946 12115
578 15586
3451 8122
9471 12275
5397 15968
14858 16076
4810 8891
6125 11561
5165 8690
451 5076
3326 5720
9462 10680
16243 16722
4764 15298
16666 17103
582 9829
4773 12370
5445 10062
11431 16343
5261 9634
7446 15192
13332 15931
9869 14634
14506 16715
7526 15291
3531 11809
2720 12957
11118 12529
11789 17520
15054 15297
7334 7740
3253 17593
9546 10121
9375 11564
824 1697
2055 5883
3492 9279
1081 3287
2937 13455
13165 14464
1029 11885
3736 8222
9733 11377
6626 15833
1984 7490
5181 6175
2261 14833
594 5180
7624 14869
9577 15188
11498 13787
1803 16623
977 15360
6234 12999
1294 11339
6922 14090
7459 10947
2264 12913
2171 7897
2157 14352
4110 4754
12156 14415
1169 17864
5773 14125
6104 11069
5720 6707
13807 17532
5938 13241
11175 16162
440 8577
38 8221
12485 16847
15630 16406
5031 9661
7331 17187
9989 17497
127 10558
5913 16944
3596 6955
6717 12852
10010 15264
6319 17964
775 15795
1840 12525
6602 16098
1670 4151
12287 17151
99 10578
16775 17102
9769 12054
12065 16038
10262 16244
5199 8397
1294 7490
2554 15299
10913 11936
1237 5753
1709 4141
10544 13332
5300 12243
9279 13839
8955 10947
3810 17076
7769 16711
4951 13846
9022 15462
8474 17593
4085 4247
829 5969
4306 15474
6476 12120
2685 13686
955 8573
1910 16995
11691 16484
17557 17937
5870 9413
9471 9953
4615 15300
46 11911
3912 9634
1198 4710
5484 17334
7932 8329
2674 11700
572 2501
6567 10608
13968 16546
7183 17874
2282 6656
3952 4130
1698 6786
8955 13938
2481 12202
14062 14634
5885 8094
17566 17944
4226 10710
8608 13156
2683 4901
5450 8262
3065 11941
2150 3518
15 4511
6210 10404
9566 14934
3734 9162
5131 9758
1142 4968
10456 13304
9817 10007
598 16505
945 16665
126 17664
3252 11514
4362 17163
9041 12283
12529 13556
7677 15807
10240 11545
8047 10687
4905 5156
12591 15429
7331 17935
1772 11246
12447 14919
1456 15742
218 9692
2258 4665
2696 6838
7763 10163
13136 17177
5445 17137
11894 14627
9128 12485
8352 16425
2833 6169
10168 13496
8826 12621
2049 4117
7258 11606
11889 13234
5173 7462
349 1893
906 17458
14491 16924
1192 9155
8636 18064
7246 14569
2807 6738
5637 17193
11322 16301
1752 2051
9412 15183
4121 4816
1334 14590
5092 13714
4955 13409
8470 17669
1208 11651
2724 15518
4076 13432
8690 14088
3332 12000
9673 9997
9243 14556
1722 10608
1712 5600
8804 15476
11077 13150
7277 10936
2036 9160
9118 11421
4356 5395
12069 16648
13343 13411
1823 8096
6020 7490
11237 14384
6844 16966
12504 17985
4384 7246
3136 10940
11220 15676
15726 17828
134 7824
9702 13712
10610 16894
5520 17470
4425 14558
6707 10725
5840 15583
3373 16554
4762 12738
4651 7695
3116 9721
6292 10106
2929 9989
6876 10905
358 17839
10863 13765
4333 15317
8489 14553
12504 16397
5145 9042
5864 10242
3033 3376
1118 6996
12109 13358
1318 1714
2910 14785
5838 13895
11790 12202
5838 8214
4339 5292
172 1979
5038 9916
2058 7842
3663 14881
5478 8186
7121 15918
6554 15321
3436 16186
2295 4692
13414 17283
1884 7083
1035 10497
11789 13996
4776 10947
2593 15298
3524 12841
5276 8273
6244 14193
447 11229
2774 3810
4307 11553
2734 6122
568 4336
770 2600
8143 11605
11341 14643
7902 16328
9160 10935
4663 6444
2764 5307
2775 14737
4226 15384
6243 9251
5340 5844
6343 10858
7423 16809
10113 15628
10507 17151
2291 12137
3562 11310
12200 12780
11608 16213
7359 13320
3341 12687
402 16456
2712 8749
16173 16373
5313 8573
1015 13002
15177 16307
11488 16244
6967 10422
8264 15882
4702 6051
14721 16138
3689 8240
1799 12543
2752 3421
7770 13142
264 5300
1429 8645
6203 12961
7637 10814
4229 4535
3154 11946
6353 8860
4506 4518
7509 16071
4506 8661
10062 10687
3603 9301
9360 9654
8690 13999
2464 3752
1602 11105
7511 15220
3150 11307
4318 10352
1294 2051
4764 11608
1529 6491
16651 18048
831 15836
6373 14826
2661 8545
5872 15460
11351 16183
8556 14953
6426 14205
15662 16866
2504 13719
451 12759
1913 16127
10304 11883
9162 14427
8822 14206
511 13316
2751 13209
7749 11903
4963 9516
6846 15381
3341 8546
6323 14476
6326 14903
804 7759
16096 16308
5741 9482
7079 17641
7963 8219
1 8236
253 5261
1691 15384
511 16733
2413 11778
14793 16836
10444 11833
8822 15560
1828 11927
8376 9938
2112 17201
5035 17826
2200 8837
11188 17286
1696 10474
917 13849
11188 17287
3074 12602
15978 16611
8033 10881
9185 14122
11408 14498
10390 12661
8968 10947
9272 17859
8727 15375
8029 10669
9956 12322
875 14143
14813 15143
10581 14213
14819 16158
6660 17918
10040 17384
10041 11911
3504 12470
807 1065
8840 9536
1022 15148
75 5743
6686 9868
4344 16284
8645 9913
440 10346
9031 11221
7919 10368
7413 9713
913 5791
15003 17071
2312 6821
5300 15539
751 2125
7628 8960
503 6045
1362 4015
5067 15981
12981 16023
1845 5406
8957 11833
4067 16392
6548 11491
9688 12786
2906 14116
2512 13455
3638 5533
5776 6644
3517 14491
608 6394
4299 8955
7062 8514
1956 2878
702 9596
2052 2467
11633 11720
2008 17909
5136 16939
9443 16983
16285 18071
11524 13648
13735 15677
518 16374
4565 16369
1723 4453
1735 3878
7351 17964
2469 16124
49 9344
10959 14336
7802 16244
12030 15199
12146 17660
9360 11903
1913 15655
13011 14859
1322 3673
3695 15426
15485 17530
6103 12336
2990 6414
10338 17969
11838 13874
347 15511
2747 14067
3287 5284
6890 14796
346 4358
1407 6405
11828 11829
3452 5651
4281 8381
1105 9815
16647 17364
15384 17528
3922 13706
16993 17885
16031 16256
6670 12241
12476 17738
12807 14353
8690 14000
240 1899
7192 9125
12485 13699
2354 6737
10352 17209
8916 14645
9095 10779
5646 13070
2993 11850
5564 7719
12547 17129
12202 12687
4115 4984
11090 12901
477 10044
8166 14591
4710 5465
13681 15545
1926 7989
13184 13772
4505 11515
4833 15620
5139 14247
6090 14036
2606 3758
12508 15586
14706 17080
3539 8930
4909 14813
11180 11302
2831 12987
4184 14247
8730 15054
1310 9624
11077 11813
7371 10922
570 1118
5865 9251
9153 17430
5144 13060
10423 16479
1952 2285
4674 11781
10738 11345
2055 2160
1373 5520
4760 16770
495 3249
3041 13569
9909 14721
3620 14189
1340 11493
8972 16944
3689 14473
9938 17532
9007 13257
9758 14819
6937 7033
9307 13392
14045 15516
1126 4150
11789 13190
3301 14647
8132 13043
6574 14502
5788 6164
321 6318
9565 15962
4882 10060
10296 13726
6887 17595
3358 7853
6459 15239
14133 15573
10936 17935
1721 7013
8301 17835
4111 8192
3372 9469
12350 13249
991 10947
3855 16512
6951 17362
1139 17699
1294 4111
16231 18025
1412 4744
5860 6201
1778 15278
3317 6431
3252 7509
11463 16883
9110 17575
910 10517
2744 10035
9673 12591
8026 11053
3572 5684
743 17812
11515 14082
10489 15778
15711 16997
5667 14987
1129 8328
594 8814
11551 16600
4286 8775
1268 4560
6830 10705
3882 12254
4522 7601
1478 16173
1228 8844
2362 12218
4862 12485
236 13740
4043 15929
1723 9654
11391 13927
47 1793
10554 14336
6612 14079
6338 13931
4697 11939
1654 15850
3964 7712
1970 4127
9115 15015
9971 16698
1437 12411
2145 8645
6276 6739
12275 15996
1590 13351
1319 13178
10240 14375
5876 6487
7526 16972
1923 10236
5800 9388
4807 7765
2158 10413
10821 15092
7612 14773
4419 16086
17944 18046
9739 13190
4440 15282
1705 9929
9553 14830
12283 15723
9859 17081
6234 9979
1360 8546
9160 14498
2825 9370
9087 16443
5476 6855
7079 13269
16647 16903
9360 13601
7331 13673
9160 12224
11176 17469
2761 4222
4286 13624
4024 14634
8546 10154
10774 16191
6733 15290
4377 6783
4752 6771
4637 8743
2922 7511
5148 16127
10163 13241
2470 14431
944 12108
3461 12518
7526 10262
4408 8464
1765 10180
7110 12080
7945 10891
2151 6563
3247 5712
13191 16272
2528 12963
5776 6652
10306 17681
6084 14102
3969 10217
5663 5911
3126 3705
6009 14443
5567 12060
12039 16850
7717 10266
3186 17484
1261 16223
4518 14096
3629 8944
1284 15381
9736 12618
1861 1960
5938 8578
6080 11106
4660 14407
4002 6868
7079 12598
7111 17144
3580 5984
771 1411
8636 16665
4142 14247
9522 11767
8327 11512
1187 16840
16480 16890
2141 3864
3995 17850
4401 14706
14312 15580
4512 12031
10183 17130
3860 12115
4868 8430
9454 12554
11161 11520
739 8719
2269 8564
6443 15120
5255 7264
4988 13777
9596 17172
8606 10871
4644 5908
499 13723
13340 13512
2647 9313
5984 12882
10413 14190
3037 8200
1611 8907
226 13204
7354 8397
10277 13848
4111 9261
3057 13218
2674 6047
6100 9178
5131 5368
11271 14778
8119 11037
14364 16480
2984 9639
9673 10809
9856 17980
498 1021
8955 10893
8417 8856
13841 14235
13364 17308
12395 15492
11572 15526
6531 11878
5516 15141
4956 7273
8419 13621
1864 17519
3068 5972
2154 13320
12948 16919
1179 15630
1015 15896
5576 11901
5165 6318
11241 16328
753 10025
1504 15978
1176 11436
7819 15265
13113 15535
42 2185
113 16319
186 8714
1292 5181
6569 13063
3249 8671
2079 2547
1529 15876
6548 7698
5677 6028
2000 5899
13234 14088
3180 5251
2310 12901
15075 16140
5385 10390
842 8106
6234 13787
2299 13340
7717 16890
14515 17349
9859 12781
2884 5183
3783 16479
3463 6127
8166 17723
10296 11400
277 1704
7086 13262
5293 6462
7324 14857
12426 15130
5506 12789
7212 12209
2678 17176
1669 10166
6668 14049
15701 16515
4295 12529
10544 12946
1023 4877
11968 16285
14706 17790
4693 10580
8029 13535
3496 7624
573 7509
10825 16764
4979 5639
1176 15106
16188 17616
8240 11281
980 13820
2851 8593
3015 8412
2865 7526
14395 14691
5255 15573
5600 10261
10267 13412
6614 16949
10564 14925
5145 10966
5640 16925
4979 11442
10058 11319
1772 8931
598 1944
14880 17930
4510 8907
7949 16230
2863 8417
6318 8713
1886 11865
7591 10468
8368 15526
1447 2684
2693 7048
2221 5368
2276 16507
4965 15803
6278 11148
797 13837
8676 16014
7960 8695
4978 6046
1630 5690
1898 14130
8128 10398
12896 17273
7383 16960
3241 16107
2252 5076
7874 9209
1833 8690
4353 12297
5708 13772
15023 15416
3323 13311
10958 14637
11262 13528
16794 17187
7837 16045
2577 12211
8280 9203
10383 11848
8325 13335
16027 17815
529 1430
10230 16140
3187 7234
6308 16342
9673 11833
6076 8065
762 12211
10025 14452
3158 9566
7228 8464
14861 17733
5368 8311
1570 3391
5867 16455
4236 8602
8690 10809
1723 9583
9654 17505
2366 13423
15601 16165
8546 17019
10183 10912
1783 5104
11489 17191
1709 9202
2712 10046
7591 10947
768 2583
3935 6514
8096 9663
9817 13931
10476 15289
1421 12901
131 3301
4076 15252
6525 14847
2685 12301
742 8622
9109 10163
16377 17822
7383 16699
4008 9094
3411 17263
2125 10610
7661 17104
5665 9272
5856 16568
1299 11894
4672 10592
5442 13584
10056 13735
4434 5439
3296 5317
4647 15937
11338 14793
12794 16973
5471 12867
9923 17060
9725 10755
875 10217
8555 17575
619 14318
11833 16487
8124 17049
937 13187
1958 13315
1984 15834
6339 15340
8852 14583
1414 15539
9758 13464
5608 14723
357 10337
8466 9242
6083 14247
2519 15903
4306 8532
6007 12275
6325 15347
9095 14384
13846 15964
166 10019
2647 15742
3273 3329
2858 14342
127 2939
906 2174
9262 17073
6448 6496
11199 14737
5533 5938
3960 3998
934 5351
8611 11789
4589 5753
9547 9976
10165 17541
3287 14489
12979 15199
1898 13480
11164 16990
6973 7192
4561 14088
6614 11603
13902 17674
10982 16506
4173 13472
5718 5722
7138 16216
971 11466
10682 13541
1770 15569
6291 13562
10166 15021
261 10062
4875 5519
11235 16186
4193 9546
590 5896
5195 13064
5741 8029
1934 9136
4331 7007
298 15264
1686 2378
4461 14372
9150 11066
9432 10510
1270 9210
75 14109
251 1865
14318 16665
3855 7120
8029 13430
2794 8082
5013 11106
7665 11374
9398 14855
2932 7498
17483 17921
14427 16925
8219 9997
13405 15573
4464 10953
8294 14880
3642 10862
8581 10639
932 5453
1574 12196
946 13986
1479 13901
6609 17972
10785 11605
4588 10912
15689 16840
437 1118
4538 14372
35 13834
8174 8583
6045 6205
5904 9097
5709 14364
8695 12232
10465 14771
12311 14005
12467 15331
10546 11431
6324 9998
4250 16244
1033 14528
5089 13455
134 9976
12045 16990
1837 14064
7432 7840
2150 13754
5412 8697
3070 13841
10779 13589
4326 4328
10467 11920
6614 15143
7 2484
123 8105
8957 17589
226 3166
6985 11268
3969 9524
4872 14515
2425 12041
1551 16944
5879 8695
6495 8749
2457 14178
1772 5155
11218 14125
11317 15220
1294 2825
5387 12806
2961 4394
8677 9210
15451 17398
1794 5352
3711 7079
1081 11498
10706 17783
674 12725
7670 17563
8837 14740
12275 16140
4271 16043
8955 13190
11723 17479
3854 13259
8366 10579
4062 15037
13651 14545
5178 6318
6373 16223
4642 16956
1999 8811
3590 16230
2651 17394
867 13219
8118 10816
1419 12276
377 15387
12666 16329
1362 12687
1022 3673
4892 14915
9855 15573
5092 11221
8014 16792
9043 17437
837 6273
2720 16519
8856 14961
14612 15413
5075 15352
6478 9015
11606 16925
2044 10537
8103 16418
3630 11494
7747 16990
4752 11997
10426 14526
10600 14805
2427 8743
10067 11914
3858 9522
5076 16845
10738 14569
8957 17961
3292 5853
8122 17381
13936 14667
3733 9618
6528 15642
8611 8810
2832 5105
470 6985
4671 11035
4770 10267
7790 15838
2680 2712
9640 16564
9471 16206
771 16172
5382 6453
10111 13503
6639 12850
1929 10572
702 16332
14515 16610
7191 16595
1188 2904
1174 8423
10685 11968
2741 6614
7062 17640
4752 13137
5711 9606
9777 15838
11451 15298
6996 10716
12250 14313
7912 13857
875 4024
4547 10748
12842 16868
11364 14488
7119 8553
8837 16115
6104 15996
6201 17660
10067 13840
4037 7450
190 8811
12058 12968
4404 5439
17355 18058
5680 7218
10398 15136
4165 12757
3793 14436
1317 14634
474 6679
6528 6888
9748 15491
3688 4125
9984 10305
4676 9817
12115 12456
6338 7025
960 1129
9792 13486
5662 5874
5674 14303
8564 10546
1024 1815
5552 7908
11232 13081
594 13193
1941 14036
294 3635
2038 10506
12128 13672
1911 14515
1423 15416
8690 13145
1159 13156
726 14152
2124 3552
263 10990
8068 10053
2209 7606
99 15743
4192 11672
5151 10261
2473 8223
5489 17352
10240 16257
4254 12241
5066 17381
11706 17048
10398 16225
10664 14094
3810 7893
6151 14369
4024 17395
7346 9289
1803 8270
547 13204
7120 12072
2089 5361
842 9017
8295 17571
5202 12146
6308 8651
7149 16646
4387 7474
8349 12329
5131 8065
619 3860
8461 13624
1390 13966
1058 7413
2930 4567
12863 16556
134 16658
8824 17227
391 9517
2985 11189
9043 12057
4346 10183
13210 15456
7324 9664
4085 10688
6043 13011
7394 8862
6676 11525
1281 10030
12700 17177
2518 11645
9095 13209
9811 12077
14463 16340
753 4783
7152 14815
6753 14332
13606 14498
297 8533
3630 10217
10761 14227
7110 16127
1258 12866
3732 8989
4756 9624
1504 6223
3025 4762
13035 16638
8917 12769
8957 13205
4286 10344
3240 11861
4724 16775
3233 15601
1362 2683
5811 6837
2157 7120
451 7344
1028 5796
3238 4664
3444 9401
3965 16862
4589 10760
10370 13084
7526 17522
5662 9937
1972 16913
9527 14212
9733 16456
4704 8783
1823 5024
6106 12735
4965 9733
17254 17815
13363 13365
11220 15472
13674 17864
4030 14540
7677 10078
1999 13756
3689 17315
1324 7824
1095 1179
243 6091
5943 9201
5887 6262
2422 8645
1991 14746
180 1722
16183 16406
5031 12196
8844 17106
2484 12916
2033 17433
7379 16587
9029 9616
9953 12987
1058 11368
3422 7282
2205 17241
101 14205
1 5922
7879 10969
65 2280
5665 15532
2138 10958
7217 10844
14239 16364
8490 8708
11397 17650
2862 12581
5538 14542
1723 17850
13316 17334
16770 16775
6322 14856
104 3860
6881 16825
1704 6687
9 255
10139 13726
4828 11935
6189 10375
7 6153
8125 17276
6007 12404
6661 11706
3775 6337
4105 6453
2358 15393
8546 15117
11486 15182
4676 7137
672 8770
2635 9384
4668 7234
3065 15723
7851 11561
695 14336
1927 16587
1033 11976
1411 12151
10017 11737
1389 14864
13091 15003
260 7802
991 1835
12902 18041
7210 12318
4855 9668
138 9360
3673 14037
3069 7062
1911 3452
6985 10352
3023 9320
3711 5639
104 1817
12933 17211
7892 11682
2083 16487
8029 16507
3884 12011
11626 11880
12867 17523
5273 16943
2679 13430
10059 10081
12609 14545
10308 11110
14612 16285
3601 16212
10316 11481
4833 6299
82 1258
9540 11368
1939 8329
15492 16972
11071 14407
11567 16386
8052 15838
10752 14903
14798 17335
6936 9433
4363 7804
4304 4604
10116 15577
2903 9560
2635 6429
3875 4369
3739 4056
1732 16233
7300 10689
7432 8852
2784 7226
11838 12148
559 1397
5403 9612
1933 4718
2943 6115
10177 16994
2761 17354
6761 16651
6809 10046
8278 15299
4431 14822
13643 15492
6967 12302
3441 13339
500 14766
217 17163
10186 14515
6949 13084
1686 17148
12041 15072
2760 4979
3880 11885
437 12961
6346 16937
1379 9047
10621 16382
8311 10136
9203 9694
5587 11882
5532 6985
578 3232
8498 12737
4368 14121
5577 7566
1318 2027
2273 12485
1237 8430
944 17491
13005 17664
15695 15913
642 5815
3178 13226
5569 14520
2258 4675
3452 9598
256 1319
8822 17593
11528 13298
226 10503
5499 12677
4897 12065
13962 16471
3721 13304
8546 10165
16715 16900
13857 14398
3362 14112
770 2519
6707 15803
13006 17549
12983 14384
5564 13756
6406 11706
4030 6991
8776 12008
4174 12997
9713 16342
7423 11984
3958 9869
14394 15620
9455 14495
6507 12220
7901 16899
3227 15374
17546 17674
13312 14694
11150 15480
3015 15240
7951 14109
989 4518
12441 16851
5672 14643
13137 13228
8546 13304
7955 12163
2760 7249
14798 17259
13992 15833
1986 10399
2273 10947
5118 11851
3717 7511
13297 13925
11942 12387
6927 17112
10913 17840
1237 14773
8504 15440
4547 17564
1691 9307
2008 5548
7423 12063
721 12243
6445 10296
8219 10141
9570 13339
3642 7371
7407 14009
7968 13095
11770 16635
90 4957
11282 12075
4030 7133
8601 14212
13817 14045
6890 17522
2021 8851
2752 12979
12621 12847
7175 9686
6239 13064
9994 10183
5545 13432
13721 16781
1294 6008
2209 14239
856 6441
4377 8048
16240 17689
4352 8546
15485 15628
3946 12649
9495 17593
10604 17911
6798 14121
10947 16845
1300 4413
4109 15815
6119 17408
3580 10823
2705 6990
7637 8978
4508 10397
9031 11404
89 16593
8331 15277
2803 13332
16298 16635
2642 16348
15122 16054
5723 16859
2366 7305
13470 13471
633 7311
3714 12793
3297 6101
1118 1526
9160 14130
10443 12916
104 813
7498 9032
2265 9817
7311 9105
3073 5718
12498 13857
10139 12107
1704 14570
3603 6043
5969 15778
6704 10744
67 13273
303 6995
2593 16162
7862 16972
13924 15330
2351 14394
7075 10258
14336 17440
10744 12220
9856 16103
547 16890
4333 8163
2949 16729
5338 14456
4249 8223
9360 14398
3670 17136
2175 13241
8810 8924
12039 16060
3925 8695
2157 16039
8485 16814
2039 14830
431 11337
8329 12677
8352 14139
11235 15074
2481 10398
3131 5788
5165 8478
4245 4952
6865 10865
3500 8205
6973 13561
7331 17177
10786 17660
10138 12610
5877 17723
7035 15306
9938 15795
5845 6119
12988 13316
587 768
1852 16883
330 15252
9869 15737
14453 15276
10755 17081
7803 13011
6845 13953
8831 12789
3705 11631
2291 9489
7509 12137
2717 8253
5594 12447
7849 10026
11894 16851
3688 17153
8150 12237
4355 5585
2510 14914
536 5932
13462 16828
5146 11566
7740 10261
8150 16905
111 10982
718 17252
7277 14544
8585 10935
933 6755
5004 12547
5785 10880
3927 7796
5235 6652
10942 15740
273 14463
9056 15239
11154 14625
408 15807
960 6875
6725 7279
5785 10139
6205 15137
10305 15417
707 12069
7909 12196
285 12757
10685 15314
2683 8546
357 11299
688 14976
2826 4662
1351 2352
3054 10352
2345 13133
8149 14933
2027 5983
6949 8252
9478 12013
8931 16825
1351 1444
748 17649
1709 16792
2910 16471
3403 11790
11854 11862
4878 13825
3405 10033
8600 9388
14612 15448
14304 14815
2066 8048
1661 4454
7838 13084
8793 10503
9632 17106
805 9693
13346 16456
97 17705
9307 17635
2857 5651
3342 8236
2163 15155
8972 10058
4003 7147
1686 13304
4241 12095
5844 8150
9792 9919
10551 17441
8653 11124
503 1838
16526 16954
3091 11911
1498 12788
7616 10366
2157 8464
1158 16319
1824 12685
1203 17582
226 13999
1497 16913
9310 10266
13718 14096
13319 16984
5474 15125
2635 16293
12391 15793
6837 10451
125 17853
10950 12040
7274 7835
2682 9691
12485 15655
11802 11850
2519 3436
2808 10427
12150 15620
5969 10090
215 6769
4710 11603
932 6302
1294 11692
190 6725
3358 5282
13880 14847
8557 14379
3917 8989
3507 11109
5450 9036
5092 13060
10881 13920
9859 10947
12519 13931
8417 14983
6807 13623
5098 10689
8611 17943
687 5409
5995 6575
7487 16779
1497 4831
9703 15828
859 3932
2419 9654
11862 17040
13686 15188
7129 8907
5296 15361
15125 16566
3685 17441
2620 7455
3881 7409
7552 8811
997 7324
3654 10250
7040 17048
10722 11032
1833 10761
5573 16990
13909 17749
1800 17866
8352 11908
6930 17565
1232 14789
1526 10423
4115 4617
810 8695
2156 12867
5640 14416
3522 15192
2440 6567
17136 17361
9210 17507
11491 14644
3865 7418
1686 10604
5922 18044
7059 17719
8701 10913
3893 17140
5506 14274
5163 12224
2606 8937
8381 9227
7934 9552
9820 10328
2358 9613
377 14453
1709 6318
5695 10689
10398 12588
11865 14980
8647 11763
11975 15778
9492 17705
8014 13260
13043 15777
492 3766
8546 11727
9118 14755
9720 13931
1793 11341
6495 17114
2276 17187
6366 14424
875 10506
13368 15753
3902 17048
1852 8831
270 17110
4346 12200
2807 6645
6237 14937
6951 14714
374 14843
9095 10959
1644 16231
9572 9593
3068 14183
8942 13127
11498 13968
8479 13027
683 17191
2082 12008
1123 2177
9820 16507
376 12134
298 6652
8464 13368
2640 17477
11683 12041
2051 2979
6805 9694
13683 14738
951 2504
3480 16332
10213 15070
1722 9758
2076 8637
1181 11081
2493 3116
3850 10053
768 11648
2620 9817
2329 8463
10375 11189
7473 11745
11400 17016
4380 5881
7833 14036
951 7334
12693 15070
5800 16616
1703 17134
16647 17658
763 9288
5482 9388
718 5788
17066 17909
11164 11863
5569 8719
9679 16593
797 15985
4471 7963
4476 17056
7923 9270
9538 13161
5856 7547
346 1470
4815 8726
4297 8280
6445 13109
10001 10902
2056 5883
2476 11766
2938 8112
2864 4536
7311 11877
203 14763
15 3518
9593 16945
1179 2557
285 4165
13304 14416
8625 14634
46 4756
10031 11720
15936 15977
2150 9036
6754 12509
2486 14954
11726 12467
2212 7919
2131 3958
768 11903
2820 11283
8219 17447
8154 14825
11781 12275
5412 14294
7446 15785
5741 14978
797 10523
10425 12800
7942 15987
4870 9938
11281 14275
1493 4670
7795 11595
12066 16672
5202 7733
3865 5561
2419 16770
8119 16939
3095 7038
5230 8490
8543 9473
10465 16354
2864 11726
12150 12498
3235 15301
9546 11954
8709 13347
1023 6664
2493 11599
11368 11515
10025 12687
6931 11371
9694 12568
10752 17991
10733 16330
1898 2072
8546 11791
4247 15535
12200 13587
10083 13156
15113 16914
9634 16235
4868 8789
5396 10988
3634 5151
56 6700
3317 7100
1965 9624
1224 12077
17045 17869
1939 8374
8282 12913
7413 11491
12243 14528
12041 14418
9485 14583
9953 13286
10098 15524
4828 12576
14545 16987
10352 12456
5178 6707
3275 15643
10127 11914
5776 12243
14260 16792
9370 12844
5479 8219
9251 15772
4233 9109
4008 6986
5948 12411
2005 11674
847 4510
919 11768
2984 8851
6635 8651
2484 12901
4458 10561
99 12884
10152 10369
77 12983
6545 16944
195 11794
10124 13061
2857 13210
7510 10300
13052 14018
8560 17840
3382 14082
779 15838
2250 6248
2720 8724
4326 4851
13507 15306
945 5640
866 1526
5974 11910
9621 11685
15783 16014
6771 14121
4600 11118
4559 4814
3272 5636
13128 16494
1732 8327
516 4299
13714 17134
8930 9356
7156 16641
11515 17956
6337 16340
8226 8608
15123 17979
2928 15507
10422 14643
547 16293
17224 18004
10403 15513
5619 10766
9673 9850
5938 13726
1257 7074
5938 16554
1007 11984
2282 17379
1322 8466
10130 16382
2717 4573
6169 8871
4824 8112
1308 13313
5349 8134
2484 16349
4704 5724
601 8044
2869 4043
4776 7406
1670 13178
7114 11849
7517 10609
14332 17389
15300 18034
5131 10340
8623 10086
3068 8487
2472 5284
1721 8219
4446 12536
8588 17489
3453 8081
960 4979
2359 10549
2547 16130
7176 7592
4762 12031
3460 15685
4617 17452
4297 13562
1374 3807
6802 8273
3816 10908
11830 17413
10716 15805
13304 18050
1246 7593
3241 8871
14082 14105
13358 13931
4589 8311
3403 11258
9471 14954
2720 12903
656 8366
951 10304
946 15558
4544 9433
5166 14374
552 13375
4318 5145
7662 16005
8625 14358
9488 11187
9878 12485
1299 7246
7589 17887
15822 16334
7331 8369
7316 8396
13714 14634
1314 8835
7487 14329
3673 16939
5311 11464
7222 7386
14710 16914
1475 9227
8232 14358
8937 11436
4772 16302
3688 8766
2027 13469
12539 15111
8431 14001
12072 15161
3013 8884
11508 15778
8012 13602
15778 16319
1823 14938
6461 13321
10477 15873
10017 15332
5272 9570
2709 10947
957 1901
6592 14901
5569 14464
10676 15662
6016 16974
1319 5978
8742 16162
6910 10081
10108 12524
321 17441
4651 11371
8840 12084
3403 8968
8220 14785
9673 17818
9763 13566
3403 12677
2108 9817
6687 10001
8583 15839
2755 9223
4398 12728
4437 14331
5284 15737
14152 14597
3144 3382
2512 3736
7862 10755
6278 13171
947 8901
5995 17129
6930 16591
703 1158
7015 15485
4815 17816
4541 11674
631 14509
10025 11914
1987 2482
1708 11156
13839 14554
10277 11111
1679 5868
9236 15267
411 6375
8961 14003
2461 2462
14987 17661
5255 16167
51 7277
3452 18066
14193 16877
875 11498
6080 17048
576 10480
768 11110
824 7264
13678 13877
7139 10238
951 4951
1090 2620
5221 7477
10728 14176
6722 9948
5075 13036
5004 9027
6360 14727
1616 15446
4951 16828
17649 17987
6913 9604
16581 17567
1198 5722
5465 5722
11955 12093
7169 15803
5944 14183
226 9758
4115 6056
2586 4704
4521 11517
2418 6296
7264 11926
11740 16669
8150 12031
2449 9571
7354 9945
15573 16869
881 6614
10497 17850
1072 15184
198 17139
2811 8504
3898 15863
4666 15778
9747 11211
12039 14596
11833 12146
3124 17692
1401 8743
14363 15760
5760 15587
13191 15004
9557 12196
14098 16831
10486 14253
5155 10621
8311 10629
7888 12031
15088 16604
6675 17859
921 8814
6614 16792
10578 13224
7142 9621
7784 14603
7477 16770
1534 10166
5734 10143
259 4353
7988 14982
7351 14398
10542 17295
6168 12833
7695 8862
7592 9492
8761 10771
1004 2705
2678 8620
5499 14963
5994 10581
4605 12189
8713 12485
3827 7566
804 14419
4045 15331
1855 8727
12632 17457
6614 12781
440 7198
1723 17238
360 16230
1644 11936
8201 13193
1838 5674
14018 14884
9480 12046
6436 15876
4410 10942
2490 4541
4471 10352
2480 8690
5178 12600
2421 11837
751 3516
3330 17648
1867 11317
8325 15759
8937 16330
2955 7228
1263 14603
9602 14061
14452 16037
2844 12117
303 13243
8861 10208
4346 16903
2366 13315
6617 7356
1789 13940
123 5248
6185 8320
3385 10983
5144 16190
12760 17241
2699 14469
1122 9193
4936 10734
3899 7378
1329 9250
2720 5066
11007 12274
78 739
2854 9820
1479 16206
1973 9829
3961 6684
413 5559
8124 12413
9725 12589
856 13320
4101 9953
13839 15261
8096 14938
323 11716
4759 12089
10025 10337
9763 13036
1055 1269
3443 8717
674 5368
15020 16299
8405 10805
5156 9163
7202 16557
5190 16403
85 1241
1131 4263
13268 16631
847 16456
4568 11463
8756 12065
2848 4512
11400 13332
1679 7679
8219 15490
5913 8220
7740 13852
7137 9087
510 8992
2038 5061
3133 4491
5938 12137
9469 13150
1707 4327
5669 6208
947 4964
859 16490
2567 7904
8737 13963
10641 12046
11319 15795
3176 10669
8461 17041
6252 14520
2638 3073
13674 14370
9673 15958
993 5032
2049 6945
7888 17530
7808 15179
6477 14822
3822 11018
2045 2263
11491 14463
5800 9251
7862 9471
7020 7549
775 4346
3249 10019
2825 13637
932 7686
11682 16191
6445 7435
11218 13077
8497 12293
9244 15259
9735 12521
10317 16616
775 12504
6531 12489
568 11767
7698 11622
8029 12866
10186 10985
15342 16883
965 15659
3516 11789
253 12621
3639 15684
5131 11074
8394 15314
4318 12456
8311 10750
2150 9239
1136 10067
6617 10750
3767 10836
3024 9527
14939 16437
2002 12203
779 1058
5018 14367
4536 10643
6543 17635
6585 17575
15027 15705
1285 17380
8198 10510
5092 12039
9907 16740
7592 15306
1720 2273
5806 8532
7529 9633
3403 13082
8311 13364
4928 5625
1570 8972
9872 13885
1593 8543
1587 5565
2577 11142
7223 7224
14565 16715
1188 6421
3954 11345
5545 16167
6115 6618
30 3154
4892 13407
15485 16145
11955 17331
2378 13241
3493 5140
47 7917
2054 2712
8418 10646
8546 14603
11999 13133
2163 5692
2524 9808
10470 16728
2702 9377
8894 17658
994 1278
5255 9797
12011 15958
13547 16133
674 5776
5368 10266
4058 16233
1033 16358
10091 17705
3957 10539
3033 12241
2379 5800
3995 4172
2252 9995
12737 14580
742 5291
2635 17187
10765 16905
6104 16186
1939 10750
8802 11861
14980 15488
9006 10306
2635 4305
2689 10587
8991 17641
4873 10383
2946 12035
3989 8688
4546 13273
2467 7838
1865 6302
56 2170
593 5815
13746 16226
11404 12850
4775 15055
529 2448
2210 17304
1479 10750
1268 15785
6093 6735
17041 17524
4951 5288
8239 11352
12539 17484
8075 15896
12485 13205
7284 16328
12006 12399
10525 16062
1999 14339
2635 8029
5474 14318
2683 14498
4683 14018
964 7084
1390 13756
1709 16506
1411 3238
8528 11692
12485 14208
7133 8082
6393 15601
6150 9855
6335 17363
8875 10434
10025 16115
6066 12792
1570 17437
2752 11802
601 15145
6316 17109
358 906
488 16725
1501 14707
933 5499
3349 4096
6753 9307
6324 9543
4774 7015
12771 15080
3887 16836
296 16837
10947 13007
3753 15169
5757 6215
7914 14370
15145 17210
8396 13787
5382 7608
111 14352
6618 17458
3196 5377
712 5773
1623 6259
8809 10865
3938 9935
6199 16052
946 13407
7963 10352
2738 14634
8273 14830
2534 15192
933 4279
6354 14426
15003 17295
8840 16293
3154 4415
13946 15954
5247 12966
176 8354
4229 13787
799 9587
10610 14909
6169 7264
13256 14733
1727 8402
4377 5668
13405 15014
1198 15448
14143 15913
4486 15425
1696 5139
1734 15803
2877 8336
11170 12854
9792 17223
3633 5550
448 2869
5913 9303
4547 10865
10183 17541
10183 16596
878 12960
7936 8565
6448 7274
3621 14338
7351 13712
12687 14318
2610 6808
2273 13543
5023 13587
3902 5938
11529 14275
2766 3903
4372 12973
3816 8003
9807 11832
4434 17106
10019 11090
4648 10549
8187 14843
3817 16101
3421 9197
9426 16306
6718 7554
9735 11913
1851 14096
5715 7738
1418 12735
5422 13444
15481 17979
377 7334
3567 16616
3991 14745
4967 6028
4388 8910
14789 17392
12560 14787
1058 8697
1303 3651
2057 9354
8089 10497
15617 15620
5640 6338
3068 5944
6687 14561
4223 11593
4704 11204
4327 15143
7760 10427
12438 15524
9241 16668
1722 11789
16145 17745
9195 15143
8088 8477
5896 13095
3965 16825
2909 13295
2277 7727
7923 14884
2862 16237
5255 14497
1548 11590
2699 7238
613 15117
12456 14317
569 6653
3938 5620
10142 15290
4752 11493
5834 5847
8469 9677
10338 16037
1927 5833
2497 11788
11160 12296
3479 8625
2096 17422
9596 13931
6364 9250
3006 17390
8556 14206
8352 10373
9042 15958
575 11865
14225 16979
2689 12854
6308 13387
7388 13666
11328 16828
3810 9869
9878 13681
13788 14565
8061 15865
12347 17144
4307 13988
15505 16631
1243 5324
1735 2205
10462 14246
6975 7435
7258 10509
9783 14433
11577 15834
14961 17474
946 2457
12710 13218
10881 11968
520 7148
972 16400
10185 16665
9731 17048
14230 14260
4125 4333
13702 15334
4880 5094
3191 16048
14040 17337
7725 15497
920 1714
3814 8026
11592 16225
15788 17699
3289 5478
6162 17784
6090 14452
2720 6742
7526 16375
4327 4589
12807 14754
1959 8677
2574 4776
3187 8219
6091 17760
10518 14308
3421 6157
12211 16352
10547 17081
11542 14562
9962 14819
12866 17081
14495 15144
10078 17361
2964 7272
10278 15086
2470 12144
4206 13219
6222 12602
5444 12518
2049 5521
1709 8087
4770 5856
7354 12502
12084 12311
5790 17309
15107 15651
771 15080
2512 10547
907 15378
4918 8631
1429 14092
322 8651
16349 17853
1 10060
6618 13351
8943 9156
8396 17123
3234 9887
11098 13649
7535 17666
12458 17965
12676 14318
14561 16456
2030 17130
5165 6017
837 9335
8690 17473
3991 5349
6939 13130
16130 17013
5717 8170
6996 12236
14398 15485
4119 16792
10883 11740
5620 10886
2146 14178
1704 9279
12243 14856
9619 10541
5870 14227
5041 16972
10401 11130
10022 12725
5692 13819
8512 8631
4372 12617
1020 15548
1456 17970
6890 11250
1285 12575
89 10121
11246 17636
4690 14398
4437 7535
8339 8826
12791 13723
1295 11161
7407 14213
3187 16076
1087 16174
3074 12305
5722 12031
9199 13494
14612 17870
1123 2300
1446 8937
1192 9288
1994 6203
14735 17636
5313 8155
1728 16623
10755 15840
9206 11515
9829 11606
3980 12438
1400 17764
2565 15929
10048 11771
5296 6082
1659 16240
1985 16258
4924 9747
99 14123
1175 9506
9784 11491
10093 13486
4105 10447
11606 13714
11862 14985
1189 15241
13998 16963
1903 13965
8592 15250
14773 16720
5672 6967
7526 9307
6786 12603
4393 9183
9087 16972
12080 17925
1911 14304
11691 13734
13587 14143
2453 7608
4906 8474
9848 13509
12717 17891
2432 17081
3952 17048
51 8546
11437 16460
12447 15340
8474 12807
5666 16479
8460 9530
5001 6518
8139 10491
4878 6559
580 784
3938 16566
3060 17081
14477 14622
2135 5362
1261 15838
5230 17423
510 9649
10250 17852
15130 16711
1263 2453
4633 7526
960 5163
12333 15620
12901 14925
10497 13296
5335 6222
3528 9656
8625 13892
6338 13962
3374 15448
12991 14375
610 10884
3364 5566
285 17437
1863 14325
4024 7041
7166 16505
4863 6885
2351 17658
543 10306
3793 13311
2340 12738
10419 12844
13625 14130
2277 14021
1518 15810
1824 3588
4216 9721
4918 6399
12828 14954
906 14082
1294 14183
255 3613
2022 13170
2014 16911
72 12995
10316 16658
15910 15976
9327 11281
4915 16825
489 2051
51 12687
1587 10009
5733 16533
321 2180
5716 6643
2709 16456
1628 4382
3993 8743
15329 15803
6287 17259
6646 17641
8384 16470
3290 17496
8236 16343
2354 13191
4254 10755
13852 14599
4404 7127
12958 15309
7324 12072
15125 17081
10313 12236
5155 16770
9079 12892
6802 17660
14515 15340
13809 15981
5088 15793
12681 13133
6693 14728
7591 10732
946 12985
8717 12207
10366 13509
10093 14061
9596 16507
11789 18032
4436 14160
649 13130
3671 15548
6985 13428
4109 8065
9265 15182
12950 13534
14210 14443
14603 16455
12431 12990
1418 11110
3855 15267
4710 12903
8023 17337
920 14771
6154 16009
5692 6169
6927 9861
2937 4361
2678 15123
7423 8800
5806 16310
6001 13477
4327 8454
2045 8747
6361 10611
9938 13541
2432 16507
4690 17745
7374 16443
1805 10278
968 11355
1302 7574
2009 17523
920 6495
10262 16468
5883 7658
13962 16139
1252 4121
6367 11822
176 8707
9401 16206
7871 13304
5891 11211
2979 5469
1036 16425
1923 6441
2589 6994
15143 15535
4247 7958
1549 13081
1279 17803
11727 15490
15526 16147
7163 17942
7321 12743
5913 10433
10328 14953
10185 14989
4864 5546
527 820
872 17590
6786 16647
2857 12753
2282 7717
9948 18064
686 14124
7819 13003
2702 10219
3144 8449
237 6354
567 16171
6384 12605
9861 16587
8607 15652
4705 11434
8124 13673
9162 12554
9357 16241
3344 4092
5532 10919
2825 6660
13719 16875
337 14315
7594 16241
622 982
7007 13729
5834 11815
1441 3287
4096 16193
779 2800
12645 15559
16456 17445
4022 8003
14418 15080
8690 11976
809 7535
9316 10124
12649 14829
6268 9295
10477 17263
14785 16319
12120 14546
58 6461
319 4544
2117 15670
1526 11181
11491 16726
6623 16925
12029 13562
9872 16166
2205 10071
10689 14849
6515 11211
16851 17624
3911 17657
15828 17815
5519 8514
2276 8840
3860 17144
4354 10947
2857 13480
11358 17455
1709 14215
1199 7409
8115 8165
9959 16496
4853 16993
1246 3404
15361 15913
4689 5567
8223 17991
2326 2518
1730 14938
2656 14102
4012 4835
1856 6473
6395 17010
6635 14666
13953 14957
960 4494
5484 10540
9164 11127
3131 3842
1709 13925
6249 12314
6677 11400
8084 13239
6337 14152
977 3736
6839 11932
3267 11926
1709 8875
1457 16132
7561 13239
9354 10947
12085 16900
578 10217
8611 11125
9251 13787
2221 2861
3451 11436
1794 12212
1686 9758
1833 8219
1503 10599
5434 15712
12453 15891
14004 15347
14603 16225
366 3500
11368 16972
577 4757
9217 14666
12642 13848
355 15490
5204 12168
6055 6636
6927 14509
12454 15448
3688 7322
1222 4637
5200 12413
12466 15530
11819 13277
4387 12304
788 5723
8645 8810
2273 9042
2960 8221
9279 17187
2699 14682
5551 6083
6786 9046
1526 15247
14773 15265
194 15014
2419 17295
11109 15610
11136 14235
10322 11271
11839 12961
7687 16244
6133 12646
1257 3500
4047 11601
5760 17473
9764 16792
6019 11345
10741 12294
2156 9817
5558 6296
3860 12485
6939 16285
9613 15393
1639 8319
6431 15377
8625 15553
8690 9609
6709 16147
7849 16700
2534 3733
1263 6563
1644 4892
2625 8394
11490 14825
17160 17767
8743 14399
2282 5271
1956 3099
5204 8273
6592 17209
1347 11388
1484 8163
2708 5570
232 2335
4513 14602
6001 16641
12190 15290
10290 17341
14925 18014
10127 13853
721 1732
2665 2885
162 3330
4004 12197
851 4091
4743 6097
6090 14989
361 8789
5083 10562
920 16706
8726 10300
2635 9241
14002 17323
3286 10285
13772 15876
11498 16665
3737 13723
2248 8937
5926 14695
1986 7658
9964 15958
451 5672
588 11850
12 2925
8258 9781
14498 16350
13122 15024
10981 14706
9307 13364
11750 14055
1547 1773
10370 10840
9307 14599
8818 11604
3803 14263
14470 17749
10278 11865
2542 14419
8936 13260
13595 15340
6892 15825
17952 17991
16847 17445
1241 3043
1587 12928
9848 17938
1294 2539
13730 17530
188 5487
5178 17935
4445 4964
10422 10621
8353 14681
218 10604
960 8376
10332 16053
3926 17052
1965 13005
2059 2897
11493 16095
8379 10187
4752 10019
9541 16979
3993 6725
4109 5450
4589 16490
12946 16134
6203 10560
6106 13562
