447 11824
1178 10776
4912 20521
2494 16970
9036 17147
20076 21570
3743 8973
5129 21625
7658 17756
4677 14869
2636 20590
5283 5704
9375 14715
11926 11930
15991 16000
5466 5901
13017 15116
16506 23042
4615 7156
2231 11980
5985 14109
4532 15241
4984 8550
5658 22959
1917 20899
1106 19862
15479 17186
14770 22142
12628 20793
7695 9078
17964 20173
1520 17889
176 8026
11358 20452
3074 3861
18660 21363
2624 6498
6871 17650
4919 6680
7028 7416
18581 20351
2375 16304
3015 13498
8897 9453
2044 4132
5584 14989
4350 10542
910 9019
5556 16983
4231 13616
2484 3245
6312 7162
9410 11590
10428 20990
6184 14795
1425 3896
333 21643
22393 23126
7562 12214
740 15005
9107 20451
234 19893
12348 14076
4525 13872
3441 3663
5171 22743
10275 21293
4897 9146
563 1426
16251 18053
6494 20981
254 13080
1268 10869
16090 21061
10663 22499
9370 20208
12181 16023
2827 10440
5906 18019
14096 17587
1533 22732
14132 20723
13367 18314
4715 12356
7085 22648
1577 8368
6655 8913
6634 6847
10529 10754
15660 22936
5314 7141
13927 22226
16374 22055
930 1907
10621 22485
3844 12417
1547 20568
5117 20180
10560 18579
6444 20340
19949 20455
15265 21364
13824 20648
70 17217
5984 7045
13212 17728
13808 16670
1253 3179
20067 21721
11279 19749
3690 18827
5789 9351
112 13380
12760 16987
3218 13744
9614 12683
292 1032
3278 11477
2850 10560
1784 12269
19197 19829
9721 15635
13741 16953
10918 17217
21320 22376
2327 16304
4404 8060
13496 17718
12563 16681
18776 22142
4900 8639
3073 7841
11639 17964
2392 2995
2258 20226
5314 12223
7900 7960
12175 18054
2761 12898
903 2663
3854 22683
6268 18442
1297 4248
744 8117
7421 7973
16282 18062
15101 18825
20771 21805
18356 22514
16976 18215
6809 13537
2794 10275
7066 12773
10783 14590
5067 21445
11108 14596
8206 15283
2779 19866
4115 10857
17173 22192
5729 9738
735 18328
903 5835
19530 20322
678 7946
3640 20870
1500 2766
9863 10252
10634 13266
2940 19850
64 5460
3172 15247
2865 8164
5221 20864
4387 6494
10594 21539
4283 7214
1500 1574
11515 17974
4473 18966
6699 21799
1309 22943
15221 19099
7670 17857
2278 12413
9807 21638
7469 17792
1561 17751
4069 5621
7384 9262
12565 22133
4950 13384
15290 16090
2900 15930
2036 19897
10996 17982
615 10099
7603 19889
11611 19352
13027 18260
9228 20953
6016 14533
1162 16090
2266 6582
10910 19791
3725 10834
20067 22569
1244 19012
1428 6433
3289 17916
1901 3205
823 12530
15134 17663
11125 15020
461 17011
4172 4260
12493 14228
292 10040
657 11911
11218 15481
13698 19041
16177 18016
2402 22091
9619 19734
7020 21770
10391 20474
8409 22373
6844 16367
10910 13676
18085 20288
1800 7415
11928 20271
11363 13067
278 5542
19992 20058
7227 11510
1822 3515
640 11334
5222 20552
1315 7895
4037 18476
1184 4404
14478 21605
13918 21115
5975 22740
1440 14359
288 20200
11103 13482
11744 17889
11547 22798
5146 11800
7885 17794
5455 14292
11737 17182
1842 14899
8961 17889
4521 14371
7238 15524
6858 7807
2492 16784
4969 8702
7563 13738
531 1943
1458 16937
4360 18899
18008 22556
5596 7004
9044 19025
5964 16775
9609 11268
19321 19545
25 5810
4724 5990
22437 22546
3337 21953
19707 21659
7596 22970
294 4091
3307 9137
2234 18707
5605 17808
21366 22022
1500 7328
2014 20096
1192 1491
4554 22453
3057 19590
15976 17074
8327 15067
6443 16928
4867 7175
7069 9077
7521 13374
20324 21132
6054 13846
12247 21184
3085 11499
15701 16488
15495 17665
6801 7347
13043 14715
5917 12650
5152 15682
483 14938
17424 18316
12524 19938
685 9725
1738 14133
3590 7168
17504 18788
359 16549
1644 12172
3875 19131
6789 11672
10490 21637
5907 18071
6530 9332
427 13151
8515 11879
5518 13321
6365 7756
16200 20865
8023 11433
10720 20664
1484 22105
3785 20021
4735 20334
2883 20811
4186 13230
2875 18420
12469 16506
6327 19948
17169 19303
8680 21960
4715 15353
10763 22675
2188 2587
7336 19179
8593 20256
2266 11467
1670 5089
4486 9402
6837 12377
3786 11818
3502 18522
20042 22430
6745 6891
4950 5007
124 21420
2311 22762
3385 12703
13881 20248
9806 13597
907 1489
14776 19381
656 23005
8186 20108
1800 21642
7825 22430
8869 20069
3938 15660
6305 19963
17877 22187
2442 22750
4101 20141
1202 5726
2460 6801
5088 17285
16781 21061
4273 11785
2981 14202
18985 19707
4256 5659
8550 14215
11569 12860
10629 17149
9404 14394
5652 14144
14509 22319
7501 13375
5382 16374
15533 18759
1309 9214
13238 16065
6777 10551
12645 21503
1947 14083
9957 21877
5438 19812
6250 8820
9058 18960
6391 18464
52 17526
1882 21826
7966 9385
10760 19758
9094 16873
2539 20780
6597 8996
15101 19047
7829 13027
15125 22212
12438 13506
305 967
6556 19262
14222 17231
9056 13789
7748 18539
1474 21920
10218 16660
6488 19832
267 2777
9858 10199
4559 9903
65 12650
14730 19036
5828 10315
1291 16717
5805 22050
668 14791
1483 20601
1365 4471
20744 20887
4223 17217
3381 12785
292 6110
1399 2073
5478 9100
4268 8391
6424 10524
14550 20248
8966 11082
4699 16911
2063 17127
9784 12181
15490 16973
1186 15472
845 9411
10471 10612
1555 4219
9214 21795
20493 22819
5590 13464
5646 19215
15551 16429
12059 18141
13161 13383
289 11276
2631 6448
7049 10945
6925 18001
2103 4955
15460 19108
10802 16488
9248 9675
2038 3248
4075 17475
3209 16963
303 13675
5346 12108
3849 10112
9863 19351
3306 18054
4488 23081
13684 16748
2264 13952
2917 16070
5066 5467
9135 11921
17734 22437
9326 14785
14622 19722
220 8059
14710 17889
2624 9895
20341 22563
20705 20907
15151 18688
7590 19039
6072 13126
2624 14993
5600 6553
6300 18415
2981 9504
4647 20901
6039 12650
2432 18776
7249 20664
5443 18064
4888 9054
6375 8994
7774 14509
14645 15806
10490 21643
4589 10296
4149 8670
825 14715
1636 16082
1720 22995
5231 12005
2112 17114
8051 20037
12217 16280
976 9095
14596 22548
2722 14223
3455 14687
10326 19842
8215 10098
1754 6096
9689 17451
982 5755
2060 13479
15039 17301
9849 18776
823 4432
2927 16027
402 692
3178 21303
705 1750
21552 22428
4205 20718
12259 20603
10368 14977
7596 7895
8365 21948
3554 22916
4796 12751
7756 16526
9787 22693
1039 7868
9337 17886
9321 21627
14993 19450
12373 18048
15915 21307
11997 20429
3201 6579
74 3372
12982 20285
14626 19047
7114 9084
14238 17450
11184 12031
7242 7691
2995 16670
14134 15958
90 21644
8639 14592
4135 8419
4731 8668
18420 20159
6391 19364
14292 16414
14823 19268
1613 12256
7430 17790
5193 7772
9869 16670
9354 11144
289 17531
12975 16091
2306 6892
424 20939
10526 21077
3941 4754
11687 15207
15756 16051
8376 21894
7128 22541
7664 9122
938 10688
11654 16867
1878 7697
804 9021
16700 18306
8975 15793
2272 22298
14581 16443
6095 11255
18882 20809
1858 13494
18318 20873
6960 8866
1550 5799
1303 1749
13713 19039
4408 22973
8515 16374
11759 20801
5738 17479
18816 22884
11652 22916
19560 21319
1850 9332
14394 14839
7682 10335
4697 8186
2273 9961
2587 21854
8119 21952
12522 18497
20709 22456
12155 18369
10197 11645
5218 13934
2306 12587
6892 16569
7148 12022
5786 12831
18480 22817
10436 12190
9321 10807
15139 22189
10001 22489
1977 18086
11606 11639
15743 19572
1235 2811
10833 19348
2583 10101
3108 22922
18343 19177
8258 14050
3998 12180
4566 18122
15442 19820
11200 14398
7427 20484
4706 5766
641 7347
5093 12994
16606 21420
3560 11109
15281 15358
1315 19393
7998 11797
731 17472
14038 18447
4991 19372
13548 17848
1105 13107
3225 21676
12167 15389
1681 13846
452 9440
3008 22091
2655 10629
4772 7605
5786 14551
10916 19496
14447 15675
4859 14644
1775 4532
913 12124
3075 7651
4442 21716
5303 15667
4175 4312
10514 14796
4933 11421
2895 10108
11650 18798
1779 5739
5992 21958
11629 19670
1815 7088
18159 22601
2898 21269
13296 21858
21170 21350
1344 14608
8476 18041
14103 18879
9514 22374
1540 1707
2687 21863
4786 16945
5375 8188
1083 18635
4840 7146
1515 5782
7627 15594
10218 12408
2079 14219
5482 16439
14482 18690
11409 15743
4921 11609
1741 5299
7667 21064
3284 9304
14884 20887
12252 15580
4076 5159
4184 17295
18234 18990
4029 16709
7917 12634
4303 13787
2490 13291
18447 20578
5025 16207
12756 17877
4812 22741
9008 13717
10587 15273
3307 5086
1569 10574
823 11487
1199 9798
10124 18715
1533 7650
14128 16409
13981 14701
15855 16294
13493 16600
20025 21645
6968 19176
465 17149
11262 13739
644 13449
111 20750
5489 18010
22013 22302
20344 22863
10729 10885
10969 16499
4432 7490
17840 23053
6974 19036
4057 20474
8653 10384
742 18415
9085 22015
84 5346
12844 17894
4847 10134
4949 22222
5252 5600
13110 13440
148 7437
945 13107
4334 9924
20908 21454
16340 20108
11200 22105
10632 17753
6497 8314
7916 10583
16147 19744
6570 15867
9713 21164
8259 13255
2560 7221
505 7691
5643 7818
8996 13525
12122 22229
2460 12416
12356 17539
615 3350
18498 22656
13229 16786
17401 18396
483 23074
13358 23021
16525 20864
1472 16713
8452 21861
9337 12751
10158 10881
3111 6868
11660 23107
15330 19239
4615 8118
2473 6488
10430 19729
1714 9863
11441 14124
2037 14418
12300 16785
4361 19668
153 4155
7973 9808
13874 19930
6832 22569
7966 13713
16531 18953
325 1150
1773 5987
2299 13027
9354 15020
1244 8311
17876 22848
9849 20170
3162 20505
2367 4572
8930 16118
11915 15266
16619 19194
16877 18813
4026 10705
1536 12058
4458 13431
6707 18023
2886 12174
1106 2582
10049 16728
640 21818
6024 21690
12946 14458
1365 22309
8215 9840
14611 18724
289 1133
12162 20960
120 12879
11233 17404
2964 18511
1392 22614
9238 14216
19008 21830
5531 14538
15551 16218
1877 2475
17986 21091
15127 19963
13610 17820
6408 16107
3549 13033
11202 18695
2291 19877
2520 16518
2774 16978
11922 20341
5782 14501
774 14132
5452 13619
2547 10682
3960 5315
4959 10548
10796 16183
2999 9092
12451 15628
9411 18482
2181 10098
3120 11378
12983 17351
5341 16415
19190 20901
9682 12364
241 6049
21797 23018
10382 21639
477 6959
4520 11949
4572 13614
1372 12994
19381 20800
396 6774
6036 6693
6675 18019
4786 17574
5789 9816
7210 20123
10655 11425
9422 10945
8058 13264
1586 7341
8945 22285
2230 17182
6006 6131
1108 14281
4946 20132
12329 17411
12338 21956
7702 11485
1049 9853
12282 19419
3114 7910
14786 21934
16766 20295
9210 14413
4842 6847
2459 17107
151 20191
5660 20193
5245 6371
8785 22562
11916 21615
6310 9192
13389 22959
15220 19936
779 16051
7825 15968
11539 15616
4867 22051
214 5627
288 22359
9596 11230
9503 20665
7169 13797
1566 20475
6391 22599
2458 17126
11421 13559
3029 12822
11133 12809
16051 20738
991 14338
4960 22407
18946 21490
8992 16964
3229 14509
1491 9616
5643 8329
4332 17629
12114 17833
4393 20796
1178 7707
3582 4520
11002 14593
14740 14850
5338 13191
13547 15283
2742 19034
8308 22218
10183 22429
1573 8704
3898 21143
3622 18476
11547 16016
1797 10527
18637 22963
3444 9074
502 22176
5104 5478
22296 22890
7387 10632
11928 18048
18989 22154
18318 19203
6705 8708
8958 16642
194 19193
4838 14508
16136 20324
8488 10512
11912 15063
949 8704
2926 11210
14868 16055
2604 8578
268 2405
302 17449
4745 19823
2182 20462
4260 8912
17870 18198
4566 20944
1049 7049
4842 12487
6307 20929
3078 7893
1329 8624
13615 17423
21138 21879
2388 10635
10138 22025
16830 20915
1488 11670
5731 12796
7361 11048
18818 22476
4727 22263
807 823
8289 19647
18444 21647
11225 13321
559 6002
1505 5460
13127 20907
11007 14151
13704 22305
283 4746
3959 8660
275 21770
1040 9448
1685 13213
6794 18957
12852 20454
2555 18403
13279 22450
692 19847
4027 10670
13001 21806
3288 13665
10481 11150
15784 17531
5626 10955
4195 18159
8031 18053
2164 5261
5023 7204
3941 7546
188 7360
12331 19936
806 9659
14100 20957
5213 16708
385 19167
6356 20669
12538 20211
4566 18447
8421 12035
605 9100
16996 21274
7175 13669
359 5128
1723 20175
10662 13613
13309 17782
8746 17027
9550 17494
11313 14295
19014 20029
17149 21349
7437 8029
857 13126
289 4796
1799 11501
11233 21006
4535 12298
3581 4337
15120 16975
11100 18007
12541 20124
5626 8512
11647 17964
2681 19062
10178 19777
8879 20032
7885 12870
406 18864
7528 14432
20763 21954
3200 15142
16237 17720
1199 9385
6911 12787
3034 5050
788 17857
12426 23122
2382 10105
2007 9499
9925 16258
1374 12414
20562 22596
46 6711
2779 12585
9091 22129
11271 22773
1676 4166
1199 11198
5433 15605
8532 20574
4318 17845
69 16949
8733 11575
11656 19325
3080 21644
7701 15648
8854 18414
4842 19193
12770 19588
2655 12757
7713 8285
20000 20024
12220 17593
6116 19862
8210 20112
10121 11155
7030 21281
9410 13504
7654 10632
7004 17127
3850 21937
1082 11490
1574 5635
11908 15809
10252 10515
11467 20280
4526 21960
7491 19567
3510 12164
4520 9305
2848 10069
641 6627
20847 22539
2762 16083
17588 17958
4464 18991
806 17454
8058 13972
10041 11025
4935 18757
14406 14742
11266 21786
1758 2266
14320 20685
1357 11118
9730 19339
12378 18361
7730 20729
13846 14629
241 15194
9321 14564
6627 15293
1962 20126
16559 17161
4084 13545
1051 10297
5843 10436
1882 21031
7610 18476
2644 21262
3991 6326
4746 9618
885 1478
8638 22769
4453 7964
1494 6966
13518 22078
9137 21200
292 2246
10619 22020
2727 17654
12560 17415
7129 17463
4500 17957
13788 16855
7214 17556
5303 12522
11540 20385
2302 16917
11389 22162
11144 18844
7413 18019
1853 22020
4851 8983
7884 15675
3329 16848
18955 21953
11545 16401
15934 20357
9436 9901
1209 5329
19564 21536
9520 16507
1502 7391
6439 23126
10887 17127
6157 19317
4472 11594
15519 20703
4977 20973
9970 10498
12469 18005
9902 22522
17563 17930
2134 17253
1500 10911
6231 13379
423 13839
945 11629
20166 21786
7555 22821
16158 17025
2530 2968
7658 10807
12188 22516
7321 17889
18015 20459
7164 9934
3121 22776
11650 15063
11377 18996
19736 22457
7609 19818
15491 20334
10380 12923
19437 22654
11387 17197
13980 18695
268 18124
10098 21627
17104 18996
13359 17230
11383 18447
9725 17377
5523 11508
5561 20774
7292 15664
7360 12225
10224 15834
3343 20873
1234 6624
970 21157
15067 18096
16539 21600
3078 22102
5524 16630
2884 20301
1914 7187
17413 20534
7829 16655
10593 23036
12345 21992
10481 13174
3242 23106
4967 18467
9696 20263
3299 15344
5757 6484
20226 21960
2607 11783
7840 17734
5215 13394
4089 19174
10766 11451
14995 18168
10866 17436
3069 21355
3683 13964
5858 12345
749 3720
6271 21332
18606 22732
7380 16565
1699 6734
5395 6517
337 13562
7248 22550
2865 13905
6918 15871
16572 18429
1966 14062
4322 16488
5855 6316
9203 16085
465 7266
3772 14532
7413 10112
7171 15026
5518 16994
2014 18922
2221 4336
5969 9254
14700 15048
4223 4619
289 15047
16089 17163
16464 19679
6929 17522
4726 10547
2175 20857
2898 5153
751 20530
6525 6756
8716 10232
10184 11374
17708 17768
6842 15956
19039 20309
1044 4221
12636 18477
1901 4984
204 14088
8327 9612
10303 16605
8560 21053
7334 9883
8952 9282
15072 22817
11894 18710
12331 21956
1890 2163
7104 19459
4615 5729
10105 17382
6876 13245
2922 17936
665 3069
5338 8817
10755 14899
3250 22022
7148 20402
349 9781
14955 21761
13787 17820
7056 10520
6454 20899
2796 7190
6298 9564
916 12808
1080 19912
7756 8595
1940 19820
14471 21907
15086 17798
4529 11073
8568 8708
12895 14478
11795 20484
10734 15758
13129 17702
9540 14564
11943 18943
4148 20365
12373 14334
8581 15877
1344 18430
494 1090
1687 10007
14136 16996
7534 8029
7910 10942
3875 22359
16428 17301
4878 7888
2443 16550
2394 17185
2427 4209
1538 7618
7260 18358
11679 16506
9764 11046
8755 14398
14747 16734
12360 13156
5671 7330
2503 11434
22117 22435
8731 12112
6576 20288
7224 9853
3507 6798
19158 21497
22105 22142
5283 10368
6152 17057
10099 22565
5267 16605
5777 19308
4976 15926
8644 20434
8992 22013
11520 19047
13762 16996
10087 11645
1123 22550
3485 17493
1604 21603
11076 14789
1753 20996
3500 21087
10833 14472
11671 23100
11530 18937
4212 20559
559 5048
9446 12638
4727 12576
6749 7884
7756 13507
14811 15934
9142 12897
13374 14121
4155 20696
2945 20673
34 15202
10124 12587
8026 9205
21601 23002
13571 18812
2954 16164
389 7530
3306 14815
369 23091
3033 16313
993 7701
12238 18754
15125 18670
12190 18585
1482 1935
8594 20632
7369 14320
21248 21645
2383 19624
245 3778
2555 6656
11169 15432
1177 8258
19337 22306
7393 19567
14546 21497
8136 10855
21 5617
3726 10301
3922 22541
14714 21647
10302 11869
9321 10098
15067 21404
11643 19283
7087 21309
7108 7848
16743 20729
9321 10105
19193 21027
11008 22451
4148 4984
10593 11042
12472 17168
17297 20495
6813 18478
6331 17257
998 10419
6951 19450
6888 7839
7163 17501
1236 21177
2976 7682
9590 10976
3307 8317
4248 17169
4767 8558
10346 22579
4737 10453
7675 20443
9635 16291
1217 11634
1708 12567
9154 20866
14392 14467
1803 5440
5558 7916
5725 19041
4699 5309
10274 15505
17500 22154
7153 8025
9174 18306
8726 8740
2488 21115
4922 22359
3590 14398
5682 13474
1539 13686
6379 7877
2343 2394
2217 6758
1481 5580
3169 15594
993 13273
10834 19790
674 21109
8958 17964
563 8085
2710 20327
9487 16199
7633 8890
5002 19102
4281 16307
2904 15000
7414 22105
802 17034
8839 18732
9392 16213
769 10112
275 18639
11186 21378
12978 19120
14476 19484
10513 18019
9849 10600
3278 19283
9393 14509
19035 20066
500 11430
5799 7023
16676 18235
5896 21310
1987 9556
4138 14150
5982 13348
7715 9008
6407 16488
9426 12263
5505 16437
9005 17239
9812 21541
18985 18989
2513 11731
12556 21770
11558 14619
813 2507
3455 11435
19197 19526
4384 4475
5951 18092
4562 21849
535 1198
7200 19809
3683 12823
3819 4649
2343 18480
5442 11121
9696 12628
7585 11137
13870 14619
12271 19684
5371 7415
407 20623
9848 16199
4822 20190
7514 19593
10756 15715
389 13873
10630 19308
11088 17801
5990 8476
5345 8248
13842 17889
1051 9959
1416 6852
6172 8277
7654 21507
3883 19967
4179 8534
8157 20475
1785 15497
3564 17312
17542 20169
885 903
5281 15407
11533 11910
6518 19203
4175 13613
1393 9608
17593 18988
2483 21239
1362 3247
779 1935
5314 13108
6992 19423
6514 11291
508 19653
9023 20500
1328 9154
12273 16299
1433 6780
8595 18793
4189 18740
1850 3543
1500 1517
7900 16347
1533 14021
1283 22013
18296 22705
7517 8612
5459 12529
8082 19951
14261 20711
3261 11906
1379 1403
9918 15286
13321 15067
3552 7812
5041 13755
11907 16248
1502 19423
12683 13968
10275 11652
18536 18847
19678 19887
5777 21099
8289 21836
1853 16325
1549 10455
2563 9800
5143 11720
17872 20664
6008 14367
4357 7028
9158 23054
15591 21066
6578 11999
3187 9110
423 6298
13444 16450
1502 2851
18382 21513
17010 17212
11318 20615
8880 21203
13210 19773
10486 22970
12222 19577
966 22558
6922 7277
9540 10542
19110 20401
16877 19246
7799 10287
4303 9874
6557 7929
2896 11650
278 22025
13158 15875
15129 21195
10833 20389
1800 14201
3825 5338
16836 21807
14848 21346
9925 17377
11638 14229
6891 21976
6154 21940
11970 13936
7227 13071
4314 18122
19181 20603
15359 17792
2237 2993
18922 19195
12612 13744
6367 12641
3781 4805
5263 10854
6559 18545
1540 7490
19309 22670
7648 16995
17671 21454
1553 12114
12337 15598
11952 21805
332 14023
5216 21692
1703 14733
6822 22430
5361 5457
3434 9366
4127 6571
10009 11037
1810 22878
13335 14132
7840 21455
9696 21946
1182 13245
8400 18996
5115 13360
4140 19657
14796 15606
7419 14037
8612 15453
4498 9823
9310 17459
12815 14719
624 11932
411 9041
10895 20096
9863 11276
1697 8511
11684 19298
12870 21805
15910 22296
259 8924
15691 18952
11650 12331
4636 20166
17855 19423
13542 18058
1114 15714
3444 16731
13507 16686
17639 18054
10511 20867
1971 11613
21447 21448
1587 17609
17156 20635
4780 16605
580 18634
376 12391
3163 14913
18643 21822
5248 14892
8582 11724
6557 18015
1412 7592
12195 12480
2995 8194
2301 13067
5264 8531
3286 10449
3549 21742
9659 19845
7526 21004
3306 5967
1483 2777
20526 22819
2266 4737
1037 1222
5626 10635
13852 16374
7248 18190
8041 11650
7099 12199
60 11219
6960 18444
7596 20237
734 9686
11445 14715
13439 16023
8442 19526
2264 4566
1012 12587
15625 18283
8026 17554
12556 23059
16213 17450
13981 20654
7900 12383
11831 12341
2993 4535
2266 11294
18996 20176
21020 22205
2318 22986
4035 7435
4226 22675
8780 19008
325 4189
665 10847
2767 8889
9802 15547
14398 20981
749 7817
12771 12938
15598 20270
2464 6420
15020 20688
20573 21710
4150 16605
11439 13346
18608 19282
14034 15627
875 21045
3572 8006
8290 18765
10158 17756
4649 5338
928 7591
1228 3169
4021 19233
4925 6427
1192 14043
8475 11290
10141 10151
5039 17043
10094 21269
16917 22626
7435 9562
2771 20914
11284 22528
1233 3592
14730 19404
5658 13389
8945 21006
2240 18476
7279 14219
1890 2507
6919 9060
5309 7214
13278 14700
911 2285
4681 10965
2266 22556
5431 21810
6391 7619
7953 21689
4730 20066
18960 18990
16771 21300
17607 23004
2632 7153
21292 21649
5187 16304
2221 12778
1187 9215
16617 22732
14992 21746
4317 21690
9911 15923
9560 12786
734 8073
11977 14886
9475 14963
5889 13120
9005 18010
2462 5338
4667 19215
9213 18719
14776 16569
1719 14336
5708 14517
5283 10807
17969 20932
950 18777
4729 11144
7841 19109
21551 21848
3096 12830
11233 16605
3326 6351
19181 21085
10676 15267
7347 14200
19408 20106
11910 20320
1293 4715
8266 19524
5975 20578
1528 1959
5602 14066
9248 14983
8148 13648
3575 13300
2462 14328
13200 17734
4615 5283
3986 16615
9096 9097
3532 6942
4871 6786
8667 15244
9456 15039
5660 22359
957 20081
2272 5338
11514 13065
9361 22252
4941 19593
8361 9040
18338 19791
15215 21956
13107 15158
5530 14507
13191 19050
457 1412
4484 11883
16031 22102
10594 14070
85 20411
6444 10138
8452 21504
8831 22280
18662 20873
10476 17372
4706 14745
3085 16170
14656 18144
17586 18420
7642 14540
179 3332
14700 20211
15616 16605
11927 20170
693 10938
6601 17528
7054 9054
7035 12449
13625 20294
13127 18517
9195 11891
5594 13877
11734 14730
477 4619
8514 10089
5346 7525
2769 6497
16628 22883
4342 7757
4391 21770
5555 7699
16286 19197
2758 10520
16649 17420
5740 22572
7001 18479
14398 17962
5427 16207
13659 18818
11500 21490
16970 17957
2911 20320
11274 11754
13252 15638
749 7740
3565 18972
1303 5896
15079 16635
12891 22590
8910 22943
11432 14324
1500 1580
9214 21391
2985 7961
13528 15955
1725 7503
2925 13863
8658 14504
6750 22825
12318 21960
2182 23069
19303 22359
8277 12547
4973 19387
18135 18159
1291 21728
21534 21674
7804 8635
2741 11782
3576 15216
4387 11927
961 5094
14410 22821
1493 21151
7627 8956
10154 12031
173 8442
5293 16869
9842 10788
7534 21112
7984 10299
988 5908
3368 11716
5744 11273
605 22797
9342 11579
11323 17499
6817 22256
3092 20531
8764 17066
3466 12843
11294 14785
1031 12773
10723 19782
8437 18067
15779 20455
8267 22349
2883 7160
7165 13698
5173 14124
11938 12166
14576 17184
553 7447
3317 13171
192 8769
1144 5861
10676 21975
6185 8726
571 7985
19450 20698
3264 5590
6459 9218
6095 8550
18818 22798
9881 11950
16922 22848
19837 20588
17429 17512
10105 16008
2316 16039
11771 12362
5675 19458
10049 21315
11520 19245
5527 10233
6914 18655
8745 9503
5333 8540
2177 13293
4173 12274
16111 22222
874 7405
10096 11239
5738 21450
18915 20659
6405 17858
5912 7955
737 2394
8992 12891
4672 12952
8809 15237
4139 22868
13940 14210
10191 13972
775 3482
4727 9078
8125 22579
11977 12410
5250 9077
18416 22231
10914 14819
7350 16338
2559 8524
7799 8823
7877 10109
14995 20240
8949 22358
12961 17121
11463 14700
13720 20902
2615 4157
15486 21420
10376 21845
326 22616
6154 15713
5440 13986
12097 16737
2554 6497
9321 9325
12232 12245
6278 17004
5292 19697
2229 12015
9532 17103
7631 11700
12143 12791
3011 3726
4195 9960
13818 15651
5094 15497
19862 19897
7141 22562
20394 22715
18524 23055
20232 22359
1505 18382
10790 19683
9142 11948
10725 12990
1712 12139
8709 8832
18810 19176
1220 11650
18948 21133
13251 19359
11978 19317
5367 19831
12547 15551
7463 18476
18933 19954
4503 4953
15662 22599
1053 5858
1049 8510
192 14770
4751 13482
14398 18454
21927 23098
278 4796
301 5985
4745 22430
19849 21892
1517 22118
1054 1331
10054 19467
7348 17774
4345 17870
11470 13229
8626 21938
10387 21919
8704 10382
8563 13691
4961 4985
10377 21157
1800 17322
10833 16964
4259 17666
5599 7451
4249 22527
3635 10038
8466 14582
398 20819
455 2765
11431 11912
118 6122
5132 20133
17936 23026
2077 5510
4819 15178
6119 21307
3013 5851
4936 20688
1220 11239
7793 13182
571 6498
1505 14553
10081 18590
8969 16313
2794 14953
6739 22644
5398 11851
6606 6616
4561 18603
1543 18272
2758 10010
11086 17399
1333 2443
4371 8857
17420 21745
8207 20211
589 17391
896 5706
392 14468
10965 11044
2109 14930
11782 17186
21478 22102
15572 16153
20826 22123
1185 21355
292 7405
4683 14209
8957 22416
13653 22907
13122 21828
10261 16605
15217 15227
5590 7698
1444 22562
12223 22579
12935 13765
289 17449
16107 18771
170 7974
426 18892
6768 16721
1117 1119
800 10659
10765 10900
182 12827
5399 10401
2311 4430
3498 19327
8093 19311
4039 18875
9073 10730
8768 21654
6854 16809
8947 13696
8605 21075
12367 21192
8482 22279
6847 12342
827 17157
5175 22204
11355 19679
4083 13486
423 2065
9464 18629
10769 21062
9061 13879
2266 19211
18420 21944
1020 7635
3548 14852
1717 15421
14046 18736
734 16605
1901 19431
10653 16224
9648 21393
1995 15603
6992 23098
4135 22001
9598 10884
8104 18041
8293 10218
15398 22189
1295 5256
18094 20108
22295 22911
4532 22541
7295 18328
7107 8892
18784 23106
5551 20320
7030 7517
18795 20971
14977 22683
6955 8996
2532 22963
2163 12961
4345 4913
8442 21424
7563 8252
2522 12994
13830 18185
7054 11276
3922 10627
927 20126
16465 17174
5675 16376
11144 12808
10652 18543
11431 11914
12994 19789
1926 9517
16376 17151
4554 12585
4487 5000
12159 13634
4567 22745
656 10346
2762 11115
3129 5342
648 2704
20664 22542
11950 18733
1175 18759
13866 16248
20940 22207
12836 18854
2898 22463
1815 7360
7329 20651
12337 20916
4973 16796
1965 8791
5788 20340
2443 17191
14993 21960
6607 6612
11912 17579
303 3085
1353 2733
17678 19414
8289 10134
8630 11883
1670 19216
16570 20855
1538 9807
900 7671
2715 11641
8106 9297
5931 18458
10873 22602
6961 12978
6096 10942
3891 11629
7780 13808
1518 18406
2315 8370
4843 10404
2621 22155
7867 20340
1473 14047
10553 21259
10151 18302
2079 12672
5023 6774
4795 12768
10915 19723
12551 21507
9559 22821
10261 22831
1599 14429
12823 19791
492 18117
3291 9781
742 1435
12694 13960
2234 6329
252 12620
16134 20907
880 3005
3391 10139
4000 5027
3592 11277
1251 21643
2033 20838
5023 7718
3062 17857
1825 16648
13634 14593
13154 22773
4566 6340
1971 20887
3366 15606
1204 6771
5670 21148
10328 17982
15266 23106
6391 18293
12598 23034
2182 9062
2014 11888
1251 10224
12375 16348
7944 20096
14090 14709
3085 13989
2293 12913
947 16395
6467 10955
11751 18996
3797 9937
7538 19513
1500 12341
12839 18472
4780 19193
7336 8920
10517 19480
6618 7303
11932 12331
3561 8031
5366 17348
4011 7415
5227 16895
4173 8750
3111 15798
13255 22646
3181 5166
3883 5295
10872 16464
17532 22601
8047 15256
288 11930
8618 21579
6395 22496
823 10491
10598 11319
346 19063
5069 13846
16465 16477
2643 15784
4217 17889
10104 10796
2472 14993
14179 23055
5721 10331
6141 18006
3049 16922
1506 16605
4000 5855
4417 14392
3444 19711
6241 12774
8051 21524
4833 20393
5129 12498
10887 20445
11673 17212
2924 3649
11262 15944
2758 22316
7713 16752
3572 5884
14951 22296
3436 21082
11147 12336
509 14552
16609 19507
10391 11519
4522 17227
964 3284
14868 21314
2194 2302
16398 17873
13086 16128
3491 7726
964 4702
2360 9198
16589 18142
22541 22565
14164 15806
4355 20667
10464 15641
15714 17036
11651 22093
12797 20760
8758 23026
17964 19320
14579 18874
13428 16448
1573 19930
283 393
2968 11650
989 8704
3024 20903
13767 16645
8058 15807
17207 19897
17870 19584
1878 18275
3676 5287
7893 12415
12331 18272
14525 18551
4540 14837
1720 3354
6549 12031
5826 9188
19320 19453
9081 13228
8086 23124
1996 4386
19763 20369
5095 15104
9493 14958
4647 15806
70 7776
10068 12585
133 20664
15079 19684
2706 15421
316 4125
12155 15041
3816 8568
10195 14042
10273 21928
4130 11177
7489 16341
3231 16477
12013 20170
11763 17177
289 2898
5135 14132
1060 16389
17425 19739
12300 18892
18447 22323
1231 5149
15662 22015
1233 21427
3737 16717
8020 17706
13071 15895
8694 15899
9081 21224
8575 15793
1008 6421
12015 20002
6096 20932
14756 21585
1446 9305
13089 17901
4212 14411
13431 18030
3590 4513
3002 3772
5788 20289
10346 15346
4862 15748
8588 17601
17199 21993
100 6691
18993 21483
5683 12048
20708 20981
7107 7451
7341 18412
19497 19510
14174 17889
56 297
3019 16947
1632 2459
19041 19755
945 5744
18165 23031
7528 15999
8766 22350
4293 4944
6622 15008
9371 12947
11239 11654
698 1594
1785 3858
13300 21115
10994 17017
5584 8680
5152 8153
2294 2882
1342 16770
13067 22602
17049 18219
2332 18772
7424 18996
17559 18879
169 19605
22258 22887
6583 11782
17535 21994
8855 16508
275 12696
7517 15895
4099 13443
8825 9721
8456 14899
1890 11816
7947 17046
2513 15739
10441 12031
723 21446
13119 17253
12120 19197
13965 15891
2964 8440
20015 22427
11378 18960
18707 21513
2208 16794
3613 16758
3484 22656
2148 11016
12770 17116
668 10138
2312 5261
11914 12435
4175 6688
14653 23028
4615 19493
3941 4086
14957 18290
10681 21571
1408 16830
12785 13022
8119 17767
16408 22740
9006 20967
5222 18224
11081 14820
1963 2109
13403 13471
3748 11135
1443 22635
1920 5104
6038 13988
6356 9217
8387 12019
10910 12823
4935 19010
14957 19238
15859 18294
710 16942
349 10011
16413 20578
8026 21539
7544 22967
14760 16982
4861 20411
7851 9061
7841 16728
6494 8267
1906 3514
9721 19045
5159 13139
9385 9887
16227 19222
1775 17321
286 17302
316 4739
2361 8574
5799 13259
11240 16083
1083 2981
6391 13315
8361 21939
411 7619
2282 12962
459 19815
13321 21557
439 17176
7793 13648
3350 7410
5348 15742
8231 17886
1462 18333
9791 20035
1515 12398
8691 16196
12337 19903
2777 12344
451 13601
8148 8467
12646 13761
3094 11233
7144 7145
11324 11383
8358 22757
42 8346
2221 17999
14223 18687
7030 17734
1722 21137
3194 8907
12626 13144
2442 5983
11235 19847
4564 10559
10747 22471
8870 15302
2945 21960
7482 8606
14778 22453
3954 5519
10105 20847
10912 13579
477 19362
12907 22724
2313 21078
8991 20513
12165 14899
12360 18382
8404 17815
3429 8062
945 6479
16664 20914
319 14451
5761 11760
3873 9230
9596 12046
2030 16565
14138 19954
10252 15774
21819 23013
8612 10682
9040 13015
14286 19839
9935 13755
3262 22226
10728 17014
5497 15688
4918 21013
11312 18924
3060 12165
10980 20639
926 4763
1583 9991
10391 16221
4796 20559
938 15073
2361 4345
1146 9708
1156 10105
2798 14970
8787 20344
6757 11806
16403 22195
2780 3486
19131 22605
8239 18104
2447 16722
5308 19127
12005 20126
1616 15543
4003 7900
2139 11337
2506 10449
19131 21210
13130 21016
7528 11144
11412 20977
11215 17444
1008 1486
7148 13538
2897 20772
3514 21144
5126 14173
4312 22134
6902 15604
3245 13215
11071 19101
232 3307
21070 22522
2786 13374
2194 16605
16660 17851
9766 10091
3820 22183
635 5143
495 21055
12795 22542
8267 14398
3380 9901
14386 21728
11264 17160
1761 4828
9236 17013
4754 7742
10503 13191
9193 22072
1372 12684
17201 21753
12385 19735
6198 10098
8326 15228
1839 6536
9725 14203
4045 11921
1407 17860
6095 22566
9781 15738
13474 22263
3070 19753
27 2981
3135 4421
15232 22430
2915 20665
2759 12907
6455 11959
1500 11932
8060 13046
4645 19821
1545 12394
19227 19330
10832 11650
1621 7937
292 10237
119 22736
21153 22341
4811 20229
63 10151
8266 22652
1979 15450
13835 22530
15784 19284
2769 3772
4677 6405
9439 19455
819 2767
3019 7515
15720 16589
7452 10173
3913 17483
12995 16524
1115 6356
1419 2945
1192 12116
14070 15281
3126 18795
6395 10509
4390 17999
12203 13390
11641 11650
857 5115
355 14207
119 20193
4727 15118
13835 22973
10050 16969
17474 17570
5136 15928
9771 14403
20493 20526
11650 22529
1553 2766
3798 9015
5430 17528
12614 21761
1577 10542
9185 15704
4746 7156
3727 11568
5329 10635
1559 17079
3492 22205
16891 17941
9874 18639
539 1478
4688 21341
7456 20668
10769 12809
18773 22181
2353 10183
3163 5879
5421 6925
4069 15966
1308 8904
16016 16524
1220 14320
10391 21605
2776 7957
5858 17014
1115 8490
7768 13661
11169 14737
6200 18381
3879 16663
3111 14787
8370 18272
6692 7190
2261 7092
3275 10271
10624 12463
275 19452
11178 20017
5541 8969
1131 9115
2695 16414
14367 17205
1493 2663
10083 10682
17176 18996
1537 11914
4120 22525
8688 14166
5277 8866
17780 18885
6577 7834
8667 19332
2392 22463
18631 20455
3167 7671
3401 13182
9351 10581
2631 8454
382 18328
3896 9625
15098 21604
656 5596
8556 13252
6231 18979
1920 10887
1753 21333
5991 15688
742 2582
6847 8194
3507 5607
8712 17506
2951 9273
5531 7089
11211 22014
4475 10158
12233 18889
2282 2559
10467 11675
2213 13921
13546 22392
15133 22226
3974 22202
1785 3205
10847 14450
8697 12566
7775 11319
2776 19693
7264 14405
6312 8796
2779 3606
9152 17301
19903 22104
15233 19721
9646 19362
2599 20219
3029 5088
2732 5478
11228 18879
12822 15934
7719 17911
13839 15828
19452 22457
8653 21537
3013 9021
14829 17404
12525 16114
3511 14162
8055 15092
289 11925
1172 21093
3385 22241
11294 16535
14428 18608
14686 19006
3745 17911
1284 1679
7492 19025
17372 20481
2745 6722
233 3077
11688 19599
66 8996
16243 17587
5855 21244
3049 7051
5990 6045
3965 17564
7689 14292
4173 7582
2996 12019
10270 22214
938 6331
9743 9936
6755 10515
10505 15751
747 20818
15246 17109
11932 12576
1513 20715
768 13463
13928 18566
17877 22212
996 9403
14320 21842
14467 15513
13602 18597
8292 9100
10553 14604
11898 20255
1750 15873
4387 9206
13765 20668
12883 17460
15732 22118
4173 7463
8721 17315
11569 19903
3590 7030
6723 13451
85 10982
5203 9668
2662 16282
3502 5449
13618 15411
10382 10582
8119 19459
1541 18635
10700 15000
19257 22112
13554 21266
3625 10023
9193 13577
3273 17447
5382 19392
7392 10854
1007 8202
16514 18369
6267 16077
4731 11487
8704 19006
740 22516
14126 17837
11996 13103
612 17227
11276 11427
4311 4977
13107 22563
6496 20907
7610 12393
5283 17962
1083 13274
12866 15061
3696 4498
4554 20041
11858 13186
1568 5530
5814 13048
4038 6164
10694 15215
3148 8159
289 2550
18961 19586
13269 14022
3385 12403
13858 17250
289 4301
288 12767
12409 13869
8815 19991
13618 18863
5257 12324
6260 6351
16004 17481
14661 16605
18253 21336
5338 8741
7180 11779
7697 11634
6050 11544
1559 18873
4484 21459
18122 18447
8833 14595
10183 21483
1233 20346
12665 16271
11218 22819
4584 14513
9083 13632
9312 11815
6672 15089
5835 21507
5777 9959
4545 18177
6573 12996
12004 12490
6452 9808
16587 18635
13528 14126
11130 14053
1107 6886
2624 4069
5682 13182
16932 20089
14262 17164
3328 15406
289 15620
2038 6318
5699 11147
9205 16460
10279 12947
2264 7064
10129 10478
6605 8209
12035 14593
581 20389
10002 18512
12024 13625
16184 18642
11980 17748
1764 11733
4615 15643
8159 18180
1195 20004
2553 2703
6701 22104
10273 21895
16433 17066
18526 19305
36 3746
3696 16662
10161 14533
4775 7777
3446 21407
1145 1339
6665 16384
5941 17531
16882 22694
16971 22430
2554 17398
7758 14403
286 1225
3551 22579
9307 9585
11386 12010
9510 17176
10226 20069
10513 13311
1648 5329
5795 14751
5896 22301
695 10751
1814 14678
866 11912
4566 22341
16434 21828
1784 16963
10129 14839
67 3759
7699 11640
15000 21413
13178 13448
10207 11406
3466 19849
6797 12628
5952 8401
3428 7687
281 11696
695 16825
7710 11228
8199 21346
13627 15567
12589 15187
5673 10162
12573 14592
3046 13645
1800 10216
4385 5058
7426 8032
911 4120
13904 18729
15058 20089
4054 13805
8917 11087
12337 15266
6457 20263
5059 19464
6189 22922
12105 21349
601 19142
11806 11807
2680 11640
11650 20211
17563 18500
1583 11937
8839 12138
7154 7998
10476 12977
1955 3485
4604 6925
2777 14611
12898 21203
5836 10840
9545 9909
3486 7672
3549 19021
5818 16629
11910 14284
1280 22579
9721 21649
12688 13557
11670 12830
15978 22359
4802 22212
9934 20853
6085 11932
9525 13542
12122 22238
11539 16670
21346 21775
8595 22767
4596 19143
5222 10098
593 22456
595 23054
2215 6453
3357 10676
9214 20980
13885 18392
12024 17994
1658 12916
13727 19418
14473 16878
11629 11929
17889 20664
7347 15293
2455 18800
4317 22929
437 17539
18128 20669
664 5649
11287 19707
3959 9100
6579 10238
887 4316
17817 19159
13493 13805
3279 6506
818 7608
4192 20907
9385 9432
4775 19212
15899 22331
4560 16274
4033 21230
14542 23054
12924 16732
3940 13647
13376 15324
5569 12300
3412 19784
288 17312
755 875
8116 16286
11530 22008
10430 12426
10084 14336
10482 11104
19075 21326
737 8271
6541 14215
8677 18329
2706 12957
4823 13687
19 1622
1670 11888
1519 10827
8855 21279
10094 14611
12952 21956
3551 4746
5692 19950
4754 8472
4748 8180
598 17285
3108 9219
4729 16651
6876 7030
8061 10554
1149 5773
2220 21491
17378 18239
1557 20666
9385 18192
18989 20479
3009 10104
14222 16534
630 8289
605 14360
6547 10406
1473 12319
13110 18067
16581 22517
8661 16134
2507 11643
14614 16565
6143 22077
11821 21480
9007 21693
3300 15958
6934 11108
10112 12399
20664 21642
845 21853
2537 16473
6273 9098
1366 12876
11824 13366
787 16213
4118 4840
15219 15864
1410 3140
367 12109
5175 11651
14619 17936
494 3838
259 2587
6096 13879
5841 11276
6452 9807
7160 20811
4780 7379
10937 12886
11762 11763
7587 14753
9275 16951
2005 6510
9213 13874
3590 3959
4859 13062
223 21063
1655 16670
7839 20886
18528 19070
3084 6391
10651 22798
4089 20457
9000 9238
7957 13483
2597 21960
14109 22102
10807 21072
3747 12127
13896 14293
5399 15714
8912 15079
12523 16209
2629 10449
10980 14338
15047 21319
6858 8385
13383 22945
11751 15075
7963 22384
509 13738
18469 19707
15567 16520
11168 22850
899 1083
16773 20695
5541 5976
4035 7506
11223 17163
482 21542
896 20371
11304 19771
1816 9312
12319 20738
1198 15447
12331 22544
12308 13285
12032 22759
6809 9298
6691 22530
19199 20392
691 7542
6190 14296
1800 10642
3192 18075
956 8833
9354 15268
4399 15127
16393 16947
8179 9451
16237 16648
10709 11849
17651 18551
5726 22542
7884 19971
10600 19876
2280 23036
5564 11665
2088 16191
6418 16933
7627 16932
5345 13111
9003 11915
1085 19193
9816 17370
9628 18968
20897 21465
2762 19716
13976 18831
1662 20509
11202 17590
6319 16375
6000 20158
15120 22948
6910 16018
6107 12106
5743 15388
4822 9201
14496 22054
8321 11235
21144 21956
7163 17570
5674 13109
259 286
6625 7252
2825 3903
14757 15220
1716 6344
6925 20281
3092 4154
579 9625
4323 16428
14367 18332
2553 13668
2188 3866
14506 17941
5944 10247
7004 22457
802 21634
1237 17855
13634 19303
5858 15020
10271 15020
10947 17964
6437 17583
4796 9337
9107 20565
19197 20855
6787 7517
2279 6616
1800 12587
263 7360
19650 20532
6582 13374
18036 22620
5657 6730
4989 13114
13903 17678
2329 22866
941 21679
2891 20046
8051 22562
15407 19936
2632 5677
2199 13950
2334 3582
4398 10098
4670 11305
13163 16605
1008 1203
6996 7701
4149 5346
4840 19195
11771 22476
2067 12882
17090 17571
3075 4876
903 1500
1003 12108
10382 12585
12514 18028
20320 20802
1718 12787
6557 18191
5782 11913
12188 17291
6880 7476
9740 12523
17734 18275
13793 17322
4615 11276
9203 17358
1987 8864
13431 15359
3020 8268
6876 12823
18439 20628
633 10705
9151 19952
4842 11654
925 12587
15771 16743
807 2762
769 10108
3852 8416
2762 8266
280 19414
11640 11650
10050 21956
17614 19450
2347 19820
4051 18341
8825 23086
11268 18280
7188 21219
5729 7494
2266 7695
9358 21718
15116 22216
1688 12614
9293 12108
1722 22826
6032 17661
6813 13998
11915 19203
6896 20534
3978 22363
7795 15026
7029 15970
2999 13474
2794 9849
4566 15365
12428 13291
289 1022
15998 22720
20240 21953
10760 21316
14095 17437
1814 7555
12523 17889
3551 8470
15299 18844
6192 18691
3799 23021
20127 21163
1517 9138
9909 18802
3774 7219
6096 13972
11643 15058
7477 9364
10104 19232
3499 18239
2007 20980
10314 15368
8380 17226
2361 17870
5594 14170
945 11919
4304 6597
3761 4740
11038 17846
8285 20873
12345 15020
3860 21701
19677 20742
19245 21728
18681 20861
1444 3959
2762 12014
10067 14816
3499 19129
6525 21060
1266 9450
4037 10859
20389 20963
13358 18447
3716 12791
6673 20853
14757 22541
1785 8831
4960 13690
10593 18480
1558 17371
19567 21283
17756 21916
15874 21950
1902 4958
2290 8610
407 3770
4029 21535
7163 9270
6966 7392
15786 16465
16550 22029
9387 15260
122 4928
3385 12958
3456 22839
8613 14753
4118 18601
4888 8887
5457 18946
1430 10918
20917 21303
8649 19965
3385 11288
7079 13103
11137 15174
11404 15555
4238 11286
3072 19513
14197 16990
15264 19918
4954 16862
7670 12318
6618 20067
16299 20497
6740 12466
5757 7969
8843 8887
12602 21313
6494 8234
3551 6604
5382 8004
10368 16338
14687 16234
16605 18280
19230 21116
3942 17568
8952 17850
10786 15518
11923 23022
4912 9393
10105 15446
13647 13803
1882 14947
5466 12147
4318 7107
1502 12107
1002 22819
5329 16048
3379 3864
4861 7343
19834 19852
12093 18939
909 5188
18999 20240
7843 19398
618 5610
8361 10574
1815 3404
5261 5303
16103 18369
7105 13247
8194 22463
11267 19893
440 4753
7654 14222
2541 3055
16863 22798
468 22238
646 3376
2194 18382
9696 10277
1785 13182
10578 19393
10112 22142
11794 16415
624 22457
12587 21288
3583 3780
650 8940
15137 16618
4156 6257
7590 21977
5083 17410
12683 21675
7168 19930
9362 17043
1882 17889
15278 21631
2306 12551
810 903
1828 11660
14756 16090
7298 9664
5371 12410
16888 21955
5358 14648
1202 15596
15666 15757
227 21881
18894 20876
2376 16051
18072 21507
9869 18289
16 16847
2315 6248
10143 10213
792 4115
11282 20067
2841 13991
4472 14721
1106 6084
2945 10980
2745 12379
7664 8721
3244 14710
8741 22284
16769 21115
3971 5525
16413 18050
4317 14320
12878 23106
18346 22231
15856 16346
8220 10724
7114 9316
10335 14963
1437 13686
13557 13697
2134 7026
19337 21931
1877 9203
12168 20752
2507 19238
13907 14630
8380 18272
17405 19831
9455 19347
12980 21325
2944 7829
11552 12083
1500 14541
14858 22497
5132 14655
2362 18941
8604 13897
16405 18911
6822 18007
9519 14719
20810 21685
481 5618
9170 23106
11478 18996
14555 17100
3107 6868
7627 15676
20833 20901
8738 14856
10183 20211
20170 22263
13247 20081
3740 14615
3810 4949
1900 5346
8754 10124
9423 18323
3219 21147
6335 17250
13156 18382
2794 12675
14916 19499
11268 22025
8945 11278
67 21586
5007 14332
4822 9649
9441 10234
8839 10493
1101 8286
9270 15919
249 318
3572 9226
11400 20655
8280 20802
994 7421
938 3429
21545 21839
11562 18041
10543 14671
8257 19582
4832 20692
15925 19773
8568 10382
5156 20959
4264 9455
539 11033
8992 14477
6706 21642
5382 21882
875 1485
19903 21197
198 706
10952 11634
1477 20458
17130 17164
11627 16236
14520 17460
2017 13417
10358 18467
9928 13599
8348 11194
2553 12268
15266 18645
9221 22170
6694 10021
10301 16683
12704 22213
10491 11487
2153 22883
3716 12143
5365 10218
5668 19531
10082 19689
13419 21604
15455 18922
7592 8763
3434 4940
7454 21394
2266 16535
6856 11340
9000 12558
8945 13647
1353 12302
20635 22430
6417 19703
14367 18331
2189 19599
11047 14823
7101 17434
5763 10382
4645 17436
19988 20211
3470 16154
192 10783
13388 17251
8737 10619
10529 22886
7264 9974
7076 9700
13370 15696
8873 22996
5422 17217
5683 20474
14162 16000
3391 6518
15447 19936
6045 12815
14897 21840
781 823
16889 18476
3178 12629
4084 15792
2342 3986
974 5225
16455 21449
2846 12535
10831 19285
1853 22996
1146 8589
3412 18485
15161 15372
13173 14204
13773 22936
1507 3576
10099 11650
5799 14506
17518 20159
9220 19791
3311 16209
1681 12035
8006 18019
13071 15109
10688 15757
455 1574
4099 22025
11226 11650
5393 22805
1220 11654
12650 20271
11798 17139
9007 21732
5990 8153
18153 18979
11932 20649
7372 22895
1491 5799
5818 10596
1071 4323
6822 17126
6013 15208
5507 11011
635 6692
1211 3239
169 20834
17866 21536
241 21279
4991 10160
4615 21000
7422 10484
197 11869
3938 13773
7536 21680
1689 10671
8769 14588
1271 10807
17596 18582
5246 13139
4999 13658
13461 17217
4578 12379
6967 15616
1539 16206
14413 15368
2229 11176
999 19992
4317 17343
7253 23106
11910 21177
683 3078
15663 16766
3235 7719
6329 16197
1994 10110
13543 16823
12898 13710
8268 19207
5602 19423
12966 17182
17700 22562
6531 23122
6694 9060
1657 13850
624 12952
13242 19009
7454 12317
4470 7648
12969 20775
5208 6597
12408 22541
9721 13230
290 16891
5835 8005
5635 11102
1321 21836
1191 21516
751 864
10005 22062
11922 15093
12530 17198
3231 14073
7282 19793
21513 22644
6875 18221
12907 18021
11247 21973
3548 11945
1220 16100
5143 15616
21649 22424
7998 22385
9136 19966
3036 22954
9690 12072
5717 20164
7976 15211
213 4796
2935 17475
7301 9807
812 1502
13808 16853
17332 17712
18431 20414
3199 9909
11167 20625
3737 5707
12822 18080
3344 16105
14977 18328
4635 21725
9123 14302
9095 18484
16928 19252
16365 19229
9122 15943
4584 10134
2331 3510
10158 14487
7900 22365
5350 9829
7062 7902
11199 14035
3847 4955
8361 10125
3788 10436
21429 21450
14719 21829
14669 22819
8378 21469
4566 21280
2766 11431
2554 9195
3545 8420
115 3937
4521 11054
4255 20707
12696 22636
3066 13463
535 556
9915 22147
5609 7490
3891 11613
8246 11926
5599 11859
14174 18644
20179 20596
13044 13874
19229 21812
1263 13360
12549 16186
11878 15131
11851 19684
13524 13637
19014 21532
4208 19771
5253 6545
6229 19025
5408 12973
8293 13463
3714 4517
6593 21965
12469 23042
2798 17758
17500 19460
12083 13087
9174 21950
12408 12587
14711 18831
2196 4929
7347 9073
18050 18784
288 10887
11925 16287
14032 15395
552 19398
6300 19863
4845 13031
986 10476
8091 14138
4977 7516
1845 14889
5839 9297
974 6509
4245 5358
17923 21953
14992 18338
7634 9313
6767 11276
5646 8474
5594 6999
1882 6939
19074 21316
5527 22456
7054 8398
5267 11909
14057 22541
371 5074
5110 11485
16682 21276
19006 20316
10364 15235
4001 6077
3738 11843
10094 11734
1814 17296
4949 16040
1839 17332
5082 19362
7021 11818
9085 11493
5841 9505
16202 22280
8800 9319
9540 11258
3502 19718
947 11155
2496 11401
2361 13387
3810 16880
352 4578
289 22525
411 10827
1485 5914
1761 14127
16638 17253
72 1644
437 3606
2246 21848
8692 14203
1023 1574
1326 12298
810 16007
12438 16524
19671 20623
1922 15346
1902 12851
10920 19333
14263 19443
5592 13869
7212 15072
1940 17268
8855 11059
10094 20610
11205 13374
10183 12650
172 13747
11571 22139
7874 8919
13293 14485
4829 11726
1553 7314
4397 9142
5692 10887
14979 22249
9792 15266
3181 13945
12857 13667
12049 15732
3444 15752
3310 6008
8380 18347
16132 22436
10205 12202
13204 21602
6204 21706
421 13493
7128 14756
3239 15325
186 4646
11094 12154
11602 14714
5232 20586
5707 19197
5124 11268
1051 8421
2519 22366
11877 12046
4724 5051
101 10721
11585 22919
8283 20604
8248 19047
7027 12041
5432 15678
9898 18463
10634 15511
10789 20113
13306 13455
9666 19784
1160 13446
4168 22838
10632 20214
8462 16815
8057 12891
1491 15719
6272 10184
2555 13788
14234 21398
1137 9203
491 11315
10083 11463
2439 4714
5985 21069
13805 22996
13472 15378
4231 19083
2485 11118
3408 20857
4765 18476
11646 16507
4221 11926
15020 16651
4264 8307
11852 16707
768 3305
548 13368
4387 5283
2510 4170
2779 19941
5532 8534
5205 8874
13451 14616
11211 15300
11302 17200
10094 13934
173 1578
10659 13074
15939 16605
12675 21070
7318 11932
16400 16406
18159 20693
5159 11651
4128 6724
1233 11881
14246 16031
39 7192
14153 15959
12430 19448
4629 17071
11365 22845
8529 20228
914 18447
11634 15235
13557 19967
13720 19388
11271 14334
2976 15822
7973 13878
5537 5541
14365 22379
8489 17217
2779 6472
3078 13852
737 7004
3633 15804
18036 22064
17977 19350
7509 21022
13619 17457
965 7721
1502 1556
14552 20460
11140 21762
5315 8764
13451 19140
148 5384
9535 19306
313 12873
6648 11037
16790 19046
1503 21170
9045 16282
6368 22825
4260 22353
1491 9458
8329 14785
11294 11562
2097 22267
7049 8100
14000 22845
18434 20740
7619 9838
1813 7519
3478 12709
17399 17961
4210 11225
11861 18996
19567 21289
7610 17883
278 10198
15192 15498
12975 13969
1801 1943
8983 21777
800 13074
5431 18447
7627 19529
4566 5382
6050 7273
9580 10652
6968 7919
9415 11037
1919 20495
7338 13427
16 19815
1521 20009
3063 20226
11827 18834
7141 10730
9540 14148
249 11956
229 1408
14649 16642
4055 14485
4938 17941
7429 12893
2549 22611
2937 3902
5809 16575
14313 22449
7627 12514
14038 21649
17135 19128
16496 17392
3898 6638
11645 20211
7408 19819
1849 9209
318 11956
16498 18320
5707 20758
5555 17941
3572 14627
6304 12683
8335 19381
15812 22167
8254 14752
9081 18853
3569 6514
9103 11266
640 7522
2878 7360
7611 8326
5071 6122
15806 20901
13073 22967
6790 20262
184 10526
8616 14776
16977 22728
16531 19722
16611 21501
11359 14430
2129 22525
9748 16752
10044 15173
14588 15458
10384 15196
6706 14314
10265 19036
10487 17531
4615 9525
1679 5990
1601 7317
6387 17889
21005 21059
11228 18041
2642 22601
10224 14095
19148 20648
7675 18290
2279 6574
2766 23081
1316 5459
6305 15181
4984 15497
3768 19452
1491 8370
19870 20595
13765 17766
15081 18988
8796 10782
6110 20635
657 12946
12105 14369
15733 15830
4775 13507
7287 12811
3244 18382
7168 20324
9849 15464
19871 22503
18502 21324
52 12650
5408 12913
7490 12338
7818 20126
177 1800
10184 11637
1583 19764
3074 16711
7490 12050
2953 21524
11744 13846
10127 22920
1999 15479
14836 20992
11078 17465
7125 13843
1854 5008
657 3611
5346 17627
14527 14678
8293 16519
2759 15683
1636 20146
11333 20213
2500 8252
6356 20124
3010 3419
14412 22045
19035 19105
5617 10496
213 5411
6351 14819
8766 14594
5997 11683
8729 12803
2340 18620
12331 12823
3069 3832
10082 20067
14298 15427
1359 20698
4535 7794
14854 16554
4842 16348
8002 22357
826 21770
4628 19396
16718 17876
7391 14441
3368 14195
8563 19239
4090 8831
4615 9858
2838 18057
8895 22403
7995 11316
971 5766
5143 5898
6518 9440
20053 21513
344 4241
12612 16077
7610 13735
13478 15120
12213 17899
8315 21625
159 5726
494 6356
9416 9660
1836 21991
616 2266
4125 21041
11926 22137
5124 11652
11631 17884
11460 16207
10372 11656
5375 20817
1451 13826
6777 8611
1704 7210
690 8123
5395 16477
1594 6296
4038 20103
5610 16554
7745 11837
18388 19131
17233 18972
16200 20873
8647 11966
22212 22222
820 16378
9533 10106
874 1121
10257 19149
14833 20894
4276 19090
16704 21820
1273 7509
2898 15236
19151 22015
9715 15237
17015 18630
2311 8433
7734 12030
17471 20823
53 1500
2348 19689
70 1978
1389 8748
2424 4411
13340 20981
2981 20894
8879 14611
12873 13081
2575 14669
700 20825
5819 20325
1407 6998
5363 10806
15127 20867
1457 18234
10965 13774
2215 4335
8534 22628
8063 12524
3245 4238
1902 12919
3456 15940
6368 11395
12965 20107
8956 14649
4949 17312
7014 21749
7682 12680
4212 7321
6979 9996
4770 9137
6095 17750
9359 15434
9411 16564
12904 21081
2485 5714
1280 9404
993 22684
10647 18764
8541 10069
5702 15956
2987 4354
6306 8092
13495 17780
2279 18436
1141 7596
6973 9776
6604 7106
9129 17240
2647 21419
835 1106
15924 16405
2544 9565
15281 17408
6344 22940
4317 14527
3959 17178
13464 15281
19014 20932
6898 21331
1339 17753
4236 11745
1243 6830
3393 13523
10086 10930
731 19027
8956 16474
10739 19197
9058 19623
9006 15414
10935 15719
1621 13846
9709 17483
14381 19636
1123 7675
7401 17420
1229 6357
7301 22478
17444 18177
7768 17635
5222 12060
16528 18292
17721 21996
7477 22158
15281 15302
3860 9144
6704 10083
785 2083
8144 14453
1913 17284
4572 18138
1235 21042
12615 22459
13028 18953
12106 15632
8143 19479
9579 21131
18912 19499
6448 6694
445 4027
7963 12589
2316 18314
18525 18560
12946 16170
12520 16013
8026 20407
10237 14586
275 11860
2264 21408
1815 5799
4969 11928
7650 9207
7490 16969
18280 22134
6701 19099
18081 19651
815 7095
16890 18591
1799 20919
13083 14159
5722 13256
2996 18830
7849 13478
12013 16670
11280 18729
5594 12106
1843 4433
4837 14955
2246 3494
8227 11798
6090 22755
15555 16982
3555 16942
8268 14413
14486 19267
4958 20132
5478 12123
9381 21524
18141 18146
817 4540
8361 20987
3590 9061
3291 15738
2329 5246
5422 13694
559 6889
9314 9514
1961 22385
532 538
13218 18170
5292 18525
768 13878
9892 15230
5855 9936
20923 21605
4521 6159
15569 21997
8881 17575
407 11878
8259 21213
1488 18039
3506 17737
55 3787
19539 22009
16701 19230
4098 11276
4317 8359
1603 21807
2603 3662
10099 10456
378 20281
12607 15176
12458 13165
1386 15606
2865 22226
7707 21649
7528 10300
5916 22022
18625 19904
12612 22996
4039 22168
17723 20643
4731 21513
9065 20499
18972 21324
2636 16357
19600 19791
3247 20124
8273 19676
12082 12768
4805 22388
8948 12323
3019 18089
15218 17051
12790 21237
18006 22723
13525 18862
19507 22457
3244 11108
17965 18328
7852 20614
10851 20462
9842 14618
13874 16808
4963 8289
5477 19721
13744 14485
8184 23054
16950 21251
3194 16830
8437 18889
182 731
8147 13479
13276 14323
12216 14265
6976 15693
5707 11520
15067 20340
3547 10630
574 18125
9042 12554
1603 9641
3121 22769
16910 20522
7137 7673
6395 14479
13533 20654
14518 14861
16709 16736
10253 13686
1162 2904
5990 7915
4262 10643
11921 12128
1238 10621
4673 17004
9062 16236
16388 23122
21937 23074
731 4079
5682 8148
7410 22396
2068 4828
7797 9660
19204 22820
20659 20924
2596 7710
1887 20118
5051 15235
5166 18294
6509 11310
895 903
2961 10632
8755 22093
7336 20811
2469 9158
573 9000
5345 20744
9569 14590
2432 14770
10218 13463
241 10682
10184 19876
6280 11449
2174 17116
1779 10755
4780 19576
2596 14343
194 22566
12416 15409
6054 14419
12523 15799
772 23086
7162 21799
5610 10297
4487 7341
14229 21395
12356 20692
11412 19535
7229 7514
6490 19403
5341 6605
8677 9677
7529 11393
7658 7964
6258 22652
1550 12412
22759 22863
1344 5283
14043 21842
12823 21496
3616 11177
7734 20231
2728 3948
494 6489
922 8302
7951 10015
21845 22542
8383 12435
2044 19607
402 10730
12426 19729
1852 19663
15641 17506
172 9229
19238 22434
15129 22152
11506 15589
263 6999
47 19918
11289 11853
5355 14900
4516 8380
13443 18280
1800 10133
12428 16701
1411 18821
5107 18133
17666 21660
15965 19688
784 10317
17920 19776
19748 20266
11378 19857
288 4270
8886 20081
13200 15171
7860 15577
10112 21985
1205 2959
12216 14367
3217 9869
9053 12291
7260 16700
17028 22403
5373 18134
8477 10163
17150 20457
734 1133
8587 21641
19023 19518
2486 5193
11926 21583
9109 17885
11946 23029
1958 10829
13505 18362
4326 11171
2032 11394
19823 20126
7195 14977
1776 9781
3224 14334
13943 14174
5603 18889
8566 20764
4035 18362
4860 19503
6185 17207
6096 8234
2766 13019
11749 13052
8026 17424
4980 14609
9542 13062
8350 11323
17735 19744
5736 8058
2904 21423
7252 20211
5729 10194
4771 16218
3632 17200
288 21155
6351 19132
751 16838
294 21516
1496 12177
2996 12475
8589 21584
420 5203
14649 16690
16282 17782
15605 22096
20683 22972
7710 22118
19464 20919
10057 23096
1350 18288
10700 17200
15096 18909
5643 11377
8044 14694
14596 21642
2249 4998
5626 21480
912 1502
8048 15482
6367 17265
1807 17889
10684 21732
182 2375
2057 10464
7879 18167
10478 17866
8023 12973
9142 14719
2540 7465
258 9316
12585 22562
19463 20873
10639 11251
18990 19496
10083 15407
8268 10297
241 13886
7391 16535
11634 12298
14024 22592
4391 7654
5415 15742
2183 17851
12240 19437
11760 15565
9040 13557
16772 20954
1811 11583
7437 12104
1500 9135
5831 7464
13885 17343
4615 12568
6808 11651
2361 14913
11794 15282
1453 16415
4935 8049
3376 11297
14901 19522
6545 14883
949 1177
9713 14747
632 4785
4897 18836
5896 20776
533 18042
964 15482
3940 12849
2183 3771
8329 18511
974 18944
11193 20350
18042 20649
6493 22979
289 2060
4532 9213
7309 11654
818 7517
18874 19780
2849 15641
11188 11823
596 17872
12123 13813
4441 22468
6996 22154
17923 22934
9021 16736
15644 20530
175 7875
17371 22773
1927 12026
4449 10358
1917 12498
16068 20137
9540 10098
1699 12524
6951 13165
10088 11629
2377 13166
1073 17791
7928 13298
11622 17941
4984 10553
2002 2454
9810 12024
6046 16205
1612 15596
229 764
18581 22135
289 10997
8628 14334
2794 5346
13360 22960
6893 22985
1873 13990
11978 12174
9455 17044
8190 14817
20080 23111
16302 17611
12223 22562
17437 17443
3210 5076
8442 10734
10646 11978
7075 21149
8754 10593
3614 11177
16404 21407
1538 10387
12680 21022
4482 21459
3959 19346
12009 13573
5022 16890
6935 10369
5555 7503
3560 17509
2771 15618
640 5990
90 11048
9436 20067
6907 7326
1966 10156
964 21570
3209 15622
14503 20654
5707 16616
8289 13588
938 7831
664 20170
2559 18036
1853 16605
13672 16488
5704 14553
8125 12260
12992 23030
12803 22258
7517 13321
2482 20540
5148 19930
11783 20463
10597 11813
386 750
15323 17186
9696 20067
7616 11429
3865 13339
1254 13253
10026 13929
8895 21036
5945 18704
9222 13128
2085 7210
22842 23034
7509 18948
166 19167
6488 7735
10040 22172
8058 10481
2645 14235
11634 16783
14580 18557
2723 18816
7373 18729
11145 14791
2746 19176
4654 14490
328 15187
17798 22350
17035 19419
1189 5346
6091 12070
13496 21081
290 20219
5929 7730
5047 9784
12944 18503
3500 16535
16376 22110
39 898
320 6721
20666 22222
21556 22102
10973 22281
2029 16491
2685 6067
11136 21265
18209 18432
19006 22090
22763 22979
8673 21807
9577 21121
6942 9474
4958 17119
1292 12961
3455 6356
3929 22902
6484 10071
791 22118
6804 8802
12837 17914
2554 12013
15046 15062
20433 21238
8546 21960
9478 9784
7561 15838
1491 2789
89 7141
6099 15307
1870 22083
16482 22701
5346 21960
12158 19962
20434 20996
13082 15171
6756 7619
14592 14690
10094 12898
268 2404
2436 18618
7627 14901
20932 22585
7076 22030
1729 12451
13056 16524
159 22586
1279 4847
922 20065
8588 13109
6801 15259
12214 20944
935 1717
7929 19682
2588 12050
1042 5349
3293 6639
5308 19593
2945 5377
10680 20024
4250 5660
3284 9195
9540 22463
6272 6917
727 10688
4237 12898
8988 16629
11785 21179
1800 22584
4225 9579
3284 11650
14563 22502
3551 6625
13953 22601
6544 21459
9381 20649
3015 3258
13446 16294
857 7464
9305 17396
12223 17889
20580 23054
20800 21614
253 18033
13783 19856
9214 10066
7830 14092
348 17250
7110 8923
6552 19393
9540 10100
1517 3566
3010 6957
6312 6832
2343 17332
11613 16138
5674 18241
6605 13631
11650 19347
14199 18190
7074 11439
10782 14590
13744 16077
14109 21848
12337 12860
5118 15551
5748 6484
2275 11176
384 1598
90 6054
11487 21683
8735 17496
1053 15020
6777 11121
5737 18019
19936 21614
6925 17855
1111 18556
4683 16572
5752 8295
19602 21398
508 18216
3861 7310
6633 17488
6029 19788
4615 21485
22939 23112
5151 9937
1569 12114
4308 22553
10082 21721
13293 19047
17092 20037
5338 20774
2599 14114
21524 22171
7666 9023
7947 22168
16214 18297
3331 7670
8758 21908
2590 10916
2658 20071
3611 5111
292 4615
6577 11394
326 7351
477 14805
15907 20657
10995 21605
8942 17123
19513 23052
8809 11670
18830 19238
6185 13885
11230 18854
19788 21751
5866 9238
13972 21375
1427 16687
14619 22261
14371 22202
7274 7359
5313 10335
16179 18935
3590 13874
4866 13523
4769 20113
611 18812
15268 17758
11211 18764
11588 19203
5782 15082
11174 16605
2372 18646
3810 6165
3100 18910
6892 13885
16975 19149
13973 16178
7266 19184
9816 14074
668 14109
1412 16077
13705 16888
9816 16920
2766 17837
94 4724
539 18262
833 22359
2895 10098
949 20067
1272 9887
1437 19460
7345 17721
8164 13576
20389 20603
14037 21845
4615 8417
469 11654
8002 10112
5478 20280
6748 8184
3287 4396
4232 17028
685 9579
8465 20479
7553 12271
13036 14578
4756 17200
274 16605
4489 13493
3188 22763
3009 18052
1199 16095
7800 20301
6496 20595
6084 17208
2769 22237
2901 4353
12438 18382
4195 13218
4791 18511
12179 20144
4921 17398
6173 19502
2288 12435
9425 19867
43 19453
457 7592
1550 20211
6192 9945
5476 10113
8550 19347
17186 18280
3948 11606
391 4619
4236 8638
5630 14930
6595 11271
15156 17004
5592 18724
16283 22483
22275 22403
16709 20791
628 2762
974 6519
7387 15743
4737 14598
1328 13825
2904 18590
5630 10518
1956 22964
5760 10384
12979 18335
17280 17471
411 16642
502 21412
164 3191
15015 16291
14471 17815
16162 18618
4928 15438
6737 15294
4615 15620
5901 6892
9648 20538
1040 14124
9650 21702
137 9286
1891 2462
9123 9360
288 1575
11634 11645
8146 16611
4181 21854
2887 6694
15119 17202
18179 19447
3167 21247
12504 17465
624 7160
14021 17972
3911 10651
6682 8567
17854 19211
11060 15593
2439 16508
5321 15718
6679 14801
8203 14284
1379 9099
10323 16848
11155 20046
5912 9208
858 11924
3918 19723
13981 17651
6160 6702
6184 15245
5414 21006
5786 12291
7774 13328
5814 8671
12155 22929
4487 20454
3670 18832
4921 16570
10356 15917
2772 9531
3563 22988
8160 21398
4304 10431
8378 21640
9740 20067
7928 15020
11280 22916
8203 13578
13804 19740
4519 22009
14008 19469
8289 19371
1939 13983
12216 18331
2545 12502
6799 22536
7126 17517
6058 11119
15070 21033
13992 14022
9296 16651
5189 6050
15560 22601
6039 22556
7459 19662
1513 8944
1950 1970
1205 19257
19805 20907
3003 12476
6204 6231
11772 19593
2973 16981
16397 18910
3751 18426
494 918
7818 16102
18017 22681
14992 18618
9331 15116
10980 15131
1920 10275
12399 20317
8951 12547
6892 15131
13200 21574
4566 21446
9968 13642
4174 8946
6695 16842
9874 19217
2233 5558
3092 17899
3959 12952
19722 21703
1756 4437
21593 22791
1198 8400
7521 20324
4537 5665
1697 20267
8983 15278
15219 18781
1711 3423
12981 14989
7362 15306
11107 22214
1027 2683
6494 18272
6356 20502
4730 13242
9639 9720
4808 7323
10617 16605
1922 9701
188 14658
277 5536
6812 12822
12410 13272
14617 16090
7627 17006
14539 22579
14902 20292
20518 22434
10724 18972
11899 22884
2999 10081
4715 19936
5729 22093
5401 19676
6972 17876
4560 7310
5321 11594
334 505
4360 10808
27 2954
4551 8070
13074 14209
2661 15855
768 11334
2937 7209
9206 14487
1574 18730
12408 19039
4419 16305
3191 4894
11513 18485
8203 15973
610 14858
2810 22417
4572 11768
12456 22536
8090 18996
3791 5977
3768 12952
5283 7658
7361 19063
1437 9924
11877 20057
7450 10464
7525 21811
10658 20139
2102 3380
10236 14980
2911 13360
11028 12114
13876 15736
14331 21858
8133 14128
13625 20511
793 9458
4089 22839
288 9120
12626 15798
3010 12852
3852 9660
12662 23011
11343 12323
7518 10521
8476 8823
1082 12338
400 14159
15005 21030
8724 21332
457 11634
10750 14246
10099 13909
17992 19257
4127 17999
4060 19450
2565 16278
8796 14390
5985 10941
4819 14306
2666 11114
7391 17889
14615 16535
16964 22302
5866 6276
11926 12158
12791 17239
17734 22610
12986 21112
1411 4693
13913 14849
16448 19214
5981 20266
3828 9327
17594 18683
17075 18261
1017 2654
821 4293
19170 21296
4604 19423
300 7489
1493 12126
12257 20263
493 1517
133 18280
5346 20589
4250 17941
5985 21403
4616 8497
4651 11487
3167 12502
4086 10732
8731 20604
10078 15581
11650 11986
8329 18972
636 19372
7385 9223
4961 16874
10920 22280
989 15506
5658 8520
4290 13306
16640 17994
11906 21151
2084 20456
6356 10542
13374 15749
14397 20664
9021 21535
2981 9291
15688 22912
1291 3737
5148 6876
19988 22359
12952 16106
5094 9887
67 17880
7627 20388
3322 14279
4168 14210
14187 18948
3567 15048
9310 17901
9417 15683
4391 4396
12101 23117
18551 21787
9332 21068
4980 13675
5701 14238
618 10297
16166 20559
912 15988
2802 22318
10714 14451
9008 13735
491 15591
9843 17217
6609 8765
760 11921
12271 12848
14696 20544
4935 21846
10951 22978
4353 10098
4729 7528
1100 3376
5226 14656
4615 9431
2357 21854
11721 12261
2695 5270
6706 21351
452 10676
10082 22952
7865 8292
3385 5740
1750 21325
4248 19131
2141 18438
6053 12808
10122 13266
6578 7509
8796 19099
5527 18343
5066 17544
2762 20156
6521 18008
5088 6256
19936 21485
1744 15002
4489 14254
1869 22497
1393 5623
14239 17358
8664 19036
14019 17764
10314 19207
9991 11907
1875 7286
18119 18147
7288 19084
4475 14472
15604 16369
7391 13126
3513 16542
8209 13946
14700 20599
3491 22816
8916 19530
11030 16620
5651 10345
5338 17587
2472 2718
10287 14486
3445 14675
2769 23058
12022 21254
16196 19476
19831 21993
17986 18561
9197 13767
8806 18545
14506 20211
939 13835
12008 13971
5785 13555
1219 13323
4171 10446
1114 3919
10746 18759
1459 5975
17601 20153
4312 19549
2303 14047
3852 4924
6875 22750
10574 11913
1073 14441
11423 19415
9325 11638
14791 19286
3085 5593
1169 3289
944 19014
12028 22810
4496 11390
6322 17360
13375 22309
11861 22655
15000 16404
17611 22303
12242 16406
5104 17459
231 12247
1761 8506
5767 22233
8146 20455
611 7089
16977 19002
13294 17871
5469 19450
5129 16904
8726 20080
13922 16149
1506 8361
8644 19558
2392 21128
5333 22791
1655 5143
11921 13704
4264 9473
7345 8164
5478 5943
14367 16434
656 20892
1325 10436
14086 15362
1843 2062
13806 18889
16328 18369
4977 22963
10481 22546
12899 20100
1937 2551
4718 18765
5399 7754
4578 12686
9869 12502
10004 17917
4238 13163
3589 11921
7999 14175
1361 10422
2559 13751
20559 23037
1577 2336
2995 10391
10594 21583
5207 7841
359 15468
1645 20910
11949 15960
941 9553
14030 20545
12054 13264
4984 19987
8545 14267
5028 5599
13172 17154
1762 15358
1906 7728
19131 20320
10227 11165
7926 8050
1878 7695
2666 21256
12994 16600
14394 15628
3248 16074
8867 10361
6420 15304
11534 16288
5082 16000
1800 10741
14436 20285
5660 13846
5842 17865
1987 6769
18970 18990
7459 17999
12854 19478
9498 14899
16049 18994
5920 20097
9927 10203
715 9125
19203 21114
12061 13865
19957 21325
7248 8721
15236 15447
737 1631
2686 3365
3394 19515
8305 19398
7232 11650
13246 15472
4069 15614
6171 16595
17011 20144
8597 9847
2143 18840
8451 12898
2704 7682
4223 12681
1541 15248
1193 11251
630 4439
8505 16548
4288 4988
11817 21991
5888 16914
2182 11875
12756 22187
2663 12126
3167 16832
9171 21310
7774 7833
9042 18528
2918 6956
7249 14596
15046 15985
1839 21604
459 13605
687 16154
3786 7021
6554 19889
7627 9611
18413 21816
3315 5141
15634 21585
8640 9713
8315 12447
4342 16611
13038 16484
9539 17236
12360 18411
1671 19061
4393 7913
12524 20350
20714 21142
9003 21625
1583 8680
17471 20298
407 1491
8638 20069
1319 11092
7739 21264
14878 18016
8945 18444
13671 15763
2050 15491
3786 11903
5896 9248
13913 22616
12694 20102
1225 15743
3750 19913
3974 10890
9825 14712
5982 6308
8967 19025
382 2609
11553 16762
15661 16866
14279 22996
14798 21516
20802 21010
2312 22744
5093 8178
17141 18991
5172 16721
5382 10125
6375 13052
2937 6232
14041 20664
13698 18316
16605 17443
10100 14148
14342 19962
6938 11747
5146 12385
15171 20067
172 13373
3839 11144
12106 19234
5413 8949
11932 15683
5374 15587
1405 20494
4520 7063
7391 20296
1029 2664
12031 21464
847 13019
1418 18318
6042 19137
4405 17293
9586 17857
1970 17483
15281 17424
15732 21960
1334 18556
11978 19381
19586 22538
15575 16573
14608 16645
3993 20689
9086 14650
3948 10177
14230 15165
11772 14154
9297 20281
5486 10105
264 1556
5181 19418
5763 10715
10351 13046
1817 21097
4615 15407
4201 10570
20091 22701
8606 8829
17798 20230
938 8062
20559 22123
2316 13214
4731 8670
1541 18991
6221 22148
4389 5081
4977 15925
7682 9475
1030 8000
4231 8289
2769 10635
5868 9338
10659 17499
4458 21005
18228 19966
2361 20957
6876 9525
6039 18915
13597 17568
2909 7120
7497 7997
754 10050
11932 15215
15281 23058
17424 18930
1105 20462
21956 22483
2349 15827
1024 1233
2979 6950
10682 11650
4575 6632
9374 11921
6411 9021
16565 21018
4786 16089
12655 17028
13242 20066
12765 22181
7277 9532
13077 13172
8321 11650
6939 7288
9174 13318
18515 19867
10001 11658
845 19352
18991 21763
13698 16048
4697 19784
1987 22133
12646 13029
5457 21490
13122 16434
5361 20666
376 10950
16732 16906
11308 19292
10066 16810
3795 14992
13684 21151
6544 13618
5111 21682
13014 17256
429 669
6233 14691
13109 15226
12409 12559
3374 6529
2411 21238
13374 14776
17849 19258
9431 22105
11640 11702
5773 8663
11541 13501
651 18976
7618 15180
664 6876
5117 15836
452 1717
4904 12514
9633 19743
897 19677
10081 10112
1051 1728
16131 22640
11270 17753
3420 15076
11304 11522
9016 13081
16481 22790
13787 16037
4615 11271
13108 22562
1448 17962
250 1478
8786 9797
3299 3807
2786 4037
949 22135
6382 18836
9927 22697
2590 17665
8888 20226
13435 14158
12427 20485
5965 18670
9638 10965
7143 11859
847 11224
5586 10233
18415 21702
8123 21927
18246 21775
13722 17007
299 5978
8289 13573
2235 19046
7648 21241
4783 6046
1853 7784
2249 13113
1584 20346
9202 21846
4532 20664
2238 21495
4550 9733
11913 14501
4270 8731
25 22826
9493 22162
4942 6441
5422 13725
11082 15293
151 6995
2151 12552
975 7393
4317 9583
13245 17889
2955 15588
2103 3847
7512 20476
1138 5425
15118 18559
2163 19283
5814 9288
1782 3136
13050 15645
7066 12750
3460 9883
13504 22161
15526 18241
5686 6361
8639 10684
5594 9023
4126 13382
6006 12241
721 2427
10911 15620
17936 17953
3183 17436
13585 21663
4579 6862
3481 20757
4951 19461
6391 14899
3893 9606
6644 19871
8956 11123
15237 18727
8055 19545
16819 20932
4311 21970
4255 18563
9503 18819
11932 16701
5727 11005
8589 20046
11961 18991
15131 16148
15034 22102
21139 21420
16134 19045
10366 17035
1095 8350
10146 12303
15230 22345
11150 22562
11048 15837
2566 15158
6160 11108
5875 6099
5798 16488
2777 4156
1517 11919
6356 19903
420 20920
19024 20887
19498 22423
5283 8421
12822 17285
13379 16208
7226 10300
7898 21418
12854 21084
6723 22642
18910 21401
9472 10299
10961 17962
2496 23015
8869 22776
1717 6847
9816 14062
5346 21195
10387 14594
17472 20746
5338 16282
5607 7289
8672 8767
12600 17846
15981 16055
17877 20245
10574 11368
6136 14482
6887 21115
209 11969
16820 20873
17601 20828
1484 17947
12047 13227
5273 6604
2266 11650
9476 16487
4212 9100
12565 18674
15699 17360
11954 14025
7976 22378
3514 13126
2092 13306
10766 13684
11477 11643
1482 2658
7237 7338
18381 19917
2266 16945
2284 6743
10368 11927
2265 18356
10910 18850
18166 22759
11650 14148
5358 8362
737 11705
7322 9649
1881 4441
15298 23088
7410 10404
18224 18799
16328 16370
6874 21962
4077 11369
9437 10050
8796 22562
9596 10598
4250 22558
1500 18635
9078 20668
11958 15810
3940 12408
10948 21328
2064 12871
5283 7018
2145 22583
14740 20664
14357 21819
10698 21147
1471 7437
20271 22056
10389 12103
4804 19539
11712 14662
9325 10094
10270 14942
7710 22569
9839 10256
4029 16994
3059 22047
9307 16941
13060 22835
3244 18707
9894 17894
4011 21244
19041 21583
11365 14561
10087 19325
18131 19047
17332 20170
9420 13830
20586 20757
5719 16540
2765 11921
2935 6312
1603 3849
9428 10724
6226 22929
2946 20738
4447 9934
2075 14532
20687 21752
813 12897
10491 12530
189 10784
13444 21216
9588 14132
7280 17161
18872 20578
9659 20918
10565 14770
12019 20434
4894 5552
8917 16812
2559 3142
1019 13803
18415 20327
5647 8952
1351 18338
5990 10218
4195 19630
10722 11083
2978 8977
1105 9058
869 10515
14719 19008
1737 20310
9540 10094
2403 3966
3108 15644
4537 6968
9142 13400
6756 8695
6900 15930
8574 17994
10915 11083
619 6549
5629 14019
3734 17617
10406 21950
9736 19232
11885 16154
739 18033
16560 23018
2701 8265
2128 2772
16852 19174
3611 5896
14147 22161
6278 17444
121 8968
2386 8371
1199 15452
8132 11852
5729 22105
1537 11912
8348 13808
2216 13625
11076 14704
5426 20089
3262 22603
11124 15427
11629 15421
12519 16276
4076 15321
2589 11723
2443 20568
6557 12770
15020 16835
9898 16100
5346 15943
10187 18932
13922 22963
447 11919
2392 13107
13082 14320
8435 17218
13441 13798
9849 11927
6231 20134
15208 21263
15447 18589
12609 16950
11263 19337
9936 10757
6701 8255
2654 2762
12345 22577
9912 10755
16386 19477
3692 11081
9559 13998
14898 19546
12133 18936
15637 20102
19737 22243
8502 8708
6074 19853
6546 13557
12818 16565
20794 21067
11760 17457
1828 2306
9251 16492
4721 5983
3725 4889
6739 22560
19930 19936
9506 11272
14194 17270
1500 7952
13713 19788
8076 19049
9353 21347
14234 14614
2220 6521
9095 16708
9225 12377
16391 17758
5581 9869
11144 12473
180 2027
20462 22817
7175 18772
5540 13209
3535 5947
2946 14047
11115 20346
13065 20193
5066 14776
9120 11914
10146 23015
7049 10135
1800 8006
1104 4110
7736 13637
22023 22024
7532 19148
8380 22350
6175 10600
2975 11557
3056 17312
624 13378
4984 14756
1371 5082
8864 11549
6673 12171
4478 21719
2131 13216
18023 20723
2999 11247
1407 14676
21625 22367
1213 18039
6484 9304
2603 15495
18214 21833
3045 4355
5226 15129
14950 20666
4453 4850
13536 22668
7966 9061
1312 17965
5144 22297
7395 13532
9517 19383
11926 14070
11071 21846
7574 17765
3720 8523
14547 22021
9960 18409
896 7454
8313 11921
11355 22492
4290 13455
2748 11913
7710 15129
6312 20669
14050 18581
6957 22971
1906 9363
8126 14224
1999 3848
2442 12143
3873 6576
2901 11816
4280 9099
593 2715
15801 21892
16198 22015
8546 15897
13616 19837
6987 7996
20449 20665
4120 12255
1813 7490
1116 2901
12504 20992
3768 22239
3076 16450
5985 14791
19131 22330
10527 15774
9794 12912
10648 14382
3935 19664
14576 15310
7642 9208
2816 14987
7756 18793
19033 21960
734 7254
6043 16147
7309 19045
3726 16683
20046 22685
4476 10714
1024 4069
977 9387
2833 19381
17896 19477
5427 13693
1681 12999
18918 18996
13274 15173
3034 6520
4395 23029
5440 16897
4007 14367
8889 10261
8063 20211
19294 22455
1345 2930
8988 14362
11297 12649
15694 19552
3194 4342
939 15532
2794 7710
8600 14751
14902 17409
11050 17506
14604 23015
1802 22118
4379 19094
1605 9300
14228 14297
4786 5131
1543 2777
7306 18219
5669 10870
57 19969
17706 20781
11590 13504
17662 18684
10233 15061
7291 14203
288 15283
9385 14759
9460 19403
6494 16645
6611 13065
2943 20920
9928 17991
6660 10135
1909 14609
2100 8107
2643 14656
281 20128
17512 18469
6068 13789
11869 20155
891 1483
1895 9245
4281 23096
17260 18253
4792 11378
7097 19077
1500 1569
9454 19736
1365 7625
4093 11997
13879 16129
6866 23086
11259 19419
13882 20913
14279 22854
7799 19787
5332 5806
6721 9937
10250 17619
7437 12035
3716 9747
15179 22135
4018 9329
11877 20134
8613 20031
1247 20075
13700 14671
5382 15208
6185 8088
12383 15085
9248 10926
13724 18447
1870 16950
2343 17179
1981 7122
4635 12669
1540 2596
7760 10216
10518 20113
5595 18870
9221 12922
7008 14381
18765 22285
5603 13806
4101 6411
3565 5161
9436 19008
7874 11706
3467 18042
1550 14506
6178 17172
1815 7169
11462 20226
4615 22541
9281 21430
3443 16255
8058 13174
12353 13091
734 18353
10084 21110
3080 11010
1449 23022
3263 17594
1871 16994
7829 16414
4787 10099
12585 14298
827 1233
16389 17133
3245 14937
2353 18993
13175 19084
7842 12188
17108 21262
204 18365
553 7518
12914 13927
12281 15872
2829 15462
12751 20996
797 10827
16613 21914
15806 19190
20359 22764
546 9842
15732 18316
9685 21375
6914 21726
13151 19454
4906 6350
947 15434
8889 19906
7515 12356
277 636
11638 21423
10895 18592
19900 22028
7997 22901
6233 21569
3385 4220
17641 22478
10593 11828
2097 2774
10411 14837
12451 19545
7074 8428
17938 18114
9332 9688
9101 16051
13406 13873
7437 19429
2779 11617
7681 19197
3649 12809
4816 17675
1007 1513
12860 16022
2143 17214
1599 13714
11242 22119
10129 10484
657 11452
7671 22773
2954 14255
3209 23038
418 20817
1106 10560
17814 20894
6755 12662
14396 20493
5148 18581
634 3183
2590 22635
15091 18877
2025 2454
2220 3300
823 2935
17137 21115
4638 6142
1403 14555
12790 13846
5714 11118
9138 9540
176 2879
1879 3955
4512 22861
10491 19039
5814 22588
1023 3566
5041 10051
5569 6914
8363 9086
13074 18406
7797 10368
3217 15616
9337 12882
5082 21474
6561 15339
8768 12587
674 12828
7046 17687
11239 18996
4651 10485
7044 18850
619 12324
15249 17133
752 10105
13545 20733
3827 20284
7085 23083
15531 21625
3848 20440
10271 20999
5726 14770
751 19290
9218 14418
4003 13027
15958 22298
2898 11972
1570 9815
5862 22960
289 22239
2928 16893
278 20932
4949 13585
4445 19865
19593 20758
810 10087
7835 19197
5729 15518
3240 10989
14501 15082
3530 10710
4035 11706
6164 15221
7210 15071
11948 12188
3485 8583
10511 13647
1811 17336
72 10377
8043 15636
1585 11051
1204 22583
10600 14590
1867 5395
14899 21732
7730 20958
14452 19073
2604 6497
3356 7851
17936 22261
7957 18887
18369 18548
13374 20387
15353 22524
2550 2968
7450 20217
99 4029
3719 12709
10382 22093
19778 23088
4521 15016
12994 13769
404 10794
4096 5744
10100 11734
10806 20475
14223 19586
9384 9436
18488 22362
488 7087
19099 22562
13854 18177
13846 15784
13583 21662
1846 19181
6265 18725
2884 22000
10083 18272
6468 21930
9722 22300
2951 5087
6304 9614
4726 22584
238 12196
10490 13787
2702 2767
3974 9399
17472 18933
1457 18990
13653 21648
7788 17367
15919 17578
4238 16524
6547 13160
13874 19340
4196 18875
2909 9302
3391 9540
2458 7102
8149 11500
292 7156
1727 19964
2025 6372
11103 22123
7665 23106
5615 8123
17723 18190
13846 19984
17424 21583
19349 19373
7099 9113
8591 20373
14413 17962
971 14765
1233 2761
14398 22565
8949 16544
2766 9033
6798 16926
8010 19147
9634 15431
18253 22668
386 10098
7675 20643
17230 17332
10158 18177
108 3551
12321 20823
660 7770
2839 19767
1571 15693
10585 21661
11108 11948
14867 18328
20271 22055
734 10700
2082 2504
6702 20664
8919 16872
3245 15329
11580 18442
13093 18270
7934 18194
14705 18847
6142 11949
17699 21262
10089 22056
11358 11670
6096 8380
462 700
2902 16952
2345 16399
15662 19159
2833 8005
4545 22369
4276 14388
4709 11501
5063 5510
3928 19722
8632 20534
802 20636
12908 18793
734 16641
5343 15212
12391 18793
19357 19677
17899 19751
10087 11634
1920 3500
15281 17113
14884 20873
15461 21346
565 15310
535 886
257 903
3357 14338
6756 19398
5104 14598
4985 14452
1777 16282
1586 22021
455 17837
8792 16615
3391 10094
16963 23038
13073 17557
8417 15614
2757 2934
13846 14413
10094 17982
16670 16696
6658 18947
444 7741
2071 14482
14120 15201
13127 20578
3119 11703
12408 14753
13135 16204
15629 21589
6718 16666
10573 19323
4208 22003
16710 20285
4039 21727
3992 7440
3443 10873
6889 19206
9325 11650
724 15899
2274 20873
19809 19831
7061 10645
6104 12787
11225 15590
4664 20919
9680 20733
2578 11875
604 9306
4514 20225
16488 20091
3736 9461
7778 19014
6142 6248
8808 20058
6552 10578
8333 21761
9022 12783
14787 21775
8074 13575
1543 7376
1231 1489
7107 13067
234 9479
12167 21030
5108 11126
4583 15257
9195 17332
14641 15076
2957 13010
11324 22222
10648 16005
4844 22520
10577 10662
2177 18250
901 6297
6557 10662
4007 22087
11109 16430
5305 19600
3760 22826
10611 17016
5990 18133
7938 18669
11155 13247
15010 19439
13713 14656
4078 16381
21043 22694
19067 20277
8614 20103
15098 21524
12711 13175
3326 12840
6532 14299
8090 14063
7702 20211
19363 20924
18847 21211
173 19753
10579 16926
12529 22311
5346 6259
3306 18149
10335 21690
7682 21825
2443 15326
7654 12447
11485 15818
6169 14931
10271 11144
3247 14812
13501 16712
1474 17889
1228 12108
4912 20746
1906 12737
11150 19786
16808 17814
7617 7877
3004 7193
6792 13734
5744 19193
870 14655
3339 3807
12332 21015
9937 12890
5290 13550
2196 8268
3284 15974
6939 17764
3988 16413
949 4615
3069 9379
9055 15140
19257 22885
9214 10333
2662 20256
177 21870
1688 5738
8996 16671
1146 17424
1746 18436
1024 12124
3548 6368
2935 12530
750 19399
6356 7824
618 4929
927 15684
11911 12108
5149 12803
1442 11906
9135 12108
17542 22250
12816 18415
15774 20280
6044 17458
8170 17743
3404 5432
12639 15284
8089 22839
3708 10314
5257 19262
19753 22740
8558 8799
5395 19504
1315 6557
1186 18728
19493 22565
5969 9255
14243 16078
4305 16189
5754 22541
15899 19719
9673 19368
8632 14887
14283 15724
6088 6557
2588 2930
2445 10281
14977 19348
16269 20509
6832 12530
6627 14615
1448 10564
12354 22662
4966 16041
4584 20588
2407 21863
17180 22359
19321 22562
17147 20293
5338 12824
18347 21916
15188 20046
14688 16859
5090 17028
10913 18857
5710 8831
4195 17028
7455 16297
1019 12337
12830 19431
3547 12158
3611 22849
5437 5936
455 1034
11613 12709
14295 19257
2279 11290
5111 9484
2240 21399
18765 21315
1221 12041
3922 7369
8923 18769
10069 15534
494 16829
19930 20026
2405 21513
11937 19764
664 20134
7896 16335
9098 16218
15695 17982
164 23122
13296 14293
9759 14413
16410 21045
9125 15000
10204 15188
17164 18956
6663 11605
10981 19791
11175 12046
130 17406
10787 19791
3921 13229
4963 17459
1125 1583
10838 21375
16069 19118
974 10129
298 15598
3690 4403
20151 21466
12337 18030
8058 12604
1906 7016
10100 17917
10211 21576
5477 19047
18670 20237
2303 16428
7098 20588
16374 20444
7129 14098
7421 10419
624 10676
8063 17348
12979 16638
10391 18799
11755 12165
1042 7701
5640 13108
9023 12645
1439 16028
2405 10138
6948 9151
11767 12847
1500 8311
1650 18933
5149 11584
5369 8363
4572 17847
3656 17653
4497 15641
4284 9143
4186 8634
1085 11255
4300 16651
1436 15037
13211 13218
4146 4560
17696 20633
973 2265
2917 7309
4566 19574
8093 17882
9847 14494
10095 16090
10328 22916
7904 10429
17999 21830
1878 21059
1622 3875
6935 15892
14992 22791
6830 10064
2777 10124
16077 20704
1920 21142
10036 12694
17877 19746
20402 21993
10032 21404
8624 10776
7831 8062
8866 10027
2343 17787
229 16830
5201 14862
17629 23096
14092 14301
12619 15020
992 19988
1583 11923
21622 21801
278 4984
7829 16462
16856 21753
3118 22696
12356 14524
12331 15407
186 7938
11766 19255
9640 10875
3085 14609
9685 22487
1167 19903
7224 16721
10333 12260
1744 9889
1901 19436
3403 9058
8075 12787
2240 2631
6368 20975
5420 8285
1801 22338
6847 10452
13232 14617
6752 16709
11922 20080
11086 19025
1550 2811
11714 15569
5621 15281
6480 12946
6291 8638
4097 4936
16989 22238
12160 17535
11155 15727
1720 17599
19110 21325
1543 18328
3019 4056
8990 20280
218 3109
9681 11169
7729 14294
13184 19824
5786 17134
1199 15649
7897 21149
494 16636
1957 5478
483 1021
14946 15725
8949 20135
16631 17024
5046 9620
1756 8990
12818 16850
7056 20574
9195 20843
5303 16398
4029 14394
10782 14770
3909 10054
8726 11954
11744 20932
2342 12899
2189 11688
4069 13698
12621 17398
751 21519
11267 13506
3178 22268
8380 10487
5899 17512
553 20826
3913 7076
2426 16165
6734 12564
5997 8533
12271 12612
12747 19991
10921 12935
9720 17252
18239 22922
7370 17575
13474 15732
4281 17415
7398 10976
12044 12174
13043 14463
2321 13092
4038 8828
7293 19485
14394 20664
2600 13987
12558 14216
13773 17448
6536 15215
7252 16338
6376 14482
21651 22560
3781 20358
8924 18445
7289 17264
8277 17821
3551 14897
2018 21083
3551 22445
17253 17760
2494 3092
241 16508
13648 21021
4159 16285
13719 20125
2882 4972
14996 21361
6315 11865
1800 14118
10275 16808
19132 19767
14922 22248
7302 19538
4509 12100
6158 15639
6267 18176
1785 17318
320 3042
3167 9869
18664 19615
712 17720
2364 16126
5775 23126
8292 12701
5450 8146
1815 3114
7664 9123
14258 14909
9921 16415
5303 13707
2554 10892
10391 11634
3137 6963
5022 6552
2935 22569
213 3960
6058 22959
13634 18856
8302 20065
5041 5124
3938 8120
14524 17415
8188 9937
2981 5611
8071 19337
1083 21568
14070 17554
2098 18632
9849 10112
1291 19593
2266 13374
3611 20496
4512 22956
15897 22305
8097 13284
7542 17932
717 2825
8879 15462
22661 22955
4042 5493
4562 19521
7171 23096
153 19361
8996 12947
5621 17424
2616 21022
3 17468
1553 16605
6172 11042
18053 19471
17168 18892
1496 9120
9404 17700
14398 14710
9715 10560
5577 12021
8170 22246
8476 11861
719 9316
1356 8432
9989 11600
1146 17554
1566 9208
5346 14441
9937 20939
5935 14870
182 13766
5967 18054
14441 16586
14720 17149
10589 21578
10903 16947
15943 19163
12188 12753
15020 20664
16235 23069
5312 5384
3553 5386
14019 21031
258 15575
4961 10801
7324 11412
15538 22025
6694 12131
20046 21552
6246 18339
3500 15759
4969 5459
10652 22378
2730 11813
8118 12568
10589 16403
3733 22226
8170 8982
11665 16968
20881 21613
2460 11894
1500 6076
1309 2007
2246 8090
5777 10247
5298 22214
10802 17395
2680 16089
4396 12133
6416 17849
15011 17610
6563 15279
10233 22008
1315 19362
9424 9824
7825 16565
1520 3959
17570 17653
11727 12783
1617 4684
1291 11561
9757 20367
11216 17940
3720 6802
9612 16282
3563 5313
15237 21524
8202 19128
11875 22104
9626 16855
15534 22384
6798 11899
4226 5348
6077 22118
9540 11233
9405 16487
6494 7964
3875 13634
12013 19537
3429 17889
10105 10455
17931 21483
7828 10185
13051 19499
13122 22765
690 14066
2140 18214
6954 10368
7036 12015
13718 17714
4323 16487
19825 22601
6370 18411
6405 10562
2967 11043
8796 15168
11982 23106
4250 22359
9006 11183
11888 20096
3104 18383
14563 22671
7260 14949
14331 22953
16635 19596
15934 22204
36 13587
890 17066
13089 14801
3055 14269
16732 19469
9413 16560
15322 21219
7482 19039
18272 19930
12848 18415
975 4083
3182 18206
8235 17774
2797 3280
3307 21063
3660 6838
9337 16586
18761 19390
9807 20932
19936 20026
916 15268
2900 7382
1745 12479
14676 17860
11200 20134
20293 21609
16796 19387
4838 8916
5271 15300
13065 19128
15449 17876
7754 17341
6620 11390
5679 18054
5148 15407
6494 8563
3111 8289
6900 21612
2376 2946
7877 8864
10183 12200
3247 15079
4616 16932
11258 17322
20553 21486
9349 11789
3074 7800
7774 16804
11511 16000
11992 14414
9923 20873
2798 4378
12841 22701
7118 12598
10598 18854
1752 10662
7397 8376
4375 10883
9202 19101
18013 21360
5510 21794
12190 21374
13691 19239
6356 17465
7241 19392
6046 11593
2899 15236
5073 10632
768 3066
9238 11186
7459 11532
376 2887
5739 7985
10791 11869
4807 7807
19006 21524
8361 16410
11 10253
7209 19149
571 8456
9616 22554
7380 18048
4635 17200
4835 12112
21830 22182
1853 19433
278 3102
3280 18026
16605 20346
5081 16037
1278 6682
1536 15515
4859 18986
14674 22569
1484 22331
213 5478
19403 22979
9214 21364
938 4645
8502 22644
18824 22405
13014 16563
13837 14783
4842 20664
3731 6003
15399 19787
5153 11919
768 5152
15281 21551
1180 19936
11932 12050
18686 18687
6995 20191
11389 18447
11370 17914
8228 14922
710 22409
5990 21144
2104 16308
12675 21378
947 10083
6847 11925
19450 19571
2914 17391
21341 21389
9325 10099
22 18350
5621 9498
6694 13938
10177 18350
11776 16748
9597 22320
5947 10572
7382 15793
15172 17092
9064 9111
1518 14209
7682 21906
19102 21842
4572 16526
21960 22154
2610 10273
12105 19758
721 4209
1543 19577
7550 8755
188 3114
4922 19503
10654 22964
2649 16771
6809 19152
10905 19423
6494 21916
14124 17959
8547 11643
8832 15262
1342 3576
17548 20987
3928 7146
19062 19858
8270 11030
5676 12837
10069 21745
5761 22755
3948 18350
749 7839
2487 13804
9540 14725
1840 20608
13010 22030
737 9849
327 9671
8598 16211
4838 17852
9921 22468
1945 14244
10081 10094
10105 22931
1886 13084
13772 16605
6039 21491
2282 5338
301 2918
266 18149
420 11172
9474 19007
1753 20134
10642 17322
15214 16891
289 22538
1816 9230
20502 20696
14626 17976
14008 14553
6033 8831
12522 14825
7287 20217
465 19074
8026 19041
12352 14845
13826 19385
7231 12106
6072 20002
1154 22136
76 357
2796 13558
1517 11914
10050 18042
5757 14752
482 8172
4304 7797
1853 17452
10432 11429
1924 21642
7827 15067
10965 22549
12299 19784
13661 17635
5949 22751
486 11919
5126 6259
8854 14520
10281 13436
5283 14977
14642 17961
9183 10187
886 7517
8499 20132
6847 8391
4733 19331
5698 21363
873 2770
2898 8945
6535 12356
11744 12390
4103 22021
2266 7160
9627 21404
950 18669
326 1010
11330 14400
18010 20584
11762 15936
875 907
8909 16626
2395 6203
14009 14806
7823 20654
5293 21341
18783 21960
10617 11640
215 18843
21539 21848
257 15700
12524 15342
7338 17909
14295 17992
4556 16579
4100 7732
600 7708
3779 18154
17095 22385
17932 18402
14214 15307
12221 22144
965 15648
8796 11150
16464 22492
93 16567
2466 3276
6102 10138
2063 22042
12935 20668
7276 18791
14578 18950
3786 8595
3669 4771
7517 18830
4861 10982
3483 15725
3453 23018
9505 13684
275 15955
3959 17219
4924 16867
3564 11925
4984 20341
12522 14132
2558 15240
8855 13886
3038 15313
10253 20467
6069 15751
6750 13921
1197 15629
1437 18579
14204 21994
2777 13637
2117 20727
9484 18066
14737 21529
7122 17315
5361 21490
3562 7437
12191 17631
9213 10649
4160 16200
11261 22533
11925 22929
3391 9440
8992 17756
7937 9404
11651 12822
8652 17578
10129 10387
4725 14300
7674 21786
9352 20483
5556 20552
13811 14092
2177 8818
6231 20219
2779 8198
294 10941
207 13971
2595 13691
2391 8759
15596 18228
11489 17070
11211 22907
6379 19463
1462 13551
11549 18966
12050 16095
163 10853
9876 19539
2093 10297
18062 19533
6812 20357
3263 5239
2884 11815
2349 21305
1884 2597
7452 12938
4029 10692
5066 7049
18338 22945
15240 17750
12551 16610
13904 20595
17308 17834
3708 6096
14925 20173
12947 18140
9201 9816
768 4432
8505 9624
11426 22863
17698 18847
5130 12609
2554 19709
6893 13067
8712 9934
8028 10955
4653 19567
8206 9762
10505 20762
13704 21203
20377 20826
20077 21764
96 15693
9307 18131
2794 20067
3300 7038
3348 14597
534 2326
3050 12994
14553 15064
3265 5905
1749 4174
4061 9201
8818 18034
2202 5135
14652 23106
19451 22319
12000 13609
6574 6616
19552 22309
10787 22083
19238 21797
10965 16922
8609 21209
9275 23060
13495 16600
1146 4069
6951 12458
6741 22489
1671 5348
831 14786
16200 20806
6667 10518
13255 15610
2851 13786
53 20620
9251 20536
4149 10632
4168 16676
8385 20714
9060 18793
2202 14132
1481 11925
4502 21712
11253 12426
7625 19579
4977 12979
5555 18946
653 21664
3866 16893
10155 15073
4830 5375
1078 6179
6557 21483
2194 3911
1766 20558
4450 10503
1956 10654
1091 7396
8916 20322
11172 18424
14698 14710
18133 20248
2718 5592
7900 14531
3188 6493
17372 22707
2309 5341
17428 18647
15561 16594
18167 18875
3073 16660
6732 16596
1800 9517
814 19808
5755 21649
9560 15548
3298 12728
9397 15404
4098 12458
7671 11912
7525 19066
2794 16605
6243 22095
2564 22929
8003 16565
6440 16605
10642 21751
1328 8388
9045 12633
17090 19885
8119 11744
9966 15307
8638 13836
1704 4783
20452 22527
1622 19131
20067 22263
10281 13577
2875 6248
10431 18328
4815 12654
3383 10356
993 15462
3727 7773
13027 18954
17444 18048
6706 21572
1758 12367
16061 21807
11148 17914
13798 20033
6213 11501
879 9128
9898 18502
1789 11390
3768 16707
4646 18258
11024 14858
5940 11641
17483 19704
461 18498
17587 19566
278 16967
945 20599
8339 16092
9326 11294
429 7290
12062 14379
3162 13937
11678 17756
4808 8025
10050 12530
17207 21523
15118 17044
5858 10271
534 11530
16600 18258
10635 23114
4137 18033
10432 20932
13500 21412
6777 8112
18540 19682
2076 21671
10083 11932
9664 22601
2794 21830
9454 13647
17471 17665
7284 9230
6411 17233
13462 16912
277 19197
16488 17111
10891 15818
1644 2508
16434 18332
13262 18239
12377 18103
12874 20691
1785 2779
10886 20907
3559 12872
7958 19403
7472 12319
14254 20762
9562 9625
945 6095
3852 16867
1539 22863
14000 19782
3195 12573
7082 21115
18050 18117
9265 19676
699 3106
3875 9240
13005 22294
5358 22675
2553 18736
172 13347
15092 19859
1010 3839
9862 19131
1506 11906
4124 21652
1426 21422
4501 22883
16038 17052
964 8048
2945 15756
1809 18472
11800 20400
2759 6694
13225 13681
7695 15106
1517 21989
8755 22453
8465 16358
6555 10888
18122 21412
16340 17804
7360 20992
7347 15897
2344 12003
1661 6524
5419 12328
10497 21492
1811 3781
7716 9565
2371 20012
748 3176
7221 15420
8289 22556
17520 22490
8026 10594
17852 20322
4615 7128
22789 22859
7156 15047
15732 18478
2833 11380
2595 14710
5890 17026
13736 16344
9725 9925
9599 14609
7146 20636
7638 8553
1472 11849
991 19579
57 15800
827 4221
9038 17577
6368 16051
259 1228
14205 21888
14002 17437
22558 22562
2937 12680
7558 12538
3549 18080
1401 15093
8399 12223
365 20884
3452 20689
3385 9023
8518 17706
10490 21585
12220 18988
3485 15390
7332 15731
5221 16525
2335 17396
19469 22961
6723 22412
5888 16051
2488 22486
10659 14209
19179 20811
1708 5536
10233 14445
11144 16391
2995 11896
10145 22102
4615 7168
6494 21602
16338 19893
16488 20464
8098 19791
2794 10112
3591 6219
10491 15635
3722 9000
3889 7543
10094 14564
12822 14811
785 6262
6525 8402
10886 17242
7451 11981
2990 22562
11036 22188
6045 11894
4574 6451
6115 14850
7710 15897
3883 16835
6346 13585
10158 20389
7102 16435
1894 18618
2882 15222
444 6800
867 3567
9413 10087
11643 14187
764 21634
7295 20324
2264 6039
1233 11925
17088 21041
1886 8657
6496 11939
12832 22095
4566 9937
2652 21177
7517 12170
10846 17186
6951 14183
2462 16662
4984 10627
15351 19398
7634 18639
6900 18265
9062 18924
1512 8954
8004 18960
7376 13451
16605 23081
7452 12935
3726 20772
13715 18487
7049 8655
5315 9337
7710 15281
1632 20162
1162 8212
4401 22698
9223 9255
11932 18042
14922 21458
3472 12411
9479 13246
3882 21909
12409 14373
7807 22018
6786 16370
2418 6961
14343 17138
3975 9080
65 11586
6316 10275
16750 17391
161 3961
5381 22072
7235 9238
5318 14486
13360 20320
8226 12362
16669 22279
5896 7365
1233 19577
15671 16704
18316 19893
5878 13374
13802 19595
2886 12299
7658 10158
14047 17268
6024 18259
1218 7241
5324 13647
10050 21346
7360 18318
4011 10098
1473 2663
3110 15386
277 1484
1533 2779
35 3746
15307 19533
8502 12830
15252 16092
2474 7190
14469 19371
11650 20079
1291 5423
4521 20263
1024 8213
1573 9525
13781 14871
14041 15020
7649 12634
17682 19429
17814 22481
22713 22783
2325 16785
14742 20016
2970 21942
1474 4796
181 17712
14200 14719
3547 13887
1362 12076
7675 17723
596 8616
11867 21612
12626 13874
17188 22331
6777 10776
18228 21663
2575 21459
461 8689
18990 20442
10233 19936
4185 5698
136 3417
2825 20539
15545 18163
16950 18969
1517 4348
1180 18581
13239 15511
6586 12015
5773 14298
2170 23009
21770 23107
916 6053
13200 21721
14912 16290
12587 14674
1309 8978
7967 14772
3940 16728
10965 12669
16513 21173
9625 13718
20085 21540
6557 13374
8802 17706
97 14101
3885 16022
292 14586
12044 16879
8796 14367
6490 7627
2369 21967
1085 4220
3037 8082
8533 19193
12292 16513
996 12586
1575 7028
7224 23122
3827 13688
9959 10009
5336 17095
5166 9840
9121 22749
7917 13029
17531 20479
2095 18625
5923 11365
15943 22254
8910 20867
10916 22994
6569 19630
9248 19918
14192 15450
181 241
275 11497
2177 11536
14819 20812
7107 13065
4044 14362
289 9226
8988 19327
14320 15236
2163 5131
7309 10129
11459 16808
1842 5988
3532 9474
15178 18420
8464 18580
19947 23076
15558 18512
5555 15047
1450 21228
5789 14062
17723 22550
2633 2715
714 4772
8472 10882
402 2050
14837 14977
1847 10966
6361 10273
673 7743
5840 5841
8465 14801
18874 22610
3443 13067
2502 10725
17424 17554
7004 14121
118 7644
5609 12576
3087 17161
2246 15281
7809 10329
9075 18181
7995 19520
10684 12857
12563 17254
10725 15327
5257 11243
6605 13946
4549 10355
288 2370
8759 21082
1940 16914
4317 17126
10985 13744
4990 16757
4185 8001
15397 21242
2307 6918
8518 10837
12530 13878
19110 22118
5100 13647
9869 15615
3360 4740
6342 8534
470 21761
18911 22960
4707 13873
1540 4432
10141 19254
17493 19684
12354 17472
6580 6661
15474 21547
7275 18014
8068 14043
2246 4069
8190 8369
11596 12538
15184 21539
2902 6096
8070 8836
7075 19212
3385 4735
9310 13144
1491 16100
9333 12996
15693 19450
1271 13647
1403 16338
6125 11029
4257 12115
10081 16095
17019 19540
737 15346
5054 15129
16139 21513
12477 13158
18089 21962
16822 20405
3111 5943
4157 5583
3391 20472
9479 16786
9887 13988
1629 5719
12655 17742
13903 20042
16884 16885
9686 9923
11108 22565
259 11914
2946 21960
7085 16977
4081 14891
7976 18695
8329 21261
135 13922
3506 20881
447 9696
4891 15307
12425 21449
6680 13960
291 1757
11144 11782
13933 18554
764 10345
13943 21895
4407 21482
10305 21910
5596 10346
2663 5063
1540 21956
16116 19359
14474 22121
1938 11058
4458 12946
6660 8026
3202 12356
4186 13985
3888 7523
8235 22694
15474 19101
14476 19764
9677 16282
7490 21513
8796 17889
8924 19784
847 18862
13361 14379
6588 19577
6596 22335
11439 21392
3478 7514
1170 20665
18906 20746
275 15101
5720 8796
9940 17614
9248 18907
275 4045
3478 18875
4727 12093
15484 22453
11650 16092
2902 6959
8963 12005
8153 21818
476 10930
16605 20873
11654 16796
16675 21951
16732 17666
7686 7768
5744 8041
14590 15244
1922 6952
7623 7839
2757 6039
11103 19730
19831 20873
847 3834
3308 21396
543 4783
16022 21422
275 2989
15250 17699
5315 11915
10391 10972
15187 22158
4714 8546
8709 9780
2951 8153
7144 7149
9956 17315
5478 19370
3390 18267
2314 12641
13730 14296
15460 19042
2762 8625
18508 23027
3919 14993
9552 15236
5710 7710
1947 17098
7421 21524
5920 23122
760 3024
780 18783
16072 16676
5089 20096
6551 16980
4173 6554
5744 8569
3913 10267
1801 11040
5760 8668
6530 6726
11325 11773
5762 14763
1824 1831
631 1500
993 22562
8755 20547
11638 11810
12268 17842
6442 8051
5570 11605
6901 13959
3784 11476
2312 15229
5773 12977
19210 22657
167 15789
15497 18382
11645 21401
8632 13121
2869 18783
15919 18228
3000 16464
20887 21097
1950 14658
376 3868
4809 22799
4207 19593
13067 14283
2642 15231
981 20024
4796 21323
20608 20867
12523 18915
7149 17014
3248 18496
16676 18395
4715 21722
11859 18988
5408 22031
10005 11789
938 1097
8497 19893
11613 14914
5777 19408
9874 11024
4199 13122
14774 22234
10124 14050
4781 4782
5894 11112
918 10542
825 6491
2660 11103
2102 3176
8289 17893
5110 20155
8500 16783
9060 12176
15129 19211
6661 17375
15622 18447
997 10121
11641 11651
2666 21248
13835 16763
376 15249
7168 11932
4992 19633
14050 14306
4223 8496
19335 22905
7885 11952
10491 14398
2175 3178
14129 22195
7430 10467
12050 17166
77 14861
15663 18328
4297 20324
3491 14673
2643 4645
891 11914
9223 23106
6718 17022
9551 19604
13270 20062
7266 10808
1887 16488
4025 12193
3511 7718
7414 11283
657 2342
5663 17826
6096 16151
6753 13821
2938 4353
7268 9798
4694 7616
7722 9702
3163 14992
10199 16151
11712 12047
19015 19825
15651 20459
3600 9095
14878 18190
669 7031
20170 21295
951 1536
13436 21986
20649 22569
683 4503
15232 17435
1790 20854
14234 16404
12853 17194
15795 19837
5388 6968
6920 18618
14201 21841
20534 23004
20046 22428
10462 21547
612 10811
11915 19678
4414 7355
4756 13481
5509 17297
2157 6274
10662 11144
2351 2393
10678 12585
17851 18920
288 4326
4595 19575
10192 22395
12939 17245
10262 12385
13490 21412
3551 12778
7799 14486
7278 14551
8755 8787
2898 10100
13203 14727
12576 19318
10228 17915
9544 17327
5764 17022
4398 5100
5831 22977
22062 22063
8228 22248
3176 16245
5028 16282
3878 16297
6096 19788
2584 21131
2240 3424
1610 4212
1505 2968
8361 19618
580 2650
2303 17301
13459 19784
11037 15441
9042 21276
1603 7107
7900 22532
13157 18893
11463 14553
9262 14756
8253 19014
5821 19610
3417 11303
1506 8364
3296 8434
1315 16000
7141 13108
2044 3074
12684 17662
5726 22437
2425 16355
16089 22262
2188 21960
4384 8992
4746 21539
13647 22457
6694 13416
4702 21513
6574 18436
7490 20649
1605 8201
2648 18990
4137 22800
13161 13676
1357 14194
4372 20356
8695 8958
9646 17768
6422 21306
4618 19419
8177 10796
2619 19232
2935 9909
7562 9304
4984 16151
1785 10712
11217 14376
4417 12587
3620 16795
2494 14485
4535 15086
2163 16670
9534 14652
7829 19730
11798 13725
1303 8611
14346 22004
1151 22100
11170 13681
5221 12849
11228 11562
13179 13321
4635 12758
6039 6213
3938 7945
7973 10418
13074 17499
3611 9484
9203 18163
4623 16565
17719 18885
5203 10941
3106 19751
16487 21788
4652 15507
4615 4984
2886 3597
10398 17275
1027 14228
5107 12222
2894 20554
456 2543
6801 12413
11945 17889
3816 10582
18328 20334
3820 4242
932 10316
1255 5433
15571 16355
627 7821
19939 20086
5682 16202
3858 10632
2407 21810
15837 17901
3238 5338
1679 11228
4891 19126
7192 8712
16800 22181
3959 8961
18603 21403
361 2494
5283 5478
4007 18332
8755 22541
6694 9507
7818 8780
7956 20361
2139 14993
8026 11275
2303 2946
8153 16551
9486 19063
8040 15616
4656 6950
10580 18785
3080 11048
5657 16383
2278 9584
6694 22176
8857 22861
2732 13082
5048 6002
15020 19342
9214 22359
5478 18819
1319 16901
3781 9588
14113 14910
309 18892
2759 16051
379 14730
9656 19229
6551 11782
7830 18039
7855 15041
8319 13083
14785 18972
5440 14367
619 21709
10499 22742
4965 15246
21960 22254
2361 18198
4482 10316
1426 5530
17233 21751
285 507
6673 7164
6882 11144
6604 7252
13742 17227
5497 17667
3982 18281
17739 18147
2309 6605
2638 11361
5736 12585
4396 7700
9074 15131
2743 22959
4496 6550
7163 17993
5346 14629
16713 19290
7252 9397
7540 8316
8266 15012
2919 8228
20948 22026
1445 4430
1023 2655
772 7385
12893 21163
20522 21749
18915 23088
9874 9937
4029 5173
11334 15681
10880 19047
14398 20067
11103 15691
4818 16565
7104 14197
2996 18765
3791 6176
12490 14841
886 1517
6096 11224
11930 20146
11941 15056
6739 9671
9177 14293
5866 21070
7669 22610
13045 15033
9906 16051
4780 8198
14878 17723
3743 17457
5112 22542
7235 11186
10833 14003
7708 20181
12591 22643
1375 13805
8680 16494
1730 13158
12258 15746
2902 17889
10124 10199
11950 21940
3029 5159
1699 20893
8644 21551
212 9480
3350 4321
8864 21143
2624 19876
5526 11679
5110 10657
10793 18598
15969 21247
1995 21797
4626 19615
8772 15437
8202 9937
7452 16630
8886 9715
6177 13262
11641 16673
3034 14132
10135 22031
535 4615
16041 19150
11875 14019
4912 20586
17104 18300
16590 20301
9858 10083
979 12138
1893 3991
5330 14441
6188 15981
4635 6971
9078 15359
9175 18861
807 8391
8868 10081
11048 20205
4174 13733
6756 12686
13751 18036
119 18886
6892 10925
20855 21008
10094 10108
1053 22577
6272 22357
6646 15340
6238 20437
5909 19386
1621 2703
7675 15341
19715 19924
531 13311
11547 16148
1783 12269
8661 19186
9033 21257
11852 18653
14398 22093
277 384
4938 18684
5595 17276
7219 18135
3743 14069
2951 19134
10784 21469
20649 21684
17854 23122
15067 22231
6065 8649
5283 6160
2679 16950
7177 23095
1703 16638
1769 8474
202 18054
8608 12731
7217 14234
12103 18091
13110 19180
2491 19127
4731 10565
14605 21207
880 20000
18581 22541
11678 16670
14541 15095
11146 13411
6583 22266
11354 22694
7186 9448
2960 13923
14420 15704
4166 15111
4492 14862
1300 15359
5213 17156
7378 11435
4090 17531
1978 9866
1473 3166
3938 16605
7468 8874
12585 14700
13885 14487
1744 11163
17711 20900
4010 9219
3983 13057
8472 15362
15805 18837
5994 20094
10124 14222
4093 21662
3572 21805
7317 8413
2229 2275
1987 13736
8831 18713
11313 17608
1647 3877
20823 22929
10160 16526
17994 22492
16377 22636
4093 20429
13081 18900
2864 22191
10112 13885
12662 13930
765 15972
3737 22022
2702 8213
15429 20016
10148 20509
15612 18594
1220 7672
15670 18442
8210 20306
13603 16615
686 6678
3703 4775
5526 23042
10528 15875
6404 21873
2537 10440
325 14756
714 21099
13844 14382
13290 16600
3551 5069
12302 17723
7446 22260
7840 21363
16300 19020
3514 14343
10384 21588
7610 16671
528 13498
14847 16232
6595 19111
10481 21830
1515 1575
15063 21989
2895 10094
2172 15228
10183 22457
8435 9471
431 2097
14581 20265
9712 12701
4008 17161
7751 12190
8129 20893
5012 5176
15121 17179
2029 12667
9091 21543
11144 20664
3514 5330
8821 22222
1752 22901
6327 20455
1094 13527
5551 11910
151 22263
13127 17125
191 22105
13902 17613
4793 12726
4013 21615
7511 13824
241 10567
8924 17992
2125 20242
6780 16565
2740 7190
1644 1769
4131 7821
1272 22749
11744 12260
3875 14593
2472 5855
14753 19041
1406 12475
11109 18094
1543 4304
18716 21582
9326 18996
13234 19820
333 10490
5173 5331
3959 6355
3352 17813
20037 21558
10297 14854
2767 2940
1220 3486
10081 15236
7775 16402
13733 14471
730 6501
4223 11744
1228 15618
5283 11108
8252 19733
11467 16605
815 2123
19897 23096
4894 16721
1483 17592
918 12628
7776 9862
1706 12163
8996 14623
737 7490
17901 21644
5408 16067
2964 11148
3107 17889
10099 20011
5702 20126
15000 17836
4012 16237
1500 12019
13449 19881
12559 13103
2968 16605
10081 11650
4107 6680
825 3293
7785 19683
827 21245
15875 15877
12302 22163
5338 8681
14137 15282
2117 15678
5885 20801
1077 4382
8306 20811
9818 16843
4391 23107
9505 18875
14398 16338
947 21513
3443 22632
9393 20521
9898 18972
9579 22437
7066 17239
11640 21573
8213 12016
8721 17723
14154 18522
4038 5726
5168 10503
13918 16770
13509 15640
4088 8713
3590 16106
1969 20916
13573 13616
22491 22608
4933 20126
5083 11330
11360 15067
9364 15175
6968 18810
4351 12108
16357 17728
551 1462
11982 13009
9955 10001
10218 17641
5342 22385
5957 22259
4731 14320
4029 20791
571 14899
11999 17816
4078 21141
7676 13526
2405 8026
477 8427
14398 19930
8874 18115
1177 5729
2813 9633
1772 4566
5726 8614
7629 17285
5338 22798
17450 20107
7185 12066
7658 9321
6388 22311
3974 16944
8337 22331
1001 8677
6847 11467
14617 22106
4969 11500
2955 4493
5552 19211
20432 21420
19823 22430
7415 10736
18618 22325
6222 22330
5952 18996
10274 14203
13478 20317
8721 20443
6637 20340
15600 18581
241 7030
2343 21123
4003 22996
14179 18850
9909 13149
6690 20211
11945 22535
15000 21407
17517 22085
6918 18584
15652 20051
3945 15802
208 4289
3242 14185
5609 22541
13527 21513
9909 10491
7187 13321
9536 10275
14284 21671
1807 16894
5866 11186
8048 20076
2163 17723
18478 22821
7419 14604
9416 18990
9410 17139
7264 10332
1537 17837
15587 21634
2048 13972
6831 11652
11721 18876
8652 18695
6455 17251
10281 19118
5600 13609
6712 18362
14613 21325
7827 22956
14387 16687
657 1492
1589 4582
3524 19837
15185 22586
10041 20811
14578 18885
351 6066
8618 8879
852 13684
2155 2549
4800 14811
8166 22675
7448 15421
3773 8026
319 10714
7986 14375
1785 9740
3772 16576
13459 16250
10298 18606
9134 17579
10406 22791
9270 17868
12611 22626
16725 23063
573 3722
3472 6805
5568 8695
6866 14035
3415 5165
7561 12538
151 16132
4882 22662
18108 18972
2194 8003
13878 21125
2636 20581
11214 21425
4566 21410
5279 18142
18952 21335
3163 5114
7037 12114
567 4470
737 8416
17932 21738
5645 18367
17783 22128
16482 22718
17361 17606
9314 22374
6356 11641
2507 15026
600 19366
6497 16045
462 6694
11738 22578
21198 22263
15066 20681
20665 21918
589 9006
3301 18044
15887 22317
6006 6783
1244 16345
4624 9405
2439 18511
6144 19419
9504 14341
3771 4076
8577 19926
9804 10081
12476 18096
4453 10807
1373 16989
10823 22119
13826 14700
11670 19431
3590 5281
7546 21136
1053 2798
6442 10419
1411 23018
1333 1738
7777 18793
1653 20817
13813 13815
13783 23096
5652 16669
21155 22839
4874 13050
12342 22929
2439 8546
18546 21006
2102 7490
1473 2946
10138 21403
632 13451
14699 15176
15323 17448
16341 21935
13651 22483
10129 14394
4001 13362
10204 16782
13082 18308
11644 13801
13246 19036
6557 11608
5528 7188
14635 18952
950 13937
1150 2792
2578 10124
3577 10370
10649 16246
6704 21485
1631 8796
3849 14341
8045 9715
9767 18872
1658 17612
2490 5160
10770 16194
2899 3914
11654 19193
7321 21920
5729 15492
2796 3128
17734 20170
12031 16686
8307 9473
15302 18161
14868 15981
140 11604
5294 11175
13554 21513
10629 14369
6419 12180
9724 16550
2607 16674
1255 3009
5835 16974
3963 15983
15213 19128
7185 14448
1110 14148
3726 6213
15595 23019
1762 9708
10869 13960
14398 22748
4241 16856
3088 16415
2333 5303
7261 22382
7561 20019
12857 14403
4017 6096
2050 12083
14314 21649
3538 16199
3375 14248
5531 14537
8326 21190
9319 10377
11370 12837
8122 19446
10213 10491
6557 14678
6759 11851
9607 12952
10083 12331
5787 13534
2762 20346
1426 14172
10083 10098
2494 14554
9861 13657
3075 12950
10382 15475
4645 10866
11878 17354
17478 22721
14710 22134
4382 8177
275 12013
17477 19933
16093 21270
12950 16367
5626 11446
9259 11931
14125 17611
17475 20649
1800 14109
13361 18865
4716 19203
3456 10640
8380 8831
6521 15958
9173 10525
3354 17599
3810 12385
2849 7192
9927 17001
9120 11912
14091 17126
1991 8396
8404 22184
4645 9620
3759 9700
5130 12815
9660 12543
10777 16374
11772 14386
14027 22637
4387 10629
16283 21956
984 18724
664 14929
2162 12356
18861 20144
6410 23097
12079 21771
9334 15113
11205 16302
10905 13791
7107 19021
9301 9629
12514 20873
11378 22119
6330 9680
11057 12727
13610 14551
289 2128
4746 19734
3351 20635
15716 20676
10210 18328
740 11863
2891 10100
2659 10101
16872 18700
8572 11261
275 11921
13965 15815
2025 12612
5150 16981
3810 7076
17815 22184
725 4345
9540 16492
3698 13585
10119 10472
10751 15693
112 10960
14477 22013
9489 10789
8423 15086
3355 13981
9238 10469
485 11893
4218 15063
2765 2777
16318 21935
2686 15991
2779 14649
12967 20789
8161 21649
13553 15593
1586 18412
17099 20426
13846 15654
1840 17837
241 12013
2554 5447
12165 19683
10972 13080
4238 10651
2644 17570
12377 13807
6458 6756
5283 21916
1196 4928
7354 12271
18171 19272
1809 5869
3036 16424
8680 19484
490 8079
10122 21516
9304 12214
4390 20193
14473 16313
1987 17006
13691 14710
17866 20067
16443 17972
11343 17516
2245 6349
735 14977
1543 7030
3490 10686
112 20837
7626 9525
20753 21692
801 13129
17355 18875
16396 16414
21139 21225
4276 4969
12790 20314
3384 20181
13741 21969
3008 3473
12665 14398
7738 14672
2034 12992
2309 17358
7297 9407
11119 17157
11650 11654
11258 11650
7669 10567
10732 20263
3527 4044
12199 14881
4322 4481
10082 12250
10198 15634
353 10434
2038 14258
6996 10218
13613 14121
7149 15020
11362 17577
8532 17118
1436 12247
484 21447
12585 13991
327 6739
3770 7724
2928 7222
8532 22316
4651 14215
13274 21195
3156 10182
5382 15403
4863 7695
10229 23101
11760 13619
2248 8507
8694 18436
1228 17371
11741 21824
7686 17639
724 8694
207 16667
6813 21130
19083 20588
2303 12162
984 12898
4260 17415
1271 7658
15446 18020
4566 18750
1303 8077
13629 16000
54 5510
1404 9313
5447 20145
7030 11282
8168 12031
4286 23018
16166 21920
615 13451
15337 20887
4605 10243
1944 22579
1365 5082
2240 6448
3261 8361
1625 6486
12162 22386
1599 8333
5710 12897
10094 16605
14148 19852
1550 10595
2587 9197
4850 16651
1971 16200
10692 17527
3417 17267
10483 14765
6120 22672
2937 10257
5795 20039
12868 13262
4344 20339
5251 11999
18962 20819
3270 18975
10908 22998
8499 22541
10958 22839
4378 12808
5480 10126
12115 17757
35 36
19423 19961
5911 14731
847 1574
17103 19554
9974 15993
13082 22105
9100 16763
10029 10617
16862 21106
624 8920
2957 8405
2078 13787
5490 12087
4615 11487
1400 18358
8388 16494
3057 21890
7310 11036
11085 18393
10249 15739
15104 20671
16531 20344
4566 8996
10054 13924
4970 6034
289 8370
7456 19311
3896 4912
5110 23096
13145 21567
1901 12898
1177 8704
1183 17597
1319 13914
6646 15907
2973 12686
10526 20500
4840 18922
13888 20279
3456 10535
17961 19025
7800 9230
5460 11635
1269 22786
7729 20316
10453 14353
5782 10574
21648 22907
19072 20953
8911 15162
11230 13258
9833 18581
9227 16118
18559 20067
5034 23082
3565 8220
3641 13960
4811 21292
13501 21423
6128 12391
10682 11927
103 17212
5478 11678
424 9937
3826 13605
3871 16190
5769 9265
3708 4017
12147 19820
2706 18606
1902 20132
289 21604
2197 8742
3566 8996
8179 15080
9685 22359
2280 14367
1657 9023
3865 8796
4224 5652
7468 16402
486 11817
4367 15307
1153 10197
18922 23062
9098 15485
19895 21395
13935 21115
15980 18172
8125 20452
288 17600
2194 11267
2194 13506
916 12619
5809 19949
12049 18478
5447 11606
5482 8148
21544 22542
5856 8866
5921 6964
3499 17375
1475 15618
7413 15447
8611 8624
18879 21973
20449 22988
16986 22906
4796 7272
13909 16092
2779 16605
3166 12319
16826 21048
509 8910
2918 5008
5627 6961
5611 9918
982 14038
271 7110
3348 5166
11915 20473
7863 20317
8166 10732
12530 15894
8796 14770
16166 20811
8465 13089
1540 12408
3073 17851
3595 15176
8125 21830
15604 18573
1926 16565
4550 11953
14993 18952
3965 7164
637 10247
2237 7181
2559 3548
13233 19872
5151 12108
17066 17886
5658 22229
807 20156
847 9587
1670 16242
818 3487
135 2470
4651 19903
1573 6876
11066 22717
7533 14332
618 10314
2653 8545
1375 17660
1636 11930
8002 22263
1541 17408
4802 16150
4582 16897
16105 16605
18166 18961
14394 15244
16670 16832
930 20992
2910 21583
3420 13023
10567 17332
12952 20040
5802 5887
17155 19032
3611 14341
14580 18370
12260 14379
2236 13752
5621 7700
391 19321
9467 21051
12475 17496
673 5704
1819 7675
42 1023
2762 6193
4532 12413
2867 6039
16670 19264
9248 20977
8178 11103
6127 6437
10184 21946
7199 19320
11638 15007
4947 16232
253 466
10484 15648
10678 22453
194 1085
3152 18276
4177 8288
11467 20049
6288 10064
5259 18210
65 7625
8031 21761
1198 12331
5884 8006
10663 18438
11358 19006
9006 19337
7541 7984
9858 19936
11854 18535
6974 19454
11268 19891
1694 13835
14285 18406
3194 8239
9245 11914
2887 18476
21483 21875
1465 20259
10098 10456
4086 18476
16775 18049
12324 17048
5618 12646
4745 20267
10129 20653
1133 6790
5236 6486
11382 12318
1465 4502
9993 16593
4304 4850
8383 10940
2594 8868
292 1555
7283 20344
22466 22773
4542 22791
1573 7168
3116 16213
17767 18228
3873 20288
15179 21513
11485 15789
3393 4866
289 3284
11650 19930
847 4494
6375 11749
949 6704
55 2312
10520 20574
11225 13673
3536 22917
11789 18485
1447 4676
6490 19463
2766 3376
1483 18428
8090 19269
13894 17720
12979 13067
16526 20145
3989 10810
6159 9161
874 11910
1965 19255
15493 22859
8599 13118
12364 20094
1785 7918
2953 20452
2768 9047
10384 15237
652 13074
11108 14710
11234 17343
18740 19039
10099 15760
8537 22112
12127 13736
4984 19341
4205 9971
15756 22598
1582 3124
1150 18740
9939 17857
11580 12365
8766 17233
3289 16206
125 12126
6959 16952
5761 13103
1174 1907
21870 22399
7492 17961
15725 16927
4312 22993
15481 18896
12153 17673
8126 17597
20289 21041
15331 22839
2178 14862
12258 22302
2427 9259
7146 7689
5994 9682
14386 19593
8173 15600
4772 8480
13125 19922
13991 21537
3500 11294
18564 18661
19216 19347
10720 14740
6360 19358
5373 8481
8796 22817
4694 22579
13767 21854
5573 11207
1129 9175
11784 18620
1761 11605
11919 11953
192 14590
4068 12377
11679 23042
4384 8057
9919 13781
1765 19149
1500 4498
2578 16891
5423 13290
4566 16565
8825 17182
5909 22138
5208 22620
14121 14596
1042 7301
286 19450
956 11310
676 7756
11282 19936
7301 21919
8388 15405
8803 22178
8292 16145
3344 16908
17439 21047
2040 7269
576 21963
5283 7797
3781 4312
4000 9226
9669 17616
2357 4555
3191 14259
9641 11712
5944 15315
5283 13767
3540 19203
8834 10067
10448 19522
10026 15060
10685 12857
275 1570
5985 7302
4786 7248
19286 22102
94 10632
6008 16128
3317 9273
989 15502
14174 18648
301 21841
7664 18016
14569 20720
4453 10368
8798 15036
12892 16307
899 21552
2181 11650
1190 8825
6096 12952
14730 20391
13393 15675
9270 20654
11655 20730
13104 14881
718 10782
3710 13442
7145 22627
258 719
8977 16488
148 7831
2276 19131
22813 22875
13390 14196
11883 21459
6514 13763
1021 14768
5594 19128
4304 16651
49 2774
289 4984
10970 15351
11281 20811
2240 22460
8371 14550
13579 22988
12487 21185
16439 18039
11168 19049
15601 16605
1019 12054
9551 12309
17940 20073
10319 14418
3857 10297
12710 21730
18030 20449
11186 20208
9397 16488
2624 15614
8668 14590
688 18282
381 17941
1528 15348
18899 19815
1024 15063
17936 20822
8512 11594
3646 10837
3163 18964
4384 14472
10635 14955
1866 19572
7837 18639
12780 16389
1659 17191
6475 10333
5467 10135
4044 5818
1754 4223
10878 11205
15343 19231
11678 16645
6736 11153
5680 6900
13285 16611
5362 8283
6847 17525
18576 19212
2959 19257
2596 10050
2372 18952
13616 14645
5409 22835
20857 21840
2364 5252
4212 17734
16435 17126
16603 17613
10574 12049
9827 15138
1552 22128
1637 7791
2293 5408
3574 16664
14006 17233
7125 20832
1372 18213
2915 3139
14342 19545
11782 14563
8943 19490
812 9540
17699 19025
5797 18058
246 19150
7329 16366
11007 15144
10618 23096
17391 19026
10715 15425
12587 21493
9207 20060
292 1580
2095 16943
3592 7311
3605 13293
2941 11520
5762 6184
7396 19478
4792 4985
10125 13307
3247 18489
6718 19126
10518 22044
7973 15461
4432 6832
21515 22541
5283 19936
7610 11054
10340 12475
6091 6376
8924 9979
945 2917
9214 21551
4116 20089
12852 20937
5727 21847
5495 20457
1847 4887
3915 14488
12115 22436
8707 9335
21177 21990
9812 10211
4207 14386
8398 12015
7272 14966
6039 17876
7615 21605
1023 16670
3878 16062
2095 13071
8947 12810
4554 13126
556 13874
13420 21728
10366 18933
3494 15596
10630 14366
7282 10540
5432 12946
13763 18005
3624 10436
1229 21141
2134 20284
2349 12247
1815 16170
1638 7090
19359 22083
2767 21476
3519 13296
1353 8721
10337 18092
5258 14124
9813 10505
20387 22874
16198 19290
19099 20030
2282 6671
10183 11926
2794 22142
1080 6933
17959 21929
5921 12140
8226 18549
9415 18623
7515 8807
14650 19317
10869 20981
12897 14693
1272 6820
7627 19914
3191 18212
5795 21584
7426 15064
1409 15892
11309 22562
45 9389
13118 13126
305 11190
13815 20988
3628 8639
253 16451
8561 9893
8498 10624
9742 21496
213 13060
5888 17268
16629 17066
5434 18050
15955 21518
288 21987
11020 17007
12299 14952
9554 22205
3183 18756
7976 11202
6557 10577
4540 18690
424 8442
2405 12889
6318 16347
5640 13321
5186 11617
5282 19972
6096 10432
5932 23094
9498 18316
9711 21561
2252 5944
6742 6970
7605 8480
18853 20509
8140 15544
9743 13107
1053 15268
8000 14158
2507 13359
945 14674
2458 4103
641 18996
1570 9143
16950 18068
1566 21975
6741 9955
2968 17471
20170 23002
9816 12334
14649 21235
8882 15196
890 14362
6453 12377
4137 10391
12770 18601
9743 21244
11467 16945
1233 1543
21139 21859
5184 18420
1949 14275
9321 19716
465 14369
7426 12070
170 17243
2360 5434
11377 18511
699 9184
5529 19142
14413 20620
18954 19903
5692 21604
2678 19112
2361 15691
1529 10326
1053 16391
14488 15791
11121 14992
188 19784
2998 11115
4222 22929
10087 10094
14056 21567
6009 12854
5098 17113
6214 6368
10954 19393
8119 23012
5170 8847
4008 7280
9045 17497
457 10087
2484 18382
8612 14034
3781 18468
17712 18275
4765 19626
6847 9887
984 13704
13698 17424
19423 23098
16471 18167
4069 14070
15794 23106
5558 18050
2327 2505
16463 17445
6488 14475
21149 22767
16077 16935
7465 16563
735 5838
11176 21536
19470 22304
1496 19554
10211 21845
1621 11674
631 12059
11609 13846
2319 20721
1237 6925
14155 18075
7137 16598
9560 15000
9863 13930
9115 12430
9475 21690
6655 10521
7246 7440
5729 15178
2653 18054
5148 13044
11629 11909
11870 12404
2664 8218
7799 19267
3111 19837
18599 21720
2302 5539
115 9588
7022 7627
3485 12325
9271 11375
19537 19768
6551 8876
12526 14485
412 14326
11631 20855
4969 12650
8396 17371
19682 22049
2645 18832
2978 9562
7222 8090
1800 16393
2763 5993
7224 13647
368 19311
10110 18219
5286 16413
1880 18331
8861 22155
8821 16150
13847 22798
13011 22784
10249 17006
1328 4794
12038 16378
135 4977
1603 18991
11894 20284
3306 13595
17186 17448
3720 10254
7487 16589
2666 19785
10732 16526
8746 16492
825 8947
4498 14593
13264 14054
12507 21177
16231 17456
7587 10381
8634 21363
19842 21489
9019 15948
9070 21539
21150 22824
2373 8435
9248 20144
6868 12523
10188 20137
4392 7120
13998 14320
3647 20773
3240 6154
2453 22500
4008 7164
5283 14710
4085 12609
12127 19238
9955 22489
2402 22359
6550 12375
6485 13470
15596 23096
6685 8705
2779 10501
10094 20800
2282 18008
4838 19197
5620 9273
15744 17186
571 4706
1977 12353
17358 18163
4548 19146
9812 14037
2040 19181
18757 20034
699 21675
12852 13404
7770 14899
16434 22266
2260 5617
8605 21499
1296 20897
7700 15948
7389 8949
1083 15173
5409 13060
14343 16969
5242 5713
2402 5883
12548 16958
294 4698
12559 14656
281 1539
1541 15711
6923 7012
10649 11954
15250 19547
3167 19939
6679 13089
1025 2883
377 18785
10840 22789
15241 17783
5338 16676
4147 12391
9645 10275
12898 19575
1211 7525
8484 16439
1442 8361
2183 13204
2441 4138
7608 21941
5411 15900
14622 20096
3078 13997
818 17833
12364 20242
6997 15380
16880 19629
511 6086
16932 22430
14806 17504
16163 17483
11928 16633
1379 19241
1251 4899
4445 19132
14185 16124
4948 12653
10303 18645
2386 2780
4089 7430
13609 14502
1982 9577
9424 17160
2643 6175
1700 14170
3199 13886
12979 17994
3276 8709
12126 12128
18996 21768
11082 21077
13992 21579
1233 1500
8252 11415
3244 22541
12245 22591
455 1024
9769 10448
18849 19238
19536 22516
10050 13878
1912 10094
13252 21549
12684 12764
3403 7290
494 8003
4014 12198
1279 5118
11045 20930
1130 11912
4312 16548
638 14476
3160 11067
9318 15784
1000 5519
806 16947
539 9054
9427 15452
14868 15046
2706 10298
610 10739
947 6704
742 835
818 1235
10451 18209
17516 17645
7701 14376
10448 12048
6688 14520
707 2182
1330 21368
750 5685
6081 19546
4035 14810
6480 21059
10413 22459
15267 23096
3034 3825
6370 16017
5101 15829
1984 15214
8292 14278
16022 21420
1842 11740
4259 14008
1034 4539
7517 20160
5084 22971
10508 14543
4570 11673
1303 6777
15020 21680
4976 15944
52 67
6308 16976
808 20239
9666 10974
1105 7838
11007 18742
9061 22065
3840 19859
15556 19394
13744 22985
8570 20106
1260 5773
8284 8287
10387 20022
12529 19073
15616 16164
2655 9849
6694 7603
7301 18985
1265 3069
5190 12713
18280 22025
1470 4983
374 13731
2545 12961
3403 18985
1276 20065
7291 16983
15732 19632
18633 19575
5530 19277
1731 20173
173 288
8763 15656
916 17014
7637 8440
1498 6535
7829 8129
1920 11256
642 16379
3667 4464
2401 3766
6416 14725
65 4563
10887 13539
5652 6664
21558 22564
5555 8051
2928 12947
5985 13793
7232 11644
2521 11580
10035 20211
697 6536
8667 14394
8499 12332
5338 15958
13718 19219
4991 8649
8968 22331
933 2814
3617 21483
13082 20631
2585 20247
18008 18243
1410 14159
11295 17531
1761 16112
2963 16031
8388 11698
8155 11271
2183 5159
5621 8103
15308 22204
598 5338
1180 4615
2116 10844
6533 16677
15684 20126
4535 18447
20944 21420
2745 14302
15940 22839
2122 12358
1302 5635
4850 18328
5525 16584
507 9274
16 4360
3530 18086
971 19388
10887 12154
12213 14896
2376 12319
1744 10837
5455 7689
8919 19260
11039 21870
17291 21030
21069 21642
2560 13083
19041 19987
4619 17969
12402 19526
7248 9360
4606 10173
10797 22302
20078 20573
2687 19939
16039 16048
3724 9618
5346 5999
1776 5014
494 7825
12952 16302
4288 21907
5509 21076
1622 9504
9959 15804
3940 5710
1505 17471
9262 19243
5980 17755
8015 11268
890 4044
13647 19211
7711 16486
852 11776
3140 14159
16410 18758
122 16646
5814 16312
8866 10019
1866 17047
11439 14947
9625 12132
8373 21163
15471 16374
11487 22541
6021 13501
1386 14899
12247 14913
146 23001
1156 9321
7841 20143
2044 4411
851 12443
1297 2315
15746 19313
4876 11390
7148 14447
9883 13813
2266 22359
3098 4228
9752 15118
42 17559
7048 16916
4378 4936
1999 15744
15924 16061
13048 23106
7346 12082
3351 6356
9843 17717
5704 19469
2498 10529
12502 15616
1198 6876
12487 22305
4218 5474
13902 18547
5589 14398
10101 22178
7885 21175
2979 15497
20304 23110
8626 14835
20538 21393
10098 15957
7156 9045
3010 5803
4503 20271
17570 18551
3106 12383
3411 10549
1797 4352
7168 18581
2178 5201
15365 19370
19082 20568
1157 10986
8471 15034
13585 16235
13564 20302
11182 20031
10830 22776
18358 19485
263 3849
10818 11505
3685 18500
1311 4958
10468 13968
4731 22105
20176 21960
11136 19664
12580 15196
12721 17960
763 8479
1558 5261
5431 20086
1797 7210
5760 8769
11919 16605
14979 22882
6226 17474
895 5939
15430 22991
9959 12585
8947 9496
12910 16313
15688 20247
9385 21583
9404 10060
1106 3883
17199 23038
4033 11744
2388 23115
16103 16328
8000 20476
19898 21528
2829 21579
10755 19013
3781 6248
2964 5936
2959 17992
12214 12978
18296 22986
8397 20681
2020 10831
10892 13371
18170 18875
5254 16282
10106 10368
18555 19286
3341 5208
1091 10769
9874 14899
1410 5558
7026 8153
12897 21654
5527 15424
12478 19337
9660 18328
3199 13616
1977 20928
1648 10635
176 9262
8198 19866
159 14313
9397 17941
20919 21315
10109 20242
2484 13871
9808 15648
53 2003
1230 13909
8011 21878
5438 22907
796 6533
4685 21675
4914 20921
3443 21705
9474 19939
15596 17424
10503 13154
6813 22821
5422 7658
10789 11556
4855 18258
11080 12764
16120 18525
15085 17042
11861 18360
11076 18684
9154 22826
3910 11916
6511 12114
9732 22770
3515 15377
13029 14267
12171 16559
17767 19560
4174 15606
3928 16531
8141 18937
9712 9713
11744 18389
12050 12487
6066 16639
18906 19451
11705 22516
4645 5346
74 14550
494 11983
11858 18943
10449 19693
5068 11488
12255 21260
4241 17201
6386 21387
20126 22615
1622 13634
2264 8976
398 12979
1491 7437
10413 10647
2177 16360
3321 16936
18945 20495
11720 19880
2021 7596
1320 19857
13612 22359
16945 20643
2649 3388
9437 13878
6739 8527
475 10818
640 6832
9479 9710
12799 20544
376 10859
14848 21489
14477 22302
8120 15660
11671 14209
2766 11907
12115 20078
5046 7831
3278 5131
9662 19831
10775 13496
11525 12188
1604 6201
10158 21085
8118 22541
12514 18792
2784 19853
12083 12210
12587 18603
13164 15809
7669 18275
4891 16666
17665 20804
6525 14958
11528 14496
5346 5703
14992 20614
16077 22985
5741 7989
2776 5542
1599 19899
8210 13949
6564 20578
14203 19272
14096 22109
6639 9375
11404 16332
11153 14701
1128 9088
14699 21661
8835 16269
608 18270
16535 16586
1252 3352
78 21378
16000 23074
2520 3650
8965 15672
7508 22839
477 22732
1315 21788
8550 10124
8361 12524
7269 12259
13737 21849
18362 19447
12475 22142
768 12245
7719 19501
2225 18653
5438 11211
1653 4830
3248 5533
11605 22922
5995 22328
8081 9135
5669 6497
2794 9738
3909 13924
2177 18235
4752 11317
10213 22426
12646 17639
12273 20497
2182 16741
9648 13230
5825 6031
14365 18165
20317 21596
4284 13338
1481 21306
1845 5214
9714 13945
14724 14909
7858 11634
14540 21584
16355 20907
1650 22582
19842 21775
5518 22680
12731 22537
3277 20479
957 13247
10213 12580
3048 16065
2803 4262
16883 16994
19866 22541
4077 10864
10287 10428
5437 8329
368 9055
192 6470
974 19014
1762 17554
938 10695
14716 22562
4168 13940
8283 19559
14155 14659
11253 23122
1039 11412
5731 15502
3293 14821
11908 21751
10346 14539
9869 14255
10083 14723
411 1223
5231 20126
12304 20779
9431 15620
8838 13398
12128 21991
1994 21173
7658 8591
945 9696
7026 17163
1199 16845
2718 7710
2612 4859
6356 11951
3928 20096
5894 12203
4949 6260
15983 21706
4304 15491
12264 19600
656 18280
8600 19107
2343 8796
6845 13755
13788 22843
13820 18760
14990 20457
5545 19012
1791 19118
13321 19164
9587 12759
17889 21322
1107 1138
5605 6439
6747 19893
8553 21152
4868 8156
9326 20800
161 11357
15892 17338
1545 6096
8289 22579
8072 19652
17764 19903
1529 21489
21454 22552
11591 18304
7654 18714
13598 16642
2598 3880
2614 14428
17007 18659
10275 21730
3497 5551
2071 10460
808 9491
15533 21695
11761 11799
6899 11195
3086 8693
17644 22834
5539 22626
3965 9766
391 20491
3575 16769
1291 5707
7592 10472
2102 19193
1679 11910
11103 18024
19933 21225
4270 13862
14633 19685
12518 15290
1956 4368
8482 9841
13104 18432
11355 16396
9299 21347
12760 21322
16980 20462
21333 23111
5132 17590
5977 8860
11923 19721
10802 11677
8945 10098
8606 10380
275 11629
20384 22477
945 4842
1566 5912
634 18756
15672 19798
20026 20040
18603 20340
168 259
3106 11855
4868 5671
1631 10782
490 8300
18885 22207
6999 16630
11349 14886
3078 9517
8049 18757
8976 11501
4523 10312
3432 6618
4746 15047
5639 10472
13864 20271
12844 21912
7479 22359
11490 12443
20642 21260
1062 8815
12893 22018
6354 13513
8468 16640
3507 6219
6533 12188
11765 17889
6768 12747
13291 22341
5410 5711
2794 14657
283 1134
1041 21473
9624 17453
14700 22093
7938 9802
12190 22457
9421 11860
3084 13315
11281 19347
1603 3351
4613 7069
9735 17251
559 3146
5692 6536
8830 18716
4731 18186
11360 13321
15638 21549
6057 16847
9683 20562
12893 18472
8329 22348
3512 22128
2364 12084
2248 18874
5056 20301
1681 16027
320 1895
16620 18645
10864 17233
1987 17378
13866 22254
15648 20081
9540 20391
917 15395
14747 22567
11281 19318
8072 15028
988 14776
21346 21524
3921 11470
19012 22180
5081 5331
19016 20746
1577 15968
10030 14061
2983 16785
3683 10910
3077 11458
4376 14132
11675 20600
2155 22117
11103 22922
18338 19095
5501 11638
2287 13126
8210 20549
1443 18990
1543 11463
100 9636
16219 16632
5985 12167
4894 10082
973 17145
639 19849
3959 17893
16321 18874
6128 7756
5041 6353
1427 8735
2508 18176
15015 16563
4223 9023
12190 12809
2393 13453
6888 10254
9687 16023
7390 17028
1697 17847
14410 17889
7329 16120
21279 22784
7163 7823
14550 18133
8464 11452
12167 18294
14906 16378
13616 18802
3959 9217
11538 22265
10381 10741
7999 11907
4731 5744
7291 9458
4811 17181
17159 22476
16313 20363
6996 18985
4827 6533
2137 4870
4457 15085
447 1272
998 7421
8762 11359
7548 11214
581 14296
13067 21705
1553 21177
5701 21925
12120 16286
731 13634
20502 21068
10387 21751
1072 20028
6015 21941
20122 21839
8223 11926
8945 18360
3935 6223
1815 5531
289 292
4336 7228
8656 16220
2953 17014
849 4342
11422 16959
9203 10322
259 2777
17666 19469
11357 14914
17199 18239
15111 18864
16771 21879
15765 16998
20409 21951
6614 12300
2673 9664
7634 16735
8283 21243
11477 21483
457 9571
14301 22538
364 22087
2800 4421
2643 4276
14590 14953
1165 14185
673 4304
9486 20205
7436 13610
2182 20684
14292 16396
12024 16876
1911 5354
9397 9400
12587 14752
11241 19707
4391 5466
1491 16047
111 13518
1220 20599
15544 18003
8839 15176
12995 13056
204 1509
9743 10757
7726 21377
4812 20462
3963 16732
1650 10333
3959 9740
1467 3024
3485 16077
4350 16962
4651 21286
9861 19197
1644 12316
13282 14802
8577 16961
5387 22493
5987 18858
9508 19039
16139 21266
9091 16098
4843 11279
7107 17845
4526 11294
10014 15691
455 2898
3976 6138
12923 21069
7148 21708
8058 22542
11969 18312
16687 20390
4688 7654
7596 12533
13219 20462
2266 12265
16095 17751
1191 6533
3723 7133
9033 15990
6767 13684
16686 20089
1577 15963
2996 3959
4615 22569
6694 9788
14708 14839
4865 8544
79 20084
8939 19475
9373 10251
15954 19094
11915 17846
3959 18178
1901 7786
8886 19985
9923 12878
19353 19447
2014 21703
1401 21290
2957 7017
5682 8831
624 15833
17351 20368
1123 7248
2762 17312
15012 19197
16596 20966
620 22763
9180 16732
947 5729
1372 20356
18448 22639
4276 4462
807 2654
1800 20889
13253 14033
7807 9614
7991 22972
9316 9319
6756 16259
8129 19362
4513 20608
5837 21563
5795 9716
7969 12587
483 16415
4103 7118
18454 22541
2839 18946
16674 19847
4640 7459
8680 14989
455 2777
2188 13767
8769 15508
9560 18302
22257 22364
13361 17441
19327 22958
9988 13727
13872 22767
6967 8040
8182 10560
4677 22593
8503 15040
14618 17507
3199 4231
255 15903
3824 15784
14817 20853
12434 20473
11267 13885
9733 11919
4296 9004
15338 20324
3063 12003
2454 16745
804 13787
14472 22629
12071 17239
1251 2708
11319 12836
7627 12149
12537 22542
6552 16890
2865 23044
3990 14250
7981 18732
52 9283
7216 18511
2879 8026
12336 18541
566 17752
17767 19131
817 18690
3385 11255
10755 15656
953 21100
17866 20847
8830 19149
60 4269
7773 7775
15751 16809
2250 9248
10044 22542
6459 15380
11266 20166
5784 13793
11102 13478
19797 20584
17364 18141
796 19286
3528 20897
2674 8141
5315 8231
5572 5812
13533 21787
3036 5338
13543 15284
3501 19823
2624 8417
14050 14711
8834 20664
8714 20647
4842 22542
19590 21890
1746 16406
288 1500
7376 14170
15701 22596
8198 16134
13463 19346
5082 10954
14951 23058
5784 12126
7710 20649
6356 19823
5864 15543
14596 20702
2266 23092
916 6824
19080 20668
3428 13446
6050 17889
1041 6792
4611 6286
12093 12214
2995 21128
6613 7381
13245 19193
7430 20147
7607 19536
16346 16366
17866 22542
9987 19193
11804 19680
6232 21022
3547 10463
13200 21643
13161 20206
8051 11954
4802 16547
6985 17964
13634 22359
5166 17312
5067 5889
4270 18546
13267 18831
21228 21247
2898 9171
2507 9142
3079 17484
6391 11647
13172 22380
3076 9999
766 2667
9103 12024
15171 22542
11650 14587
1633 10732
1844 3391
15244 17734
1725 6672
19381 22456
8638 18509
14592 20034
4615 8303
4389 9021
5145 21363
5815 17515
252 4891
2084 14809
15994 21178
17562 17945
16611 19301
6552 20080
7803 19633
1942 13708
7548 8577
7498 8225
4309 14413
6780 15232
14823 16192
8926 11990
9058 22036
17482 19710
7742 16658
6121 11813
13549 22791
2225 12147
2263 14293
4412 14910
5295 9585
1511 19927
9928 13446
10249 20565
770 8452
9762 19410
900 5151
3323 8542
3391 8539
15047 15966
4660 21712
6356 21131
13616 21836
11276 20475
4936 17014
7083 8952
12366 22953
4786 20797
1444 13108
8363 14650
7921 8272
2745 17218
2563 9476
406 16227
6959 16549
18138 18303
20152 22430
14040 22143
17066 20134
2028 8164
10167 13953
7719 20793
737 5609
14914 16420
4498 9865
12524 17465
4580 19918
12947 18644
11605 20786
5812 10328
22857 22996
6631 19363
11795 15127
5480 7799
11030 18595
10094 12128
3097 4466
6404 7898
7619 9041
8093 19527
292 15614
14659 18075
6809 12684
8482 16669
6576 7800
12387 21917
7107 17058
2199 7142
17145 21478
289 1493
17170 22352
5120 13643
5896 10094
8672 8834
11768 22407
4199 22499
13074 18429
3024 11254
10540 19793
10741 21642
7266 13605
16360 22314
4868 6291
15067 22680
1486 2946
5284 10806
6706 22075
14398 15426
6475 8887
7525 9326
3770 21454
9117 11977
4278 11628
2762 4508
13858 14325
12901 20578
3288 10188
6410 16722
5586 20635
7 8289
12023 16118
1023 6719
7525 14791
3951 14912
6316 11652
13196 14288
679 22839
8045 14540
5858 11782
4394 18948
11067 15000
15196 15663
10226 13836
13970 15040
6859 20391
2626 7915
6095 22716
153 3024
3024 9186
5148 12897
14742 15429
19999 21564
1553 12120
2317 19359
16051 19820
12053 16542
16600 19567
8947 14617
289 22542
2981 9869
13874 18272
1967 20955
12170 19936
1505 17223
18166 18815
11841 13228
8721 16945
7776 8496
1800 7525
8026 11922
6158 9779
8406 17259
14801 17901
1026 2900
5369 9616
4615 20407
1228 11911
2391 21082
7999 17672
20578 22222
5319 16480
1318 1375
5858 13679
4037 18434
4312 11108
8606 9384
3547 19962
1828 13747
721 2509
2686 3437
16052 20600
8945 18737
1128 2612
10158 22541
21147 22828
18512 22502
14278 22134
1718 6104
847 1500
3760 16620
7675 17531
3727 5205
8973 17095
9266 18670
4266 15119
807 2656
16895 18924
2386 8864
4511 22513
14419 14801
8581 12477
1089 12735
13897 15583
8419 22001
652 11231
11431 17299
2652 6075
10647 11598
2264 6213
5246 5348
8105 16580
18175 20083
17312 21988
9170 20681
5056 9312
1416 4624
5808 22183
8758 22805
1613 7106
3667 21891
18956 20810
11254 11413
6632 11641
18664 21098
1211 5677
10124 22560
16366 18295
10144 13451
3760 10303
2859 22465
5283 16338
3080 17459
965 8664
7770 19381
275 9454
12048 15068
12809 22303
13618 18954
5861 19856
8397 18785
13506 16016
13067 20215
990 16506
6153 18306
6847 20049
14018 19613
12961 16164
9937 10734
5760 13264
7025 20879
20067 21027
10632 11670
10268 13429
13083 19422
6588 11368
2221 2779
8417 22541
19557 19669
14487 19348
10888 19262
2996 6488
44 1613
11025 12623
10516 20227
10358 11445
6638 20873
5879 11605
3132 12271
20500 22605
6455 11433
10877 13070
9230 13449
2461 13341
15682 16199
6981 15693
17258 20203
13927 23016
9100 17889
5640 7947
14396 15481
7030 9858
4174 5556
10730 15628
5440 14021
1940 7472
8003 14170
7610 19323
288 16027
18048 19073
16430 16615
3941 10021
14291 14730
7496 7534
18186 18626
1581 2510
870 18228
2438 12828
1412 10472
4353 21269
4737 20280
2117 16709
15278 17767
3518 10236
8681 17285
10798 15637
14066 21927
289 8194
13474 16534
6198 12300
2615 9394
3190 6298
2031 11740
19765 22405
3776 14677
3100 21371
5484 23061
1567 3849
2460 14719
8312 11926
4409 7318
10919 22200
12368 20334
3024 11732
9234 14124
6830 11206
4503 7893
7776 13461
1800 4091
9326 21960
11457 18637
10855 16621
8879 18713
2883 20211
10233 15353
6996 19460
4342 21634
4512 15895
17212 19414
304 1027
8289 12009
482 11634
2772 9574
13998 17531
2794 22105
7099 13354
13293 13483
12803 20809
20597 22456
17159 18549
10138 11429
2701 8926
9059 18109
155 1179
7903 7940
3974 5896
12751 13060
2655 5478
3092 15794
14977 19469
7610 15884
21633 21809
10356 11491
14822 17488
11603 20177
8354 11921
668 20340
2056 18893
4724 19346
14860 21513
5219 7139
1375 4003
16 6057
1920 12376
867 12293
7150 16932
2190 23080
4502 20259
2201 22951
1519 4327
1753 13060
10316 21459
17889 22053
3849 19735
12216 21826
5459 5683
10647 22459
253 6921
3067 21418
2125 6573
7898 13599
836 5424
11651 13033
6050 16051
823 6045
2898 4317
1950 9709
10740 22757
5075 15445
6557 9098
7173 11897
1828 2588
13712 19203
2883 14704
5329 14228
7149 16391
5294 20811
7906 12459
1500 1636
4678 17984
17662 22314
4548 10199
509 22943
15496 22584
14574 18874
3407 16497
1179 8590
6517 15971
12283 15046
6565 18670
8766 14006
9191 14983
1871 2078
8029 12035
7152 16095
6494 22541
4796 20134
1491 11878
944 22739
8648 13980
4506 8519
10980 19991
9579 13043
11734 20405
8836 9812
3727 6959
3497 20320
5774 8770
5720 21581
2727 13446
9724 15840
2513 14258
10632 15897
1479 21698
5409 17886
5348 22675
9325 9540
4878 10612
4185 13230
3424 16170
6588 11913
9520 20449
10094 22829
13510 19373
21541 21845
8148 12013
9556 17738
2921 12189
12831 19327
422 19259
771 6840
2901 18016
3284 12153
7107 21965
7978 19337
914 8881
14125 16302
13536 19423
7466 9060
11932 21513
2792 4928
16177 18190
1517 4615
4912 13487
3087 8712
3669 16218
27 8040
6191 13787
9447 18825
14763 18029
3175 12277
17796 19259
10462 15474
13680 14803
19812 20068
4991 16526
2136 15157
2957 12546
17129 22304
7710 12408
11270 11498
8346 19345
3724 15872
12815 13107
4731 11059
4282 23106
2695 13812
4651 21420
376 16889
15283 17941
3425 18461
11790 20586
11517 14830
11487 19193
10089 20474
12108 12684
10083 19930
9542 19822
6974 14730
6172 10593
6129 12751
11673 20096
7504 22085
2468 13848
11611 12428
14889 22010
4269 11894
5149 8398
3424 6694
2418 12978
596 8135
12428 18059
13325 17516
3562 4554
5346 6054
21695 22069
5115 7464
749 3429
4953 21018
8448 18936
9816 17828
3244 17223
15616 17121
550 7995
12342 17471
13379 17698
17051 18129
8864 16368
289 15070
6349 18242
3857 14854
12995 18549
9797 17437
7295 13874
13120 21445
10289 12981
8879 8990
10624 21981
2643 3181
8476 15732
5226 13651
15729 22093
8678 16926
3454 6456
731 5036
1400 10359
6391 17444
17154 19113
1059 4362
3938 14555
5827 9827
273 9024
10002 14563
10887 15098
6804 7878
14899 22231
3962 12354
5878 10662
5478 16296
1815 16913
693 11093
10112 11643
17531 19893
10161 13148
3210 14828
7561 17631
6038 9887
3751 11884
3253 4820
4444 5299
4378 17014
9810 16640
283 11634
269 8409
8277 12035
11919 19450
12621 16663
810 8386
5855 9226
8775 13249
10797 16964
880 17853
15431 20664
493 3451
6231 22105
5667 17787
11155 11169
275 2777
1845 20173
16235 19413
2659 15396
15495 15980
15779 17428
5394 15088
4307 14911
14518 18153
3848 15744
14882 17604
14369 18899
15188 22685
6996 7976
12762 21321
8120 14966
12586 21657
3655 16693
12245 14815
289 16789
1244 11169
8766 20664
1409 9483
3300 6521
7545 14122
3165 10798
8217 11650
674 3956
6096 10216
1423 6974
59 5110
16632 20772
5896 10174
8964 11794
3511 6998
7449 13518
4717 17116
2989 9815
3551 8370
4160 19831
7546 22460
1213 13463
7867 22765
16802 21807
17112 17286
6329 13778
12356 16542
3938 15538
1747 21783
9135 12016
18186 20833
8013 11296
5739 22105
7096 23031
9325 11640
5173 7456
7104 15752
10542 16565
10982 19172
8327 10158
5941 16565
956 21320
13486 19575
1375 11093
8370 11467
14170 22283
11902 14761
6680 8201
14709 21680
16742 19423
5897 17444
12524 17408
8428 18389
12680 20344
1294 6797
99 10692
5156 17271
955 15500
12615 20068
8945 20800
1233 9616
356 19188
11239 11643
3287 4391
10213 14022
7206 21443
14776 15254
16077 17026
7587 14955
17373 22299
391 22732
4175 18794
8840 11319
4850 12738
18625 22479
3668 15919
4212 13691
2740 6219
847 9668
13742 17428
7916 11926
15665 20628
15068 22311
3559 16198
11452 15091
5326 18383
6908 8328
3024 19886
8879 21591
6128 22243
3948 10728
12114 12120
3514 16586
9479 12453
8568 14306
5329 16098
12253 14260
10950 18476
192 5726
8003 13885
5359 15877
2645 3670
7657 22204
6204 14806
5649 14776
2655 11927
9843 21006
3625 18554
5088 22798
15403 17447
5760 14770
4936 22048
15680 19520
10402 16347
2752 22159
12587 20324
15208 17276
4635 9669
4876 7651
424 5333
2961 12487
863 10096
9797 15834
1211 6627
5382 18048
8975 23104
7452 11497
7028 17307
7168 13874
3102 4219
7686 17875
1813 22509
1021 7818
9121 14215
5682 19333
4312 18280
5331 11956
6231 14398
7124 14644
2342 13557
14530 16108
614 14234
7091 17851
1138 6768
2928 14063
6954 14050
3038 3999
17837 21989
2493 22336
3938 5594
604 1379
7455 22178
19009 22787
5528 15322
13878 20649
12408 19211
2266 23030
4718 7488
3926 14162
11981 20635
3318 10925
10776 21649
10457 13839
14039 22889
22930 22967
2275 2351
8681 13033
19174 22839
2767 6716
7105 15427
18844 22577
2315 18910
16701 19352
14513 16634
9908 11305
10683 20139
15655 21063
6832 23086
8956 12385
5518 13790
13246 19788
4098 20846
9906 12319
7473 7610
1708 15849
4125 8250
8002 20418
8373 19551
1708 6176
800 18406
4453 5283
636 5502
800 1095
8730 22562
5575 9298
8785 8796
2246 20833
2765 5579
7525 14201
693 7900
465 10808
7511 12317
14006 15648
2794 6272
7377 14649
19615 21754
1880 3948
6447 19192
9108 12490
392 11460
9085 16705
4662 12397
14006 21919
11650 16081
2981 16713
847 1597
5082 15944
1762 15281
16120 21981
234 8003
10767 14382
8801 10837
2266 3940
4081 13050
7105 20035
12312 19487
17028 18875
5478 15660
8839 9712
9567 14095
4044 19327
14650 22554
11456 16235
4554 15484
1565 13970
8071 19899
8982 16810
20086 21862
11775 14637
6923 15609
10167 18639
5302 17228
21950 22791
21535 21748
5084 20460
6214 11548
2645 7159
7148 18227
4785 7345
787 17450
4613 5600
4276 9714
13676 17438
5490 23089
6144 17994
6497 12386
2706 18996
13749 22882
6807 22853
10199 21015
3289 21730
8380 10053
5797 17516
9923 11345
13536 20457
2850 14540
5617 13659
7568 8049
8330 14984
6312 8153
727 11416
1828 12587
2432 8888
5478 23108
4422 6694
16120 16786
2311 22363
16433 19327
9700 18121
8661 20255
2286 16112
9498 11926
3780 7465
5590 13521
100 1694
6460 20126
5797 22662
1138 17448
20418 22927
1157 12837
3532 20086
704 7430
1655 15616
451 21004
15026 18016
21 451
4240 10066
3131 9085
494 1772
9716 14395
17999 18910
2794 20407
3540 6518
18290 19238
6443 18447
19128 19131
14383 23020
3397 11176
7625 13914
4733 16891
15000 15874
17761 22334
9160 9625
16525 22844
18525 19697
2269 22385
1504 11926
4775 9507
6906 7685
14489 19308
1644 7978
1669 5555
210 3184
16376 19825
7418 19014
3444 12981
1842 9861
4267 23016
6641 22326
11821 14552
22237 22296
6494 17889
7388 13922
7966 14411
16585 22427
12010 17610
7947 13108
15302 20293
14797 15189
15757 17257
9536 10518
1412 7169
7755 9909
6086 13956
6511 9608
6123 12383
10565 14590
9154 22785
7710 21185
13733 18617
10814 16624
7157 11098
7233 18589
2850 9924
13649 22613
9226 12898
19149 20344
1647 11485
15249 18476
6818 14266
14779 15459
2676 16998
15304 18345
6869 11082
3549 15934
9321 17396
1671 4226
14553 16732
2445 22072
5283 6702
3565 4149
5390 6775
3443 18500
1474 16166
6777 8624
3205 16519
7156 13742
14477 19329
8483 19558
8233 22915
7761 13456
9065 13982
2329 11509
447 4780
9798 14698
10098 18991
2782 15048
9205 18820
1210 16550
1041 23030
4347 22432
11634 12013
4693 15478
2542 20355
5710 21288
1225 1236
6715 16413
13287 14626
19059 22291
192 6917
7015 19694
1426 8143
1189 12626
8546 13998
7682 15822
6811 11763
4488 21425
6184 12591
12248 15974
2227 18615
6164 8828
8540 16636
8161 10145
2222 5177
21020 22372
5490 8153
12138 20669
1828 2930
2092 4496
8515 8595
1448 19856
20211 21588
3940 20901
5849 13954
1383 17201
1767 13505
5216 5874
3249 19599
7252 18910
7436 14551
12417 13621
10612 15384
1491 14550
3852 22257
20462 23069
2266 14441
4390 14897
5589 19239
9874 19402
3849 10233
1211 17627
4554 15182
12487 17332
15421 20049
3791 17724
6939 14019
10118 15244
4677 17858
2178 13216
11751 20932
1995 18849
18581 21956
571 8763
20954 21728
3264 17174
5382 21420
12214 13234
3908 13189
4323 5888
7754 17884
9956 20443
5485 16770
1037 1562
3478 12692
174 13808
6660 19605
1533 20664
19788 21211
5148 8370
9847 10287
16022 16971
2287 16058
1346 13574
1200 9436
1697 12894
19211 22569
2839 16150
16921 22183
3499 22883
12650 16000
4635 23081
21598 22683
1448 5321
2464 13048
11720 17754
6854 15751
2627 12524
14668 19359
13554 14714
16374 20474
10919 12684
1397 3428
2895 10457
13200 14719
9686 11068
3178 17071
2888 21795
4785 8164
931 15642
8418 16211
6482 9658
5211 12353
6764 18975
16770 18294
445 6321
4147 7006
9321 17665
5499 12790
7248 12487
1542 6590
4845 13030
11225 14371
3519 16018
20428 21857
9192 20908
10370 13080
4900 10755
2234 18630
5527 14993
10069 22145
4984 12551
2293 8023
11931 14458
6082 13930
4771 6557
299 983
3801 14874
3307 21115
5912 7144
4453 18328
1481 20003
8327 8499
15326 23021
9390 12436
14373 14656
8026 10516
3494 17424
9887 17716
19593 21898
7577 16278
11650 15601
11905 20249
263 13885
1496 4357
1963 16517
4028 4388
3994 19238
7407 15591
1359 22364
1379 1622
638 19764
18369 22735
335 9935
6236 14619
6621 15338
5530 13314
11782 14367
1870 6993
2775 21799
8866 10593
10724 21165
15548 16452
10408 18436
17813 20242
4458 19263
19924 22456
7354 18433
4539 12389
1841 19812
7076 22691
2901 7171
13460 16970
2258 4199
15799 20659
10910 18338
2959 4338
3149 4749
9579 21956
14878 19283
7634 10639
8820 16141
9569 22142
5762 19036
664 14776
16605 19257
294 11258
842 22579
9242 15447
292 22172
493 21124
288 11174
8422 22490
6954 10382
278 4219
7173 10755
8401 8599
4302 22385
354 19272
15519 21567
14394 21533
4714 7242
1425 6034
2229 2372
385 17212
2575 18538
18754 18868
6142 18635
4651 20170
2673 16526
5509 8026
11888 23062
2036 17207
1757 22776
3246 20568
10940 12435
10421 18991
674 6249
583 14498
10128 14899
17186 18059
10033 19007
8586 14307
6298 17140
12175 18294
17775 21412
2095 14689
14852 22620
14755 15434
6406 19015
1563 9321
1498 17733
774 5338
11110 12571
6078 19615
17398 20314
16103 16370
8735 12103
2292 13889
3168 5855
13972 17180
9319 22539
13812 16655
10098 13331
7165 20407
9987 20126
760 14428
17844 21208
9473 12190
8668 15498
13927 23044
1049 5066
12337 20665
289 22541
5324 12409
10224 21584
11463 20040
8481 20067
1320 10043
6885 14580
18217 20718
8448 19287
9829 15784
14115 19167
11608 15651
3446 20293
11629 19036
18008 22986
4226 5358
11914 15063
3391 10676
2196 14854
3194 19070
442 18356
18444 18765
9499 15314
1116 2904
16156 18339
6243 12994
9405 22084
3943 15279
13110 19489
950 6219
5896 10802
11242 11644
16199 22154
3501 20635
5827 7431
3069 3451
9874 13787
5976 14473
277 386
204 21961
10755 22689
8350 13074
5687 14540
6057 19758
3596 4786
11452 13557
15009 19493
8169 19558
4727 8550
7360 15678
14040 15625
3306 12145
5912 19450
8139 12520
255 17263
7236 10095
15326 19957
7603 10732
13392 16933
9370 11186
10540 14471
3611 11019
835 4884
18638 20746
5990 21185
1348 4498
11961 15804
22340 22973
7964 20324
2507 16177
3928 18953
3178 22095
1650 2937
4984 15620
2279 21819
14154 18338
14175 20641
2953 19006
14036 20122
13493 18258
19984 22439
7218 20661
18365 22105
10324 11054
9819 12498
4179 22628
3261 22275
13296 14331
19181 20890
3793 9236
15362 20811
6761 17959
1718 8075
10083 21614
2654 14993
408 22749
1382 15162
7714 18389
8550 16151
3066 7518
1491 17218
5121 12536
10098 21244
5868 15675
14019 15577
8512 10057
5825 19852
19567 22639
6327 11140
9139 15905
4353 9540
489 20742
8300 8795
17889 18018
18185 20991
2796 4829
1828 12551
15281 21583
1426 16671
18882 21620
9308 17194
1566 11233
7627 18310
12634 12646
14751 21205
10807 14553
15519 21569
13822 21607
65 3832
12989 20867
10384 19014
18702 19593
7254 15114
1906 13108
13615 19125
4314 10033
916 16619
8595 11903
2152 11609
9908 22871
3551 12585
14303 15217
2432 3063
2183 4076
18034 22883
2130 11625
11634 11640
2312 3787
11433 14860
3573 16689
7968 15203
5772 12543
11562 15897
6564 16128
4572 18303
2904 16798
3600 8743
6634 20495
5974 11873
12305 12899
13510 20350
10906 12274
15880 22773
15956 21355
1631 9695
11267 11823
5054 16675
16194 20192
5064 8726
1898 6185
830 16139
7373 15713
1365 13010
7518 13591
16213 20429
751 17003
173 15941
6248 23021
9636 22530
2221 12113
10796 17293
13048 18034
6847 17198
6995 19962
13129 15120
10216 14740
17784 21018
3595 15731
9963 11203
6478 8973
6576 18232
7490 15118
11961 16651
13621 16646
3612 12486
6582 6858
9213 22562
17868 20654
4728 14741
2210 16360
6158 14313
2658 18783
5346 17916
16944 19075
20452 23123
4039 4195
12888 20214
3555 4919
6844 7651
11261 19459
8524 16051
14691 21569
4133 18366
9736 11924
11914 21261
553 15356
4304 6091
14833 22151
14248 18169
12377 18906
3468 13727
14154 16689
3216 9924
10129 14767
2703 7966
935 13374
17736 17739
21363 21455
16044 19200
9556 16932
10288 22363
2483 19652
7556 13082
737 4264
313 13081
10601 16673
177 22399
7030 21128
4613 12000
9264 19856
16464 18906
364 11782
6185 15267
3199 13573
9044 12833
596 11495
8327 19181
15897 19484
5271 12615
11634 15143
7830 13810
172 16763
11364 18915
7849 20011
714 7605
6604 11260
7445 21981
5958 18446
1560 18502
1874 22191
13585 21237
14470 17552
11645 20478
19784 22885
2264 15799
6740 18476
1043 13244
3504 8268
8058 14590
7094 16107
9869 16423
5342 20201
7658 11451
7301 9710
10089 18048
2308 11772
1222 2974
7536 17014
2092 4290
10085 10589
15636 16742
6110 12138
10382 13146
6329 14937
11316 14781
2479 16894
113 18654
301 21848
13384 21704
2078 17233
11520 21896
10283 18061
2507 7248
7030 18707
695 12108
3291 18286
5161 8516
5806 12123
13552 16448
8574 19679
4425 20492
11853 19425
10836 16499
7248 12897
5346 12888
1987 3898
4855 11709
824 19352
4249 17982
264 812
8413 17697
796 12167
11276 21151
6314 7635
7153 12944
896 11641
5181 18809
16527 20544
1956 4244
268 819
10199 20026
8996 12973
10413 11211
8001 11845
905 9205
12597 16217
15098 19950
2811 19450
3904 15809
1673 19382
5283 12665
9921 14938
5679 16793
15012 19524
2579 10715
13513 17561
563 17883
10146 13103
14881 16625
11452 15271
10271 17014
5913 14655
3724 12917
5362 6880
13149 22952
2356 2447
2511 12155
9386 9400
1505 20495
2221 14897
11537 22011
7900 8682
12383 17352
13889 18729
3023 13639
1000 12095
4531 21250
3551 10489
18946 19767
5970 13625
1737 11519
1840 19507
2596 4432
7329 20231
5283 20324
5805 21079
3205 11650
1550 20894
9007 15656
6847 17471
3287 13407
17866 21524
1863 21694
12574 23047
812 2945
7068 9514
15196 22426
6219 16073
2910 19041
18348 21795
5433 20954
9624 17317
1410 10175
598 20357
18994 19032
6828 10762
18946 20895
3078 10144
4432 10050
4269 15059
14587 14772
1853 21429
1631 14953
6164 15487
2342 11485
8055 11744
4283 17556
16176 22557
1517 12128
8709 22453
2025 20534
6886 16615
16670 18936
20630 20984
7016 10621
13103 13647
9569 9614
9807 19788
4574 13474
6456 21877
186 4615
12004 18637
10314 20932
9352 19381
903 1473
11749 20841
11645 16372
16077 16528
4615 18581
1137 8452
11416 15349
4588 16651
18815 22478
4798 8136
6812 17490
1027 8525
11647 14833
12323 13325
12729 19713
7157 9045
4519 4804
12103 20390
13598 19862
5943 18564
16808 19883
6005 15179
17000 22727
2318 22366
12350 13907
4669 15663
17501 17554
2327 5187
10472 12701
14699 21536
1631 9569
36 8964
2786 18434
1633 20821
9687 11624
20119 20203
4378 16619
2283 9971
4491 5855
14255 16164
12164 22266
7819 16302
6995 22562
194 9987
17483 22641
10767 15815
8838 13470
8987 23069
10408 14904
9649 19387
3217 16832
12169 13122
8983 20472
6973 22088
8435 12840
7222 16893
4467 6542
9714 9823
4340 8409
8289 20280
5979 22844
5836 22789
2779 2995
2152 8030
2113 19692
5131 9956
7647 8799
3898 6221
11028 12502
4949 6472
2373 10630
5043 15195
9535 20628
11869 12672
3244 19351
1640 7385
1199 15476
4456 18033
17137 22294
3160 21131
1537 4814
12663 19385
15000 22212
5362 21006
20879 22713
3575 16625
3307 13300
27 9869
1502 3293
5057 7573
12298 20737
4900 21732
20774 22191
16560 21797
4044 10596
14776 20324
2176 15965
7651 9473
13511 13793
8481 19513
7990 15507
15386 18652
3938 16670
807 20157
1358 15722
13946 14262
1500 2177
16977 23083
276 3770
2202 5208
6820 15854
4635 6804
6091 14977
11911 16579
13725 13741
6708 16579
14039 17218
6672 22584
19962 21230
10518 22610
9614 18472
3174 18630
7107 13110
8855 12013
5350 9660
993 9214
644 19881
12239 18343
12989 13528
9924 12747
1574 2780
7614 17649
13267 22105
22779 23122
4199 6790
17999 22359
21899 22392
4322 22202
11273 21293
20240 20718
16126 18951
2554 11663
3437 15991
1882 9720
5291 21958
17531 22283
1528 21489
2621 16758
13383 18338
806 1024
4684 19511
5811 11915
188 9718
9292 11821
15596 19341
19847 20375
916 11125
14132 21477
7324 12857
98 5928
6923 13808
5520 11585
12490 16800
7064 8751
3422 9994
7517 15067
20456 22231
11626 11770
5855 10757
2815 10740
2794 17392
7708 14492
1466 5716
6110 7376
13460 21860
17066 19327
3726 16632
14106 16936
5569 17334
1053 19840
15784 17889
10662 15020
9476 19820
1832 8562
17382 22364
3896 8923
10340 18091
14720 19310
9801 20432
8855 17734
12863 15373
11640 11643
18579 21801
9209 17865
5356 13050
5151 12502
7715 17697
4535 12533
10923 15673
9583 11972
695 17647
8954 21512
8370 10199
15447 17866
7419 21585
10025 23066
3772 22262
2483 14328
5438 20068
7818 9870
11764 20770
6243 18024
2902 14413
2503 20550
105 9732
12252 17335
1788 8012
3310 10027
1015 22024
21552 22088
17620 21314
13214 21239
14477 15746
4244 15565
2284 12319
2345 7887
16914 21788
7839 10652
4328 12104
21194 21705
5450 22786
175 17705
4148 21956
14006 21751
2595 17889
2039 23002
14770 20067
6917 8058
5131 14878
5058 19128
3960 4796
7171 9956
13429 20340
10391 12747
9840 18033
17531 18316
11743 12921
1735 20856
1180 15220
2829 8879
6391 19919
15221 21581
4477 17170
12286 17694
13978 16343
10535 20769
18915 19778
6892 14776
283 288
192 9569
3913 16163
3169 7627
1949 6003
16173 20334
1714 3244
2720 8100
162 20986
17453 19489
2856 18078
5799 10112
6732 17553
3408 7533
5303 17228
4606 18855
1647 7989
2405 19286
4030 15820
4238 18630
4312 7905
7680 9514
2268 20600
12255 13524
20226 20639
19368 19655
4175 10887
3810 19362
4521 22202
9134 19445
16651 22222
1920 5294
461 17865
1922 16952
3078 8161
12619 20599
14986 16941
2178 9714
11932 21507
3714 12395
4566 21948
2314 3420
13873 14434
5518 9898
7298 19372
11452 16605
19241 21077
11899 22880
4526 18996
12446 12840
11000 14810
7945 10124
3075 11697
10700 11641
4754 19889
7264 12492
16203 18228
1085 3385
1538 8766
5626 21761
3900 11870
3260 19020
12524 21068
10366 12282
18178 19346
5283 16645
9416 18185
8103 19269
7074 8730
5240 22815
15878 17663
20173 22675
1822 6804
7664 12302
7380 15377
12401 20864
17544 17854
7129 13171
3799 19410
7847 18997
8231 17846
12740 16320
9779 10222
1051 22349
8103 15596
8920 20814
5098 20344
4931 13600
4701 14170
12684 14789
11943 13566
7885 14137
13977 13978
4775 17922
6180 7097
2200 12772
4397 12815
6615 21717
10184 19193
14036 21839
4079 15276
5978 9439
668 17207
9134 10846
3287 6844
2913 14345
10916 18990
15662 20992
1621 12268
3558 13232
651 12336
249 20370
5022 21740
10094 10095
2507 19893
22093 22453
3563 13579
10933 17459
7593 11104
17233 17322
3837 6527
20873 23126
5967 18149
21738 22206
2230 7535
5961 6443
6081 18455
279 4572
11103 14428
6610 21687
14507 15214
10184 22542
4651 17276
1472 3289
172 9100
2349 21480
8567 10448
14715 14821
7842 10976
11650 16090
7714 11744
3506 15217
641 4886
4264 14290
647 6961
571 5766
21524 22610
9960 13623
18350 20867
16653 18466
2624 4615
9677 15924
1426 17741
12408 20309
6999 11809
2755 8121
16976 19297
867 21177
4110 6643
53 3849
5702 15474
11930 12632
19100 19831
5701 20107
8054 12946
1882 4007
695 16708
18508 22528
6999 9051
9652 19852
5875 21999
16982 22562
10966 13059
6993 21722
7774 19375
11857 20894
14892 15684
7659 20421
16848 22269
7517 8454
2839 12345
744 7005
1199 8781
5100 16706
11606 19945
9361 14756
7122 8473
11931 20240
8924 23030
289 2663
3722 14216
2747 11912
3177 12176
2462 16656
17889 20589
9621 14496
12255 22525
1053 17014
7030 21015
7768 17103
3716 20947
5042 17962
15897 17877
288 2777
3149 7345
8148 8194
1901 20341
974 20029
9123 16177
18015 18187
940 11214
2612 21885
8755 14190
17728 22288
3433 18929
4752 16068
3181 8726
483 6039
5596 9701
695 3882
12592 14700
213 22835
14819 19197
4322 21326
10381 21686
17459 23036
629 10203
10368 20324
1643 3187
14090 21680
9934 10464
4950 16050
12680 13542
19567 20469
5835 12439
10368 11678
640 2626
8278 16605
3013 5331
8963 13712
14719 21960
818 821
2660 5639
4693 9074
16993 21375
17107 21605
2357 9119
5852 6641
8037 21513
4966 11831
22078 22312
4217 16763
862 4303
13952 22569
8049 19101
4851 15281
8361 21985
14050 22562
10156 12334
9385 20833
10862 16605
3074 15162
3062 14729
16600 16608
658 7793
5131 16177
5437 20579
3305 8476
1613 20907
4868 17158
4842 22263
205 4204
5472 20324
6747 10487
17322 21751
10067 20664
14218 23107
5646 16289
3568 20659
1594 17112
9574 20159
13698 13713
4842 17734
4345 16122
6846 22058
10082 23122
10124 14486
7329 8498
6799 12200
11130 22074
3880 10893
11945 20975
8982 19057
13736 17026
19734 22763
6900 19125
5478 14555
17653 17868
21019 21020
7458 19080
12732 15228
676 6694
6075 7405
7267 17173
3377 22780
9439 10732
7118 16435
7477 8198
7888 10429
3094 10094
9310 22556
13871 18707
6631 18671
950 7938
4139 15267
5729 5731
16374 20271
2264 11501
1782 20544
12961 13988
4645 15897
7136 8628
14992 16605
3883 16232
7900 14279
6319 13566
1827 9127
5501 17400
7956 21253
10100 10600
8796 20440
6077 10274
4658 19587
6391 13172
14279 16156
5974 11902
1973 16560
13678 22569
1393 22415
5619 11607
4029 16037
2290 15636
12473 15020
3444 14342
5823 16828
6968 12571
4184 5777
1699 20332
16976 17345
5059 13647
17886 19459
15576 16021
11675 16052
14117 21468
1106 19897
17018 20766
4615 13691
13960 17340
4745 19903
9740 19045
7016 17889
897 6938
8364 9521
14748 22560
6158 10124
10273 17647
1157 14768
9337 22239
18019 19567
887 14142
11467 22929
7491 22444
2711 3673
8074 19241
6672 10891
5622 14977
17557 22930
9987 21946
4842 11377
633 4629
3194 15587
292 21249
11996 12303
15426 20134
148 19527
5332 12815
17329 19543
20097 20854
14867 20140
1709 19286
11247 17176
10233 21977
17670 22437
18574 22020
4409 20608
1553 20346
1211 3177
2779 14897
1500 3834
5674 8150
1105 11835
302 449
6361 11396
19600 23055
5338 18080
6674 20310
1957 19370
1729 20183
1792 16983
11390 12375
14568 15492
5427 11861
1731 21012
5555 22222
6747 22541
6995 11744
4687 14803
19402 20558
5877 16095
12147 15694
4554 6944
54 23074
18555 21805
6548 15134
11129 14397
13171 17391
10381 13241
4840 18953
17665 20814
4704 7343
8267 12035
8739 8932
16198 17451
8063 11915
827 10543
7964 20608
11786 12304
4566 14657
4231 16634
5028 13309
8710 10213
16766 22066
15005 19431
7451 12475
7301 10387
6647 9576
59 9924
9535 16090
18907 19918
3021 16264
3439 8526
1693 16916
15743 21642
11378 13071
16377 17605
17079 18873
11782 16980
8874 19780
20867 22457
1314 17688
8597 10428
13082 16296
17901 20479
14992 22817
11650 15857
114 13119
1207 10083
15980 19877
4237 10553
8824 9614
1083 13885
2216 9109
1749 18298
12878 17026
3867 17269
9385 19041
8412 12737
15739 18885
12199 12573
6680 10031
15063 21698
3310 14367
5250 12000
18799 21281
2553 15171
610 6966
4742 13685
2226 3385
2183 18920
9177 13923
19127 20388
7026 21022
1138 9351
9713 15653
6667 19736
12625 19851
3580 4337
11532 17999
3396 19856
3455 5213
14899 21064
3020 15368
8403 20906
9066 16708
2455 15952
10292 12021
8745 15351
4028 13736
3006 17031
8766 10387
2392 9540
11771 11883
2117 16037
13313 20316
2463 19467
2381 18276
499 5799
9136 16732
275 1513
7829 19385
3050 22335
7525 19286
288 6756
7028 8368
4086 7603
11629 22929
6672 19429
4850 7964
11293 23106
16111 16150
8726 14836
3565 22142
10518 13580
6083 13742
14723 15447
11472 16797
1842 12286
6898 11518
6176 20145
9411 18363
1686 20269
20910 21451
5148 20040
10300 14432
5931 18573
889 2779
16151 21614
3502 15787
14477 19313
10730 22562
10503 16398
1742 2034
755 15917
509 20867
2780 20873
12899 20333
13956 21653
12464 18826
14702 17524
964 13248
3962 17145
6487 18363
9246 17705
7452 20681
1032 7410
12053 15008
16363 19197
13065 15214
10942 18294
7875 17705
4006 20398
12587 13447
1353 18190
12997 20278
10560 21584
7270 21059
4535 18997
1493 13742
12615 22014
4275 15984
11460 17380
9261 22737
2396 13803
3050 21081
8796 16982
16489 17625
5172 19211
6096 8443
10366 19419
9436 19039
4626 21754
13185 19957
1525 2393
7218 19631
5738 16293
3148 5013
1586 20113
18221 22750
5047 7911
13612 13846
3665 19949
4127 8542
154 7727
1312 5704
5596 14544
1569 11930
6874 9493
9412 9657
17281 22445
2190 5457
14550 20975
7301 21751
13318 23098
418 1653
42 18879
15098 15215
1881 7385
8370 20040
9497 16736
5884 7885
18010 22750
4527 6627
1485 19721
3181 16372
8982 14485
1419 2284
16077 18050
2115 22510
478 14485
20344 22541
7900 12709
407 22497
7877 16344
7490 18272
9432 9575
59 2850
11144 20599
11378 21474
13082 20664
5373 18559
1631 2794
10081 11640
10884 13813
7561 12840
8236 8956
7417 19010
1213 21402
7974 21956
12561 20960
5431 6942
5313 8203
18527 22938
1669 10649
14527 20143
10377 14877
15735 17877
5521 22888
8825 22071
2618 6694
13618 21429
1177 22135
3385 6618
8380 9321
13296 22953
19381 20483
9721 23086
1971 19593
2258 3063
5466 21513
14930 19970
2731 4281
5771 6973
8918 14414
7280 11050
8277 17107
4664 20401
250 20372
7215 13088
9853 23122
15131 15752
604 3365
4978 11488
7367 14805
8214 10762
9220 17734
1798 6874
2303 3166
8978 15314
3287 9019
5151 11912
13076 19489
1651 2610
6099 15924
7501 14219
1508 5444
3391 20126
19376 20662
13930 19947
4053 12898
13769 19730
6823 8380
6458 14319
9580 19071
10682 19936
9520 21918
1971 5423
10823 13579
8801 10444
13071 16688
19494 20392
9103 20166
13943 18644
10381 22584
10297 10368
2794 19876
7227 20908
1473 18384
6234 20375
14604 17759
11259 15683
4960 11768
505 16162
9556 10671
316 5150
14140 17045
16625 21732
9696 13275
8766 9807
10006 16432
7829 22492
455 10094
1041 18498
6278 21238
8870 19915
1901 17518
7490 19318
10542 12524
1731 22609
15000 18447
19384 19391
12708 22933
19724 21786
984 5752
916 11144
14035 15390
4850 5283
5514 20355
17573 19728
14170 17941
5305 18522
16451 18033
9442 16488
11368 12398
11810 13885
10218 18985
5181 14077
10629 14977
292 21177
6494 7658
737 5236
16934 19482
2703 17734
3540 10515
2732 2995
10142 19738
22087 22266
6268 12365
6057 14972
6055 22356
7785 12459
6121 10597
16428 16487
627 8977
7627 9085
4141 20359
20452 21830
6694 7582
3960 14632
3617 11477
15362 16658
21015 21496
13872 19161
5762 12591
984 5584
7868 19535
12551 12897
6708 11911
15148 20229
93 10191
2772 2968
6863 21035
1930 13563
4733 14486
2353 22536
4019 12181
21874 22181
2617 4931
3457 5420
1782 2504
3434 15230
6315 15119
11638 16089
8768 14693
9299 10331
9745 10187
2483 18382
18751 19083
6959 9759
2912 19430
4563 4985
3622 8875
1901 11295
7183 17468
1008 1506
12981 17801
529 6443
2499 4795
3786 7006
4492 5184
10806 15583
451 5100
4255 16594
6226 7086
9126 11911
1420 19603
20509 20718
9874 22497
3836 23118
6995 18389
7107 18892
11934 13445
3702 21534
9844 10732
13220 21243
4566 8433
3527 17134
4909 9097
4060 12296
5835 14860
15602 16959
10481 13200
1481 15654
1209 4192
3237 20244
10564 18790
15281 17554
15745 18782
8327 17119
1322 17187
3940 17851
3378 14249
480 20895
3554 10328
5726 21581
13321 15771
3959 7840
4135 17120
5240 5418
10557 21552
5845 13247
4118 19195
11060 22910
3940 7841
8058 14374
510 11853
14730 19877
6236 18961
12217 19450
8592 11394
7900 19058
1844 20126
9424 12594
2761 3082
1303 9379
4281 9493
1228 11908
3132 15079
6096 16819
1127 11461
10122 20052
8677 14198
3922 7128
804 9620
4231 20588
1920 6858
9120 17837
6613 15904
1338 20818
14770 15807
70 17021
5332 5478
3502 20206
455 3564
748 7265
10983 13157
6497 9093
4913 6946
16089 18724
85 935
3724 4069
3477 16245
8098 9220
11178 19831
11372 20293
409 16213
1142 11957
18029 18694
15809 19568
1105 7791
3199 21601
13759 16602
8397 12012
6705 12665
7522 11670
2257 3247
2797 16864
11932 18272
5425 20561
20107 20489
2241 21705
1198 10199
15242 15899
7439 18660
5159 12245
7571 13507
11395 12605
18779 19193
9493 17056
3938 5322
9552 16089
9972 13196
9961 10098
3059 21086
1090 22430
15635 22263
904 1503
2282 6368
1560 14785
9385 21539
7942 13742
9556 16368
2342 9498
4731 20845
3358 11889
285 7956
10762 17999
3576 20539
2588 14761
1791 5107
9400 14622
16428 16914
7492 20654
18033 19823
1753 3960
2964 11370
4732 22451
3363 7718
11958 15405
1583 16495
1797 17553
251 2715
8982 9593
13922 19773
5710 14300
6995 18783
4035 18462
3314 20237
10668 22684
895 19333
7379 8661
4020 22119
11869 15529
5647 13076
4583 13603
932 6282
7587 16605
9849 22610
5808 8031
7030 9887
10199 20800
8534 16311
7492 22760
5450 7264
7165 8026
6291 19754
2595 22565
254 16587
4879 21688
10218 13980
14220 15694
7210 8643
20681 23057
6688 14710
16243 16605
11009 21572
5161 10325
2920 18223
5742 14945
10297 12190
16867 20873
2578 17999
16041 16749
15616 16670
3974 19075
13632 16708
13923 17614
690 19423
3112 13148
10518 11744
16404 16927
7770 22964
4840 7796
8930 14463
8914 13446
2342 5432
1543 15491
5492 22127
596 5023
1319 22462
15137 20317
223 10869
15682 21818
5512 10754
11507 16685
3948 10313
9613 12963
7228 17391
12369 20454
2503 14898
11267 19295
5878 17610
4969 18048
7115 12054
2220 23036
7361 20205
1738 7046
13514 14127
13068 15361
9610 19041
158 9432
11024 15914
7942 13069
8371 9616
7827 12652
3268 10655
13258 20057
6570 22854
2738 9077
12952 17127
11854 20272
554 8801
4637 10009
14779 21045
19445 19500
21215 21358
15919 18695
7415 9743
10528 12477
4289 19611
1074 19903
2361 16114
14766 22050
10403 16604
11419 13799
5744 14737
11943 13186
2237 4588
10324 19323
1766 16605
5528 15299
3759 10415
9801 15486
9847 10428
10732 10906
6226 16054
15340 15907
6007 18050
970 16689
4523 10024
945 10491
3838 16565
7061 18019
6638 16344
15771 20729
5438 13653
268 21523
16282 22231
7919 19176
3459 4783
10765 10848
7343 10982
5368 5555
4973 22619
7298 16526
1010 14041
6472 20709
12272 21001
19036 22929
11497 19131
11010 14419
11869 21990
7075 8407
4688 16894
14995 17330
3598 18635
11767 20778
17001 19004
7627 18674
13161 18338
8952 17317
213 16581
4389 10515
5449 13161
9532 14229
5314 11744
1813 12952
7959 11775
9152 9405
17028 22275
15416 19373
12181 13439
3241 8086
486 21228
5539 13054
12995 22476
624 2883
3564 20642
9689 11713
8760 19732
13968 16705
6582 20714
1901 3181
3580 19998
11612 13134
4828 9523
11613 21436
277 11985
6790 10459
1608 19263
6090 11885
14914 15147
5885 10098
1505 9829
7242 7454
5181 13727
11348 16223
6874 10632
6866 18949
2208 4987
4929 14992
5617 19517
10894 21457
13339 22817
6322 8396
11365 19782
2544 18637
10281 18517
7025 17728
15897 18041
3889 13175
10649 22562
6998 14676
3499 17964
14760 15507
2504 2723
8058 14394
267 15720
10101 20256
16732 17960
6855 13290
1259 10577
12038 16947
4555 12018
2888 15236
2464 14578
3478 10840
12339 22259
4555 11144
5952 8599
4842 8002
6959 18606
6886 13038
21819 22899
6481 11963
19448 20128
1526 20594
10050 22569
13987 21022
1907 17215
19931 21701
5626 11853
14213 18476
18360 21960
18585 19908
12810 21702
18208 21872
14294 15040
3878 20807
9023 9866
15129 18300
5082 6268
9134 12190
1287 6863
259 1232
935 4317
18431 19559
12191 12446
3017 3685
16199 16519
10205 15581
8571 18242
14100 14210
4881 12881
1500 16041
7680 22374
7662 17999
11450 20851
4371 7827
1700 15510
11650 22562
19975 21182
17510 18167
10580 12385
901 12694
19477 21147
3566 7672
337 7347
10413 20068
275 21254
5292 20411
4731 11650
12435 21261
8520 17615
8293 17734
14892 21662
8884 8983
1987 15676
2838 21807
1837 6183
8380 12738
9556 16479
5022 16297
6876 10199
5854 11730
5370 20148
2638 6744
289 4949
6966 20675
11276 15719
318 10515
1538 11010
14831 17087
14995 20693
6147 17247
288 3938
4536 7580
6809 7262
3919 5201
2156 12271
5865 22185
13265 19014
14506 15283
1624 14453
13182 18280
1410 17726
3019 11734
1669 9866
7 15171
320 9313
8653 18017
12398 19577
9230 18232
6974 13151
4646 8421
1167 22430
18525 20411
5723 11104
11407 22380
11285 17753
20639 22598
3370 18956
12756 15897
11155 21678
7905 19493
17296 22874
623 9660
15815 22582
15651 18187
791 6077
6108 16605
20509 22198
12517 22371
3281 14891
19554 22929
16967 21604
2182 16891
5054 8691
15377 16565
8996 9371
7207 21443
2636 11762
17025 17695
4608 5672
12587 20340
20692 22331
4025 5798
3298 4546
6756 8431
569 12899
2615 13689
6248 22993
1577 11908
14338 16221
1297 4554
2085 5338
7827 8526
935 20324
2776 5329
4298 22430
22390 22794
18125 20821
14406 20016
8227 21969
7387 22505
9667 11147
3706 4898
15237 17138
15241 17449
19431 21524
14553 20274
11462 16148
16017 18661
603 21464
2128 2774
8204 18177
10112 16089
9588 18468
3919 14862
16686 22008
4152 10098
16500 22697
6582 8385
1023 2780
13583 15137
12377 15127
2226 2752
5053 22501
5098 22821
19450 21042
4588 11280
528 18019
4090 21524
19928 21163
1721 9999
9620 10695
3889 7288
8077 11121
5509 20407
10009 17639
18158 18660
18742 21550
8419 9847
2788 11928
9898 15895
1477 9456
7090 12616
17837 20867
4470 5724
5993 9836
4422 12131
6497 10112
9188 15973
3590 4548
7490 11490
5277 18568
2554 7238
1085 22241
9123 18016
2898 20610
1421 12679
19930 21015
3977 6632
90 6701
3169 17866
13262 14679
5459 5550
7818 21261
1842 15802
18670 22212
241 7840
503 13945
14159 18500
11744 14342
6685 9729
8212 10087
6751 22231
2447 2538
13712 23096
2115 15740
6157 10940
11211 21648
5988 10834
5726 15487
2240 7582
5693 14667
5860 18135
16222 19328
13774 16922
12961 14255
972 22425
16620 17442
1800 12923
5079 5806
4003 14578
17149 21316
6096 10887
13006 18491
349 12358
9961 10893
2096 16348
996 14779
4829 5831
15447 21573
3904 7744
2656 2855
1741 21805
630 20280
6331 13423
2889 10098
4706 8456
12653 17920
3085 6694
8289 17459
1048 10102
1570 12823
8476 15075
15075 20932
2914 12937
8776 15254
455 11921
2559 22825
13815 16296
8274 8956
17620 18233
2564 17524
5965 11812
11911 21663
288 18860
8840 18760
6796 15067
15046 20564
1583 21960
11611 18482
9672 22420
10112 19045
9364 9792
2445 21617
2746 18810
20157 22053
9504 22936
1303 12138
780 2597
16293 17391
11760 15692
7703 12585
6996 13980
8452 16085
2475 5181
12095 15084
6096 20800
6627 22254
11168 16899
5412 16880
6094 16101
891 2777
2499 12082
7133 20494
15607 22395
1024 8081
8026 16586
3589 12128
3519 21858
14441 20479
4314 4726
11929 20494
16488 19075
13691 17889
2796 22192
2718 4053
8940 18476
10760 17149
5682 10632
8083 21318
273 16237
7342 7489
9023 12403
2761 4011
12658 15131
1272 11922
5437 18511
15739 17804
3554 13867
13083 21174
21637 21643
17178 19346
313 21949
11487 22569
8704 12796
3167 15616
6077 15505
13397 15730
3435 12161
17703 17781
1822 19544
4185 21455
5423 20954
2826 19419
6082 6755
9100 20296
12343 15963
1744 17591
11404 18446
10700 17144
10108 11637
10198 22541
2590 7063
9602 12487
447 14215
11676 18669
3052 18601
9436 17670
777 3640
14970 15020
9843 19207
7094 9464
17748 22118
4333 9625
2507 8497
302 14207
3291 15665
13102 21192
602 3793
1211 7347
10118 11654
12796 15514
9149 12435
10965 20356
461 20144
2968 17917
18857 20344
11271 12373
12415 14021
12103 12475
2721 18415
9576 10607
2638 8949
14243 16965
17459 21644
1263 16891
1753 13160
1119 1206
2762 22378
3565 13182
10933 13616
1358 5253
3848 13002
6789 21957
1800 7302
8005 21507
7515 11383
1518 16537
9466 12643
7517 22750
6149 22340
9201 9649
5966 14374
10807 13647
1481 19931
1750 23039
14174 22021
10207 17117
12013 16152
13398 15568
16016 22798
3244 19006
6016 10161
6494 10368
29 2737
2779 8394
7867 18332
160 11921
10713 11675
1788 15153
7168 10124
2507 14878
14527 15749
10505 20502
2363 17077
2917 8483
4980 13989
13510 13720
5704 10967
12637 17804
15040 20316
5311 21782
5866 12675
7805 18605
5066 22031
15244 21642
1670 5971
1228 7671
4212 14710
7284 9312
2553 17889
13449 16590
10236 16105
13182 17982
7414 7735
1297 6944
11654 19063
2995 19322
3124 4799
12782 19127
2777 18428
13962 19831
5384 12104
8855 21496
13620 19055
493 21355
8887 20428
18549 22476
18028 23106
20165 22226
9520 22988
2794 16851
15039 22199
9427 21639
7482 10380
9989 10885
10979 22078
1180 6704
1367 7217
9966 16165
888 10486
6956 10986
3516 13785
1906 4212
6429 20681
5877 11683
6749 18447
8501 21334
14043 22359
12612 17493
10274 13043
8289 13144
13518 20750
15749 22874
3310 13098
9565 13209
9752 19347
11640 15236
10082 19211
2174 15641
8153 12087
653 2624
7248 9142
5023 21486
6826 12491
16245 20053
18875 21151
749 10254
1640 2679
5611 16939
18456 23064
6715 22876
13989 17806
22756 22883
6506 8405
8923 8924
2311 20291
14287 18991
5558 16588
400 13744
4996 14064
7830 8322
6219 18628
20346 21155
5885 11759
10831 16023
257 5149
1225 1482
847 8996
8698 12979
11144 14709
18109 20476
19886 21948
6763 10381
15591 17110
7250 18053
335 2647
5682 22280
2093 9597
6220 13688
18067 22897
4984 7128
10205 11807
4585 8672
1085 2776
6231 11200
17298 19715
14012 17773
4897 17369
3198 21276
9447 13006
1361 9514
11290 18682
1478 8386
17007 18329
8844 9242
10630 13887
1494 7392
8063 8201
3720 12206
16173 17512
9364 15187
657 11180
10129 15648
4043 7517
17017 18410
19410 20932
13913 15434
3900 22972
15523 20953
20109 20211
6142 19724
1890 20797
6282 6765
4341 18949
5266 11906
3385 16241
14363 15543
1996 4922
14897 19131
1042 10094
6756 16196
11421 22615
11553 20084
1401 18613
14958 17539
283 1217
5555 7776
17932 22206
12533 15675
4870 14248
11954 22558
7556 15171
3148 4974
8012 16346
331 20038
3686 22836
20703 21567
1587 17444
11202 21625
8401 13118
8730 13846
3366 18298
2183 3073
14761 19048
12216 17421
13264 15807
9720 18331
4838 18807
16808 17141
5314 10730
6246 13048
2938 9540
1842 16688
7532 13824
11332 19957
4548 5281
19163 22615
552 15351
292 2624
12283 16055
14423 22039
8045 14070
10233 17218
5896 11650
2134 8153
10762 14276
7736 22433
4645 18756
4985 11586
3554 10399
14693 19990
2173 20666
6688 14907
1878 16269
1473 5377
12332 14757
8829 12587
19107 21205
18985 22154
18300 20649
734 6228
6644 12196
9488 20573
10390 21951
2266 9325
14932 15542
13109 14873
11911 12156
856 5506
1716 22940
17493 21416
5334 16322
8370 9537
8739 10745
1815 17483
798 14106
18671 22701
4261 18765
2776 11915
2777 3168
3551 19371
5283 9206
12952 19464
12067 16401
18030 20665
10378 12806
646 22555
18143 21826
12258 22013
6618 16095
6316 20407
19765 23096
15675 21770
3360 8370
8807 12356
10663 14677
18525 21981
8962 10518
15866 17237
275 10183
13173 21994
3451 16640
10320 13867
6705 12702
9555 18660
14209 16659
18641 20587
9162 19888
283 21987
6763 15496
7701 7721
6405 20188
7517 9612
3368 18981
4752 10099
15683 17797
6081 12041
4279 18912
10518 12952
4584 21836
10518 15906
14263 16498
14365 18156
10081 14225
11416 15757
5555 15551
13192 19995
11537 20509
6958 9792
4615 12665
11411 17515
3848 22817
10638 12701
901 10624
9121 9887
12893 20611
17207 18321
11904 17398
14553 16208
11945 14852
4615 21515
8990 16605
469 19900
4037 16889
3244 17889
8974 18589
7401 22770
190 19281
494 12524
10045 21520
4999 18485
4843 21232
10649 14025
2586 10062
7137 9647
15878 16231
2266 8945
18723 22105
3456 14965
8704 14757
13154 17012
12854 19493
6475 8843
5483 9304
2291 11909
12522 21045
2819 13048
4040 19258
13164 19871
5417 17237
8100 18880
9724 11529
677 887
2190 16127
943 4722
1437 11915
10021 11823
13501 21912
11668 19257
3970 7146
17853 20173
18933 20344
9476 22386
10664 17133
5541 14473
13878 21524
17276 21418
4394 12457
2491 5559
7262 11693
2767 12581
1423 10255
8472 11400
4049 9323
14972 17149
9136 17666
11609 17398
16598 16611
13176 20970
6155 7956
6658 22595
15820 17852
14202 14441
7107 23030
9437 15237
7422 8711
3883 15020
3855 10486
4326 9383
4289 5611
1995 22129
4423 7227
8211 8790
6801 9519
7818 14768
4566 16614
10083 12344
21643 22542
7490 13878
164 12209
9374 21390
21960 22661
827 2776
8047 8609
1515 11368
2997 18635
5188 18704
12360 18707
14755 16395
2969 20033
4883 9891
2794 18564
4178 14629
11144 16835
1172 5338
5702 9060
123 137
494 7898
13382 20211
2777 15538
12965 20429
3758 16473
8040 12961
14276 22787
150 232
4436 14559
4516 5283
12392 17097
870 7976
1297 4544
3848 11782
18058 19590
4500 17271
768 6839
7997 20459
8339 10832
17999 19128
2463 3909
5411 21172
5200 18877
13079 22256
11134 15919
7664 18405
10043 11242
10362 20681
419 8480
874 8370
5657 12514
972 13270
228 5554
6494 15330
16118 18048
684 4192
5083 14802
2932 19193
10265 10630
13259 20211
2473 3485
2865 21188
8170 13345
2559 6126
13878 15720
17180 18470
13245 14174
753 21892
1011 8885
7550 8787
2917 9214
1505 9532
8930 14496
630 15857
1773 4687
8370 19936
1180 22135
1298 18290
1225 5149
15648 21638
9030 21095
2626 4974
9436 14747
9739 15413
6114 13822
9555 21393
11432 22342
6959 12301
2484 14937
710 6680
993 14397
15868 19369
3033 15133
14877 19593
12849 13332
8077 8611
13980 17500
7146 18592
17170 21623
385 6356
16338 22041
3305 18996
779 15695
7734 11378
3682 10098
13748 17640
9841 22279
3563 21918
8002 22142
4482 8630
2767 10139
10382 12792
1689 1987
9439 16526
11037 16885
17033 22458
1008 12679
4195 8895
1797 9496
2898 6438
6891 7430
11726 13558
13082 17866
6641 12770
13997 20889
9828 23126
5345 20873
2306 19381
5522 14336
4038 15487
11056 20175
9167 13307
1785 16202
2334 17396
242 10964
2904 21408
2100 10471
4837 9625
11926 20128
18135 18168
21097 21774
11921 12898
2038 3242
9341 21734
7990 9364
4838 7532
9504 19131
10094 12901
11315 20211
675 13124
9092 17392
12134 16921
5832 16605
18122 22323
15223 16041
3826 14369
9740 14999
10785 21649
13815 20280
10184 10600
6555 19262
9480 19080
1167 11638
257 2777
2442 5489
5682 8670
1569 2766
18747 22564
4260 6525
20649 21960
3931 11158
1248 14989
6279 13170
767 10394
6156 15371
499 9641
17591 22753
3812 13631
17753 22505
7490 15215
2937 16163
5283 19469
16630 20617
1466 21918
1471 14507
1439 7011
2762 17634
8869 20380
1445 4566
4615 7417
988 13265
11539 12502
9265 11296
6627 15897
6056 8736
7494 13267
7654 16439
5635 18730
6219 17264
18996 22655
2246 19041
9874 16605
974 21320
5435 11678
2109 20113
578 11264
10663 16065
15761 16910
10824 22749
4878 6619
4080 19412
14617 19847
10734 22408
3915 19153
8801 11659
6152 22191
3810 11863
9459 10965
15250 19242
2696 17018
11670 19006
3490 20844
1956 3365
15472 18755
10265 14730
283 1023
17449 19605
731 20284
3342 7258
12905 17232
3495 9079
12559 19211
10724 15997
2643 12100
15648 17500
3502 14154
1667 15864
5596 12737
942 21653
1145 8058
412 13604
77 19521
17358 17793
15047 19340
13957 21204
2553 9061
16199 21513
15743 21061
5344 15269
11373 23106
9936 12898
10630 16941
8306 14704
4240 8982
16651 18328
6321 10435
10089 11928
9901 22527
2236 15201
8599 15735
7220 20002
11334 20484
731 12354
1279 6920
5594 17870
22226 23044
13951 18961
10008 18483
12399 13733
15648 22478
1505 5772
14511 17667
15507 22158
7554 8708
5058 7344
10560 16803
2117 4029
10481 14719
17862 19895
5368 15551
14473 17815
9332 16633
2407 21862
4636 11266
9777 9787
8472 11638
3110 14969
960 22069
4484 16978
8122 22809
19857 20992
17739 22575
10267 21668
851 11932
6159 10324
2660 3019
5324 17941
18747 21558
5027 12108
6594 12004
16745 17730
5369 7141
9381 9437
188 16642
7087 16378
5094 8459
867 19605
2169 6611
17836 21420
186 8268
4855 19459
12961 18259
2902 8730
8668 12583
16181 20534
10662 20664
13998 15732
683 21966
3590 11650
8951 21605
19493 22541
3276 14428
5887 7542
292 1800
9303 10485
10381 12923
4378 17758
630 17152
1003 12356
8476 11294
16502 21428
1007 1453
14376 15648
9557 18364
1198 19936
19286 21069
14891 17948
2762 15252
2796 19413
16651 19128
587 16249
11728 12762
12753 16691
11760 16277
4524 22652
1146 22685
4761 16624
13983 21624
17181 21374
10326 10626
8304 9460
1053 12345
1785 15237
4950 23016
15000 19754
15907 23113
13981 17570
15988 18901
14247 14279
17364 18146
4693 9985
2953 15237
4841 20978
14330 22385
1619 15003
6312 9909
9061 17650
9787 11072
12702 16271
3572 4138
10089 22055
20288 22000
9883 10519
4081 10115
14892 22456
283 8026
12587 21295
3852 13681
356 19047
12430 18342
1028 13925
734 6804
6813 12487
9724 12754
16348 16367
7562 12978
19602 19895
9439 9664
1920 20280
5622 14482
6376 17965
5722 7588
12248 17449
10333 15136
13776 15278
20574 22316
5283 9321
4929 7137
1106 18321
18996 22257
1871 17233
10699 20332
90 13846
14753 22569
10460 15445
10904 20393
3181 12188
1882 18331
5640 17020
15492 15499
2503 13100
1394 12095
10491 12897
13866 18996
4209 8565
729 1545
12962 14134
3446 19381
19566 21097
11953 20200
6038 11308
2047 4467
17546 17822
12412 20513
14986 20505
22396 22397
12135 19020
7074 22263
14154 15787
5245 21274
2735 20356
3199 13937
16187 18186
6808 17285
2899 11239
11135 18050
302 355
8467 12013
11502 21942
1399 8463
19893 21682
9866 10126
4403 18527
19310 19758
7571 16526
3255 5611
12302 22463
2426 22626
993 2956
8226 13659
5884 14627
2137 3375
6701 7851
4187 18102
9583 21690
2462 22225
4778 12588
5329 11455
8127 12556
14708 15244
3560 20100
2706 3385
8680 19764
2024 17380
1684 23030
6494 22565
6595 8155
2375 17954
9474 20086
4339 12116
12155 21076
3858 12050
11556 22437
7786 11650
18572 21998
1682 12506
11647 16565
11453 19290
9758 22631
6387 15092
6997 21513
3344 15219
2762 10112
14276 18161
1881 6514
5455 7146
11794 13587
2605 18352
9129 12245
6631 20817
2609 4895
2221 19228
6628 7530
15925 16676
5173 6721
21693 22988
7720 17844
7347 10730
6913 9715
482 5529
12491 17278
11906 12572
1797 3986
6950 18594
16605 18936
53 17217
9088 10094
2326 5571
3074 18537
4553 7772
988 7418
7475 7839
8888 15096
10212 12649
6365 13576
5809 13616
6647 11018
2904 21131
7800 11815
5166 14836
4395 12353
508 21879
2964 20579
11932 15620
11714 13127
2942 8290
12033 18476
7592 17388
14595 21536
538 6721
13651 15129
15152 22946
5148 7517
7382 8975
2794 11377
11107 16399
10333 10887
11351 13482
11704 17460
3429 21322
5291 20773
2070 17994
6950 10124
3103 20790
2027 20448
3278 14878
1345 13674
1372 11103
11932 22509
3385 7720
11500 19073
2437 14308
10125 13838
19559 23086
288 13880
1566 5381
7851 22784
10874 15719
4371 9966
640 2182
11658 20148
13506 16017
11634 16152
6680 9367
7938 15051
7361 14530
18254 20392
1882 22087
4263 18467
12347 17163
148 17257
1569 21151
13565 17734
4235 17695
5160 13918
9525 11490
14700 16488
1466 20449
3436 19131
13672 16389
9359 13913
10434 19207
11794 12650
288 7350
3883 20414
1577 12128
10 20622
316 7803
8605 19643
15571 20907
13698 13998
16685 18443
1185 11137
11256 21087
7723 22579
7818 18108
7811 21877
12360 12438
172 1828
9291 10536
1676 21146
8114 16212
4775 22767
2266 5478
8575 19125
12054 21354
4186 9648
2741 10002
989 15514
6625 19193
3039 7780
19105 21567
5812 13182
6072 22366
12539 21640
949 14050
6876 20067
14532 20298
9221 11411
2635 14149
9743 11922
8283 20602
5852 15702
8268 20932
4630 8010
1432 16855
288 13021
12628 17911
4138 14137
10918 20816
2745 10233
17113 23058
3357 11922
6059 10158
7465 16352
7317 12425
1220 8594
6657 21487
734 4838
5127 6846
13321 17988
6744 20135
17014 22583
5112 21643
3797 10167
853 5669
2663 7915
7976 15335
15513 20211
5963 17639
9443 13974
1814 2572
4206 15250
21131 22704
20832 22281
2114 6321
13393 20578
4350 11645
1113 1671
1359 2612
13487 18126
12889 21625
5489 20584
956 6509
4714 16651
12127 12587
7350 8277
8545 17639
4324 6259
7756 22601
1039 20977
8159 12212
2958 3803
11108 11205
3458 8435
9440 11233
3789 19749
3111 19083
9340 15824
13107 22025
1251 17437
3962 21667
11420 15772
3385 15566
1496 17307
2301 5167
18659 21343
12585 21537
1980 19545
14320 19107
15047 16605
9296 19993
7814 11003
6974 10255
3883 19897
11420 20784
11048 15784
13321 14371
1563 9540
13501 16623
6974 13682
14125 18841
8336 17542
8361 20346
21 5100
2732 16296
8289 8976
9873 10138
11556 20113
12923 21902
19255 21177
8420 11811
10766 22647
10105 11650
13242 19035
6909 19699
11056 14928
20 3267
10926 18422
22263 22388
3781 5943
1410 13083
13483 19448
8267 22541
20758 21728
288 1351
12298 13431
9964 14227
8796 13339
8422 16564
5411 21275
16206 21730
18005 23042
5238 10360
2585 17928
979 12585
10475 13307
7146 7796
246 8978
19321 22558
4919 15233
2678 18407
11939 20907
223 11450
12650 16415
4207 16968
6312 10050
3055 3415
451 21894
83 19754
16282 19532
10688 10695
9040 15220
6810 15706
13787 22400
7795 8721
761 7210
11650 14229
1011 9797
1708 19399
6892 12587
6226 22700
4015 4319
7415 9091
16403 20600
10568 17901
4015 9640
5959 17214
14019 18954
5411 8920
4775 18476
11901 18954
4430 22363
843 13657
15746 16964
10225 21552
7477 12912
668 21069
14055 17887
6099 6905
18980 19610
792 14524
7868 11412
8879 21484
8051 22359
9645 20407
10387 14006
17014 19840
7911 14236
6616 22783
11461 18861
9348 19723
13710 16699
9923 11068
7671 19522
1650 4009
8772 10786
10099 10100
8065 13642
182 17889
904 1517
6883 19913
8451 12108
14671 21409
1278 13012
9122 10112
11368 19577
254 15719
10305 21912
2696 21306
5263 7681
9457 16766
2930 11639
10301 18985
14953 22357
11605 17128
8866 22818
8333 22999
11176 16674
6509 8833
1099 22229
4293 22601
1272 5094
11870 20436
15545 21807
6849 14302
6280 21692
11194 13225
440 20033
6914 13214
1566 21524
85 23051
234 11287
3247 7900
9634 14596
17047 20908
6874 14600
11875 13588
3914 16360
2439 17392
12808 15017
2725 2727
1146 10594
14582 17332
10632 18307
6813 12049
17285 21742
4261 18444
18443 20998
15938 16829
3981 4470
166 21266
9437 21524
10094 14229
12901 16084
16880 20661
11231 17499
15472 22646
866 15063
18177 19275
6158 15642
6356 15051
737 13808
6728 7000
6297 12694
11048 14013
17457 17841
1500 4859
1760 14096
11705 18581
11800 12385
2327 4561
13742 14234
2482 4714
12331 13374
17230 22303
498 23081
6498 13559
4897 16278
16245 18840
1099 7515
12293 15048
3461 13813
16385 21128
1383 19693
7515 10112
17637 18553
12680 19590
8110 18360
1518 11231
12584 15197
12899 22030
9579 10702
13331 16648
1631 12487
974 7958
11344 14219
895 2652
6341 11083
5338 8139
20684 22562
1119 14639
7844 17357
5912 19118
4664 10009
17422 21216
5175 17490
1883 22139
10716 13265
11183 15414
512 6013
870 6842
3052 16141
8996 13647
7953 11453
823 21115
5494 15907
1994 4983
10318 19270
3668 10218
9335 11803
10552 14400
451 4465
911 13524
1200 7937
2005 20221
13501 21288
9759 13879
10082 22542
2483 3353
2687 9474
11685 17691
6537 19830
12319 16487
6287 7805
6974 10287
6768 16221
578 13931
12347 18415
5147 18882
5086 16604
3999 13625
5919 13620
820 9659
1905 6185
4984 15634
14117 20012
8796 21322
7391 18996
20916 21296
3180 14261
4025 4373
16022 22519
10387 13713
4950 22486
3300 18237
3697 14930
10869 11795
14207 17449
7126 20164
22014 22907
6304 13462
4850 7426
13784 21702
2920 4616
14776 18272
6502 8274
20540 22549
283 9293
3154 4826
943 22562
10505 14254
7517 22541
7938 17962
10688 16488
12338 21698
9188 13578
13175 17481
8131 21849
2991 10850
2220 14419
10902 11863
10389 16686
8423 17798
286 4995
1439 3795
14276 15720
3592 18991
1637 13107
1120 12499
1385 18996
612 5989
7061 15310
2902 16496
3491 20502
1027 22430
14725 20593
1560 21324
3348 7946
6356 14007
16321 22067
5047 20855
4651 14254
10941 20920
7387 21061
277 8370
5083 13282
14158 20476
10634 11010
6670 17909
8380 18185
8718 9847
9361 23015
12860 16971
6579 20913
11327 11973
1067 15472
17138 21956
4138 18555
7347 14441
4651 12860
10082 10853
5676 11370
3397 3967
1754 6024
13542 19590
13451 19063
3500 11467
4503 13997
4464 10099
11443 14019
6370 12823
2424 18116
1444 17020
729 17865
19448 22319
14040 18283
9061 15955
13653 19812
12778 16891
3189 18109
6682 13012
10707 19415
14398 22541
12551 15195
10086 15471
3094 8539
5720 5726
6874 17242
7704 9833
15650 20126
13081 21949
4651 9205
3074 4132
10151 19254
9239 16413
3590 10124
19133 21243
15616 16229
5436 13888
1626 5713
512 21977
318 10692
18741 21375
7183 12385
2796 16527
8303 22541
7415 9935
292 8170
13909 16089
3264 17228
18991 19726
683 13395
2898 21128
2501 20340
3270 8797
776 2727
2145 17014
2494 23106
10198 12038
11893 14433
1317 22530
9618 15614
5338 13213
10124 14776
7656 20340
484 15316
624 20811
7843 21139
6460 7705
15454 18760
5609 22263
5729 8568
2486 12227
4237 21128
2798 15268
4232 15693
2884 20288
11257 20106
3478 22789
5528 18968
737 19259
289 7248
3883 11144
4396 15948
1612 17404
6535 21060
1568 7041
9556 20873
847 11919
2125 22385
8206 13119
4304 15009
13 21115
5799 21644
2240 3941
2981 7572
9033 16347
14215 14761
12385 19414
6740 9664
11856 14509
8398 21670
1902 17119
4876 16348
452 11233
2246 8103
2623 16980
6494 18347
4403 12337
2414 20775
4924 13808
7449 22078
8306 13378
1750 4929
11609 14983
7585 9403
6672 21642
2163 3278
10986 21100
6518 9275
13261 22584
14389 20421
1216 2410
5116 7770
209 19548
3204 13371
830 13554
6578 23028
859 1836
21841 22102
1444 5314
2767 10397
1618 14688
8002 9214
5149 18565
3078 17972
6618 7152
2183 12802
5539 16917
6859 11734
9059 11378
806 2288
7068 7680
5346 7394
11198 22142
7115 21354
941 1600
5589 19493
20052 21516
12544 22091
8660 12260
2766 15063
6039 19778
5338 16243
17057 22064
9887 22749
4487 18412
13846 22104
13597 15692
6638 18318
2147 7093
343 2186
4911 16220
5299 12870
2766 3566
5272 13744
1481 12503
17700 18389
7548 9415
9417 12319
239 19469
10083 18894
13660 14824
10961 19502
11636 11650
5231 17767
5894 14196
734 4635
13501 15000
4560 16770
17781 17941
4125 16981
945 4615
8148 14582
7851 20170
11121 15606
16057 19299
9610 19755
12068 15411
1937 13129
688 9318
1731 19388
7572 9291
740 19431
1871 4101
15764 21511
1325 15607
4591 22350
15387 21346
10677 11009
3761 8930
7585 14779
7851 17889
10467 17714
1483 21155
13379 22105
16545 16546
10955 18643
3938 22936
4615 10368
9611 18966
12043 14230
9288 16676
6434 20191
10050 12408
2902 13846
5425 6533
1680 3046
10158 22277
8388 13825
4238 11267
9114 10105
3296 11333
11923 12022
5322 18936
4924 8132
11669 21289
1901 13107
3132 7900
6996 18695
654 7516
16231 16732
8730 9210
6245 22317
4339 15195
3479 19034
4861 5292
5785 7423
9385 21848
7990 21554
3139 13431
10359 18358
14839 21744
1442 21151
2146 8632
3337 3911
11477 12502
10057 15267
5271 18764
7030 7168
7459 13126
14553 14837
11869 13599
19109 20143
4038 8796
1097 13413
10921 21050
3226 14547
1870 3148
289 7664
1177 6009
376 1633
6506 13094
10202 17994
3666 12128
7168 21956
1717 22759
5756 13247
10025 12769
14855 15134
1050 21061
2732 16670
2779 4554
172 4419
4433 23122
4127 16891
19149 20867
3363 3511
5006 15803
10604 19110
10088 18991
12558 23079
18476 19737
13261 21848
15129 18996
3217 5151
2868 19957
5855 9743
5947 15579
11638 21177
5358 5386
15215 17332
5216 11449
135 11457
735 5704
9718 15965
429 7031
7596 12136
4317 20120
26 9040
10324 10859
9312 15705
15129 20296
1300 1878
9360 16945
477 7141
13171 17814
15874 21412
7120 9302
3691 9650
9924 11915
9288 17183
8341 19896
15481 22819
7997 18015
19259 22516
8903 10848
2432 8002
8171 19401
4141 15785
6804 11289
3713 11841
16847 21316
3176 22542
1095 11231
9154 13825
11731 14258
8945 20434
7733 20621
11724 13683
1031 21745
2097 8591
6967 12961
15648 21532
278 6096
9863 10199
1069 9364
9111 15937
12191 16768
1097 13555
22877 22881
1429 1431
12585 22453
266 1125
18472 21142
2792 21564
6186 8066
6831 10328
14899 15513
1670 5989
12118 21011
5797 12810
3446 6090
4468 19772
9762 19679
1115 11650
13186 13566
3446 21707
7219 14995
12559 13869
2417 11448
2060 6277
10724 14395
8990 15774
1853 19741
7691 22183
7596 20327
16070 21315
6302 16665
11878 21454
10216 19788
7007 9346
3512 15241
3142 6050
10333 22359
5449 20206
18783 20071
18019 22143
11006 20929
7793 12487
2364 5025
2691 13574
13676 22945
17265 21329
5390 21441
4850 14553
7751 15092
8793 16981
3027 7772
7137 11640
2435 12815
9763 18850
15829 17982
12020 16985
9304 12587
11169 21529
9911 22656
5968 11290
278 16011
2392 7838
17930 20284
11607 17963
9388 15607
10953 19379
5221 5979
19010 22426
6296 17112
5588 18340
7168 14776
12503 13979
5174 12212
12945 18393
2882 21059
609 4919
8595 22243
2320 15742
6846 10439
3052 20725
19287 20298
3514 15897
8731 11905
6488 10713
2554 6651
4977 7110
750 15849
3758 20972
18491 20698
3959 22579
1681 20895
2353 17931
12898 14993
9194 22415
3551 22605
11355 13585
234 18728
14670 15786
3262 12524
11271 20474
7141 11744
6611 22792
1890 15026
12833 19025
3974 20464
13688 20284
6939 18954
8197 19582
4700 19473
10098 16097
2904 21420
13678 22541
5283 16670
3276 11531
5856 17205
16563 17256
2669 11979
2387 15391
2507 13107
15282 22981
20457 22839
11211 20068
7222 14063
12559 21684
3802 14606
5141 14322
14469 22579
3226 23006
6898 18976
3344 5175
4293 15440
19909 20317
8212 9088
5795 8058
1282 22137
15091 21732
9321 11640
5467 18054
10975 15111
13984 14766
2931 19903
12075 20717
6494 8380
1822 13395
11759 13732
8571 10238
2902 9701
6123 17899
3287 3414
7426 17965
4149 14222
1005 2788
12701 21892
6530 9625
10505 20300
12855 22694
5735 22437
14505 18745
10273 11396
4992 7803
20873 22124
7146 8095
17301 19820
3073 20607
7435 9625
8549 19534
14590 15221
11979 20873
11931 15424
7415 12898
13482 20565
8766 11467
6106 9893
9981 10515
8215 15447
1548 4566
20960 22386
13020 23018
197 13375
6739 8502
13987 22662
4578 5568
7490 10676
17807 18956
13885 19381
12751 18330
14086 14229
1800 5908
14485 19615
5520 17951
7472 21788
6619 10429
11663 18618
2369 2453
2441 21805
15427 21649
5461 13431
14328 16378
14040 17994
4244 14288
6997 8271
15776 22542
11650 21721
1609 20907
5786 16433
1785 5682
20738 22955
21205 21577
14896 17899
7570 16918
10080 15763
4363 18353
1606 17135
6494 16670
11281 14341
4727 22128
10600 20638
14766 15216
9887 14255
1233 21849
7347 14719
8031 14509
3239 5346
9020 20458
14383 17502
10605 17837
5214 20173
3841 23055
12061 13998
5073 7654
5348 12182
9068 19287
5814 17879
4929 18041
6876 21401
6797 13559
9701 21374
5346 14615
8048 11629
2900 15280
12891 19795
7721 17500
1411 16420
6685 15550
10605 20608
11294 11377
5763 15425
16110 21409
259 1483
2766 13304
153 7947
3551 12239
9146 11930
5754 14398
11828 20012
10869 22456
3959 13463
4578 7290
14040 22158
382 21522
11932 19977
1971 5009
1790 23122
14766 14899
19167 23122
250 8388
7141 13972
10376 19028
16073 22880
1586 3697
13118 18918
3769 17170
9319 17598
1373 12122
11852 12147
14950 19131
11815 18232
1493 4488
2264 21491
6248 22456
2134 16551
21705 22632
3297 15079
18396 20294
4728 15397
3768 3960
13102 23030
7829 18053
376 7603
7417 14756
1491 19128
6749 17357
7917 19067
1670 3045
768 7670
13980 15919
7525 10736
6837 22781
5913 17500
9848 12147
8988 17134
3467 9281
12085 17768
2607 15108
11654 14028
1847 13059
1058 7035
513 13829
10142 10595
2229 19727
8694 12553
2220 2264
544 19545
8472 16986
21819 22920
229 5390
9715 14540
20486 22874
2198 4289
11932 17138
258 7574
2111 17639
10340 12103
13704 14611
2855 15143
734 11049
612 11888
9808 22350
2654 8384
4190 11756
3078 20271
8974 15447
5537 14745
14593 17288
8026 14070
10278 11212
7517 10682
8945 11283
7525 15943
2995 9019
12190 21338
900 14751
4251 23106
10796 20954
9364 21540
3961 12807
5729 14050
5727 15443
5756 19788
1515 11629
1233 15208
5440 18350
6974 14291
8123 9174
5555 15021
4362 11076
9397 11211
3741 4536
12590 13673
6416 15877
16127 17885
3328 15447
6738 9183
11627 18924
9557 14532
11150 19672
7025 20007
2864 6214
4378 6882
12334 16084
18008 21793
9890 19802
1890 11477
14615 21960
11198 22105
8350 14209
153 1467
2745 18467
2318 20666
3590 19464
5737 5753
172 3959
3912 21468
15864 22866
11912 11921
13585 17994
11986 14229
1106 1435
4039 7947
1331 12027
1146 21552
4931 7827
3597 18338
18500 22632
14787 18246
3537 19354
5541 11580
9275 19765
14357 22920
11155 15642
9359 20046
7514 11613
7857 9877
4780 22197
779 4555
3199 15798
1258 9827
4350 18666
12300 22960
2624 18902
1220 1491
11805 19894
7301 18728
7730 8193
2964 5437
3805 18924
2343 22817
8378 10784
15231 22601
15600 21799
5167 16077
6561 17589
15785 17884
6918 21086
4136 15683
5050 22222
2772 11849
12684 16197
17524 18114
10368 20981
5478 14977
5252 21803
13315 22498
604 14992
2010 6142
9287 22541
18952 19451
3231 22953
9254 9255
9416 18328
5835 15620
19701 19792
1545 22562
20267 22852
18221 20584
9503 19370
18272 20040
19909 21596
11598 22459
4458 8454
3602 20799
1906 13842
12258 12891
18794 22389
1747 16613
8901 9978
7 3959
7669 17734
5021 10588
13739 15944
6688 9691
19589 20957
1220 1560
3516 21303
12015 15484
3222 11493
1844 12005
6763 16031
11254 17040
17941 20211
10009 12646
7102 17126
2286 19861
6260 14825
6847 17297
731 19160
4600 17798
4826 11307
16741 19647
4107 9316
2230 3208
3215 14174
806 12038
17295 21051
2461 16936
10632 11478
12515 19744
5338 19596
11289 16605
1800 14150
4039 6563
4174 11121
15310 16090
1905 9750
3502 19791
17333 21022
1268 11795
20105 22688
803 8240
15089 18163
1198 9525
2127 21807
4503 6466
15266 17570
14124 19409
11477 20443
12302 13750
1156 11650
4471 19552
15903 22929
2113 15661
15491 16651
3969 4430
8830 20018
1398 1719
457 2654
4819 9797
6487 19352
20360 21190
13694 17139
12321 17471
1753 18282
1115 9134
6410 12607
6535 12279
8051 13874
9332 12690
7507 11887
6494 14398
500 8952
5645 18202
10481 20067
3783 8733
13846 17941
9352 11978
1053 17758
4878 17540
5853 12167
6694 9211
7799 12747
6009 7396
10371 19730
15385 18720
8412 9363
8062 16488
1233 19329
8545 12646
15096 20226
8697 18085
11853 14715
13707 17014
10089 20045
2673 19372
14021 20889
2990 8785
6521 16017
7669 11927
850 11409
3435 7081
8617 17994
7565 20030
12245 15321
11169 21649
22890 23058
6516 22675
3590 17837
12585 15484
11611 18363
13126 17999
8916 15820
12795 13200
7770 19933
6436 20438
473 14626
210 8345
5852 11888
6625 12647
5546 20666
53 857
6497 13448
4432 13878
12979 14386
624 7318
3571 12184
3938 14966
10146 11192
13564 15836
2796 20282
17113 18316
3804 8858
7325 11329
6684 20080
621 16131
2983 3732
750 5192
5271 22014
3429 5046
11952 22981
9531 10004
21002 21126
186 14398
1599 16833
19208 21369
9214 12626
2328 4848
9692 10468
3350 16198
8256 16673
4615 6160
502 4422
11271 18048
2759 19487
5981 7107
3858 4842
6713 14966
393 18787
9126 19118
1071 21788
5950 14132
8185 15041
7074 9210
5966 17178
5386 14145
12996 17813
17252 18331
6049 17734
1785 11285
1503 20642
3941 8750
24 9985
14642 21262
9326 16535
3499 16662
4223 19278
3692 9045
5704 14977
679 3644
14111 20897
223 8525
8499 19936
5706 12299
9591 10468
4888 20709
5733 9787
2961 22348
13193 21468
2284 2946
4540 7426
382 16651
4342 6775
4731 15476
8831 14029
3010 14350
2799 11971
7112 20436
2662 10112
13167 23113
731 10837
11640 15310
5459 11928
14001 15310
16967 19950
4548 19936
31 19719
8490 16851
13667 14661
4029 19164
2065 6298
10124 15203
12166 14536
5860 7219
4441 11794
9183 18932
5622 6091
3875 19683
1343 4550
7490 14126
2611 21495
2121 15619
3551 9217
12140 13657
1575 7416
19348 20963
1448 11594
9655 20873
2336 22028
4928 8557
6876 20557
6113 20278
14369 19310
9909 22952
19024 21728
21205 21566
14716 15628
4609 19476
10044 21544
5036 23018
7075 13563
12649 22555
13175 16004
2946 16428
6356 9496
3551 22453
4842 17531
5066 17854
1603 6356
12502 17299
1621 17889
8130 13071
6272 22142
3962 22974
14094 20080
20387 20700
11999 18397
12684 19724
6158 14849
9436 10380
7627 10448
16218 21217
9376 19398
14277 21960
4304 19348
9808 10216
584 3824
16271 18990
11076 17662
1057 17864
14766 17820
1482 15695
5226 12712
2631 21399
4965 5263
148 17959
1622 15327
15965 16642
13151 19404
1797 10633
317 11961
19678 20473
8370 18991
9078 17766
9669 17200
13880 21243
6453 16815
15278 17952
18695 22154
13520 15302
14320 21577
14619 22836
2766 11910
9555 18158
5204 17213
7212 17825
52 14976
9808 10418
7382 8575
15109 19378
9985 20478
3945 13069
4399 15748
9696 20126
168 1228
9794 15425
7701 8664
4694 20664
2230 5687
5071 7644
11480 14085
5332 18783
4101 10490
632 3074
16728 17851
6231 14009
17499 18429
1570 11490
12575 14903
2694 8031
13526 23096
19255 20591
5773 13253
11501 21491
3971 16584
5312 14717
7509 18031
9137 13300
1366 20600
13027 15411
12308 12649
5976 14827
6446 11843
7863 19909
15390 23086
13742 19515
9849 20418
20750 22078
9803 14035
6799 10183
5084 14350
3000 10083
7023 12385
9396 21739
1529 10626
3580 8361
2139 20934
2027 4744
14766 19933
3793 18447
2267 3969
5317 23124
7462 18488
9323 14655
12897 14776
2418 12093
16610 22528
12149 20873
1199 7268
20049 22929
11859 16258
731 9091
12738 19450
5988 19790
4731 13082
8855 11927
4780 10631
6604 13675
1255 8177
4770 21115
3030 18234
4566 16606
6082 23011
15856 20651
16271 18420
5241 17739
5795 10197
9321 15009
16785 17952
7887 11107
7082 8669
387 2898
5294 15759
14942 18475
10236 18839
18190 18405
11392 11938
7914 8634
5346 11478
7509 22858
7290 16553
12326 13204
14779 21657
13885 18991
13704 18420
5136 8816
7738 10124
3825 6707
21864 22773
2109 5338
18976 21331
11215 13625
12851 12919
6701 11048
945 11487
18683 21685
6152 13921
8624 21649
5581 19292
6679 17901
9732 20348
4069 8417
1548 7898
9887 15616
1927 19047
4382 20088
13600 15895
6494 15009
8448 9068
13163 18707
21160 22256
12617 20662
7491 20035
3565 18307
1800 6763
2284 5101
19104 20031
8712 20853
705 18632
13492 19375
17547 21722
4289 20259
3590 21496
10724 16378
16517 18307
4540 15064
11532 12778
8612 22541
1235 6951
9376 21859
1826 7710
1503 4348
745 1204
8386 16605
3029 8681
373 16672
1993 7719
8161 20889
11643 13894
6638 7089
1198 18765
19054 21265
14162 17978
14485 19474
13734 18143
8840 13258
10124 20892
4177 4777
2876 18519
12684 18466
1066 8606
846 11563
3690 17706
395 1731
16617 18684
6597 22191
14066 15725
5319 7005
7076 17483
4724 18275
2266 21507
1548 16565
3142 18800
9510 17392
11794 22060
5408 8510
4578 20665
3799 20562
2650 19137
4093 9060
732 6101
1502 9375
13932 20668
10199 19897
10607 15483
17554 19041
2088 12659
13485 19699
1538 11048
11613 21797
9849 22927
4731 12585
13383 18524
1715 8633
4687 18858
5264 17491
6361 18644
9342 18396
10050 21144
1385 13474
11202 15919
1717 2780
17169 22359
6225 10214
629 19004
16845 22105
5080 22862
5913 17590
14873 15226
15745 17234
12041 14065
12487 15732
8440 16720
15026 16177
8855 22105
3310 8866
2562 11779
11155 22438
7707 9681
9058 17822
5990 13745
8506 13467
2226 15732
2957 13094
8609 15256
17280 20120
1297 1984
13070 16805
10702 14203
9655 12709
4941 21930
8656 12109
15525 18372
6726 9625
2291 19036
4404 9999
16670 23108
9397 11673
4042 5919
3749 11847
5008 14719
20464 22202
2831 15874
12591 22584
13937 16941
6331 15757
2119 8581
12806 21206
6443 18869
12059 22160
8202 20334
2476 14012
20681 23106
14109 19286
7976 14761
6039 11794
11294 12487
8598 20512
21780 22798
10878 22042
10961 19289
7727 20648
7654 13447
8051 9213
12684 17397
15736 20526
3549 12822
8916 19197
4312 19753
4877 7623
20907 21107
15950 19468
7752 12514
5143 16670
5785 13413
9643 12050
12815 21960
2105 15554
5195 12803
18730 22418
3968 11650
16650 18872
9628 15324
2835 10272
8204 10309
18196 22179
192 15807
16378 21112
8824 13462
2197 13634
12103 14387
16332 17337
5104 8289
916 15017
2597 14222
10763 11868
11932 21144
8945 18996
9708 15281
4192 16452
21133 22159
14466 20847
7074 19962
17068 17573
12530 18042
2767 3001
11691 19203
14897 18910
52 7076
9092 16510
3632 10112
4293 21712
19852 22301
20562 22804
664 12587
5470 13501
3733 10458
8242 16532
19423 19590
2163 7675
13201 20085
14852 22535
1209 7694
12650 17883
9063 22263
2910 4069
11173 18321
9171 17477
17554 21848
22314 22635
574 700
4025 20562
2004 4564
14939 19822
870 19460
3294 6155
5720 14590
5486 10455
2475 7922
8678 16073
10827 15636
326 10662
5242 18220
11293 11839
14863 17883
10316 16978
11851 11916
6096 12394
2590 20046
10501 21717
6847 16348
6891 7031
6688 18280
9542 14939
11147 18974
12258 22590
7396 12854
183 20672
5856 11042
2095 14766
289 9325
7055 11555
10298 19179
1362 2464
12262 17246
12815 13400
13583 16090
17147 17859
4775 9053
10632 21030
14791 20340
4842 17872
288 884
8745 10970
14159 19299
10621 18294
12953 19730
11155 15612
6862 7287
8709 9361
9620 16037
3891 19196
4212 19316
9843 20500
13796 20853
7979 21248
2581 14903
5316 19679
9557 13425
1652 1978
13050 13451
6129 12882
4491 7415
147 12275
2946 7527
5433 14455
7437 8370
9215 14307
991 10105
5151 7837
1853 4363
17871 17912
14831 20747
6809 13262
11930 19931
12953 12994
10409 20578
6325 7099
11654 22263
4800 16756
15103 18369
14517 16732
9514 20909
4503 13451
6488 19290
11719 15852
2962 10112
5533 14909
6713 16581
2282 8817
7791 19459
737 8920
1094 21513
3385 10088
11910 12112
17355 18780
7938 14413
755 1032
2544 15546
1920 14598
3053 19785
14070 21583
8077 10649
812 12107
12594 14571
9538 16288
2945 9101
13734 18498
7634 11251
16531 18592
16103 18548
4616 11632
6164 14590
6387 12190
17092 20664
11144 15020
996 7585
9305 18990
11478 12487
14400 19416
18402 22914
7264 16239
3306 15675
8574 9810
16280 19118
9981 13343
1631 11281
1441 3436
7197 8410
1731 4798
3823 14251
11439 12216
8064 16785
4683 17499
11164 22802
2447 3503
2134 14634
13533 14701
8801 19506
9342 20294
3036 11006
9570 11580
7728 13842
2623 12760
7382 16754
14198 16282
9146 17226
11865 15119
2175 22095
283 3566
4984 9287
15603 16857
905 8360
12522 15951
9974 11077
1315 1622
5041 6746
2102 21507
5472 13154
7350 17999
17162 17688
8969 14827
6715 16416
5831 7350
3059 16141
10282 21122
4390 19128
4939 9974
7580 20635
9308 10978
65 19857
12183 12494
2478 9227
6847 10496
14867 16651
2284 6050
7675 8644
3079 4918
14023 22432
4580 7191
8712 17161
3029 5208
656 15346
6775 21412
1563 10098
3572 19509
10245 16707
12935 15359
14625 17689
4703 19972
1500 19882
1577 2663
6356 13971
18360 20589
6038 19041
1262 21347
13056 21780
410 7158
11558 17936
15482 22570
14691 15519
6576 16590
4796 14966
10668 14776
328 19988
15205 18485
5002 9509
8500 16152
11460 16510
9040 10587
7899 17480
10258 14649
2494 13853
2643 5346
1265 16099
10083 21485
11264 13931
5146 10580
1890 20643
2179 22960
2050 13087
13331 21743
14828 19718
10012 10802
10009 10360
2168 18253
8307 22509
3145 18169
8388 21960
8958 15662
10019 14760
12048 16695
14704 18847
5453 10451
1742 22701
12724 13619
15121 16224
4003 15594
449 8996
8109 11420
2621 3613
3163 16546
3302 10925
14807 22334
2847 22233
7290 9058
4336 13187
1842 5082
7054 20615
16191 18196
4024 11305
1799 4664
10275 15047
4683 23100
4994 8311
13836 20069
12049 13998
1060 9397
9405 19820
818 8260
596 15681
2118 19128
4173 10732
2183 12245
12356 22162
657 6708
4615 8704
760 15181
10360 12783
12585 22541
3408 14332
7625 17831
12476 13179
5457 12935
3163 5338
1816 7800
2365 3049
2439 7841
5283 21072
2344 8888
3345 12920
10299 19251
10211 21565
742 6185
13006 18825
15043 21299
14332 21840
4786 14878
2350 11450
6312 20309
8362 14293
6876 10910
7697 20668
3571 11219
12500 19566
4569 19521
328 15642
9217 13971
9139 21004
5480 17100
16199 20079
1703 18500
5132 5913
1091 2794
2762 14761
11463 18382
10408 21819
3122 10226
1225 21177
356 17763
6272 22927
7900 11640
4888 8843
3167 4743
13710 18382
9668 14551
8619 17122
12520 14132
41 15250
6054 21644
3966 16442
376 14213
10724 12224
18996 21041
494 17002
5317 7292
10581 14062
20354 21070
734 7874
9989 10729
9474 21862
6037 20857
15662 19203
19086 21735
5058 21340
2518 17173
8672 10067
10489 21520
1842 19362
3216 14540
10231 17089
13731 17699
8103 19041
19558 22839
3385 15240
149 3728
5346 7347
3376 4712
10112 11916
2567 9219
1533 14757
3429 17257
2823 22502
1622 3938
895 7918
2701 4458
5853 9855
13082 20988
6045 10050
6175 17233
13048 14578
235 2088
7192 9934
17937 22754
3485 4282
3797 18639
326 20664
938 1418
7556 8058
895 21170
2896 17917
8868 21649
7821 13409
9521 10069
10529 13797
9514 9816
13110 14152
8190 20096
2220 17901
290 1869
8766 10642
3587 12083
4731 8058
17451 22714
1146 21848
2280 16224
2917 10631
5314 22732
12162 12319
7107 14993
2615 12385
43 7658
5696 13544
9639 21392
1957 19398
20975 22535
12337 21296
12947 19860
15635 21649
15923 22656
1958 19130
2266 15833
2336 22894
13258 13820
5056 7284
10443 21592
6752 13787
6666 14485
6494 20664
7853 20560
2585 12623
5698 9555
12256 13344
14103 17176
252 9153
5601 16282
8331 10253
7627 11654
3626 5478
13691 19493
4512 8001
7004 19316
315 10470
15461 21524
7915 16983
11931 14807
4599 12459
11568 13762
4125 12161
20605 21415
6423 11963
1515 7028
2424 13926
7603 12274
1538 21638
14758 21358
12615 18764
4244 8165
16444 21499
871 12522
2626 6839
20783 21682
6378 11458
7662 16891
9740 17839
9385 10594
1437 15956
9486 11048
14514 20815
326 14849
2996 21315
9085 17043
2671 9217
15101 17573
14513 21775
839 6946
9290 22656
1239 5474
4192 15929
19862 19863
14112 18188
70 3875
18946 20666
9696 11654
7363 11911
776 2661
2794 4566
13625 16256
1785 14719
8412 21217
547 9666
12588 14997
3339 15569
12115 21710
4147 19737
7784 10965
10105 10391
18213 18556
14147 17139
275 11770
2706 15987
3822 18524
3669 9732
5683 16374
15005 22516
4432 11932
3312 4228
7877 18265
2405 6545
7556 19008
7587 20030
491 7252
392 4632
1491 18614
8885 15834
2671 21600
3896 22782
8584 10237
9520 13579
19512 21014
17161 20964
9849 14590
4615 6876
11932 17126
9974 17936
20793 21005
12900 18870
15009 22541
16927 21407
8573 21533
1478 1598
5331 20370
4938 10649
2263 3519
10081 13934
16581 17886
11815 13449
6878 21939
3770 13342
259 806
7796 10895
8293 9436
7454 22331
875 891
16198 23003
4360 21316
429 10827
563 7610
3494 5621
6792 22639
9780 22424
17889 20814
15981 21314
2772 2977
3106 23106
5551 13360
6694 9382
5983 19766
1494 9759
21348 21396
15187 19666
6024 10518
14496 14715
14548 14655
4615 15220
15596 18360
9315 15129
8796 14025
7038 12962
8180 19486
7574 9316
9901 21830
10812 19132
6992 13318
16487 17301
1123 2507
3396 17667
13358 22323
13474 19450
8866 20148
288 867
899 4655
10135 17544
14354 22050
2298 18305
10234 17699
418 14809
4894 18212
48 2537
356 22084
20644 21181
19296 21252
2956 7421
9269 19974
9150 19852
18764 22459
7917 20277
775 6188
327 12537
2397 4771
5338 16605
4186 7914
7301 7721
13018 13309
13463 15237
1042 15648
9326 9540
2798 10271
7972 20853
2679 15390
5841 17614
5615 19423
7651 14290
11772 12264
1361 2154
19047 22879
4546 14363
6518 7171
3326 22212
508 10008
8495 22178
13950 14143
21462 21684
1444 13321
3959 20919
2250 19918
8413 19481
3735 13907
4106 6424
5730 12585
21480 22319
156 10067
10918 16173
5904 16160
9304 16610
10353 20615
13406 22928
16199 20462
8945 12019
15772 20784
4386 19047
16286 17602
4029 5331
4322 5896
11135 19299
67 7076
3306 20204
4615 19930
4586 20712
7793 12002
10856 13737
20664 21524
7710 21144
9797 12792
11772 23055
13734 17058
289 4838
7141 22732
5346 7424
7082 20096
9325 15236
6158 7105
13202 21513
17700 20734
1670 4355
17456 17663
105 4126
289 18807
204 10124
5680 14188
10288 19463
4700 15326
13182 21524
13818 18187
554 12247
11783 13879
8031 19275
7284 13449
6030 14992
14365 19871
2910 9498
8529 15116
6627 16248
453 18099
14590 14770
6560 22866
6900 17423
8436 15513
11650 16082
6497 13787
10869 13340
12487 12823
1116 8975
15806 16515
6057 12105
4467 12108
13172 17233
7555 14678
5588 10395
7939 15003
2946 9906
6634 17103
15490 18206
2101 13879
8600 14320
11176 18615
13174 14757
9003 14655
2986 14169
14000 16503
8031 16090
8503 14294
1671 13965
12587 13678
8721 17531
3984 14303
10527 13875
409 12965
2579 7477
8989 22913
7565 21644
1878 13733
9210 9759
285 3802
12979 16077
8274 9394
3191 20854
1779 15656
11308 12961
9275 23096
15421 16605
236 17100
3788 4811
13067 13360
1042 2980
3959 18275
3111 17459
9571 18321
1356 18071
9282 19180
3085 13675
4097 20688
16132 20191
10942 13415
17280 20298
4014 12691
5143 9323
3540 12661
11963 12841
12494 22051
6740 8122
4270 11905
16766 17092
6941 7534
2102 12447
9830 16245
14367 18143
6213 20772
5114 7852
8974 20639
7818 15956
4083 19557
869 7976
18383 19511
11937 16494
16051 18384
5505 16622
1015 22023
11914 17837
13477 14118
11020 18659
13346 14367
3332 5181
6738 22709
5361 20895
16077 17622
2610 10265
645 2006
4964 17648
9498 13713
5466 16199
6917 22105
10105 22119
821 11972
2080 3439
3872 21663
2595 4615
15542 23054
2590 22994
7132 15710
13722 21956
298 15266
13172 17818
7658 22541
7417 10491
1983 5474
18338 19600
657 4707
11638 15396
10022 20465
7892 7896
16786 19697
8930 12023
15959 20577
7120 11306
6505 9562
6862 20217
9316 16323
1192 22558
8608 21642
15628 20734
269 733
2103 22625
4304 14837
18036 22825
10100 16092
949 22572
2779 15484
4615 10083
14090 15020
2101 16338
2352 4564
17280 17332
4520 17396
12970 20650
11815 20301
3956 22181
16637 20360
11364 16718
17666 20073
2662 17782
581 18177
3711 20614
5346 15044
5896 7933
14503 17488
1481 5555
6297 10036
7840 8855
8956 13557
13122 21869
1969 5444
16734 22263
1146 8026
8968 21816
12128 15969
15925 22227
972 15534
11530 14341
11744 17969
7141 10518
13325 16605
8319 14485
5688 17021
257 1537
4734 21950
65 13402
11769 21864
3182 22706
14043 19102
1813 13647
11603 14161
2776 15045
589 12612
7947 9698
268 632
7472 17268
7517 11587
1145 14757
10040 22545
2667 15315
7452 10921
12315 20183
17106 20646
2767 12681
78 9902
5082 21420
13346 21826
15068 22508
734 9669
10242 23025
2096 6844
16237 16422
413 11605
85 12855
12057 15034
10432 15996
4861 18525
7497 18015
19181 21026
406 1360
18910 19968
14961 22040
7733 20818
1438 5362
5729 21639
4731 15244
2959 17608
8383 14302
3820 15995
4403 12664
11819 19245
12422 20144
2867 8996
4015 20116
15374 17902
3926 4391
685 19896
5919 19855
14738 17972
9208 16199
3572 18555
3759 12650
10279 18862
519 8519
8648 8652
11547 18818
5346 20479
8711 10484
4798 10937
7082 20539
7379 10869
9880 19792
4830 20817
1822 3078
3551 19475
5400 21191
7118 14091
12684 19735
5420 16752
9318 20589
2486 15566
2650 15731
4812 8871
13879 16952
13341 18475
13751 22064
12186 18467
13048 16676
9844 12257
3980 4010
12101 17478
11650 15252
2165 16546
15835 21839
17157 17735
5491 15155
2779 6801
1268 2250
275 751
9489 11556
14719 22182
12108 17646
17889 19346
11884 18224
12623 18824
6471 14967
21830 23123
1395 11213
447 10631
3467 18581
2704 2976
929 4625
6057 19815
1372 5260
7397 13425
14203 16983
9540 20324
3826 4360
6131 18885
5746 20664
13140 16922
6759 11737
20240 20736
2354 7012
7674 19977
14486 17100
8698 16077
12955 14254
3560 15718
3301 20691
1479 15970
3077 15008
332 4984
12299 12317
11390 13306
101 4101
12571 14107
1940 7223
12782 16315
13846 15326
11314 16116
12677 20115
365 17341
8465 17901
1193 12286
1918 4467
10183 12456
641 16248
4625 13666
7832 19513
15345 20732
13161 19600
5687 14171
12428 18585
494 3285
5478 12757
11817 11919
5460 12543
1500 22412
8123 18306
2197 15276
14814 15889
5765 16987
6170 7907
7347 21600
12551 16447
9708 14070
5161 22105
14727 22103
5354 18725
5306 5338
8007 17163
17889 18275
9623 11467
3668 16199
10896 17359
5524 15693
1515 11930
1066 10380
15967 19792
14714 18581
800 11231
1533 5226
3507 11899
6862 10464
5509 6847
5528 13376
392 7089
6641 11123
286 21151
3500 4810
733 16198
4984 13200
1761 2068
11145 21403
7302 11525
5346 21811
4750 6886
6914 16378
11450 11951
7933 20144
4566 14254
5805 19082
6868 13616
275 6667
2777 3589
21233 22929
11792 19597
7660 13580
3644 3708
19450 21385
8787 12049
3074 21370
2741 22671
5156 12317
7775 13762
10941 14551
13581 19709
683 12804
9504 13773
2761 6263
7741 13119
13451 20406
4891 13069
3649 14009
2891 10106
11485 13315
13164 23048
5756 21350
3665 17266
11380 21507
8412 11418
289 12255
7018 22961
8419 9265
12524 16802
7558 10747
6494 8992
4611 16665
596 4391
17322 17972
3669 9098
4615 20800
11645 20285
3611 3954
18730 22617
858 22313
1505 21293
8663 13253
7116 8224
2789 18269
19372 20125
4010 22773
16168 18851
5293 21389
17874 18413
2837 11963
10391 19429
2624 9696
7867 14367
4807 12893
6775 18528
4160 10135
15866 20724
2659 11638
10069 22099
5526 7000
2968 3284
6039 15298
11202 17641
2413 6607
14914 18821
6273 10662
6900 8975
3532 5431
4632 7270
2544 11457
9769 16932
8015 17866
944 15254
10143 22426
944 13265
6660 14597
1744 5262
15292 22955
4950 16934
6142 12224
5704 8032
2687 18009
1426 9942
2507 4516
1301 9358
6126 6368
192 6272
17744 18532
6701 22562
3148 12212
15415 15884
5617 20946
3945 14219
14128 23124
3482 15981
2132 20067
16526 17724
3404 7360
6762 20907
1482 8368
3370 3506
4409 10676
6038 6934
3249 11688
16090 17350
4850 5704
8660 17889
8299 8949
1448 10961
15111 19096
1325 3788
14229 21398
6069 10505
13403 15163
1279 14521
19748 19918
17202 17203
3988 6715
18089 18374
623 8115
5083 10552
3597 19095
21721 22437
11490 12338
9810 21561
16089 16095
7561 10195
2139 16818
9487 17851
569 11638
5177 7158
12121 15719
7385 15266
7245 15003
1683 20346
10791 15302
3563 9520
7279 11344
6874 11855
12587 14392
9415 15441
852 8856
4420 10652
1945 14283
4492 18145
12015 20006
5676 17777
11120 14893
1401 14392
14756 22426
15530 20440
1888 20530
4705 8973
2838 11992
18219 21965
15620 17531
10628 10718
6081 6872
778 20164
1940 14047
4566 21421
2180 5779
13667 22840
9195 13371
5658 11682
2027 7230
9385 20407
9574 18307
2727 9785
159 4994
12245 19684
281 13531
10105 13374
241 664
12994 22315
13997 14738
7627 16200
651 18541
8666 17980
5974 16775
12268 22065
15002 15688
9527 11950
11578 18652
9040 18371
893 4067
3288 4752
1517 20642
2303 16914
9171 19852
559 16079
5186 21061
9229 20647
480 5457
8569 21529
1278 19087
11230 12836
157 7638
2464 22996
10067 11129
18293 21518
15549 17892
2596 20649
3625 13933
10819 12299
5657 9926
1826 6813
12571 19176
6175 19165
1220 10100
9974 17657
4445 13990
1694 22530
1912 21960
3461 9598
2831 13890
16634 20588
5476 8224
11733 21972
1842 16875
8756 19918
2396 11578
3748 21094
11144 16619
14992 20558
664 3110
5457 11500
14529 22031
3875 8980
15808 22871
866 1517
6954 8704
15020 19840
7233 20639
2095 16606
7579 12031
10633 20867
19690 20502
3103 18714
15910 19715
11204 20786
5809 6790
15648 19014
814 7498
13128 13391
4350 15968
6659 16938
10449 20597
4313 18717
2102 2776
13129 23050
984 14611
2096 7651
1150 13975
2239 13612
6757 10205
8754 10199
1466 16846
2816 4306
2666 22401
7497 15651
2735 4372
4291 15650
1681 2459
10382 15425
15411 17374
7336 17986
9380 16089
10138 21523
16551 16733
878 4930
2588 8497
7691 21224
1944 12315
16645 16670
7710 13878
11603 18882
9321 18200
17444 19073
8474 18975
7503 11949
16000 18868
6746 7415
9054 21605
4848 10834
229 4342
3826 7266
4809 21292
15824 18937
17342 19871
3107 9740
464 4745
455 20642
10750 16766
1042 22529
737 19536
16728 21315
20957 21779
2057 5450
16651 19993
5324 20681
11927 16670
16704 22904
9231 20955
15622 23038
18187 19875
3795 12165
15162 15743
9331 20367
7577 16000
22405 23096
3345 22540
5197 16304
5043 22528
8364 19983
1262 7756
17196 18355
639 16536
6160 17889
915 9122
4984 22541
3565 12034
8975 20046
1375 11185
2651 16565
3590 7490
1800 12167
12979 18908
19893 21336
1920 22556
8248 11520
7421 7701
4167 11378
11276 13684
148 5173
5047 19197
12585 14394
3698 12648
3403 7619
6551 21322
3424 8454
1700 7465
11139 22675
4746 22541
6703 21344
10453 23092
9425 18515
6763 22584
3284 13527
20063 21563
867 16101
17862 19602
1150 4189
3306 20215
1901 11650
12898 19675
21875 22536
12131 12907
5944 7961
10321 18795
11653 14581
3181 20159
6484 22638
796 1924
589 2448
2766 17299
19022 22937
3178 6380
4173 10253
7658 21916
20746 21184
6010 15421
1516 17744
15335 15388
9323 19460
13647 18144
2266 20280
21070 21378
3388 16771
6232 6847
6443 19252
6356 14228
8370 10576
3896 20746
12210 12999
1079 22615
2507 7664
9060 9788
16408 19753
2418 7562
4615 14050
4212 5283
8115 9660
16250 19784
7261 8011
6159 13640
11756 12122
5457 23080
15000 18670
622 10516
2306 12958
2342 3084
11783 17999
4897 7577
452 13712
9776 21552
12891 13380
7348 8235
8832 22424
11638 14588
3024 10936
16714 19962
15177 15278
4615 20351
9117 13272
9623 22556
3126 16600
1836 15969
9154 16605
8598 20916
1279 4862
8206 19339
5600 16207
6951 16708
14201 20340
278 22336
8638 20380
5412 18494
1198 7168
7674 16808
4100 13431
13126 14253
17444 22785
10279 19860
10916 19851
2441 14150
734 17200
1631 6917
15784 17901
11800 12414
13647 14725
4260 8497
7996 12189
4028 15207
5509 8005
13098 15555
4311 12198
5937 15988
7232 20639
4838 14679
22226 23016
1903 15957
1854 9487
13212 22783
15648 18728
11794 14923
7426 18847
15678 20293
3849 16983
5614 14487
4796 7004
2668 7278
6490 16344
1286 17691
4811 4812
18608 19123
7828 22142
1815 14318
3057 21336
12031 13765
3816 15178
3551 7464
11650 14470
8982 20898
1502 13786
1202 2246
8413 9513
11462 12003
11961 13086
9596 9811
16202 19333
5736 8769
3200 21243
217 4548
4615 20835
4779 11863
11936 21108
10645 18991
2598 18725
13449 18232
21423 21814
6172 17546
7454 10460
1892 12037
3540 23011
6256 17285
15212 18875
2898 9326
6008 13098
10112 16134
14930 21625
1566 11259
4541 5704
2253 20577
7086 19563
6960 15057
13566 18943
11215 19073
3723 17524
12795 22546
2266 9019
11282 13245
3759 17880
11606 13086
5256 6556
2777 10199
519 3101
813 12108
12447 14860
11643 16092
14958 17056
5738 19506
12712 13274
2901 10577
9803 11199
10309 13730
6705 18420
7350 14469
8664 22478
16579 21663
13924 18530
14137 18555
10333 21536
19930 21496
851 11490
326 8833
3875 18388
14670 17174
18019 21341
19131 19459
3257 15238
7973 21346
2898 2995
9312 10236
12233 18067
10265 13682
734 18616
1649 9105
13615 15793
4192 9356
14689 17742
6957 14350
1411 11834
612 18601
19033 20738
3243 12092
8661 19241
2194 13163
7463 19889
4615 21513
5777 9467
10112 17972
6978 14283
7942 19364
7704 18042
542 20484
6003 19963
10451 14881
6565 15125
2615 11634
7796 11888
14969 15386
10582 12792
22 22579
4520 10916
6644 20112
2502 17919
11879 18991
8529 21365
12406 18673
10242 19526
3743 12011
3940 22542
5109 21173
17176 17392
4312 14710
13752 23116
813 12127
2163 20643
6847 21507
15789 19131
1279 17104
9706 22105
246 1309
15134 16048
6886 21075
13068 21935
8361 12048
1971 9828
13230 21363
9849 19374
382 2021
8645 9787
21007 21827
4952 22095
7588 10224
14656 21236
9927 10932
14632 21275
7118 17126
10218 11660
19008 22546
17884 18775
2937 20907
3858 18945
6961 12093
7562 13234
7851 15784
2284 18384
6934 13988
1487 14640
4409 15955
18985 22478
10515 21535
3111 3199
12461 22871
13815 17357
387 15236
3096 13182
1486 6065
11442 12156
17029 22432
2758 20574
5761 13619
1841 22907
5729 22541
7839 12429
991 19991
16592 22766
14597 15732
1053 4936
18645 23086
5539 16165
1890 16945
5806 12815
3455 6530
10869 20419
8476 22655
5131 18016
2774 22525
1486 8365
13080 16587
1566 18879
9137 21115
4588 17982
10121 20046
4387 14977
9225 14474
4929 16620
18042 21956
5283 19493
2488 3575
4069 7165
7264 17727
6931 14578
2745 3247
4171 20283
18654 21060
10245 11852
14252 22395
12379 12686
3761 9275
11646 20449
4583 15457
1977 13758
1339 10712
6951 21042
1133 18807
5963 13029
2478 12373
9008 22521
10094 14063
7273 21323
1713 2057
12666 20907
6876 12331
11670 15237
9849 17712
17999 21829
800 4683
768 10050
1756 2925
1482 19931
13440 18877
10368 14413
5104 10252
1145 20067
8803 19088
1946 18535
5245 16996
9536 9887
10663 22155
2332 12183
4681 21224
20037 22564
5375 12907
7290 9041
4487 13499
7473 13735
167 19364
5937 18901
8831 19333
1573 4615
4069 9708
67 815
11170 13808
5382 12524
11671 16572
3727 7107
4023 12114
16761 16861
20211 21644
2057 4889
9721 12731
13930 23011
7825 20152
18019 21271
14388 22323
10105 11709
5994 20873
3690 17624
12891 16930
15860 19379
243 15557
483 21937
9605 16592
6878 17319
2530 5310
823 2767
14398 20835
203 16526
6096 18207
5714 22181
11124 21353
5143 22406
13425 20298
5912 12309
4555 21960
3167 14038
5693 15813
402 14170
241 13952
10417 15522
9479 10982
13546 21899
3167 14906
275 4409
1566 6768
4956 9786
3551 14283
2246 7966
9332 16313
641 3350
5166 13885
6308 12261
181 7669
1546 15161
10858 18166
5743 18228
9213 12626
4386 16279
9129 18065
6688 7905
4197 5017
8051 14599
12487 18945
21970 22276
2359 12904
8764 22835
15429 22420
15650 21801
16092 16605
11925 12041
4254 6544
4195 13623
7827 8001
5609 15118
17233 17394
2942 18444
3182 16973
8669 20539
4746 15966
1882 22765
1085 6095
5155 6719
7866 18186
17073 19575
5338 15934
983 21948
5283 12013
1220 15236
14766 15540
4771 17280
11650 17531
11295 11650
2309 18163
4175 10662
6452 15648
1794 2394
4615 12408
7641 21205
977 19963
13876 14396
15016 17309
5710 19039
2490 22341
10098 11651
221 20855
496 18936
3176 4249
2779 20944
16944 20464
7580 17767
5449 15787
15559 19748
1860 3036
7775 13001
4842 19866
3844 12780
4391 13407
5382 9227
9497 16037
707 16236
1906 12223
18939 22128
1491 19951
1615 9010
12024 21786
18987 21722
5440 19376
12330 18990
18177 18347
7490 12331
1524 14004
3091 8677
2528 16960
13191 15934
7101 9217
17962 19502
19110 20919
3551 4390
15796 22467
3500 5294
2652 21249
11487 21000
2630 16565
3676 14341
9122 16443
12728 12744
10094 11638
15511 20027
20627 21716
9103 21786
2726 3961
3191 22814
1911 6265
12646 21968
1788 10134
15329 17015
10734 20939
455 1537
10098 14829
6906 9946
5555 9214
2315 7534
4615 5754
3293 13406
14712 15874
5551 5707
10158 19181
1172 15036
2668 12773
1901 10632
3940 7710
14843 15393
12959 18398
17889 18149
7928 17014
2577 21074
7497 11608
13174 20067
12475 17889
7869 13232
11003 17776
457 12125
12945 14726
301 1854
12375 12950
571 15091
1444 1520
1481 12790
11267 15711
1866 16729
18072 22483
173 19280
13787 23119
2331 14383
2554 12621
6473 9413
7675 12487
6738 7159
8037 14050
4453 9321
8709 12585
760 12432
2901 20797
1906 10255
289 12248
15240 22241
19283 20643
2567 16546
2796 8214
133 7403
10009 20950
1016 1104
17167 19601
7615 10942
9436 13200
19364 19933
20126 21625
9171 10100
768 15681
8446 15874
16605 19339
1971 5994
2216 17885
7710 10218
3380 22527
5928 9442
4709 22798
16689 19791
18275 19006
10187 19031
8002 8855
11027 14593
1372 21396
8804 8977
17149 19310
2769 9229
661 19513
1493 3309
6096 7301
3484 9290
6702 11108
3163 8801
668 11258
9404 19545
5099 17235
1083 2624
2329 13139
3505 22798
2352 13120
6505 15637
1963 3357
18349 21488
1932 14482
2358 18761
1567 20783
3484 19364
4223 6959
5729 13976
9656 21812
11927 19374
404 16619
728 6366
12024 13585
9569 22927
194 3869
10635 16048
11782 15479
10491 13952
11025 14940
1228 8387
9396 22717
12245 15079
12632 14470
16246 20666
3279 4116
502 12907
6054 17459
8661 13598
19423 22668
9033 17316
5921 7835
2595 8563
3163 4909
12121 19450
2266 14598
12489 16068
4475 22629
65 368
6701 8289
1971 9682
5204 18111
1106 17208
297 19423
5854 9056
9862 17217
11744 20664
4302 13493
9281 19860
6430 19359
21649 21696
2353 3617
6316 9936
12271 16635
10066 14733
618 3857
14590 15448
7002 8679
9480 11378
6325 14358
4950 18619
7034 19943
12106 15457
12898 18300
3315 20551
19671 21454
3507 16926
523 18082
4398 16609
910 3287
8812 11740
3747 3994
5152 11334
7426 10411
14757 21015
12952 13613
19349 20902
3092 21534
7104 19956
356 10377
10436 22833
3336 20266
7675 17315
934 22597
602 2251
3781 4237
9541 10105
5911 15511
1590 4523
3832 16046
11712 22805
2768 5275
2507 22163
12487 18190
10834 16339
15366 17802
10184 22927
5159 7657
2327 5197
10755 22581
20160 22541
12178 21200
703 6683
5689 7640
9978 18673
7354 15925
3900 22473
4780 13557
10544 21979
1622 8119
8729 18882
4093 17450
2769 15652
11904 20314
12146 23049
6494 6954
3467 12587
3417 6809
17014 20578
7577 13088
6112 7698
8459 9205
3866 10094
2425 3337
5431 19007
14376 14725
7629 13166
135 2532
21795 22556
359 22624
4398 15957
7428 13559
5818 16433
17246 22969
2702 6716
2446 19012
7049 19211
8026 22749
7622 12188
3076 17422
14066 19423
5062 20592
1513 8047
17911 22615
13230 20270
886 3922
11613 16560
5750 10736
8700 13027
5733 19566
382 15675
18933 19419
11471 15749
4724 8293
20208 22522
5083 14400
14414 16355
7918 17753
8007 14448
3281 4081
20002 22093
544 8055
10691 21147
9668 20920
1414 9816
9697 20956
4069 21551
7664 20797
621 13543
6672 11082
11234 21690
3350 5555
423 1098
2365 22848
4006 4285
4514 16155
3126 19567
5294 16945
5470 13491
8886 10560
1121 15970
5440 19807
16055 21314
5099 19086
