7218 18163
8629 11881
5750 8774
21903 22883
12806 13677
12699 14276
5146 10198
6865 15386
7467 7774
15143 23013
15338 19272
5232 20848
1405 10388
1902 17443
8474 11289
6718 21945
10636 11123
4920 15306
289 22537
17637 20389
2660 16278
12891 13372
15712 18162
5722 16990
17565 18546
14902 22768
8267 16615
9715 14392
6466 9716
7106 15509
1678 19105
6759 7303
12406 20062
7251 10087
10081 16510
18685 19465
4498 17952
260 11811
2404 19282
3683 13065
12397 14551
4182 16210
411 5529
1842 4431
12800 18915
18342 19176
11811 13583
18440 21187
11112 14870
6456 20168
11976 12042
1771 7897
2926 3168
2822 19647
735 7910
3349 10705
10650 22793
3291 6638
8957 16637
3633 10037
1245 11558
7455 12029
1055 5695
14091 22981
12507 18850
9936 21419
1714 13361
4156 13008
10008 17884
15130 16227
3864 8102
729 15624
7997 15410
4649 9204
749 3427
3729 6002
8588 17432
10573 15078
6303 9613
4315 6846
11585 12326
10228 23096
8061 15345
1572 8498
18043 19068
7361 15302
1459 10663
6846 10098
14511 20810
12871 21944
18410 21697
1278 10494
22107 22207
4699 12058
6090 12068
2553 20140
10156 15586
929 20987
13647 17111
10528 11598
4334 7227
3285 6619
13065 22955
1343 5281
8472 19112
13326 16166
2792 13180
600 4911
13850 18801
1845 10157
14098 20952
12203 16678
2653 12755
8000 18655
18803 20299
2622 14996
9039 18366
292 21534
8235 11608
21716 22432
20002 22708
7516 12126
4491 19431
2773 21794
4267 5127
10708 18053
6583 19225
7828 19381
11821 22455
1444 19593
10783 18739
1189 8457
634 4643
8950 12545
14196 16278
6789 10458
385 23117
14958 18782
6095 8233
3513 4501
8003 12046
15034 16647
369 23086
8065 10881
8657 14501
11873 19643
2203 13151
6437 10099
13497 14996
16868 22560
5989 6838
858 15965
4407 20603
12578 22412
1499 6722
1344 16334
9151 12160
1371 1648
9133 9539
2895 19847
14880 19019
4246 22071
15322 16886
14264 22530
10097 20603
4836 19526
2847 18299
468 8396
5553 8488
2784 17291
8878 20027
2685 20081
9315 17593
7005 12389
1514 11907
3546 6596
8801 17701
5492 15903
7337 17152
668 17317
21064 21836
14857 19517
8776 21341
2955 7771
1516 1573
1058 17128
5312 5367
3304 16366
11475 13127
21546 21843
10390 16708
12315 16965
8187 9936
571 15087
6701 14395
2925 10093
7451 10328
14048 22130
596 18990
6687 9690
10282 18056
5894 20771
21 2259
460 1709
7769 12265
14583 22167
19881 21943
4618 15506
2544 9290
1516 2568
698 17107
8501 8707
3779 22988
8040 11058
553 12674
1354 5509
6503 20449
5656 20522
12321 13639
16624 19323
6048 22779
3259 17681
8795 15444
10764 10899
4245 8594
1621 15323
4968 17163
12610 17386
3026 12723
4193 21146
6497 7704
4713 5525
9775 21547
1021 7671
1784 5184
4012 19627
12436 13504
11473 21765
664 4794
1288 17957
6157 12715
55 3785
9695 20840
11930 21022
13675 20154
3019 18029
18771 22100
4239 17196
20876 22380
11199 15422
1378 1402
13963 22670
14793 15185
8167 16265
10142 22421
6924 9296
15751 19525
11892 20279
11905 22425
7073 21947
2765 8025
2434 12159
362 8240
12263 23087
3898 11868
1136 21503
14589 21727
3422 10754
19105 21320
12110 19975
12103 14716
11980 17021
12261 16658
4489 10097
8696 21110
10872 21189
17707 21519
4773 7005
5775 15811
10251 19073
1900 4088
16681 20385
5028 22213
10765 10846
20061 20347
10269 18470
3909 16519
11066 14996
13573 19638
2265 11255
919 19877
7805 13357
4321 16482
11052 16584
2265 10332
5070 8745
16723 18144
1344 16665
4732 21945
4798 14807
3196 3522
4876 7887
249 5171
4289 17585
4027 6751
19724 23117
17207 19162
6524 11640
4621 11981
9216 19777
11956 15806
11625 22631
3549 22354
16615 17437
12214 14263
16145 19768
13978 17495
9018 15944
15114 19314
266 14428
277 1358
9392 13485
10765 11450
1542 14168
1877 17761
4840 6231
12973 16087
1840 22009
1781 18811
2792 20490
3737 21398
12682 19719
3389 10093
2463 16917
7346 21110
3609 9839
1501 16840
9695 12406
947 7420
3103 11853
8581 13681
5108 20414
6972 8769
8860 22150
6746 22278
6664 9463
3952 4804
13749 22186
5311 9187
4798 22936
10592 17200
2611 7214
8925 21054
6843 11696
16671 22198
10229 22317
21464 21635
18985 22309
16664 21862
6297 6667
12990 13732
5785 13532
8757 23021
7555 10480
2658 11102
5307 16906
3298 18232
12549 14503
14652 21617
2756 7055
10088 20469
630 9320
10941 17793
19490 20387
7308 21739
17585 18574
20227 22354
9606 12950
10648 20206
11320 13523
9018 16476
17867 22432
11030 21921
1499 5833
13387 15292
874 906
5238 22810
3725 16612
19723 20814
6106 18462
2845 5765
5959 22938
13868 14616
7547 15025
7086 10902
10097 20714
802 13740
8900 21352
8797 20931
10648 12624
4564 19842
2939 8944
12296 21242
9315 22682
2209 11102
14379 20169
11458 16803
11269 14070
349 4550
10183 13198
8554 11154
3102 10452
8828 14748
10080 19233
2277 9199
6831 20644
8963 16410
7532 20852
21407 22834
10239 22566
10645 21334
8309 10488
1668 17212
3715 16369
5742 21524
5551 18898
18486 20693
2096 4572
4613 18449
7408 7829
9318 16277
10558 19524
3143 14090
13563 18173
734 7877
12911 14856
20203 22517
8361 10246
5281 10806
3290 20676
7726 14675
13408 17762
4420 16600
17296 19815
5930 15600
16564 19377
16864 21336
14094 22104
8576 16956
18322 18982
9973 17652
13556 19409
5621 22410
12384 15578
19961 21655
17582 19562
281 7412
9247 12420
15383 21341
874 12503
9099 11665
20874 22708
14497 16884
3939 7462
7794 19278
21261 21642
11926 16369
13911 15430
1506 20091
5064 8099
18085 20356
8993 11798
9424 17457
10450 13102
2740 19029
19419 23054
9230 18460
9523 12582
7421 8710
12047 13996
11530 19958
10463 20212
15955 20572
6819 15728
13036 16479
6729 9925
7513 19589
3350 5252
1717 20691
1250 15830
3420 9993
1470 5528
10832 22624
1678 7709
6493 18180
13845 22793
9264 10608
10801 14003
4430 22564
8627 20963
15662 17673
1569 4855
2780 15044
15767 20724
5579 6966
20868 20869
14177 18845
3931 13885
15296 22009
912 8385
7409 11238
1716 4940
5574 14987
4127 7677
17459 20322
5812 8815
21911 22344
1029 8228
11266 11821
12698 19051
10641 21746
4445 15637
4313 13270
19550 20044
10111 16085
7604 21094
12944 21054
16659 20909
1682 20341
67 10414
2292 12911
9287 11264
14332 18838
7884 21170
65 14685
5044 7830
12233 22955
12428 18337
5775 22153
8509 14526
1729 13156
9784 11268
13571 15802
2759 21239
5322 15125
2679 6484
2393 2400
3075 15373
2393 3764
18614 22481
2265 22564
14368 16878
17871 23083
5229 6990
557 6106
15728 17108
2657 4150
5143 15262
8922 19779
14546 14870
7147 18222
11203 20781
3731 20160
11217 19756
8053 22610
5899 20074
1010 20030
6958 14641
10082 18582
2130 14858
13711 17549
217 8335
4723 14298
4989 10159
14566 20715
14878 17599
13824 15183
12432 19674
9239 11662
9737 10381
14110 18183
7609 13400
10279 20014
8533 16307
4982 15493
5899 14503
7661 17994
14220 16434
16109 18336
2767 10634
1812 4407
404 10793
14068 19036
11924 19452
8369 19931
1715 22747
13662 19089
5255 10887
2792 11376
10861 11365
1637 7089
2041 19039
17666 21449
8291 16758
7626 16426
8363 10104
8124 22061
737 3588
8473 11801
12335 21291
18997 22723
6778 13313
1493 16947
19430 22221
8791 12498
5823 14146
17214 22557
3788 19286
1939 7222
850 11489
12175 18109
5080 15467
12755 22344
549 19758
6095 14340
3071 17799
11921 18724
2367 4288
17549 21534
4982 5110
16557 17989
12099 22716
4389 4394
6482 19873
7287 11442
1700 16837
17834 17884
11642 14874
4665 18970
4613 5752
11451 16600
1176 22536
2901 21972
4857 18981
16091 19188
7388 8948
10415 10454
12406 13676
8000 12650
5482 17871
1097 15729
3538 19198
1362 7899
9132 20188
5615 16480
4054 12992
17844 18900
12870 16194
2837 16107
1338 22537
6617 15236
9346 9498
8967 21811
1458 5974
12977 16073
7937 15047
1114 20041
4291 7595
4649 22564
8532 11682
1304 15141
4729 15175
21510 21609
797 10826
5049 15231
11144 20335
21478 21870
1955 15996
4621 9870
4279 10675
1103 2529
12281 23089
6610 22787
9807 15644
19058 19871
4063 14898
17831 21415
4910 15581
3609 6174
3561 16502
6907 7548
5059 19868
20329 22553
7810 9956
10984 13081
2440 4136
8690 19236
14365 16429
3938 18621
9482 17333
1383 10178
816 13600
8929 9274
10446 17892
8926 20993
3464 19844
11298 15246
9992 16588
2774 5327
16414 23068
7759 15176
7528 9202
9059 12284
21445 22556
4620 9559
4849 14416
10616 11639
728 6365
1139 7894
6415 21511
1670 15811
5737 22100
10559 13245
2792 10599
5698 22086
5327 21056
508 22418
1492 19661
12619 16658
8923 21040
16012 18813
3633 13733
3049 16137
320 18634
7878 17523
5371 18554
6785 16099
2160 18870
12160 19815
10940 12165
15624 22553
8734 17491
5562 10649
1753 4617
8991 18267
1905 7015
5724 15444
6044 17470
17548 17729
11201 18223
2664 2777
3855 5608
1707 20140
9706 11926
17391 18619
12211 12381
3165 12896
7541 17927
4454 11644
12251 14258
13142 19832
21120 21951
1441 10573
12069 16260
2272 10097
17446 22709
10081 21716
16236 20232
14038 14763
15499 19560
1303 5325
7294 12479
12518 16009
4949 19457
13938 22833
6524 16516
10376 13967
20955 22381
5096 17108
5476 11582
6405 16371
3293 19303
10559 17792
18869 22605
17743 22113
601 4413
4589 8442
7823 19425
9761 16810
8183 18613
5457 12648
8111 8610
6508 21315
8962 12003
4967 20867
5007 10134
2083 5373
1809 3340
10884 14840
718 6271
13029 17972
21532 21543
1314 16602
10863 10865
10199 11175
4725 9454
4532 22945
2043 14290
9573 11633
15097 17158
7755 17917
1867 16569
2348 8922
22016 23029
3514 22090
742 1434
9509 18791
13244 19031
1425 17878
337 5006
12864 16656
4920 9809
4105 9315
870 19192
15975 21642
16466 18162
8594 19732
2608 21923
457 827
12255 20258
19805 21829
8611 19931
5349 18393
13358 20315
1081 17673
7170 15022
1198 7267
14706 17884
5919 12207
17594 22605
9648 11653
6157 8794
7217 20656
17210 19852
2856 16260
12272 13505
7471 12160
5745 21646
10806 22743
796 6101
11484 12924
289 1352
14305 14746
3105 14425
6305 8091
1516 17294
1316 22525
1198 20021
18201 22701
1699 17936
14261 19439
3065 7221
2733 20351
5672 20148
4833 18452
20062 22713
7917 10631
1630 9694
4084 7602
2619 22150
3517 13894
8601 8665
19489 20659
15521 16832
9331 14226
6000 11027
1135 9202
7141 15931
15088 20457
8142 16666
67 12914
2516 13125
6297 9563
13791 17967
2486 18870
19446 21254
1115 1117
1250 8884
3960 10421
9229 16585
20115 20293
3756 20279
263 3178
1913 16989
6510 12511
12780 20868
12557 17099
11604 15097
13240 19004
7337 14231
571 8638
8471 19563
11361 17507
12933 15355
8057 14766
3442 15508
7587 19000
1752 22786
7913 13228
6082 13740
9638 21387
882 12354
16555 19233
10572 10578
7805 17821
1389 11920
11639 18583
3085 11928
6242 11102
2219 17896
18845 23050
13245 15644
5251 15718
6068 11167
7943 14619
2051 10134
12505 14917
10903 16905
4740 5646
17787 21045
10981 16781
6004 21824
12364 14291
12598 17841
4351 21264
16361 20646
5505 22180
7756 10499
715 9008
7300 18723
1646 11484
11857 17978
2792 10080
10098 21124
11780 15475
990 12579
1017 12052
12167 16157
11875 13256
1744 9186
2895 11637
7965 14408
1787 13770
13309 14141
18386 23056
13291 13497
12771 20938
11500 13877
17165 22347
12928 19491
807 8383
1705 12161
1501 3273
1712 17722
1799 13449
6402 10689
9885 22865
3242 19347
229 21629
3075 22674
18268 18941
12449 19541
7451 18850
14038 15183
1787 10494
6212 16627
3685 12348
7972 15233
22026 23101
5674 12835
5982 19761
7753 17879
2229 3198
8530 17486
15893 17099
1163 12554
898 10043
14537 19980
6129 21385
5910 19600
420 2940
3709 7851
10634 18025
734 1852
1540 17403
12895 18037
7073 12388
10625 21770
16065 19113
3105 16540
13894 15967
760 6300
12549 18037
18657 19122
6422 11961
1718 19794
2922 3038
10644 19333
3663 6697
4158 19826
13446 21720
4634 21781
6169 21092
5122 6745
12188 18036
14662 16394
9439 19760
12305 22681
6040 16540
17744 19316
6044 20644
12903 17227
310 2420
7773 14133
5803 19077
9933 10051
155 14969
3677 18048
4210 12266
9216 11291
1374 12977
1320 4229
571 590
2685 19934
1572 14753
3418 15072
6978 9995
3062 11365
8830 18742
11264 16671
11461 16144
3475 5958
13105 13172
10107 10456
11853 17894
2819 9924
2506 9955
3885 16498
1351 19471
1962 10104
13823 20369
8214 14719
11867 13597
6350 18941
3618 19355
768 11333
5555 9177
11395 21890
2942 22593
19444 19472
7260 8010
12373 16362
16038 20229
7828 9616
4144 4558
7255 16417
7272 11543
5279 15443
18212 20713
4794 12950
6266 21408
14674 20382
166 21261
559 1482
4559 19282
14291 22403
5373 9936
10011 14003
11917 11951
1900 19427
3530 19934
5864 9901
1371 3016
4842 15668
3136 21913
13583 21232
4729 8768
15188 15494
17108 19628
7626 9084
19188 20552
19355 21848
5685 7641
252 9910
9382 13860
13583 23064
21972 22392
1567 15792
9054 10252
3842 12778
6276 10533
1027 22459
8496 18223
9363 15503
21592 21717
3946 5501
1915 17671
1412 7595
11070 13253
4173 20135
14001 14484
1767 13228
2188 3247
18475 22812
14772 20319
2792 10217
5242 12392
14595 20027
885 1197
3141 12869
5511 16976
2610 21880
173 19824
483 23069
2293 20373
2043 4558
11373 22432
5592 13875
2683 3022
5391 22800
18517 19122
1565 14475
14304 15174
2099 19696
6812 6819
1364 5080
5845 14387
20995 22536
18900 19253
1612 9075
3242 9443
10731 13505
16521 19368
2634 22283
5775 16210
3679 19640
8369 18267
6523 14232
10462 13885
11639 20854
1900 21123
2573 7409
148 7436
1374 16321
12487 16064
21 451
2271 12960
2162 3214
5114 13086
3145 22078
17711 20382
15456 21562
10872 16251
10997 15808
17954 19523
18829 22299
10128 13145
13753 18318
8054 11742
7181 11075
2760 9320
7561 12212
3846 13000
447 1271
6785 11759
2372 8434
6746 17526
9948 13524
12921 14503
9194 20852
11994 18033
4519 14170
4874 11389
6577 21493
6824 16360
13491 19563
5754 19783
5705 16282
1895 19863
5989 21128
10990 12875
4095 15264
4791 6693
596 4725
5476 12813
22557 22812
13930 20663
6297 17135
275 19503
11976 12992
3165 19571
9425 11724
9403 14712
2982 7960
9719 12214
337 7346
7300 9806
804 16033
8203 10880
6595 21076
5736 16289
8119 21284
606 18638
4800 22111
6776 15602
8907 16424
10367 12033
10097 14825
5055 23100
1821 13393
7856 13149
8995 14264
2459 4395
4169 4182
4613 14752
9440 21257
4735 8989
7016 12544
12788 22354
7946 16105
374 7900
12647 21092
13179 14948
17667 19818
13200 14295
12704 20902
6355 14005
7978 20020
2898 10576
9142 21696
7037 12960
6955 15255
12436 15493
457 7591
729 1728
15624 19317
14474 16653
12445 16485
5149 17574
11168 14733
2882 2892
9389 18860
6891 13883
16397 18869
10559 21620
8923 18440
2088 6693
5301 22739
657 9039
946 22130
901 16344
2943 12160
1804 4564
4594 19138
2368 12766
15483 20062
18151 19347
14363 19866
12246 15970
11192 12522
6973 14541
6152 7620
8720 22545
11232 19760
6637 20868
6085 21648
6258 23032
12343 17009
9811 21536
11961 19256
4236 16013
7753 22759
19036 21849
1438 21741
5557 19122
9457 21951
1113 19496
4886 6471
4022 9895
5109 15406
8122 13789
1116 11640
6792 16792
5679 17924
8767 20094
6693 11187
2169 2446
17317 21746
8395 12827
2960 9612
7672 13084
1582 14985
9157 9183
2777 14893
12522 15277
2548 3888
1469 11089
11639 18014
7709 20291
7502 13380
15304 22199
4970 15218
21589 22723
7073 17695
11029 13385
10064 22442
11897 22875
5943 19240
8557 9528
17083 21190
1752 21945
7508 22853
11711 22998
10081 17814
11091 14160
2848 10559
7595 18442
3525 17129
7809 7899
13998 14472
4552 12583
16144 20221
10015 12669
5992 16077
223 10868
18633 20741
4354 6617
4982 9286
6259 6350
19685 20497
3103 15810
12925 21172
3304 7106
4501 17779
5456 7464
11644 14696
587 7543
1799 12585
2503 2721
9687 12522
2241 13507
5098 7396
1719 10517
6881 11143
9133 11649
2598 21017
10043 15169
7624 19575
9438 10767
4223 7788
9623 21111
6560 17584
12485 18185
9501 22418
4947 12136
12322 21873
22015 22805
3588 11930
12937 17240
9205 14484
8830 11486
12360 22471
5010 22521
1469 4981
4173 11204
9141 12813
4611 5598
6924 17850
6937 11745
4013 10874
10209 18323
15008 19520
2587 15384
4299 10274
8855 10521
2993 4259
8211 16086
2363 15718
14174 19517
17439 18043
2961 21350
3609 17149
1647 20096
2987 21317
1032 8395
2895 4315
18207 20092
17792 19267
3836 11202
7553 8707
6852 10688
1516 3832
9261 14752
5568 6662
2059 8146
2335 17226
204 14086
19370 20165
10195 13253
1702 18495
483 3848
2630 8024
15674 20288
7131 9081
14356 21110
6691 7189
14859 17878
2299 22374
10082 18889
18123 20664
2095 4874
5587 6493
10205 12536
4564 22844
13309 13948
19526 20850
2673 4307
4576 10751
2334 10915
7794 20792
12501 19969
7020 11901
9973 18148
135 12937
6476 7405
10483 15644
19686 22977
3315 9272
16872 18310
6898 11194
2897 15926
6094 15631
4778 8976
14524 21127
14996 16922
12210 16559
17053 23025
15753 18313
3021 18733
1109 17568
11484 15785
5238 5416
2867 12813
1919 12374
13499 14996
10274 16202
5478 10125
2784 9160
7805 12807
10681 11917
5465 10944
2587 21129
2794 13802
3549 12583
17098 17630
443 18794
9839 18028
8163 19394
2943 18379
2925 9379
16600 20252
7533 8028
14753 22536
2493 3103
15717 23109
14772 19925
2769 19834
10500 17528
1081 21862
2401 17454
8585 21747
11610 18358
5354 21185
11529 11872
12117 15962
10929 18161
14372 17900
11873 17454
13670 19618
8124 20447
16564 20956
6441 21582
12284 13086
10932 21831
2895 11919
1565 13682
1738 20197
8951 11429
2540 7130
6933 17356
6958 22727
8929 13041
12950 17832
8554 22433
5522 15689
2645 19700
19702 19888
9431 9574
7300 7421
6928 17517
6725 13895
9434 11955
621 17796
15001 21025
20203 20349
17108 23053
11489 11930
337 6800
3957 19460
6493 8233
2365 4713
2716 14989
6094 6875
2245 19036
918 2514
8091 16531
18847 20492
14055 15725
17884 22557
7666 14895
2116 16731
3514 13783
9601 14524
12629 19660
2586 21849
9628 12022
9695 20121
18165 21808
6754 12660
4598 17793
3768 16024
12527 16369
39 897
16727 17451
13577 21913
996 14751
1490 8369
639 8016
7755 13574
8865 16977
10828 21708
3886 7522
12454 16365
7650 12948
6693 20494
4961 8288
695 6873
15180 19036
7937 11675
4617 22727
13004 22697
5553 20396
3489 20497
14221 18956
944 9302
796 4696
3647 12807
3397 9047
9856 17823
8267 16549
2472 6487
7941 19360
3427 21317
12257 19176
2775 6256
626 2367
2305 9303
9032 23076
8434 17664
8623 10550
15273 16600
7437 20393
2938 20845
2265 15829
3751 11139
9951 12194
2553 7018
15811 16819
15288 16047
10303 16282
951 2845
3876 14374
17994 20664
11421 17005
7885 18161
1409 12744
14855 18530
846 15415
295 4352
13610 16032
6973 10629
376 16628
12150 21418
5022 22588
19176 21021
20753 21723
2907 21578
6865 13318
11665 13745
4210 8562
16267 16460
10113 17414
21678 22557
13124 18913
3444 4564
6296 12692
8506 16317
5383 17005
4443 22217
7281 18612
8378 21242
4538 22678
19105 20945
4578 7748
14528 16073
2446 12605
1144 15184
11686 17785
4952 16857
7168 14459
14339 22265
9225 15236
16073 18330
3207 3500
5305 17352
11962 14211
11886 15451
17977 21825
6535 15094
904 6831
820 12754
10475 15423
3496 8987
1125 18493
1525 16860
3305 4768
6210 12843
6958 20486
3549 22574
11143 15013
4713 17213
5447 18845
5553 7698
15713 18873
16505 17861
2602 3651
7353 12269
8266 14410
2915 6800
11654 12070
7729 20724
1625 7380
12036 20913
729 12449
6678 16354
2561 19677
2859 6807
11605 11638
13228 14786
2118 15873
14124 20862
18357 19443
14093 17432
10153 16265
11853 23101
4743 19818
10917 18991
6545 8955
12500 16424
8631 20184
948 20346
305 966
6693 18788
9770 14661
8057 14391
10301 15525
13558 17586
7186 16878
9039 14352
4537 19493
19126 22354
18986 21758
10232 15680
9688 17446
3082 8453
9290 10535
5441 7092
192 13262
7048 17539
3557 11821
10586 19271
1026 12335
10101 11956
1542 4994
10904 13789
12485 16256
12500 12959
1732 17356
5823 5894
6767 21503
6192 8363
1957 7878
8528 21360
13081 16073
12411 18778
1841 5987
11491 18026
15857 21436
8839 20052
2333 4518
3329 17852
10909 14152
5406 8022
9235 19394
6171 21960
6157 9358
6825 17273
2716 9225
3489 10976
4351 14561
7121 19112
15972 23094
4622 9404
728 21392
8039 16665
283 1216
2512 23070
12245 23086
3418 14638
9589 14424
3279 19779
6071 12583
4651 12801
11612 12707
4570 4958
7145 20631
10518 20085
2278 18431
16600 22406
15735 18880
2896 16356
14524 14674
8990 18706
328 19548
15547 16214
1581 6012
1205 1486
10628 19753
5113 7463
10631 11058
8707 18985
9600 14724
5080 19928
1662 17212
8002 16803
6369 18406
467 811
7533 13567
13016 16278
9488 20187
5173 8680
2755 19359
5149 5383
13046 17925
15238 15722
2880 10111
12332 15694
14697 17565
4101 22837
457 10232
8976 15701
6875 10630
5955 13754
457 653
15443 16600
6756 10204
7817 16715
16195 22020
12710 12713
2487 22481
11920 18608
2239 13936
4572 8669
250 21242
1232 23120
3831 9084
3142 14246
12707 20868
5336 8817
14877 16620
10163 19144
7476 15189
3881 16228
1074 22019
4937 9973
241 5465
4982 10552
2794 16231
9423 17155
5476 7333
3017 10313
14833 22678
4889 9152
4334 16289
10088 22051
202 5142
2935 16163
9739 12521
461 6656
9908 14024
12528 13142
14269 19004
4876 14450
13684 18967
3484 3564
6875 13243
2898 11642
2765 10396
6705 21644
4387 5329
1761 14068
3702 4433
1495 1574
13505 22596
14136 19949
8099 22026
10024 10104
6454 11957
1955 3830
6375 12068
1456 18229
1400 14389
7166 15989
13335 16302
15423 22553
7377 11434
3946 5438
20765 23008
292 10723
18003 18231
455 9539
16107 22217
4171 7602
11639 13907
11391 22785
1350 7039
7660 16665
9609 19036
10964 20535
6465 13995
705 15869
1394 11324
3626 21727
11597 15296
5242 12475
7040 12057
332 20795
9357 16665
11146 18969
13081 14210
4511 19503
16073 18495
7543 22962
8106 19787
15537 22645
7167 12821
2198 7141
5116 15547
17101 20641
15802 19832
6771 7877
3035 15309
12950 16702
7537 7831
2092 8267
18469 20693
14772 19377
5128 13372
5494 15828
11215 17955
12188 14340
398 19232
2214 4333
8830 18377
12852 18600
2081 10578
1572 4713
1465 18025
11947 18679
5616 9396
13883 17466
19555 20409
1845 20384
5656 23072
2067 21935
13674 18845
5168 8846
1713 3784
16483 22227
10068 13251
4210 12258
3830 19823
1919 12263
1499 3847
6656 21482
1477 3747
9253 9720
17656 18748
15541 17353
4817 20532
6405 12124
18226 19466
7353 22222
9848 22137
3153 4677
2094 2944
6087 7928
916 9432
827 4219
3909 17098
12959 16160
7148 17753
8475 14200
6118 22379
170 13527
9960 10892
12488 14837
6420 19976
15278 21800
7489 12188
13645 19731
14350 17456
7213 17551
9860 11630
1402 21449
6987 20723
10367 11677
16055 18431
14391 18750
8718 17864
10367 14973
4744 11426
8868 22771
22432 22537
8288 15780
2220 11471
5665 12011
13844 22036
885 11906
21988 23033
10807 19753
8051 11740
5727 10785
4837 19260
2438 7840
6846 10451
20633 22596
10251 19942
9786 22688
10528 13795
10153 16681
9064 20494
13159 18517
7595 20573
1855 15410
15503 22229
8032 20228
1651 17212
10043 21563
2730 2992
20681 22327
6556 7996
4096 16615
8953 21507
16727 17935
4095 11143
2020 7330
3574 3901
1680 9602
5797 22045
4174 7398
283 12428
5077 16665
5393 13294
14201 15679
3108 19078
246 8977
1693 22968
4686 16889
3233 16927
15296 18759
6299 17411
11898 17701
4725 10452
4961 11873
1448 5785
7751 12512
14653 18735
18760 18991
1872 13988
5911 6437
5146 8498
147 16857
8694 11686
19399 22758
2938 20378
17181 17443
9093 10183
10506 15938
21187 23025
5329 9020
1485 4989
19847 21305
2507 16073
17872 18991
3655 6630
4564 12367
3667 21682
11357 21519
15728 18473
861 8435
22009 22902
7648 12644
4956 17114
5157 16600
3188 22809
6159 15326
8555 21544
4473 10832
17729 22537
1177 14201
9351 19377
13120 19347
6735 14697
1402 5476
9192 10280
5303 19786
1799 15373
600 15098
9231 13404
9188 12371
77 15035
4552 16610
2371 14989
14176 15086
1581 17936
4437 9320
9409 22156
7359 20150
4922 8131
7316 16450
9707 15354
90 19514
1747 8949
14210 21169
7647 21236
15105 19374
6963 11630
5989 7489
12924 15998
12485 17310
494 3075
2263 6038
83 6290
12172 21334
11531 19367
16231 23064
362 5453
3876 10684
4193 9959
598 15930
3093 13461
11519 19240
4109 9091
16901 17451
5922 11364
10212 10490
1495 10098
2873 10917
12687 14332
13025 18949
5702 17960
15867 16671
10111 21862
5320 17327
333 4982
6807 6811
6994 20729
4239 4429
3242 13689
2564 13086
15089 23106
14985 19759
6053 13877
7162 17988
17340 18871
401 22573
277 19250
10796 15742
11351 11709
4253 23066
4396 20603
5042 21607
1853 12835
9320 22630
5457 9706
9823 12592
3389 8929
7545 11821
4018 22114
14348 14549
7864 9099
18135 21890
11758 20237
17098 19550
5628 20108
5344 14275
4685 14799
2765 8408
10991 12352
3483 18944
1922 7938
20071 21565
7313 12112
8572 14371
14753 20659
5759 22380
4876 22207
2193 13504
10215 17896
14382 18042
5281 18323
14946 20661
16234 20850
1420 12677
6573 21814
15233 20447
8720 16940
9194 17327
10471 21505
15043 22536
228 10762
17005 17228
894 14715
3943 13067
1833 15891
19704 22325
15438 19815
5521 16765
13465 21088
9448 13580
3924 13405
13823 22780
7464 12011
18041 19498
7589 21972
10081 13147
10826 22709
15441 17514
616 9018
10626 18589
14199 21843
5455 11499
11295 21996
7645 18012
8873 19775
8182 19535
980 20019
2743 14300
5947 21667
1224 8367
8616 14038
3511 16537
1827 1862
2033 6355
5858 22852
6700 8795
6575 7799
36 9920
3712 12393
7595 15671
13585 22269
1540 15707
10761 22782
22872 22876
4840 5344
9559 18297
7614 10941
2612 3274
11750 17726
9538 17231
9873 9936
6157 21839
9498 15310
8515 22137
3723 10833
1697 7417
9243 19105
5350 8158
5667 6496
7062 10915
11649 12895
9290 16086
9541 14935
3074 12051
11950 22976
1022 8080
14805 22226
8271 15364
2454 18795
6225 17565
11931 15983
14033 19034
11859 18949
13885 14364
9965 14212
5603 23121
806 4021
5201 9667
3724 16359
5911 18223
11920 13105
1443 1905
19058 21976
21010 22536
13577 22983
12978 21320
455 4216
2095 12373
3609 15123
5854 10026
13031 13189
1210 7524
4104 16893
13192 17261
20578 21695
2284 2974
4940 13813
316 16207
14232 21949
1319 19852
16778 22142
8644 9786
1795 13015
13428 13702
21546 22354
1374 11092
10527 15871
6306 11005
9688 22709
2982 4001
14608 19671
13996 22154
16560 20280
13060 13353
14298 15497
16399 19419
15395 19782
14064 19419
5487 22108
4358 14366
11382 13773
6789 15775
4013 20482
856 16792
7741 10881
13598 15891
8844 13859
9202 16993
9958 15547
8804 9090
4482 16973
7462 18471
15029 18188
944 11628
13339 13467
1235 21172
8289 8944
2641 14653
3593 22231
11730 22291
3146 4747
5629 15921
13751 16301
12544 13092
7795 20091
3569 8849
10865 18630
12406 22536
14587 15444
6487 19358
3100 18709
11697 21242
8822 10675
9207 12307
5285 13820
5909 13237
3725 7772
9771 18070
5229 8962
13702 22300
8267 17225
6577 11997
22432 22538
2895 16600
3828 6534
6805 17982
6644 10414
18045 20573
6720 18634
18313 20868
387 10599
6052 15013
2061 23117
1576 2661
99 17522
6738 9670
7753 19173
12011 21693
7119 11305
940 9552
1726 13931
9207 9550
8113 16208
6176 6808
5733 22537
8878 11919
3410 3697
493 21350
2603 14898
2760 8624
3414 14066
8795 12583
2628 16560
9566 10223
1819 19561
7384 19555
19870 20454
5269 5436
9022 15365
19554 21650
11309 21315
4940 5128
10944 22026
800 11230
1799 4136
14895 15798
7502 11947
2938 5257
7457 20663
1153 13278
586 20772
4301 13785
30 16278
3457 4781
14510 21484
589 15410
7989 20206
12373 16344
7772 7774
8427 20729
14295 21508
11102 11350
4399 22693
3957 8795
14325 19958
2493 14482
10416 18613
12188 17225
3021 14412
4673 10448
1986 16927
16044 17549
14791 22378
1302 8111
4171 19884
2541 22584
8768 14587
1678 22113
8696 22221
1209 3697
5182 18415
17443 20135
9531 17466
7994 23100
2690 3078
10233 17394
4211 18121
7516 21054
11930 17121
8874 15245
10941 15082
3615 11476
8152 12085
3178 19377
8002 19291
4911 20581
12145 19815
9809 21556
14232 16399
1666 6559
9569 15467
4784 20438
8531 10519
3415 12977
2765 20152
1264 10846
10865 18967
1707 19395
10339 18086
10541 22425
7663 17718
16857 21101
1499 11928
4909 12107
6157 10546
10057 18322
2560 3047
8865 14365
6954 8995
288 20341
21207 21840
3212 5874
3785 15225
10081 22537
135 15542
9384 18187
12353 14951
7607 21936
8266 22536
13478 22221
2682 9157
5681 8447
12895 14749
6995 10217
6232 21564
1566 13723
12164 18197
7104 21339
9220 22165
15798 23113
14130 20718
2474 2823
8627 14332
94 19342
4430 11930
11838 12192
6231 12485
4808 16530
3411 15046
4810 11780
7965 17729
20497 22425
1447 10563
7660 9783
4027 10577
7232 20543
2328 6559
10801 15552
14768 21348
15460 18270
9509 11249
1732 9886
3164 3214
4649 10490
7252 23101
10552 19641
9770 13998
8767 12895
4623 18376
9712 21159
13442 17417
5744 15240
16180 19029
70 13718
5616 7767
9091 11246
9023 16417
8508 10981
9304 17660
5742 13243
10780 14036
1046 17008
276 7723
3800 17557
9362 12735
3495 19923
14055 22536
13925 21110
1485 12411
7037 8816
3089 11853
17723 22778
11649 12329
17655 20868
6328 14933
3609 10868
7997 15038
5779 18566
13877 15650
15493 22536
16096 21243
6845 22053
10111 19188
11904 12112
5141 17116
2479 5654
4592 5977
17915 19771
11827 19123
1977 5592
9200 9648
737 13669
1279 22557
16861 17175
20649 21257
11587 15377
5607 11930
12896 14989
2187 3864
6182 15895
14149 15449
3812 21473
12696 15567
7596 9249
17327 20165
14547 21052
1400 21285
281 13529
9623 12188
990 2109
4655 10758
15491 17660
11900 13066
2884 18471
13661 19615
9695 13557
13864 16244
2849 7390
4841 10911
10541 16593
10137 13441
11780 22760
3096 21043
798 16931
7453 12315
16222 19795
6036 7532
17177 21556
19555 22880
8765 10215
4564 16601
12001 20221
13734 20868
12183 19126
4274 13583
11138 19954
18185 18400
10270 15016
285 3292
13655 17879
12999 18110
14514 15130
13509 20335
16061 18456
7159 8919
18503 22523
5157 6811
10137 20503
12362 20089
8002 13161
13999 14573
1224 4947
12321 17948
1819 11321
238 15763
8976 11821
4501 7379
9121 11652
16521 19451
12749 17881
8516 18585
1814 13608
1208 9809
14199 22579
16073 19589
2839 8652
12101 12473
5975 14470
5281 5476
10675 21951
4324 5579
13459 16928
6575 16585
2996 13472
12813 13372
1469 15102
2131 6617
2596 17135
657 1447
14269 14967
2765 4839
1483 18014
13770 16600
11577 15382
7272 16945
7754 17729
14778 15662
1562 10104
19667 20618
16756 16856
2498 10235
6218 8972
6686 13515
11283 20795
8707 19601
21349 21583
1870 6174
10488 21515
18063 22355
10008 17214
54 23069
4714 21109
4251 15377
4307 14410
8219 10631
11826 23031
14985 15893
289 1492
2999 9022
2775 15534
65 11377
15697 20557
12557 15125
3690 11080
3145 16559
19851 22376
16000 17476
10829 22771
9710 9809
1021 16640
12245 18769
7927 19338
1279 5594
1449 21242
4617 17964
6829 8955
976 19958
12681 20687
6498 8946
5812 22198
2101 16485
477 5367
1784 18051
21418 21809
12628 17861
5146 20035
5536 8922
640 11333
19898 20636
3384 6524
8475 17872
1490 18630
7416 8881
7567 18752
9563 11270
502 4420
17219 20843
3021 22232
10094 16086
364 18327
1426 18086
14976 14983
7093 18941
3908 12318
1572 5727
5102 13142
1230 8397
2963 22866
9384 11913
12950 14124
17511 20255
1767 20265
5147 18560
12648 16119
8696 16270
7839 13884
9213 12977
3992 10080
1601 14580
9652 10631
18894 21311
18076 19647
10759 21311
9227 19067
1318 19574
13670 18298
4905 5004
2457 4101
7148 15016
2507 19958
8514 8594
6984 7198
8747 9731
12577 22795
11222 17158
12589 22638
16073 23097
7520 7554
4451 10806
2547 6346
11732 15889
17751 18342
5723 21534
2913 14724
3151 11306
9207 16195
3282 11649
8707 18589
449 17444
2792 5951
634 1403
752 15443
2978 15277
2869 13454
82 12181
2228 12013
17029 17222
2374 12937
11646 20280
1104 19892
2538 14012
4527 11072
16662 17393
17375 22798
10521 19384
4778 5894
14909 18769
5039 21955
4559 18598
3175 17066
6604 16278
1647 1988
3026 5336
8795 21576
9386 19958
19743 19913
17787 17931
4132 4537
1006 1512
1120 1234
2766 11986
8140 11529
889 19323
182 6652
4456 16166
3242 19234
173 10089
11936 17034
9539 10098
494 14849
8935 12015
9054 15136
6100 10977
7653 12549
11518 14336
4159 21686
17292 19550
11264 14208
3995 18756
7535 17009
12256 16653
14826 16140
17431 18751
3936 14682
1539 7709
2346 17296
9844 20085
6800 12411
16565 20894
1237 21887
6221 22325
5040 17957
12536 20206
5885 20782
576 9136
7626 20869
13824 15009
8031 14550
7444 10623
997 10418
5344 8089
188 6836
883 17338
3904 19694
2011 3138
109 9190
11202 16560
2862 13749
17927 18845
6466 10954
6796 9695
14653 22147
8701 14449
14467 17221
5327 10111
2653 5281
9410 19348
7850 22997
13123 19917
850 7489
17478 22636
3957 6354
18875 22026
1431 22838
6711 18357
392 11883
10369 16582
3609 13170
10735 14107
14218 21985
8023 17457
15728 19628
1381 5149
10645 12172
5984 13791
4519 21960
19892 20035
4519 9160
10632 11168
21508 21519
1376 12399
3491 18980
8124 12258
10658 18424
3574 20339
21829 22802
17537 19706
12829 17129
16943 22800
13658 14820
6094 11636
4553 21675
15035 22301
16759 22862
12485 16091
5311 15969
5594 9007
1799 13239
6556 11120
9445 12636
1889 19278
1198 5793
14064 15721
4125 12261
4067 8025
7468 12045
1989 22619
8054 22736
6090 14973
16633 18045
302 8995
632 21518
7451 10172
9658 10080
5420 15811
8203 13728
4171 6553
7086 15309
16600 19398
19317 20178
175 9245
7498 12754
9815 21255
3291 14817
5973 21930
475 10817
1968 5442
8754 16803
9331 12522
1635 16078
16160 19288
5234 6485
12993 16012
10517 14924
11876 22875
11621 20075
13645 17751
8834 21704
12188 19441
10080 16373
8703 12330
3116 15684
4281 7213
8972 17452
571 19008
8989 13080
313 13447
2292 8022
14959 21685
3188 3341
12682 18630
14108 22833
4611 6552
971 15530
19925 20035
3989 14996
20197 20790
14281 14893
75 21807
4442 12868
9083 14134
2245 4849
1482 1574
2898 11639
17154 22471
3215 17989
5368 20143
1591 6426
1121 7121
8808 19427
11190 17180
1514 14726
1753 6095
4848 7657
13084 22408
21825 22522
7662 13057
7246 19042
4806 7346
9076 16203
5344 15071
718 21576
13226 17163
126 16795
10865 17431
19920 21392
18513 18628
8213 10761
12136 18780
5107 15102
2504 6808
9766 16645
5853 21239
14391 15240
19441 19496
16736 17994
11590 20042
235 16492
14989 18991
12103 17144
9868 16665
2457 14089
45 14660
5830 13161
7653 12445
19358 19389
6074 21244
14665 22814
13344 21821
14048 15174
4861 9077
5052 21946
9295 13906
9473 20081
10806 14395
11792 21044
5322 16439
3085 16410
1492 13740
8396 20676
2796 10270
1516 21255
902 6074
8913 18073
3623 14929
9039 11431
4409 12811
18626 20450
277 1129
10088 18043
5476 12755
2353 6355
20698 21562
1868 4301
3274 20210
6718 15699
15915 22473
4767 22016
6321 8395
16937 18838
14439 19065
963 2404
665 10765
3505 17349
4385 14973
4476 11881
10737 15306
5276 17583
11267 19282
3957 17454
1234 14989
13198 22432
6419 20882
3726 12432
900 10035
19839 20493
19031 19783
7976 13446
14393 20488
1847 4261
5559 22186
7390 15893
17565 17648
7972 20644
413 4035
8594 22762
4729 16241
6687 7248
8057 12583
1582 8679
10117 12583
15893 22300
5458 11634
6035 8637
3283 11981
8599 21200
6151 22186
3938 17846
10912 14616
4564 14374
10404 14668
5349 17087
4315 9582
10232 14888
9022 17211
1921 5350
8542 22176
11747 13050
17307 21983
17515 19581
2474 5087
1352 2506
9613 18467
11462 14048
8802 12408
67 9999
53 15210
8744 15347
14874 15022
1023 3936
7790 17881
12406 13876
3807 4886
12502 17460
20235 20713
2482 22793
4087 16926
7998 22425
21825 22537
9381 22719
6103 8074
6370 21269
19983 22440
14485 15787
6633 15417
4800 16542
14410 15364
1643 12170
1022 11909
10722 15123
8827 22557
6563 7595
8639 14314
15630 22536
7916 8544
723 1115
4026 12510
1568 14467
7489 13645
6899 11512
5146 7516
1482 1514
12987 13526
6212 19786
11696 16362
9551 21568
17526 19888
165 12165
1024 2897
461 1127
6877 21040
12436 18702
3173 22478
2176 18019
16037 16744
2174 9194
3219 11891
6457 6755
20365 21530
10724 12988
13159 22078
11024 11488
17927 22201
444 19986
3881 20409
11492 18480
2739 14560
13049 18907
4310 22129
5974 16403
13600 14923
15379 16416
3394 19851
36 4439
10681 12535
673 11742
8919 14700
3911 14655
9006 15652
9933 20959
13480 19725
4662 21837
17478 19699
9097 9646
14551 20312
3902 5790
13105 22458
6245 13046
5275 22813
4480 21454
13931 21220
11484 13883
7390 21955
477 7140
17880 19154
6520 7037
14473 15893
17800 18442
529 6442
2102 4953
14068 16044
1565 17861
13149 16575
6354 20806
16505 18991
12920 20288
4235 13708
12214 22982
18567 22951
9561 9624
10142 15192
9529 20211
6594 8154
5105 13879
10592 11041
16373 22793
13573 20179
4013 11705
2836 3710
6758 21608
14048 19024
9270 16058
18439 22280
12029 12933
6755 18225
6159 19234
7595 17528
4017 13437
5080 7769
11799 12512
11 8341
7810 12297
7805 17327
9516 20266
8106 20747
8087 11808
1764 12280
9756 16983
94 2950
11102 22917
10985 15255
6350 19127
17872 18355
8515 10107
9330 9756
2777 8310
1900 10552
5344 14220
9262 16697
5992 10411
4428 12327
14015 14703
10098 11649
6230 14802
9108 17880
2862 11547
14644 22553
4012 12196
10541 20497
2760 15579
8025 13105
4849 9497
7734 12473
12959 17116
288 1680
10754 22470
2808 7416
8388 9991
10377 12804
18351 22509
12866 13825
807 10573
3838 12188
937 15069
6101 7301
4724 6157
4149 8216
5522 13082
8048 19096
6158 6695
10694 16483
8050 8795
1154 1562
792 14521
10217 20644
10150 20566
10915 22630
10666 11674
4123 13398
17269 17371
4402 19813
4773 12906
7181 12682
6128 9336
3056 5567
14214 21373
948 14048
9483 11867
6058 19176
13339 21426
5304 5336
232 2863
438 8030
11214 12527
4725 12574
194 6094
5177 21107
11642 17715
8468 15016
20877 22276
3065 5344
17847 20317
13152 16107
15503 21514
429 6263
3538 19073
848 4340
11633 20623
10916 13457
13869 18377
750 15845
11448 21687
5406 21187
13182 21455
2008 16875
5360 16957
1572 10198
8062 10030
15833 17896
15976 18167
5225 16890
3157 20374
1669 3042
3309 19773
6311 20644
9317 9862
6890 7429
3943 5762
14670 20062
2102 7632
8908 19425
1318 6435
4130 4558
2742 22282
6665 14482
9412 10104
11408 22500
1332 18626
1814 11440
21140 22092
3453 12522
7967 22449
4716 18760
1176 21480
5095 13828
18184 19198
6702 21339
7275 16711
17734 18142
8002 11286
8612 14749
14536 17804
11753 12163
14827 20742
8097 19786
1573 11910
3175 14330
3500 18333
11644 20150
18057 19529
1812 21332
1981 18569
1919 9213
3834 23113
1889 7794
13098 14894
18641 21785
5025 9225
5920 19192
10420 18986
6071 19997
11391 15659
2765 4823
2777 10350
576 3573
9990 11908
12741 16449
10650 16858
17336 20879
16708 21037
3121 10474
8283 8286
17413 20581
5476 17427
636 6175
1949 1969
7421 13711
10319 13865
2171 21356
944 12673
8909 16262
3186 22331
10452 22424
2794 12882
391 22727
4947 6259
391 11428
2907 21546
3500 13159
5525 14989
2796 15264
6610 15688
3733 13905
19666 20071
254 15715
8403 17810
5251 6544
14845 20041
5044 17252
16533 22347
944 2097
1888 13167
1472 16423
5556 5990
1117 17346
990 14336
1174 22064
9324 14318
1881 4005
1048 5184
5170 23117
7207 14490
8446 20266
10731 18471
5612 14001
3202 10324
288 2265
6581 12891
1539 21120
17729 22779
9524 15974
19761 21110
6049 7272
2906 4390
2775 3936
5782 11612
15918 18260
6528 19921
2847 3084
4173 6687
7704 12626
5025 12407
8667 14052
15079 17357
1237 15342
1040 9539
10033 22567
4582 19832
6038 8288
9389 12258
7308 19040
959 8612
3656 11467
3131 22020
919 7327
768 5488
4704 7466
7085 17863
542 16847
14122 17954
6618 10428
639 16531
14529 20293
13294 22948
10225 13834
211 23030
4385 8379
1485 6064
2308 18155
9153 22821
13512 14125
2954 13008
9660 18596
6157 21673
6889 22610
5128 22355
2589 10915
11605 14699
4758 12113
10154 16542
12520 14330
535 19141
4388 19123
9275 9284
3547 13031
8623 11120
3103 17894
13901 17673
13979 22473
11612 11649
7346 21513
6115 16844
20766 21800
16355 16795
2461 18909
9869 14781
11815 21242
7575 18130
973 3605
19571 19578
9873 13785
4589 6095
2792 11653
289 16784
8003 16369
14560 22666
5438 20657
9510 14041
13142 22523
720 11226
14509 14752
11432 12971
3946 7287
7534 8138
16646 20135
806 2287
12781 13063
249 11954
4791 9787
11462 12330
1752 18277
5738 15236
14772 22100
5202 14475
491 20206
5566 6755
10093 21264
18682 19031
14995 19076
480 10330
20034 20680
2268 22109
11047 15833
604 21558
10693 15211
5697 12334
1900 8193
16671 18230
1049 15364
13509 14199
1021 11677
10001 14560
7451 20676
11877 17699
4981 9205
5550 16716
10526 15770
10716 19235
8738 12977
12007 19832
12871 18895
8871 16403
10099 20386
4001 20285
6921 9531
2493 22502
15094 15460
3303 13589
5355 23020
1078 19286
3957 7965
7602 12884
15781 17879
18845 19596
3139 6125
18998 20501
12589 21206
4911 16965
16690 18043
14466 22574
15079 22889
11377 21500
13231 19867
3042 20662
10186 19842
14949 22922
6633 13883
4704 5535
5594 14541
4820 20185
4784 16173
13703 15243
2983 14167
1565 20470
2100 19047
4719 12069
12828 15233
7773 9875
16330 17523
1908 9598
9955 16940
3045 13373
2035 17202
21276 22744
13170 22375
12662 21371
3696 8573
4087 22834
7451 12936
1992 3743
12258 14376
15605 21473
292 5639
6973 21923
288 1350
5340 22380
15423 21644
4560 20470
12445 14856
6493 10105
4315 17338
7436 12102
10082 21480
15021 16108
7164 19036
21998 22287
754 2594
8496 18028
6447 14122
14949 22100
4700 14768
7490 20030
13774 16835
817 14479
5268 11734
14949 22137
8470 21768
3770 20293
16963 19589
4592 20140
12416 15713
19035 21531
6129 11919
5410 16875
6800 15255
10517 22990
7584 14775
7632 8889
9900 21716
5447 18333
13727 18298
8702 17887
5207 7464
1974 16641
10310 15732
17226 22020
12097 21190
1381 15158
12496 16565
2615 9897
6493 17751
188 15961
18874 18991
1320 18746
3173 9435
277 8451
15097 17971
20043 22579
18422 18606
1512 6229
7349 13844
8854 13201
1729 15871
15851 16290
1155 11369
19786 22940
292 12522
12168 13042
13049 19495
8498 9430
13048 17943
1402 17478
9908 12248
5907 22133
19913 20253
3936 8753
737 2393
9829 17209
15554 22666
14227 18583
2486 18156
5006 15255
2264 18351
11892 14715
289 4794
8378 15965
7497 18094
13244 19783
5778 22447
134 5328
7223 10081
10390 15893
3067 12945
8652 12583
301 14107
1232 10471
1185 13244
13876 15233
11143 19977
2536 17898
539 9503
760 3021
4067 19036
6 22339
14087 21772
2335 8200
13710 19198
9578 13198
14946 20495
10357 21880
6419 11444
6793 18952
4734 10650
3590 11923
17375 19250
6367 11394
7178 13551
426 10805
3405 16492
1562 16088
10782 11104
6369 6875
10011 10801
2169 16300
4094 21288
1559 18497
10270 20994
2960 16027
1144 17419
494 17430
10849 15042
15753 17252
11794 19896
276 20772
22 22574
7001 14537
4564 18442
74 19612
7141 13948
14183 19633
11322 11670
7017 21067
2375 13872
539 20213
181 17327
16205 16231
1473 20554
14004 20927
9786 10442
5281 14973
2622 6487
6812 13996
1095 20369
5306 19122
8451 11766
12661 13824
16942 19840
3010 9020
2914 20806
3207 14824
1208 5319
8615 16564
11285 12436
11990 14411
240 9897
2458 17102
9074 15300
6705 10676
1566 2684
3163 9475
11224 16989
6875 21010
16708 20552
2589 20809
910 3124
15107 16223
7609 19484
3588 19731
5935 18506
7628 17280
2641 14087
6124 14609
1717 4153
9020 17149
186 5281
170 3759
9854 12165
2644 15004
17009 19977
4396 7963
11597 13651
1876 3071
19286 21037
7655 13427
4348 20262
4848 12736
1352 7674
1517 16654
1009 14039
19009 20024
2755 20654
21002 21822
2739 18507
2993 21310
5839 11275
11772 12744
2446 6931
5536 7109
8095 10111
6873 14597
4210 7923
11357 18270
2163 22768
4738 8372
16413 23075
8147 15094
2809 4264
257 873
3446 20578
3218 12681
4649 7029
10080 10098
7307 21584
1293 9695
13337 22812
3911 17478
8660 19857
16147 19377
1559 5641
7344 8163
1581 18986
17119 20216
10145 12301
3813 7251
3027 11075
10510 20862
85 900
7270 19196
16508 21168
3453 11434
12383 19730
9406 17790
1713 19942
2831 12549
12011 19763
1338 8001
11047 22551
3715 15064
9183 22502
7441 8696
2054 7601
12426 15460
14996 17925
2765 2937
3223 14238
9868 17356
74 20153
18342 22536
2792 4147
9077 12029
1132 1512
3762 7103
11047 18003
8062 11913
1155 18967
4649 12895
10043 21539
1814 19388
378 18918
2930 19736
15662 18630
9202 16081
6220 20868
17520 19550
14296 15423
2641 20630
11619 19912
5904 7412
13982 15858
4580 5438
6300 12844
203 13505
17526 18311
9936 11883
16259 20523
2644 6621
5713 12389
8072 10699
12017 18439
10886 11093
1642 3184
2304 11535
4161 9213
14689 22088
3453 10004
18720 20653
8097 9219
294 4696
14479 18685
3434 13632
8703 13265
13380 20104
5775 20101
4407 21332
508 21295
2438 4712
12076 13524
16901 17658
8938 19471
6769 22554
11143 21675
7805 8271
9320 16163
6600 7878
11930 22478
18361 20947
1654 5141
13065 22980
1654 5579
3632 18144
4495 11338
5641 7414
371 5072
13198 15167
4125 6827
2474 18306
2765 8363
8342 9080
1827 13672
20995 22564
4236 12436
9485 14416
5129 18185
2607 10459
8276 8950
9539 21264
1497 6882
17146 19820
1827 23102
13872 19931
19286 19907
5549 11519
6767 13645
8566 9768
3452 6885
12754 20400
2751 5668
11646 21054
7471 16909
2897 19120
6705 9499
8995 9370
8860 19384
12853 16293
9643 18853
6812 12485
10694 11415
2265 12557
7642 10816
1205 9892
13580 20963
9713 16657
12118 14137
13180 14653
2992 8328
11924 15277
11578 17639
11074 21547
4165 19795
13377 21366
5717 19786
2666 12748
15190 20165
2792 6094
2434 3433
1253 13251
12165 17665
5093 20666
13887 18724
18963 19954
6247 12222
5894 11861
15590 17701
15384 18223
447 21276
20384 22624
431 19243
335 9326
1743 5260
8025 21620
6764 11769
14389 18608
1783 12267
4798 19842
6312 7755
283 1499
19333 22194
3487 21515
3164 5920
13979 16688
12977 16017
422 19254
10190 15642
8660 11861
12081 14773
11093 17275
437 12354
1435 12245
444 6289
11816 22238
110 7708
9213 10065
14411 15565
12557 14438
1570 6882
7728 16184
10517 13645
10523 16893
2454 6253
4210 7390
14455 15828
4725 5607
1812 13645
974 17068
9370 11320
6492 22974
14366 17144
11930 21120
4700 14295
9055 13787
10431 20927
12896 22564
7796 9320
15895 22326
17884 19312
18439 21642
3172 14094
2611 15947
10520 21953
5850 18596
3383 16169
3383 6617
16600 20861
15248 19711
5407 12749
970 10521
5248 5250
17657 22630
9268 17936
5742 10135
3449 7534
6549 7650
5044 10409
17334 20957
7163 17156
269 17446
8438 14479
7691 9007
1749 11036
9572 21314
2552 9435
6664 14330
3027 8707
6159 22560
1737 11166
544 19541
8923 21051
8036 14048
4613 5708
1378 5164
12820 13031
7086 22333
12237 18338
2733 18321
5154 9351
8487 21414
2465 23002
8205 22354
5459 9502
1812 21951
18184 23091
4346 20637
14274 15704
16927 18218
412 18214
2992 16380
7741 8471
17884 17896
14341 21139
3943 12382
5287 17009
4949 13815
289 3562
8362 9085
9213 23061
11649 18576
8708 8771
4582 4809
16220 17174
8121 14800
18186 20454
6379 12627
3756 10989
1290 5705
17009 20573
8005 16086
12375 20445
2676 6847
10661 14593
7569 8786
3041 12088
821 14404
15344 21770
9403 18384
852 12094
9475 22079
3354 20165
2095 7650
15361 19366
4773 19207
411 7618
5984 21843
7491 12831
4564 8923
7272 18964
455 17832
13649 16434
12950 16696
15639 18267
15146 18683
6733 6890
6153 8751
9099 13745
11853 15790
3066 8867
1407 18104
7517 21953
2801 4260
6584 13167
4405 15853
1171 8714
4302 5105
6776 16804
4221 20495
9039 22337
12048 22373
9128 17402
3763 4519
622 20222
4911 7627
1528 19837
5454 12601
4188 15695
11106 16394
1881 15020
1059 13257
5337 22528
843 12138
1654 4324
7457 10866
15368 17825
11107 13357
7456 21358
5344 16581
10097 20336
9201 21841
12849 12917
2756 8531
289 9830
6412 6899
14791 21206
1346 5446
21519 22275
1846 4885
5619 15592
15450 18755
3913 19148
2353 7011
4809 17190
2873 17507
21056 23119
13986 17356
18021 20937
1753 11742
3915 19985
4891 9337
12051 15004
1017 13262
1064 21509
4895 18831
565 17942
2418 13702
11637 19997
12931 17463
5445 13025
5737 7466
17582 23121
174 13806
16086 20040
8948 14951
16071 17346
5906 13263
627 7820
3290 7451
19692 20406
5423 6532
1224 3565
4840 11649
1695 20398
317 11959
13607 19004
341 13476
4067 21578
9720 19381
5881 22551
1384 15725
8379 14484
22059 22820
20272 21963
52 12648
11725 12781
1165 11637
7429 17436
15125 18128
6671 15085
1398 14397
16600 17861
6230 15422
13306 22581
2265 20809
5350 12210
7384 23101
1470 7436
477 6958
11302 17262
4999 18462
5576 7524
19688 20529
3298 6367
869 5911
10093 11241
18182 18186
1270 9320
3383 22236
1163 8126
1299 10920
600 3253
13255 23059
8545 13996
4538 14973
9739 22066
9090 16094
4494 11389
2431 14587
418 17128
8202 11532
2567 11646
13215 19562
1820 17765
2353 3036
9436 15457
1478 15966
3871 18227
5098 12950
14992 15224
9503 15319
9839 10631
11751 21555
16483 19828
4027 15606
239 11688
6103 12785
5571 18958
13632 22067
4284 23013
8210 15133
14035 14601
3073 17417
15092 15127
9478 10981
6762 15492
754 1539
6646 22397
1542 1583
5645 13074
14391 21528
13372 13533
2765 3389
12954 20686
17648 22921
1025 1490
3016 8177
73 10376
2943 9905
1813 21603
6455 22618
9169 20289
4277 17827
356 9404
8995 18857
4535 11109
3715 20266
3075 7379
3483 23101
17176 21369
2471 5853
2775 10198
2978 9503
14260 20241
1893 14988
12016 16047
9424 18510
14989 18947
10854 14921
5105 22262
15568 16149
4175 4775
8409 12352
15219 15310
16847 22128
16087 16200
9396 17595
4385 10367
935 3609
9358 13911
1698 20327
5698 18332
12335 19165
771 2360
5254 15655
966 21844
16610 20740
6693 22719
10390 19058
13330 22839
7935 21498
1730 20168
4539 5702
1996 19984
14200 14339
604 7733
13382 16929
15759 18430
8989 20983
16671 22218
8288 12011
2999 14227
11024 19760
6370 13760
8085 8132
12714 21674
4456 5430
14172 18135
4606 19471
717 2823
1054 10411
14996 21405
11627 16077
7391 10853
1744 12477
11102 15687
9586 12757
6546 13547
17554 17861
7999 20471
2934 12678
8964 20902
13288 19589
4923 14110
381 16886
13028 19346
13180 22478
5312 22258
9318 22114
3938 17849
657 22610
17776 19176
5781 7087
18025 20660
5553 7775
5830 8002
5854 23031
11010 17635
3784 7020
5753 14025
16593 22425
3951 11075
11642 20438
7765 14767
11677 12755
4927 13459
1698 19360
297 19419
710 3553
7554 14674
17294 21984
15881 19447
1125 12382
9624 15684
16738 16989
2559 21169
760 8364
2798 22409
2155 7899
16259 18178
12728 15880
11919 12124
21142 22821
6722 13449
4613 7827
17942 20164
20659 20697
4982 14601
7699 15944
17872 20240
2055 9180
10059 22557
3881 13555
8207 21928
12887 17202
10008 22557
13969 20309
2353 11893
13760 14134
4840 22432
4597 8331
12253 13635
3634 22971
10312 21317
18710 22555
8001 14223
6340 11082
16210 18292
10981 19692
2859 15930
6131 9136
2326 23004
2760 14757
10594 22354
13884 22779
11038 22394
14365 18326
14264 22615
9309 13142
10658 18401
10386 21914
3335 20713
10451 19550
2200 14967
8176 12315
4748 8791
2895 14561
11286 17410
8588 11074
15864 19365
15634 21544
1409 14184
8030 8332
10082 13872
16561 16997
4375 14109
10487 16116
19329 22275
593 11842
2075 11532
6114 14846
1586 17439
1877 5455
10082 21010
17162 19597
11152 12943
1434 23091
855 4215
12749 18277
10093 12899
12454 16099
1629 14462
5336 16013
1608 20902
4703 8972
1600 7316
5129 11476
12749 23071
7272 21246
17613 19576
8795 15483
827 5327
3080 19607
13000 15475
9986 21620
11637 14084
455 9119
6107 21884
6157 7568
9137 15059
4341 12813
6128 22830
2416 11447
17085 19880
4427 22204
3794 7921
1032 2775
3772 18130
3688 11316
12820 20352
4223 5990
15775 17423
19666 22565
6373 20657
4088 15493
4840 9986
19955 20646
11679 13935
2587 11900
15566 18281
5974 22768
11434 13063
137 21662
15279 16334
1480 6421
13497 23026
17595 18567
3588 19460
11347 12079
9119 11912
75 13315
10550 15822
9264 19672
3029 5414
12942 18498
5590 14989
1552 16600
14766 15444
6067 9063
5880 6633
2777 3002
14149 18737
7713 18384
3782 13127
19748 20319
2841 14815
6461 14779
3483 8582
2155 15872
16105 22163
1818 9955
8377 21464
11074 13254
13171 21989
13080 17812
11144 21398
2793 19952
4113 10856
1252 15560
3975 4562
10223 15830
4686 21502
6071 12776
1713 19732
13682 19446
5344 15731
7233 10468
8276 17541
4886 10332
241 3354
6875 14995
11646 17959
3356 3964
9823 12909
10198 16147
18005 18216
8874 17128
3362 16507
8258 13253
9102 21781
4351 10098
1179 8257
8198 14510
8894 15990
2279 8865
11649 12145
7136 12838
4234 11743
134 605
11649 15597
973 8391
3913 14485
624 14700
4572 13778
3032 8916
11873 13345
5974 18867
7359 12944
2519 16513
13723 14145
19934 21858
1630 11280
10002 15545
14801 15439
5476 19366
9090 14910
20751 22186
42 2562
5989 9908
2737 11618
1649 11435
8164 16042
4982 10123
10650 16144
15978 16498
10868 13958
16482 17296
94 20939
17181 21111
11740 19902
3988 18875
8016 12841
5105 8590
19099 20026
9694 11631
12995 20273
6191 14058
20847 20959
6693 9506
8567 14048
6710 19589
15102 21168
12528 12585
2441 17234
1986 17733
3363 6351
610 14854
6258 15780
11143 22043
9893 12842
11639 15438
1197 2546
2760 3830
726 12479
16130 18970
5853 9225
5579 9886
214 9303
10232 12864
9039 18370
1432 6779
3383 4218
3738 22249
11389 12373
12498 17582
2775 21479
194 8057
1743 17528
289 1504
3223 18643
2289 8609
1119 8369
480 11499
2008 22087
3242 12053
4123 18967
5476 10526
78 6275
2757 9416
8833 20659
15043 20206
13632 13720
4775 7012
5681 12527
10376 16200
6749 22186
331 4549
8026 8030
13124 18991
6094 8549
471 22451
8128 10577
332 15616
22041 23056
10081 19684
14336 16217
5535 5764
11055 19965
3711 12526
9159 19554
623 1504
13268 15396
7247 15616
4172 4466
16141 22129
563 1425
13577 16502
1406 19446
14391 15470
1838 10886
85 18555
289 9170
4523 7477
4700 21508
2725 13444
10433 21001
5505 6529
2392 17023
7899 15702
288 17595
7490 10135
1686 8138
7955 21248
5062 11621
12571 16620
14394 22557
14416 17454
12512 12973
6781 9202
3038 11721
1652 22226
3306 9455
3285 3412
3528 10709
2699 18528
4445 7279
1995 22375
9163 15667
7451 15560
7829 10563
6051 13815
9936 18634
5088 11480
18986 21124
18232 18377
20698 21564
6095 11223
474 20926
1796 20118
11721 17729
11210 13651
11459 16505
9793 13144
5724 5744
16872 19241
17972 19346
16328 22254
9374 14711
131 21792
4312 18712
11055 22362
5718 20098
1296 4731
4246 13567
333 2388
1514 19872
2398 10662
13356 18442
12907 16061
5006 7346
19 1402
9923 20121
10339 14384
7668 15460
9122 10939
13152 22768
1717 6103
10273 13041
8048 21841
6296 10981
18797 19605
7528 9056
7294 15592
3131 16195
865 2745
18536 18971
10866 20663
712 5561
19097 20594
15802 18181
4943 10332
16853 19955
5393 22948
6750 22226
3017 8267
17419 22795
12271 18847
5468 11639
10182 22424
10094 10111
6514 13422
6355 10541
4395 6044
3574 20091
866 18077
2993 18760
13414 13429
9369 22517
921 9782
13272 21547
226 1669
9980 13341
11364 22840
7579 20630
5639 11272
8720 17526
8102 14469
11426 12566
8387 8679
8399 10390
8288 13614
5281 6701
11929 14455
7549 22536
2426 5527
2281 6520
10321 12474
9334 11801
16646 21041
13603 16842
9497 14895
10703 21664
10332 22354
2895 21123
5292 9122
8586 9811
2614 21017
10440 12029
10826 15482
3826 9934
16687 22514
6091 8205
2775 10592
12269 12846
6676 19988
13702 16085
1956 10958
515 21451
2726 5438
820 10080
6609 9097
7422 16542
8244 14577
10395 16727
16713 17871
1857 13492
731 9455
8881 10142
5322 13101
15770 20275
3442 10924
278 19532
15087 21814
6511 16770
4827 10390
14416 23031
4871 8796
2461 17442
10286 17095
10269 14938
5491 19050
11201 22149
10280 19554
11611 12412
8995 14205
7495 10232
3077 20025
10452 11466
5336 18333
556 5146
12136 21172
7489 15114
13711 18311
3482 7941
6355 18905
17511 18388
4911 6711
825 13404
9588 20332
20575 23049
7690 9694
2948 15075
288 21896
333 21638
3011 5702
12537 21464
14275 17872
5102 9309
3178 17307
13046 22991
251 2713
15306 22245
9661 19826
8080 12014
8336 20687
6902 18686
2506 4784
7269 10953
16600 21150
35 36
7928 22044
10635 13942
2986 9814
6168 14929
9090 11225
7108 18762
4158 7626
8852 17388
4562 22486
1002 12354
117 21375
5674 17909
12911 19855
5336 5559
15961 19952
4222 9840
14486 19304
15878 16074
10187 16064
4340 8145
6933 19489
20413 22100
6044 7669
4026 12512
648 21901
4499 13499
19611 21749
12286 13403
5077 13811
8332 18551
6079 10947
5108 9394
3629 12611
1308 9498
823 14670
2902 11235
6693 12724
9059 15468
11732 11917
5495 9263
5311 7681
15909 21163
2265 20806
4957 10547
6994 18778
10280 12215
13727 15876
5336 19562
10093 15443
2489 12564
14969 19006
14213 22536
17881 20129
4310 17455
9262 12410
3943 19121
7082 18049
6788 14060
10332 19184
2743 21717
13844 16334
4738 8369
12524 22874
2924 10548
20254 21707
657 22025
273 16233
10414 18116
12707 19517
19031 22638
3722 20259
10051 11590
6846 9862
356 14424
3194 9999
9214 14305
1815 21995
8523 18795
5483 22336
4525 5344
2062 22037
5744 7140
8944 9325
2895 11639
8406 10941
5092 14213
563 14183
610 19192
11293 13702
9901 21373
4729 12406
7300 13244
1224 17307
5191 12225
7283 11813
10944 18049
8827 15483
1873 5336
8624 16973
1565 11232
4362 15461
6247 7011
294 11257
17957 19285
4066 15123
10381 21582
16198 22275
10581 14048
8409 22132
4660 18333
2577 16886
12945 21890
12632 13759
2278 17523
11348 14882
8337 16241
4970 21054
17328 20614
7640 21200
4803 22383
7265 14716
3004 7465
16172 21435
5308 9357
4777 8660
9012 14536
3431 18924
9532 11636
7226 11509
1191 14750
9668 16934
9520 10068
1662 5420
10104 11640
7626 9736
8795 16205
1853 7574
16996 22692
5436 22454
4778 8197
22088 22536
216 6089
2483 6328
56 14820
2386 20772
2366 18133
4786 10098
1360 17620
9335 21896
4104 10523
19368 20140
7733 19360
3609 10390
8167 12029
4535 9084
1095 13553
10332 13416
5477 19242
11547 22059
602 3791
902 2650
14183 21316
19578 20124
18315 20975
2880 3287
3341 20706
2942 6742
6051 19130
11323 11382
2494 22393
14212 22856
983 5582
13381 19596
9888 15067
6094 11649
1361 20182
4300 13491
8191 18788
17106 20459
1708 13449
6311 19034
1970 21222
2816 17808
5883 10097
4831 10903
77 19517
5378 13595
8267 15088
53 14410
8991 12889
19474 21508
2848 21508
10333 12067
6873 16826
14395 17957
5754 19009
5064 7048
5221 8138
4438 21353
823 22048
3795 9873
17731 22570
10524 20409
800 16567
11766 22402
12406 12585
3666 22149
7153 20246
12319 17466
7316 19477
17480 20329
823 8383
4613 9617
288 20237
5627 22099
13727 18694
7075 9699
13233 20868
108 7251
2633 10186
4857 7337
12017 18760
7646 9773
17830 22023
1291 1732
8827 21576
452 11232
4967 18043
894 11908
3764 17180
1768 7977
3896 19399
10082 19931
8991 18342
5025 14438
3763 8165
7133 9885
5708 10490
4487 4564
3089 20526
4392 14185
10128 14704
894 7917
2392 16956
6355 10925
718 1630
134 5344
1171 5336
12007 13571
7829 13808
4592 19368
4170 4258
6271 8854
16675 22314
8594 12906
10097 11232
7570 10731
4248 19983
6603 7105
8320 11234
15290 17079
8822 22359
4510 7826
21525 22543
846 11223
15183 19983
10041 17684
9847 11649
1753 20927
11444 15628
6183 18682
1436 15952
1204 19252
15509 19360
8569 20101
14011 20200
8802 11720
3709 5112
10376 14873
7903 19245
1498 18335
18980 20068
9084 9361
213 624
3243 13213
10762 15157
10198 15403
6483 12585
135 18632
7670 11906
3979 19080
5436 10412
7221 15592
10376 19042
11134 13742
19931 21609
4796 16616
6669 17673
507 14603
6169 7906
1823 4695
10104 22114
192 6469
5220 18219
3066 19913
5081 17405
3383 22154
11716 14094
7136 10403
14815 19192
14608 18719
2286 13398
4210 19312
11902 20309
21155 22251
2608 8104
10510 19448
2777 6471
20384 20958
3505 11876
4503 16525
102 15802
12219 22139
10541 16631
2965 16973
6626 21806
3704 3979
10008 19105
5920 6963
1148 9802
11485 11867
5989 6311
6549 6619
7433 14466
6022 22955
15874 16901
16657 21997
7916 12632
1574 12120
18128 22359
16969 21502
3560 4552
6350 10459
12383 22636
12603 22694
3305 7483
1977 16667
6182 17704
3638 20865
825 22923
6500 7543
12124 13926
14587 22922
422 10247
3108 5942
4347 12484
4589 15082
5927 16384
7794 9359
16585 21995
866 3565
9202 15085
2528 5942
2230 11978
4633 6970
13061 18576
630 20838
10635 11422
5522 6998
2416 17160
1341 3574
4519 14620
10904 14064
731 5034
7660 16691
5958 9829
5302 11450
1433 11851
2622 15043
85 10668
6940 17130
2881 7799
1290 16712
3972 16939
16720 23058
5064 10081
6032 10490
3031 21472
259 8079
4843 13029
16195 16369
5742 6094
7454 10100
13255 18739
30 12710
2136 14246
12656 20221
4324 8039
8944 15893
5645 12640
5976 6175
7360 20200
5736 19021
1235 1488
14368 14620
2286 13124
3342 16600
9681 12362
2622 14231
5884 11055
1013 1074
5122 11651
828 10817
2677 21246
3906 6961
4794 14962
4171 21131
9122 17718
2245 8025
5340 21490
4027 4387
3166 8673
874 7673
4933 10195
12682 18461
11585 17442
12329 15403
6745 7414
19842 21303
5014 19092
937 9619
2328 16903
3236 8904
18984 22473
7390 21212
6581 11466
5373 6100
964 7720
16460 19918
5713 8594
14653 16212
5724 17861
15228 19898
1620 9435
12330 14048
8057 17745
12120 22233
15204 19419
12530 15130
12036 16942
16970 18775
13461 16434
17879 22759
5030 14475
3255 20676
992 10066
10454 22938
6082 7155
968 969
11545 16103
776 13597
3016 10197
15616 18185
2193 12436
3890 22052
1849 12522
423 6297
18533 21454
15649 21637
13081 19418
8207 18362
19167 19187
9099 14276
230 20091
5852 9055
4781 7210
4762 19126
7657 17212
15333 20868
1293 6497
14056 15634
4984 11598
3304 5605
1436 16798
8123 18508
11149 19781
10429 11057
2432 16679
1478 11904
4236 11266
3495 20315
11616 18051
5303 11770
5727 9857
14479 19465
8193 14579
4967 12648
7798 10286
4693 15328
6875 19786
8442 10941
1485 19368
6910 8074
4982 20927
223 6355
2593 20830
3611 16753
4598 8422
10611 15380
10611 12113
8064 23090
249 318
21193 22258
14962 22512
5430 11142
375 15321
10922 15669
2731 6087
2493 3089
10962 17739
5105 19446
8119 19563
14256 23070
12801 14492
11719 18785
5274 19874
20165 21596
12919 21404
7500 14217
10325 14783
17014 19536
14066 21997
10502 10817
11136 15170
5464 16195
10100 16976
1680 12208
10675 11930
611 7088
2777 5184
4564 21411
5052 15125
2331 18767
19240 21891
4838 18948
316 7802
9818 16899
1536 15059
5660 9736
8816 14132
2094 13069
16047 20668
7089 9349
15488 18985
3326 4134
1055 17868
729 19541
9796 12790
9269 17863
4035 14497
12426 18358
8227 13084
5851 21196
11633 15044
11640 11649
9421 23117
13526 14124
5393 15967
1939 12317
1271 8025
8475 11477
13027 14265
4114 15150
13223 13679
9630 21976
8562 22536
2503 10578
3986 22871
14089 16430
10194 14040
1818 20438
4216 11430
4719 21727
17686 20095
7219 21172
644 13079
8360 16600
10416 15518
5281 22956
2520 6267
13583 18796
3735 14373
13750 23111
5951 8598
7086 16817
657 3609
6056 10759
276 586
17188 20266
7719 17434
8040 20594
9952 12194
4767 22362
4430 10049
14070 21951
18985 22489
2624 11333
6913 13212
1254 19227
12850 14549
9474 21685
9454 11930
10480 14715
16073 22980
13657 22471
7481 10568
4546 19141
2108 21620
5458 12541
9578 14124
15497 22378
12807 16853
14864 17615
7941 13740
4082 12185
6899 13613
17049 22901
17269 22211
14291 19500
4545 5351
5203 13760
9103 19089
10003 17912
8163 13574
517 685
6325 19122
1489 10155
657 6497
6585 12013
1819 4644
8936 15664
16047 16423
21850 21979
259 1120
6755 12684
2758 6446
1532 10480
10008 20329
2017 2405
4592 14049
2094 16601
6369 20129
392 6694
6213 22186
14152 20201
4708 5934
8648 16521
6687 14903
17193 20536
1968 3044
13461 19342
400 19295
6002 15033
3072 3103
8061 9619
624 2265
1939 16482
20979 22231
9960 16016
259 806
2613 4155
2918 19707
8795 17200
13152 20247
1539 5989
2314 4636
12958 13952
7869 10704
10733 16916
16198 19329
3718 12204
8257 14048
4559 16300
7073 13344
19123 20601
2425 12609
2284 6076
14220 22858
13120 13549
5979 16194
1396 3329
17600 18945
8722 11226
1051 15013
2306 20976
6325 18657
5991 21953
5722 7647
4822 12860
4832 14440
9585 17852
13072 18401
16505 17554
9090 22461
8057 11653
7779 13926
6388 11476
5587 19234
3500 19596
7873 8918
812 1224
6596 14848
18487 21805
4331 19208
5157 5336
13049 17827
1801 21350
18848 21219
2898 18185
1472 18778
260 20977
16091 21418
5485 15780
949 13838
15775 19013
9578 21638
10081 18797
3031 18333
10408 20573
19352 19446
15427 22543
1517 18401
1310 4956
2731 15368
1698 10698
894 16198
9325 15893
9247 9674
10189 13587
20427 21419
2317 13124
5172 9410
4445 9933
18588 21097
1190 7301
3946 10727
6755 12377
11405 17112
13246 22565
275 20862
19428 22191
10761 18156
16872 18808
1143 4840
1179 20035
12013 20630
1798 8383
19269 21945
1782 17194
20277 22795
1784 10631
10009 10651
1993 12290
94 15233
15583 21629
11914 20868
9496 20786
5224 13645
5340 22210
437 11853
14113 23117
13571 22564
6831 7914
739 18028
11718 17749
10097 20041
2039 12257
13531 17646
212 9479
9472 19115
777 2967
1203 17025
7763 19445
2187 13765
13722 18442
10632 20862
16361 21719
65 3830
133 9099
7425 14479
7476 13144
3386 8161
10675 14336
195 3308
7839 18153
5914 12136
1097 3870
9223 18138
551 18328
4124 11947
1900 11294
4514 19202
1443 7946
8118 19126
12301 13101
5553 13872
13676 14749
20024 20648
8667 15188
2558 18031
2062 12950
7971 20848
11193 13223
608 13091
183 4253
8781 14752
20469 20790
12762 21091
17589 20805
4665 6763
3852 21593
7669 22324
4064 7154
10280 21981
9429 22321
7182 12383
16977 17200
2500 10865
17030 19144
20132 20497
596 20479
1516 9137
11766 12150
8795 19034
6406 10864
4691 14549
9136 21991
7631 13393
289 2661
6863 18132
1504 2965
507 3800
11710 16943
16642 17927
12647 18947
8119 16576
540 12489
7231 10099
5605 7189
12610 22991
18985 20809
5080 13195
6092 15446
4438 19721
4099 20136
11875 16803
1552 9129
11232 21970
1278 1787
9403 12449
7381 19120
1254 3006
6936 11811
14631 20279
8412 13668
4634 8002
6094 12821
10357 12104
8900 9977
5708 22564
3964 16437
5151 9582
15114 19509
5080 16793
10435 12188
1203 5715
3985 15362
9043 15246
3107 14925
5728 8652
11930 12574
2453 20529
1547 16561
371 19250
10098 10187
3654 17565
537 1565
7205 7206
21316 21883
7774 13157
3371 10616
4022 21097
11653 16085
3210 10632
4794 17881
215 18838
1852 18800
12895 14772
13413 13561
668 14107
2847 5232
6403 11867
2393 6535
15011 16558
3578 4335
6620 17366
5681 10447
13118 17189
13556 15715
6280 15816
16658 22042
8313 13446
18275 22557
18351 23041
13496 21908
5764 14741
496 10597
217 21603
4955 15109
17552 22925
14905 15735
6713 8394
5557 14808
10056 23091
10183 14949
9358 22611
3175 6379
700 22455
3035 13623
766 6610
16051 23089
14318 21572
2795 4778
16465 17193
20695 22869
5894 11649
4593 19571
11649 15631
1686 14130
50 16288
4561 11484
9624 13716
15687 18947
3395 3965
2701 12266
8399 18760
5322 9396
4936 17936
4840 11682
12141 12789
18181 19185
1678 6076
4916 21008
5986 9643
6095 10215
8050 21519
17909 20614
2231 21949
4075 17228
8909 19712
3904 8908
17985 20112
12147 16363
2708 18410
8981 9592
14275 15071
11433 19542
20186 22383
12528 15211
3115 9319
16983 20362
15370 20527
8094 12900
10437 19679
2173 15637
7737 10123
3489 10504
6037 8039
2546 12168
2244 8570
12723 18261
2683 18408
12905 18788
12343 21987
6515 20985
14051 22069
6070 6490
5077 5804
250 8387
8946 13581
7560 10194
1542 11462
6242 20770
5785 21379
10111 15315
3779 18463
12522 19933
9237 21373
12999 21801
13289 13916
3459 9597
19931 20035
10632 20423
1981 21116
18043 20266
11136 22467
4352 7450
12181 18767
3958 5407
10634 22795
4660 12395
9632 11434
4613 13676
10367 17751
15030 20884
3136 15355
18677 18880
15053 18394
18828 19606
5975 14823
3920 22100
2265 13376
19508 21009
1686 18471
11256 22766
6206 7069
17657 18985
161 11356
664 3681
12063 14996
5694 11028
14039 14593
7136 19369
5141 6691
1158 16290
11924 18925
9624 11637
5413 15738
10560 14946
6990 15592
15514 20539
1956 9235
10466 17709
13833 22335
6891 15127
700 10813
15606 18750
11512 12929
3687 9044
3021 11253
3335 17098
20315 20797
9331 20498
17793 20225
9737 10080
11275 21146
7 4210
4611 16203
13263 15250
6693 21131
4613 20062
2760 11114
5853 6262
13695 19564
3512 16581
13346 16971
8195 15652
3768 22492
5900 18945
15296 20063
8903 18289
815 11917
3143 7829
3418 6366
12049 14555
10917 21497
14700 14785
2765 12579
13720 17002
8141 13300
818 1234
12125 14953
12992 16595
1267 13443
6197 12298
19596 22940
4752 7741
538 7036
636 10097
4707 18238
5062 11808
4277 18907
2100 13877
12329 21951
6168 6679
1721 17437
9231 9374
5136 20268
122 1974
2792 16600
3694 5077
3724 21819
5226 19192
15007 17605
7595 12134
1070 20023
5367 11742
3149 18271
17850 19419
6880 8637
5322 18295
17773 18857
17994 22448
12613 22009
114 13117
8050 22557
13639 17655
5911 7612
15094 21120
3821 16657
10093 14608
3552 21037
7168 21364
14168 17936
9908 13147
1051 2796
13400 19319
9415 12736
6891 10924
8623 9680
1721 3781
4210 8291
4537 8395
10412 22902
2037 3074
8663 14721
1643 8505
990 11518
4013 20111
487 18985
13949 18956
5303 10909
7653 11669
11201 17495
10733 20452
3909 16013
7517 13589
17868 18936
2965 10086
1908 17801
5108 6174
1641 15720
2488 9112
8135 14921
11470 15745
7878 22223
4948 23011
9979 10821
6324 14356
2240 5165
5553 20495
10716 22671
2269 8726
7691 7714
1877 4814
15748 20221
8795 22354
15939 22249
1868 12351
668 4089
4026 16338
1208 20664
6355 9495
3796 9014
48 2536
4649 21908
15775 19944
822 15417
1904 6184
8915 19192
1140 20591
2193 6369
12358 13154
6503 12850
7799 20283
13499 21283
13540 17762
10295 19494
11956 14951
1881 17247
10960 16097
292 22734
9524 18267
11924 17419
16162 21310
17052 22059
14752 19982
9136 16039
874 1488
5894 12420
18794 21276
5383 13788
2388 15497
4734 13845
1483 10324
4406 22335
2281 6367
2510 15099
10275 16696
3957 16102
1473 21310
17286 18289
1198 9737
8169 11914
9712 22562
14794 20015
8309 12776
7709 10049
9503 13632
7444 21976
373 6988
8995 19484
1035 22427
9539 15059
13159 19355
17434 21203
19783 21206
11197 22137
710 22404
18099 19065
5718 14766
16886 17936
16843 20529
14723 22098
6157 15635
8119 14552
451 5098
17933 18109
9842 20495
11459 17213
2641 5344
6817 14264
8768 14052
2363 12082
15616 21502
11377 19852
6415 14721
12313 12449
6315 10097
1117 1205
15347 21196
15487 16646
1030 12522
15980 17067
15948 22694
3645 16164
8765 14736
1189 11726
3823 5336
5519 15805
1167 10098
2925 12945
9615 14547
1262 2314
10362 11440
2210 5448
11536 20504
14724 17656
2342 11424
5619 7965
16542 21127
2823 8668
4694 6693
5759 22750
11253 14412
3236 5701
10411 21056
2352 7170
7106 21187
11851 12354
7167 12585
7765 11411
661 16635
17459 18410
16323 18939
17454 23031
10198 13105
4974 20192
3214 17356
1697 13263
11638 14862
19710 22291
16269 16814
7951 18136
2667 4555
6252 11274
12498 14094
602 21688
13 4568
2265 13441
2211 3368
3242 8114
1321 20402
3207 5074
6473 19571
3731 22221
19433 22649
3682 18079
6950 21150
15105 16253
5973 20622
2613 5327
18333 19596
6390 19914
15935 16600
6656 20976
4948 16600
4907 21676
6305 12841
1609 3957
5173 11650
10215 20659
11585 18248
2925 19671
328 7104
2506 20638
3380 16036
1270 14479
17936 19983
1452 1514
16089 21265
6604 16115
2965 7735
6038 11792
2348 20549
10490 13950
14152 18845
593 22451
9523 15504
11813 16585
1210 3287
2792 22352
10499 13903
5279 19925
11459 12628
8865 13096
5815 15281
7104 10123
8734 10339
2027 11122
13563 17729
7240 20620
19829 20605
391 4221
5367 7140
5420 22318
10666 21056
2961 7215
8277 13770
2108 22016
1490 7682
16785 19041
2767 22232
13540 15592
3324 12520
17605 19913
1389 15850
956 21345
3697 8152
15658 19154
10972 13841
10067 12583
10782 14587
2006 20975
4388 14893
9438 19368
7283 16585
18980 22149
4473 14484
1302 9247
3712 13169
7604 8479
12754 16373
5710 14608
10502 17868
12256 19309
292 15610
6007 15551
12598 17881
6469 14949
14345 20746
5005 21148
2236 16597
10186 22271
9169 11642
1806 21310
2327 19785
15952 19456
731 8026
18613 20609
8968 15467
12734 22118
16209 20102
18334 22991
10072 10926
7657 18267
2513 12296
8399 18991
2664 21243
3764 11190
3196 22779
14547 15259
4738 20122
7480 20206
1837 2034
14438 17099
17317 22579
5833 17916
2476 3380
2360 8573
1219 12333
3522 19832
19928 23091
5299 23092
3279 10114
19664 22326
8328 18506
3895 18049
6175 16521
8356 12945
10789 12163
5627 19898
6193 7325
4729 8302
7997 11795
16612 18679
897 17501
17460 20630
9550 19600
7906 21092
392 611
3580 11947
1447 11593
6875 10082
11696 16344
4402 19123
4613 19931
13661 17634
11329 19412
3503 15215
8795 12758
7129 10252
8043 9633
6379 14445
20266 20469
604 4366
12340 20818
7027 12124
11923 19550
12660 19942
14344 22502
9116 12408
2341 12944
10217 22149
5294 6596
1486 14637
18227 20283
769 2901
18052 22955
11677 22536
13213 17010
2791 7155
10861 18415
19042 19716
11633 16778
5834 22784
11924 22424
17526 19233
7624 20433
2243 12702
3902 14905
8894 10942
5197 10708
8986 13556
9802 13711
2220 16792
5457 16195
20234 21608
14762 16174
14565 18985
17931 19702
10381 21312
7789 16574
10024 10454
2461 6913
391 7140
4562 21375
1398 2072
7187 14923
8216 16086
7089 12614
9976 16981
1352 7247
2066 12880
5655 9925
4490 15675
16977 22812
8258 10195
618 10296
9178 20332
4499 8127
10729 21320
19548 22304
2754 16233
19388 19928
1736 6673
12847 18181
1048 21056
8933 13448
13459 19126
6800 12414
11886 18948
9509 16491
7480 8062
9426 11197
3184 13856
1580 11965
18472 22963
6551 19389
4035 12478
1585 16482
12822 22186
14209 19990
2336 14358
9944 18686
1789 2061
4279 6247
10272 21923
12889 20384
3585 11551
13138 16952
10517 15902
20733 22950
6038 18910
19982 21580
6687 11107
9503 15279
13292 17866
1163 16120
2124 2816
3245 7899
9534 16086
9056 9202
3711 11839
9365 15226
9174 12177
1478 17051
13895 14163
16916 21866
6972 22083
9554 13228
3953 14343
7458 12237
22012 22142
2301 6369
3599 8030
207 13969
7167 14772
10093 13932
10043 13272
89 5744
6516 15967
135 13920
3366 17582
11249 22643
5069 16739
9435 14482
3026 5086
2579 15671
3286 8363
1994 21792
79 20079
1493 22577
14185 18943
1647 20288
8447 11099
2265 12406
1542 16646
734 15110
894 6074
318 5329
10224 20041
5681 12371
12933 17761
12749 20129
13540 13890
10854 17959
4360 11003
15303 16278
8074 20497
3876 11131
2128 2965
1335 2119
1198 9798
5793 9715
11461 11876
2342 14579
8440 13304
12667 19736
1121 2506
301 22579
4840 11376
11321 11368
9456 20290
11081 18914
15103 19779
462 10813
2239 5430
9811 14035
8662 13251
16388 17228
16560 22425
1889 7247
5764 14390
13381 16684
11241 15443
7633 10638
17432 22821
731 10836
11476 20438
4889 8856
288 9335
10734 20415
3352 10517
15007 22715
19514 21639
8738 16073
12485 15893
13659 19615
15539 20609
11184 20868
8009 13776
2957 13682
2699 8248
7011 19513
596 13172
9668 22835
153 9014
1499 8667
4079 4872
2880 21001
2301 16161
2845 22228
721 4207
6800 10729
6609 12822
13785 19159
15592 19563
9250 22595
3747 22858
5507 22924
1443 10592
4501 21013
10452 13935
9311 11122
1221 12147
727 5044
2726 18138
1026 4401
2895 20795
16984 22224
8105 17937
19343 19509
11275 21288
3178 16053
9336 22830
288 13860
36 22463
7877 14178
4401 6734
1264 3066
8910 15158
12027 22053
15417 16600
2659 3426
292 8025
4614 7775
7163 9933
6908 8908
1151 5793
10097 19503
4940 11378
7167 21010
4613 19234
3503 8276
4558 20296
11868 20431
17439 19857
14177 22940
7029 7668
7516 10681
3355 8387
8100 19472
6079 21178
2941 7828
4949 16121
13559 22359
4022 18588
3563 9797
11281 15236
10198 21609
7524 11293
20137 22520
14339 19286
4868 14246
16694 18625
3337 15565
6525 11604
11649 21622
8955 20057
7543 13071
778 16455
7899 8460
4556 8136
2744 19171
596 9435
10093 21123
738 13998
50 5809
15616 15630
9695 10276
9170 21305
2760 10456
3173 18034
12995 16186
1585 7340
3549 12522
1861 4686
2543 15542
6959 20084
677 14140
7308 16130
668 7524
5902 17048
759 21849
3178 8077
13248 19036
5359 20661
12629 21260
5290 18520
5741 18223
1324 15603
11253 23053
10147 20504
17837 17884
2582 10100
9573 10712
288 755
21028 22533
12220 19573
10111 19302
13198 21539
15189 16604
16521 20140
916 15391
1232 22314
10918 22195
20634 22593
2765 2998
10117 15504
15020 21134
9077 15355
656 10620
51 3240
9296 17700
4123 16153
1032 4537
2438 7817
2873 19702
9635 22968
1474 7670
5455 21485
6549 12373
3178 13943
1483 22100
15318 21214
15563 19048
4827 9425
1507 7409
12944 18101
6823 15016
378 2025
10177 19772
3960 11082
13696 19628
2259 13599
2760 3408
61 20969
3180 18634
10929 15467
10768 16298
11462 22536
235 16187
790 8413
992 18714
17202 17203
12821 21491
4137 15263
5989 17470
4479 10889
375 3849
9247 18122
827 11924
8916 11086
10828 10884
11928 15091
6095 8379
3313 19560
19829 19847
21417 21607
14019 14734
5315 13998
20281 22825
8387 15401
12745 14336
3832 11917
4649 17431
5995 22034
503 2177
19783 21746
9318 22534
4510 22856
9573 20154
15279 22036
20687 22326
6023 17964
8800 11658
10324 22100
5884 14926
5311 9474
1580 8317
8553 13280
4644 21580
8057 9695
5478 14552
6391 19042
15974 22354
7506 11885
8824 15262
9324 20594
2312 22785
2683 14161
11274 17202
14403 20011
8125 17592
6225 11097
10093 15438
8613 20098
14745 22639
19925 20021
10007 18478
7146 17154
3873 8979
6994 8054
2493 20886
4334 15407
6073 10997
11905 15939
4448 5470
9509 17554
5359 21485
14856 16665
12692 16781
17140 21473
7465 17454
530 10019
1621 15916
2401 3005
7935 11267
7709 12406
1532 22541
11323 16146
11862 16970
6874 20579
5982 8638
11486 12895
13998 22840
8057 15240
948 13243
1802 12379
10308 20384
457 11639
6415 16293
14299 19582
9242 16644
5619 13696
382 4893
3791 10754
4475 17165
866 8707
10971 13078
373 10432
605 9099
14550 16204
12959 18284
1355 5905
9473 21805
14395 21510
7874 17700
4565 22740
2721 8859
10527 15873
6853 11167
5724 10781
7806 22013
1270 7294
12284 20443
13869 18625
2558 11394
13791 19282
19329 21519
6134 16782
3062 12125
5686 17016
8722 12114
1197 4613
229 10344
4593 5364
1299 12029
13674 14177
10621 16268
10405 11538
865 17832
6916 22922
3487 12504
423 15824
9151 20955
14433 20280
11214 20506
639 6305
10379 22579
12406 20304
18275 19282
12126 12341
2943 14045
18227 21995
10134 14594
2325 5569
10266 21663
9840 16664
12893 14475
13791 14199
20382 20695
7391 15285
2892 10093
6437 19847
4033 18457
20447 21825
5528 20519
6721 12539
13158 21945
1230 21126
11556 11822
8822 12745
14152 18333
11712 14411
16765 20848
7670 11910
15515 20025
407 11876
9358 11154
3173 7917
12472 22178
6244 13051
697 14579
3442 19706
2152 7899
8531 22311
4466 15602
11629 16257
10244 11850
3920 6949
6580 21349
1551 12091
962 13851
10343 18449
474 7633
1277 13010
16965 17952
356 19183
5033 11612
2022 13065
7138 16602
1900 10631
9108 23075
10145 23010
9210 15470
3358 21158
5827 5957
153 8579
9873 14895
7956 13481
3732 17612
18306 20091
970 19381
19225 21111
4190 18635
15526 15740
1814 12944
2863 10499
2893 10086
6275 22517
5656 8519
11990 13125
1480 15043
6257 19192
3022 7044
4650 13499
7943 20091
288 8753
4927 14988
4773 8163
915 4934
3351 6913
910 21255
2776 21789
1827 2927
328 15690
6524 15779
12813 20319
2076 21789
9304 18985
5512 20350
6403 13597
9857 10082
6885 8604
6009 6846
7829 18356
7964 12067
4376 12806
5438 11605
5592 12561
7308 7514
8989 10251
351 1312
855 17884
8747 8748
8832 21315
8441 19522
2932 6831
6604 16410
17936 20227
6489 7957
8316 8459
18172 22663
20435 22557
10595 16624
15697 16483
13979 14697
11649 16600
12460 16293
1526 4181
17168 22187
2791 7941
12606 22226
301 10735
1518 10826
11201 13978
6455 21872
973 6489
85 19692
6479 12944
9865 15365
7994 22015
3298 6520
12272 18471
13803 23076
237 17587
17909 21256
3497 19771
1558 5971
7721 9790
720 4337
4470 14411
18951 20902
649 13169
2094 19928
15529 22064
3360 9823
1494 12335
7609 19319
13705 19192
5782 9412
6767 19058
2127 2974
5597 5599
1630 2792
1424 6033
3188 5919
3609 9155
7781 21041
14484 16640
1573 11101
657 19507
12678 13429
827 21240
11143 20683
1948 10861
9486 20602
5327 19730
3105 19725
13143 19118
5634 20775
5159 9705
10227 17989
2472 12522
6390 18161
15762 18099
514 13668
14473 19759
1197 7029
2794 8986
13393 19379
8408 9688
5859 10829
1852 4633
7194 14973
13152 20710
4083 12607
6278 13168
7645 22676
5989 9900
9955 17718
10215 15176
12046 18296
14762 20150
4967 5457
8927 19850
3770 16571
10731 10905
500 16298
10321 18091
3039 10638
15772 22432
5281 18180
10559 14201
19448 20862
3551 22696
1719 3352
3512 16964
6875 7514
7813 11002
14291 16472
1156 9534
12286 20591
700 6739
3299 16131
14048 20437
17337 19866
5044 9619
8143 10611
8379 12736
4385 9205
8078 9407
10215 20015
19892 23091
7711 22921
9025 11506
1198 14706
4546 12329
13307 22821
7714 16530
9002 14652
1905 13840
1140 19656
2310 22757
11252 23117
14199 20335
5535 14741
5582 14608
16195 20479
3451 3531
4519 8995
6889 16631
668 20335
9608 10093
2774 8838
1852 4470
9222 23101
4067 21534
4257 10395
7292 19481
7899 14759
3564 8995
674 6248
12266 17973
9595 18849
14764 17909
3399 7919
5737 7984
223 22992
8749 20258
7385 23081
4724 21836
10280 13125
13551 15589
5708 10081
1219 20594
8972 22380
3669 8021
7792 12000
21131 22455
18733 20898
6443 20503
3406 7532
3223 22837
4991 16967
15550 18442
11822 13364
10657 20134
4848 7294
15529 19034
4485 11584
1049 8267
7626 19122
9472 22504
2319 11765
11976 17266
1490 19922
9569 12363
11721 17665
6886 8649
3518 20759
7805 16052
9396 17936
7029 9204
8854 11653
3219 9084
3007 20455
11399 16981
10781 14587
2619 10662
2912 20660
3308 8865
14517 17455
7401 17055
7517 18846
4605 20158
1568 10573
5588 16086
7162 7822
3842 16427
7674 17310
1175 15632
9610 11548
313 13079
118 5225
6867 17834
259 3749
2043 2327
1234 21037
12189 12444
5989 15728
11270 22536
4511 20603
978 10542
9862 17466
12113 19787
10700 15747
10086 20635
1482 7027
19792 20579
9924 17138
2502 19542
20630 22425
452 22858
6774 20910
1902 15953
5312 22727
13499 19563
14777 23100
9170 14146
2219 6212
5764 12661
7692 10508
12866 22751
2965 3169
1402 4794
5535 5737
11486 22536
1438 14988
14730 20133
153 1466
1460 11948
18789 22384
15212 19388
19 15323
4244 10597
10401 16343
20025 21639
5605 16069
7610 16782
5697 18536
20464 21411
2822 4832
6333 7174
16264 19161
9881 22960
2759 21172
7396 21889
2813 22752
12256 16959
8369 21158
1436 1559
6888 11201
12306 12647
5854 10592
4840 11924
7140 7615
17896 22099
8442 22345
13607 16122
3204 12950
17860 21558
2548 22112
1372 12120
21836 22579
9384 9431
2664 19780
12897 17686
11919 14985
4725 22605
8145 9311
3028 16202
283 18014
19532 22511
17128 18471
6351 7576
9022 18991
13429 16690
3986 12142
4972 7517
9152 15919
3067 8921
3185 9459
9615 10939
182 22760
4702 6296
745 1203
5786 10865
10241 12400
7936 10418
5989 18991
11955 20174
3820 13381
4402 8059
12762 18531
21583 22536
7248 8028
577 17275
11924 13696
11905 17297
13683 17627
8209 20107
10699 21407
15300 18176
2588 17387
11807 23014
13577 21688
7425 12068
5441 6622
1135 1536
14217 23113
3219 16700
4503 5783
7524 18991
5501 11739
12163 14988
3639 15870
2622 12944
888 2777
21960 23031
15231 16079
3224 21410
6275 7234
11174 20806
1082 22425
3847 10111
6475 17158
8607 21644
8001 14318
5792 15929
17680 21960
6049 6125
4643 16530
6002 19958
8941 22217
12683 14506
7845 18516
10097 11639
17367 20476
9421 22487
2609 3126
7262 22333
2487 18993
9804 9841
19036 21578
3614 11176
17202 19304
1389 14029
65 16719
2871 13883
7145 8240
376 9539
15112 17223
9179 22707
2049 15487
573 21373
4776 12586
944 10594
2358 21076
3242 5770
1669 13643
7041 14877
192 2431
14550 22956
6343 13165
6213 13749
12993 18544
10187 12487
3561 21913
4030 20623
10094 11649
4468 21307
11009 15833
10381 13144
1781 22879
14666 18954
13096 23031
3364 18293
5269 20063
13 6324
134 18991
15060 18842
6191 9944
13689 19489
709 13480
10634 23101
15275 16105
1905 12735
3694 15210
1025 19898
12554 15155
1093 8349
2897 6419
5154 5431
2997 16459
529 17800
6403 19898
7993 22114
13534 16926
1173 17210
13632 16237
3772 14991
12682 18842
3644 11612
14711 15628
5864 22517
1021 1573
12361 16194
1992 12626
15569 20829
500 18049
11784 18373
2314 7436
1627 5608
1707 15845
10217 18223
9621 19509
16047 22950
6052 6149
2081 2503
6080 15178
6229 8046
2158 5370
1612 20860
6303 13460
9426 9737
8434 10629
11951 20195
5920 14854
4845 10494
4558 18532
2431 8854
4614 8496
2439 6606
8981 23061
13499 21907
12607 16440
5281 8562
846 7732
783 9381
13078 16582
975 16703
9534 13449
1968 21291
5554 19907
400 11772
8387 16489
1375 15636
20314 21919
1536 7528
8863 18961
13864 15939
17928 22900
6692 8637
7073 20729
2030 21365
1848 5840
2911 4334
6036 21835
2764 9119
6547 15130
6415 19253
630 22331
4067 8416
1160 20541
12937 21700
11873 22099
5320 16600
5771 17861
1946 11440
6242 12992
18053 21935
20471 21977
6583 16696
14619 19717
15451 20960
3399 5810
11677 17751
7944 22331
879 3752
4300 6248
5696 21450
1320 10932
1872 4443
13645 15329
3960 12682
1501 12105
4074 5157
9011 18890
2195 14850
632 4783
7773 14506
8854 21274
13499 15516
10723 18450
1900 7785
12371 15123
1598 9005
10923 13162
1707 16521
13804 18884
19582 20051
7163 20848
6548 8834
12554 21765
2124 17808
1197 6875
12188 21111
7205 16734
11649 20795
2489 16765
1926 12024
2201 5206
8821 22568
1176 19339
3432 15226
16251 18495
153 8360
528 10644
16654 17494
56 10076
1662 17016
5550 13801
21775 22793
3166 15590
825 1109
952 21095
1029 2666
11156 20323
9112 14877
5775 20129
5752 22557
14073 20922
9848 22779
3064 14252
7145 20091
4310 14593
999 12093
2694 20761
11865 18260
4123 10865
6624 14893
2506 17821
7899 8681
13816 15647
14124 20603
9819 20342
5607 15113
2610 13177
17782 19533
11859 11899
6516 16472
10206 17112
11584 22914
12138 17879
10631 21955
6 11913
10994 22359
11269 22537
16635 17989
11639 20594
10199 19687
8633 13983
6440 13813
3163 12160
13495 21615
7048 22026
586 21661
8771 14692
5835 10296
5393 19500
7262 20596
8050 22354
15443 15679
4084 4171
8999 14214
10918 12846
18333 22940
18214 20649
8987 17061
1823 12046
4042 12829
5448 20450
9093 16091
3509 14160
3053 5164
4628 13776
3725 7774
3997 16252
1208 3449
17275 20293
3750 13125
2104 17800
12104 17318
2558 5294
9369 21065
9315 14134
556 12168
2580 21711
5039 9141
5281 17884
13875 15154
2513 4533
8754 19931
8638 22100
7799 11813
1281 7196
1803 4039
4500 21707
16429 19347
10093 11232
387 2792
3097 13377
10093 11639
328 8554
7985 14372
3063 15678
2873 4279
18814 19394
3746 15068
6271 12485
7626 10134
10904 13316
2 13152
3010 4027
1541 7147
15468 18723
16585 20283
902 9430
7631 9516
6755 7289
1495 10080
4345 22427
12111 19144
7494 11740
9373 11919
3242 15005
13313 22493
14561 16593
6588 18641
17611 22835
12911 21232
13543 15788
731 10964
10855 13735
11129 22069
8856 19740
5905 18066
8054 9700
3260 22221
3928 6096
17175 21370
3965 11175
1573 3832
19807 21643
747 20813
17394 17694
8339 9056
14455 18417
5359 18941
1537 21914
14365 21823
18729 20026
1047 17849
4159 21919
7732 15415
1889 2162
3486 3487
11910 22924
6497 8053
11444 12104
13329 16566
7680 19192
14863 14973
12834 13818
15203 16338
1381 5383
2792 10099
3330 9987
3889 11628
1693 22525
18011 18185
5507 5833
14395 20402
12569 19171
15342 16194
10768 17606
8663 19031
6349 12847
8382 9122
7958 15408
9798 22137
8010 22377
5481 5755
3308 13096
18905 19123
890 12433
3335 11890
3324 4800
4076 16376
4216 12108
1156 10097
14705 15016
13133 13150
11754 22224
12889 22585
7341 10942
1516 10093
2767 23053
5894 21374
9857 10198
402 2049
489 19880
1333 4495
8573 9300
630 8989
17513 21025
11149 19003
10286 19287
9204 22744
1047 9852
591 7438
3581 22938
1926 18966
2685 21805
604 1841
8001 13872
19580 21323
846 20813
10063 10190
3863 12758
1406 17032
12763 16746
11224 14368
11623 12179
15069 22610
3552 5122
9061 11626
16164 18846
447 22744
10466 15203
3718 7739
2425 16161
16170 17424
2162 11642
2717 3780
1782 16139
14010 17768
10530 17296
1399 7259
8425 16810
2182 3070
14019 19670
4043 9373
7147 21765
1786 9290
6646 22092
416 1989
4173 5098
8928 12081
1205 6105
4613 4744
8967 18820
2283 8523
2996 18874
3089 15790
16314 21930
3342 16101
13540 18026
1535 11924
17944 19298
752 9113
15994 18840
19203 21364
2314 18905
7279 17501
9430 22100
705 23034
10081 20419
6844 13753
3920 9286
2068 11990
18905 19722
1823 1830
4033 18205
5847 15389
10879 14482
17936 22440
11084 21268
5096 15277
16449 21031
18229 22309
4838 21698
2899 9209
5656 22954
6845 10438
4443 19860
10383 21519
8795 18475
2245 4067
5202 18862
4514 8267
2700 12122
20041 22680
18163 20688
8887 17918
1009 3837
9435 22536
1910 18720
491 15587
978 10471
5234 22511
7147 20398
22784 22854
6874 19792
13289 22336
771 17599
2144 22578
9076 22782
11894 17287
4439 13585
15975 19554
10121 14794
93 16562
1812 12950
1821 10644
21508 22639
7106 13065
3681 18517
10259 13272
15688 17803
5390 10722
3286 21327
16687 22425
731 19193
14670 19034
15899 16727
8967 22326
2755 12335
5221 10400
15059 18236
14403 14738
8637 10225
14048 19931
15609 18373
500 7082
12271 20492
16460 18954
19837 21770
1106 14279
6114 12277
1751 15690
289 4537
234 18723
5043 13636
359 6095
7946 9697
6827 18338
6044 12414
2651 17634
5816 16624
7309 22183
9425 20552
1813 21127
2365 19931
12230 14811
6095 6958
10063 22696
5260 10836
2764 12013
3926 10894
10903 21744
14918 21453
3425 20266
7817 18506
1278 15744
10027 16977
13149 19400
8435 14895
4704 10754
4892 12207
1471 16708
3960 10918
1881 17312
8102 15277
7817 9218
6452 7828
9886 18303
11721 18503
383 11894
2146 18062
8047 11628
2594 12406
8838 17307
5421 20949
2961 18967
11143 12343
10941 13413
17063 17150
11742 19957
12513 13227
5267 20612
3593 22938
15300 20218
12013 14989
3072 11389
18657 20868
5573 13260
3990 7245
16459 16970
7263 14402
1781 13556
8372 21158
429 10826
11508 13137
5279 10198
9665 20103
7733 18803
17989 19429
3068 15576
535 1516
5568 7157
9730 19542
7349 16334
16711 18786
402 22278
1814 19779
2444 5379
876 4311
1215 7079
4910 17945
19123 20188
523 7594
5268 13810
253 15211
3260 22598
12399 20859
18156 22782
25 7099
11749 15893
9002 14545
2948 3986
2937 5377
10731 12255
1514 11910
8537 12533
36 16295
10588 21573
11394 16047
9700 17884
12515 22366
7674 12895
7876 8863
7347 22689
1230 1488
7897 11867
18186 22896
6365 6942
1621 19126
10123 14772
7587 22083
5082 6956
9404 9799
850 21951
356 1415
1434 4882
1627 10631
11769 11881
4075 5786
8050 18735
9106 20446
8527 20300
18754 22064
9207 9832
5306 11770
3355 8679
9012 18980
14416 20474
5592 18460
14785 18842
13835 14779
5755 8828
4649 5398
3033 16419
14282 21471
4458 18845
496 12131
4564 7897
9901 12673
9294 21393
4522 19192
10934 12261
792 4908
10525 19273
2334 2589
6138 9228
12215 19113
1852 11536
1121 20438
2881 21995
18780 20395
10651 20569
10980 19786
13218 13878
5009 5301
7656 17485
1585 4767
13699 16110
14038 15621
3896 12707
8266 10296
9835 21648
16130 19188
4173 10886
16959 19309
5173 17485
1504 9659
1199 9403
14484 20384
4289 17412
7489 21139
16686 17450
14389 20474
6591 21960
409 12963
12013 19924
494 21781
8531 20569
5535 7466
9303 22523
6994 7140
2402 3356
11955 19488
3010 5849
2038 17729
17748 21825
4536 7035
7773 13490
15893 20728
4001 16152
13316 18301
10418 22557
16097 19498
15658 17959
13789 19419
19018 19514
5275 12282
9205 18267
11807 15591
12194 15763
1075 20083
19563 21284
15133 17913
11735 21608
15668 19793
2587 14757
6529 7434
5702 14973
7301 16672
983 10093
326 6157
9015 23007
3695 4767
10452 11538
14503 15043
4325 13644
8193 10552
11976 19708
15906 19710
1154 16088
249 20365
3779 7073
14011 19058
4725 9077
7325 19625
4037 21722
2874 11822
672 12067
1338 17748
18185 20792
1113 1219
10470 19787
11607 20454
4322 6258
2743 4713
16085 20515
971 14757
5344 6258
902 15616
11401 23048
17884 20554
8892 18520
2113 6320
1003 11640
3896 7102
4784 17718
294 7301
3313 21620
13721 16700
13688 18102
15467 16710
16194 17446
2792 22560
8863 16862
16110 21375
18474 20754
11939 19551
6807 22199
6387 22306
5549 11908
8428 22258
18841 19174
15024 20200
1656 8287
2119 20183
276 3768
3706 8267
9775 22083
14608 16085
5907 18637
153 19387
10631 14220
10735 14856
14038 22153
10199 15657
12520 22829
12228 18665
3615 8018
814 7497
7350 8832
11112 14546
2809 21037
8160 10143
2552 13666
10980 19596
5592 22563
8971 17090
495 4956
853 10869
8402 20901
4289 10559
7101 14089
4132 15758
7040 13449
6311 21678
13504 22465
3262 17169
8765 22345
1179 19931
15893 16530
10386 21349
13491 18253
2283 15825
15376 16135
1499 21658
1444 22358
1962 2108
6655 9625
2170 13120
17594 22990
17181 20571
292 11637
10915 18985
13072 14283
14033 21457
2241 20647
6938 18949
5507 20490
18253 19455
9156 15849
4519 8142
3346 10047
3118 22764
11610 16559
7073 17356
43 10598
1470 14504
5327 16094
21110 23011
1962 11061
825 6490
10754 22610
3877 18573
9252 10309
3175 20912
2770 2965
5763 12758
13521 21844
21120 21599
3108 19832
7009 17529
1481 20066
3356 11891
2782 6073
5222 15036
12950 19931
8173 8903
5804 12121
1093 14283
1359 19217
7754 18750
9463 18624
5535 20655
7055 20569
4930 7504
8039 12959
2043 13043
10490 22557
7201 19095
9359 16173
11061 15800
1299 9077
807 2995
695 15689
9399 11672
9616 11102
3996 12178
13008 22025
20092 20849
19127 20661
12064 17078
3355 14275
8981 9306
11015 21999
4839 21888
3383 13130
4920 6940
10525 21072
13084 15715
12880 21272
5290 19692
10104 13372
11422 15922
10712 11674
1514 7415
15912 20557
2323 14630
5464 12145
16105 21722
2154 22606
9519 14226
9384 9707
2357 12395
18270 21397
12846 21697
1620 11673
7575 11162
17729 21596
5899 11649
10871 20276
2482 16373
5977 19451
11653 21568
553 6654
2792 13124
1437 11018
10193 15510
4972 16790
13551 14931
314 8486
1946 14122
5227 14284
8573 14290
12475 15873
6767 8403
5112 19213
2895 11293
3273 10270
4407 19448
1080 14995
11626 16232
7104 8554
2181 16205
4249 8030
424 4519
12754 15893
3923 9514
7817 18497
3588 15403
2895 8193
10966 14479
12778 13670
6122 12381
288 1552
318 5849
19893 21672
5615 6846
3166 7121
9839 14888
11653 16846
4702 12692
19282 21836
856 13124
11913 19986
15592 17419
13583 17989
276 17069
6909 15967
5313 17841
438 4131
5159 9797
3160 5877
4335 19901
3415 6808
4320 4479
3115 12550
19748 20310
6457 21370
7989 15183
406 16223
4583 20659
9037 9973
3303 11963
529 22202
6390 13170
3295 11393
3596 14715
491 11314
3748 6882
5642 9345
1216 1634
4227 19189
7424 14346
4435 13861
7685 7916
1519 5312
3461 17770
7076 21594
2910 10110
11050 21370
6916 22137
5910 19446
5433 22344
4836 13822
13291 13491
5900 16178
3178 21025
10191 18704
4773 7842
5507 10451
15468 21542
11783 16886
2042 15438
9806 9807
17539 22026
8878 22559
3077 14416
3329 7686
10881 15358
1221 2971
2496 16810
2183 6624
105 4124
7591 8220
1919 16214
803 17387
700 7545
5336 21472
7121 7247
17455 20144
13206 20522
5907 9004
3850 18796
13296 14088
5587 6159
512 3018
9247 20253
1010 10482
12987 15951
7951 16776
2310 6142
3378 13461
7328 16361
3496 4042
11701 22486
6402 12439
13696 15728
13510 17599
9720 13228
1131 7873
20091 21306
2357 5336
13368 16498
1925 4501
3814 10381
780 9904
8498 21050
6184 8856
5019 6978
9237 9901
494 20497
8408 17272
20616 22914
2127 9170
5920 20850
17524 18873
16615 18640
11612 20868
12821 13540
5864 11185
3957 7320
4274 4460
15319 16696
13659 17098
10817 21020
15539 17163
15739 17748
8002 13154
10476 18962
1006 1452
3175 7532
7233 9237
1324 4809
9879 22207
9686 16019
8873 11567
269 9688
17629 19779
17648 19559
283 4744
8096 22089
938 6148
2351 13118
10611 21273
8916 15158
1956 5476
2314 7533
944 22536
1565 10280
14473 16489
15425 22415
17016 17212
7209 8642
553 10520
9936 20787
14561 18195
3957 22048
1472 12813
14973 19344
215 20477
1336 10250
4288 13453
9848 15902
12400 19748
8396 11642
3191 19065
18234 19826
1314 16679
2070 19446
2496 19675
822 17519
11850 12950
4816 16560
12289 19217
3232 12626
14349 19843
5092 10681
4729 10564
14216 21765
5092 22744
1017 21349
14374 21415
16857 17862
9756 15112
4267 17248
1662 7657
2760 3066
16460 17169
12522 22425
3651 16600
3026 7628
8999 11613
9810 11318
7798 21763
3063 15677
7497 19803
3943 9289
2784 14674
12137 15156
9504 16743
19765 23016
1573 18725
4611 5248
3226 8030
3434 21077
3108 17454
14172 22016
6355 17545
14652 17585
173 21512
2156 17641
8070 19894
16593 18195
12712 22642
11460 20139
3962 14519
6016 22000
19547 21137
1447 10960
15082 19317
6297 16233
3957 17888
852 5667
12871 13447
10292 13651
774 14130
7132 20489
7516 12284
1696 20262
2283 6742
20626 23075
1459 5927
14223 16868
12977 22991
7300 18980
1574 7027
13172 21825
4562 9157
10806 22956
7068 9076
3010 5079
1208 5327
5618 20904
10546 21836
831 22172
10335 12099
13145 14835
1571 20676
1453 18676
1302 9378
20035 21609
4223 18585
12515 13160
1270 7963
4959 6984
630 11649
9125 12116
3085 15322
21366 22100
16817 16942
1088 21063
19977 22572
1402 3936
9615 14977
8046 15252
7489 19115
18397 20782
5146 5279
2862 6254
17009 17753
339 20608
4708 14866
2962 7217
19711 22824
8077 8955
4256 5740
601 11744
10182 23066
12864 15057
7048 9852
11261 15940
6619 6843
17798 20448
12617 15016
8267 12033
2827 15458
292 6074
10459 22207
7836 18634
289 7790
2419 15590
1179 21010
10278 21232
1402 8119
2279 3308
634 5562
6341 12562
18544 18813
19337 21609
3738 4525
1490 1559
1483 3479
8979 22600
13658 19772
8922 15055
3696 4274
458 10146
3731 21648
1514 11928
8238 14439
16600 21198
8894 22403
4947 6471
6157 8554
468 1372
4983 17142
13125 18512
8648 14272
3320 14277
2808 10212
292 12893
18742 20032
10099 10111
13104 14125
8607 9720
11896 14762
4769 10906
11649 13061
2777 8382
8040 9695
5313 12598
8944 13649
8095 10093
8951 12188
11066 20426
13493 18253
3110 18098
1390 15487
12280 19415
3093 21519
13978 18690
5475 19042
17778 18934
13546 21329
4233 17020
8703 14707
6347 13524
11350 13480
16302 20675
17266 20954
10097 13645
8376 10952
9804 15394
16428 17129
14073 18703
6654 7517
5113 6071
5812 15924
5715 6770
12453 17333
11377 22114
4972 10217
3261 18951
1838 21599
4919 17393
4725 19314
8588 15830
5301 22724
2624 6311
19078 20583
5550 13645
3957 7308
9213 21386
2694 17013
17577 21792
15783 18845
12780 19122
2796 19977
289 2914
2042 7276
7614 10164
1968 8597
3275 15125
34 7948
3573 21110
3089 23101
1669 8952
9018 12131
2792 8400
1573 8995
9986 11653
2348 21475
4122 21647
10750 15689
1620 6867
9320 9415
10517 12950
18911 20510
2671 7297
10183 16868
12564 13289
6880 19749
10796 14474
19526 20317
494 16705
4538 16665
10034 22003
4947 18941
3768 20321
9289 13067
9351 11976
10166 12284
6803 11288
5440 11120
3818 15991
11148 13277
2982 5943
14109 20892
2792 6174
5758 13262
2760 2886
13963 15811
5415 16107
5507 9886
5429 19002
11852 12069
457 5797
3033 11005
6124 13542
4533 12296
17113 20569
2202 5974
20457 21317
5985 20469
10080 12036
4794 11875
9904 21955
1600 16450
3043 12284
4675 14865
6094 10183
2284 20137
16195 20074
9497 13711
9287 9418
3711 9080
8099 10944
14309 14696
2570 13720
8865 12282
122 21162
3563 16434
15449 21637
10128 10483
19339 21079
13142 18503
9080 10147
15295 15318
1227 8353
8856 11637
9324 15232
8882 10381
7625 13540
19553 19665
6257 22647
14880 20882
2096 19446
9942 12121
6891 12585
3891 10180
14318 21837
1841 16683
3025 22175
14988 20553
6276 8146
5484 10454
13449 14613
12146 14282
6081 13341
10008 16975
10631 20209
6035 8868
5171 11954
4193 5341
1179 21491
5080 16710
15488 20437
13730 20465
2986 21715
7459 7803
10805 18887
5164 15681
3103 8333
10490 11649
3530 20081
18112 19680
1498 12897
2578 5761
1827 12549
3010 21530
1919 10452
13499 21420
18316 19892
5753 21644
1480 19969
3389 15597
9639 10874
8089 9497
9060 17122
10581 12790
15647 19870
4031 20824
14550 16727
4538 5702
478 19297
13447 21995
9516 20884
8957 14455
12951 22346
3080 3479
2772 9170
8509 16063
15422 22137
10093 16593
1392 6510
1680 16023
3939 19884
13101 17099
1573 13476
1730 4796
1537 3077
3828 14649
10344 18523
10259 21190
2792 15232
12320 15805
16282 20670
12083 20888
161 3959
14832 20987
7308 9695
10612 14122
6080 21945
11832 18816
8925 11988
9073 20337
6763 18970
8633 9647
9619 11415
1881 9719
2926 21092
16293 22173
14093 15830
457 7359
12465 18951
4088 8024
5322 20644
7015 17884
1532 13198
17356 17601
17223 18756
2506 5661
4600 22073
8795 20020
11204 20659
5984 11257
12802 21961
2792 8515
9472 21332
5958 18835
13679 14479
286 2264
880 4217
1929 13413
7337 21602
2308 5339
2317 22700
1889 7663
6994 7073
9768 15064
3406 14330
12585 12895
2221 12691
2324 8063
6875 18267
305 11189
17423 21148
10111 16438
2760 19474
7429 15134
652 800
3454 9755
5839 12671
5658 22354
9497 17419
5962 13070
318 21743
581 10157
13731 18612
5065 21440
5848 21701
11353 22689
11546 12993
14275 22249
4825 11524
9567 14996
5772 8769
2932 4430
11293 14781
15647 18182
8765 10641
10831 10878
630 11637
3223 11727
6693 19884
6798 12454
6153 21935
4614 22425
19077 20620
3875 11080
12407 18991
3759 21951
1841 8811
18198 22418
2792 7923
4636 18619
208 20254
7932 9247
12820 14807
9623 16696
7755 12289
1959 4019
4974 13195
8416 15043
3957 14172
13154 18377
3810 6604
10827 12154
3064 5716
7648 13027
1233 1892
10150 17709
12258 12313
10248 13480
5550 19206
14207 17494
8641 20015
16363 16474
14869 17596
9325 11293
260 6393
7443 8998
3043 19272
5360 21001
133 20659
11233 17519
7559 15430
19019 19434
3056 16658
13536 21765
14666 16267
3013 16527
6685 18433
3175 12627
15331 22373
17224 21186
13120 16429
15703 16274
10731 13865
18223 19456
13811 16334
4123 20284
8830 10367
6177 8459
15295 18839
5898 17895
8132 16404
14874 20638
1482 7415
3027 18415
21643 22902
10593 12156
5927 12778
15279 19047
4401 12335
10215 22345
4564 13291
18214 23036
7637 8552
1877 8167
5522 10836
7717 21481
1316 1693
4228 21353
4158 10134
3938 6349
15063 19990
9447 14122
11649 13525
11628 20489
3159 8660
13949 14103
9438 22596
3997 13623
5843 11518
11398 12977
9539 12126
4104 6423
5448 16606
9466 16210
18483 22217
1749 21320
7516 13326
1743 19510
2482 18909
18741 20659
16526 20091
135 22178
2236 16770
4538 10367
8369 10082
5320 21288
11711 16194
7653 12895
4857 16671
35 3744
13708 18377
2506 22458
7945 13729
6659 15728
16066 21310
2661 17470
11742 14410
17286 21025
14721 21511
10865 13684
20806 21677
931 16973
12585 16456
17609 19563
4485 5518
5647 8162
8810 14379
18309 18794
6626 21955
5527 6862
301 19282
12885 19516
11445 19334
3943 23113
3642 11742
13374 15318
846 1516
7428 7806
7459 8634
7174 12492
1227 1499
16681 18086
11943 14848
10727 17009
7794 9122
952 1155
1359 12289
846 1573
10379 22445
10912 15366
10631 18302
15811 20169
5399 19672
14206 16352
3136 10447
4182 19061
9539 10003
8754 14531
580 16849
17370 19124
12029 20663
2561 5398
5746 6483
17849 22026
9539 16846
1751 15647
12819 19737
4730 20117
12207 18207
14998 23055
11239 16079
1716 6505
3285 6549
10567 15833
2339 11782
7073 22383
1707 5534
8538 9539
3960 13640
19208 19509
4578 12136
9621 16635
3920 18589
17542 21717
17759 19898
440 4751
1185 9709
3655 22226
8596 10286
7828 16494
18621 20896
8981 10065
9818 12496
1449 19278
6655 13786
11649 22258
159 22444
9637 10964
8409 15311
470 7829
1391 22609
12284 21056
6089 9483
4473 20384
7489 14288
12884 20168
1774 17316
2101 18067
9853 22057
4738 19923
1695 20397
10392 18240
16485 21502
10723 16053
17359 18136
455 2763
411 17304
944 4729
7490 19617
7868 12125
7843 17352
10592 22557
8665 17975
16922 22786
4935 9695
5421 11560
2800 7047
7163 12169
5866 18867
5122 7414
12971 14856
909 13405
3043 19479
11701 22603
16336 17799
13720 14261
11239 16085
9074 22389
294 10940
529 17991
17543 20982
740 11861
4746 8179
149 3726
8900 18668
11103 14970
13978 17636
6184 11484
15644 21914
6610 15388
1346 5053
12683 19569
6578 13880
1282 16959
3549 19367
1179 21508
4613 21510
10754 15087
3588 18267
14008 20878
6571 13029
19890 21393
6722 7951
1605 16886
12613 15296
221 1742
3016 16388
2245 15354
3883 16018
4517 19535
15236 22567
13645 14438
8299 8794
8867 9378
9549 17489
10628 22344
11611 12383
21 21889
3958 21270
1853 5006
16140 21076
15862 18911
2790 14046
10102 20891
14274 20824
7668 15902
2958 5641
14371 15893
18054 20571
4729 14766
9138 15901
817 4538
20304 22557
8102 15592
3960 21662
5598 11998
3553 16937
15373 19379
10345 22574
3609 5360
13896 22012
4268 20244
3609 20491
18500 21777
10935 11691
1371 17261
5044 13421
3383 7432
13046 14528
1083 18095
5419 12057
6505 13008
7795 10894
10098 15232
881 2664
1506 3574
4224 19056
8076 8610
2899 9700
1318 17824
12528 20644
65 12606
4989 16521
12313 19541
326 14593
4154 11479
326 15430
3985 9587
15275 21722
13066 16314
13872 16600
7902 7939
7470 11637
1343 10367
19127 21668
21859 22768
4706 22284
5771 8660
12036 12754
10471 12699
864 19498
9926 22692
2778 9878
12678 19974
1490 13751
7425 14863
18323 22217
16758 22335
2563 13883
2818 8923
4229 4582
17201 18385
6671 14503
9225 14624
20171 20927
259 9196
8023 17722
13045 19042
1174 10745
2831 5899
4037 12540
5598 16122
3260 12522
6262 10097
6095 17964
6037 11307
4485 12850
1883 2595
500 22292
5980 7106
4082 6095
2208 11876
1919 7320
2819 11857
3573 14330
8567 9796
5615 12993
13335 15801
10845 13771
4933 14686
11230 18401
15668 22515
7251 12699
8838 12136
11649 22432
19756 22814
11886 23057
7876 16927
6776 8623
16601 21415
16572 17572
2308 17353
937 15345
6535 8147
11943 20970
483 11792
2240 3699
9306 17158
16905 20517
4613 10381
5344 17622
3381 10355
2393 17327
6320 9687
7164 10274
4749 13480
6420 23012
15082 17793
14265 18049
2834 17994
10993 18825
10270 22572
6586 9609
17673 18630
10217 11333
3346 12838
8292 21159
3244 8948
10215 10386
937 5783
4117 5345
4743 20262
6002 14325
805 15480
3779 13813
853 7226
6657 7428
11813 20283
7997 21927
2145 8631
575 5164
4035 6158
11170 11903
12335 13429
16606 19297
17022 18885
3465 19855
7384 15386
13048 14887
1082 22847
7516 13788
382 18156
7265 10759
17133 20659
18636 20582
12896 22113
3122 10024
398 14951
7334 11015
5115 15832
5990 14203
3701 7755
286 12125
13778 14550
6958 8426
2920 11280
2792 12557
2887 18607
13174 20965
3321 5180
21159 21637
2506 7247
4485 18407
2823 7081
4379 7389
6660 17370
12870 17981
8377 18986
2186 12654
4840 10183
478 14482
9136 13298
12413 17967
7450 16943
636 19553
11642 17908
15042 20559
3091 9539
6375 14973
2457 23029
9923 14537
7232 8973
11357 12828
693 10937
19252 20316
6484 19853
10065 16805
664 20129
5724 6163
11917 16582
13259 22579
15109 22196
6865 23081
5573 6808
9601 20293
6318 13564
2976 10626
7353 18428
326 15654
3549 16103
502 4323
8369 20122
7191 20042
12101 16681
6679 13931
376 19884
6176 14675
19333 19894
1604 7935
1506 16526
4247 21825
135 7387
15271 17809
2371 18905
1222 10826
6468 18761
6992 21717
11363 17871
10068 15530
1051 16816
754 1706
14587 15240
7650 9472
3558 19779
288 13019
12044 18692
20402 21725
2829 5162
2116 13785
5447 23050
13976 21788
894 22275
3453 21058
10031 13177
3476 22119
2888 10634
7773 22288
3786 8870
2996 16529
15160 17950
15470 18788
1499 2176
7022 13958
1476 9455
19574 20433
7451 16265
17439 19419
2755 2931
1538 18967
1471 11847
12993 13054
15930 17485
7920 8267
15148 22941
5562 16963
4968 6033
15206 16164
624 7159
4075 13181
14340 20927
3077 13877
7874 9245
11919 21385
7516 16989
20129 20278
3995 17223
7630 11699
2760 14654
12243 13202
14665 16649
8694 19422
7148 22622
4369 4510
11781 17994
5991 8912
2716 12406
3079 9742
9493 10799
1698 20037
7914 9457
17328 17802
11007 21834
12175 19550
776 1158
3208 15467
8856 19236
8057 20594
12878 19007
6225 9004
18768 22176
15217 19094
14968 16842
7810 21872
3508 22760
10175 20121
7553 16605
19250 19421
17896 22551
6875 15974
13785 23114
12612 17386
13871 21658
20868 20882
2094 18856
946 18576
17742 23049
4382 8056
2120 9547
1572 15680
820 7086
1649 15132
138 13087
11199 21366
2721 16921
7674 9122
3936 5592
3482 13067
11647 17580
10099 11732
6576 8591
12648 20266
69 12594
464 17842
949 4268
10468 21373
7400 9731
10576 10886
946 21508
4895 14856
12793 22541
6803 21336
4032 10297
8225 11769
10792 12781
14880 20868
15676 19516
19250 19446
3784 12389
1372 22224
8102 19036
14847 17410
5817 18548
1436 11201
10532 21093
8284 8988
21840 22432
3135 20429
3156 17959
7500 15690
5594 12258
10634 21781
2920 15829
11649 18195
5537 16912
259 1482
20957 22276
9212 18718
17394 19020
19699 22025
4180 5589
2760 11376
173 8441
17763 20888
14726 21047
4947 7104
20129 22536
13499 16091
10648 14946
6439 21242
14049 16521
7471 16047
1364 11629
949 11036
2546 7029
1425 12193
9170 22520
4769 13084
7489 19931
427 14477
10134 11653
10049 20659
4743 11905
10381 12910
7145 16526
3023 13373
9329 22704
7850 11047
15288 20733
6945 14525
13221 17186
2929 8390
853 12094
9240 11973
19855 21232
6849 15453
19725 22770
468 22224
5767 9264
246 1308
1679 5987
11224 16878
6218 11876
4770 12385
8446 17941
11284 22343
12555 19306
6779 16560
8471 16653
1225 2287
20108 22016
3274 5284
4556 14149
1469 10109
3324 18442
2352 18597
2123 21320
10941 19332
6493 22344
6489 16340
10404 14483
5608 16549
7944 16007
436 4841
7618 10826
148 5310
21592 23096
13107 17596
5993 22388
4553 16047
6447 14081
7963 12950
2319 20773
889 4042
1198 12583
10521 13824
10813 16619
3557 12699
3304 11362
6120 6393
10788 22455
11771 18480
1425 10572
2101 5989
8567 18415
8288 18003
9202 17623
12993 18813
14855 20267
16320 17282
818 8389
3006 19227
12011 17327
6390 11646
376 19182
497 21248
10211 21852
3787 19744
5171 14122
4290 19813
7663 8720
7938 14540
13676 20304
4596 5721
2901 4564
2512 22740
2961 11622
10631 17526
1582 21249
12838 16103
5718 21576
11134 19295
12587 22379
11930 17133
12585 20319
1201 2245
10154 13411
9369 12673
3855 8267
6637 12125
3437 8525
6320 20763
8925 14829
1556 16103
2975 9624
3442 17537
9427 17581
2885 16846
10632 21116
4882 6184
1539 10049
5724 8795
11431 14322
1535 21608
9807 14004
10265 17548
9365 10643
1799 6671
349 10010
7366 22727
5470 10502
6733 19438
18301 23093
10211 21116
8364 16521
8002 18656
9720 19040
4983 14895
6671 10735
2325 11790
12992 22330
3655 20812
3433 7080
9314 14653
11659 16514
10357 19229
39 9933
9399 9684
12682 18625
5801 14549
5420 12739
1374 13803
20952 21774
3234 20239
4617 6095
259 18421
12471 14039
16736 17454
2056 5448
8025 15277
8795 22564
5202 18106
1532 8197
7221 8089
11907 16600
2456 16788
7434 13716
5334 22380
11798 12412
13665 16600
6619 16362
3517 16472
22 18345
8079 18421
6632 14500
1680 12284
11611 17152
16546 16992
15240 21528
9761 16459
3471 12542
8063 16780
2664 8382
11224 22197
11446 18705
4405 7401
1198 21491
8677 11876
830 19532
368 13002
15719 20936
11649 17055
15238 22326
17452 22380
6996 11703
14649 20676
9415 15005
10527 13156
10861 14813
1933 22854
19115 21332
5086 6255
5984 20335
7540 7983
5602 9187
4826 13040
3483 10476
9594 20351
8033 15107
17266 20478
3876 6098
12657 16187
14160 15996
2442 5360
2413 18059
7386 17748
12631 13480
18943 20612
8474 17523
700 4171
8951 16388
8703 21508
899 9133
6556 10886
10924 18214
8412 17692
4554 16574
632 3305
9595 10597
1136 14060
2731 14653
7320 20554
5142 22292
13098 19542
13657 21590
7685 17634
546 9841
289 10183
5148 16560
15112 21360
818 19446
11742 12258
8768 15240
13669 15759
14004 16388
13105 15534
8946 13694
5565 20075
5292 7170
6046 11419
18014 22513
8502 20311
1409 14157
4974 15940
1781 2503
7718 16631
5288 13548
4794 14552
8499 9914
4966 21977
4553 7527
5860 7106
5548 20266
8459 17167
1990 8395
14674 22869
4935 10276
2193 16013
1314 11209
4349 12106
5535 10754
11980 21548
3702 7109
656 22020
477 22727
5609 8247
734 6227
2239 4456
3864 10093
17144 21311
391 15941
11876 21449
11716 11991
11264 22833
2287 11912
13472 15893
11358 14625
2839 5728
6706 20718
15720 15799
4972 9852
12069 17234
13245 16217
14822 16932
649 17458
13172 14715
13811 15770
14634 15408
6386 22995
9999 20974
9160 20735
18880 18949
627 11566
6949 15493
14935 19817
10884 22614
3335 16351
4522 19520
10826 17446
3665 21886
2756 9964
4627 17066
2138 21760
14182 16978
10051 20042
2176 11535
1205 14636
13679 13806
6913 21234
2522 15883
9212 13872
4027 5849
1302 4172
10886 22354
11863 15680
502 21407
572 9615
775 6187
138 14797
5281 12033
2162 20438
5978 22207
14896 14973
1413 9293
2377 14286
8652 12716
1760 14125
3422 7516
7941 14232
5261 22618
9322 15952
12272 12884
6875 22711
365 4139
6994 9403
8231 20312
7390 16530
2460 16931
12297 14948
955 11309
4498 11976
15123 18607
13519 19910
7834 19192
1517 14207
741 9561
289 9261
8057 13172
1585 5886
18270 20447
5150 11333
1643 18171
10093 11293
5224 17173
13220 14352
10730 17853
5137 6396
7349 8276
19190 21698
5964 15121
16202 21725
17098 17634
5453 14290
8599 19102
9438 10731
7584 9402
4310 7248
12198 17926
8830 19329
16400 18906
4564 21908
18342 20958
2906 9301
16298 17606
6950 16101
5518 19703
3308 16977
7414 17317
1189 9253
6052 11143
1219 18458
4215 8291
21283 22564
9873 16600
52 7075
4874 11696
52 17875
5130 7975
1546 2442
2965 10107
8162 12585
2593 15005
15651 21083
6776 19468
4248 22553
5570 10327
15430 21194
11198 18735
5254 5255
13789 18301
9426 9798
5406 22026
17819 20380
5455 9077
10599 22922
4789 17909
9262 18706
3995 12395
2739 20558
12046 17439
1475 11641
4773 8514
16371 19010
7857 11633
830 21508
9007 17692
2787 18264
8829 19144
5864 21373
4649 12912
857 23076
19004 19781
1838 6535
8135 10854
4982 14035
14799 20403
14217 14895
14616 17948
4562 13118
19003 19668
10215 14593
5593 9567
6125 12603
21724 22107
12082 15718
4013 9639
15497 19031
11643 18349
13732 18443
2669 15289
5702 10410
3824 13603
16123 23075
5666 9912
1962 11232
17173 21955
8183 12913
8428 15113
931 8629
18181 18621
16191 19613
11703 22511
11110 16782
9697 10126
14517 16696
10528 13053
2156 6273
10150 13716
4967 11926
392 14465
6811 15304
5528 14504
7653 11058
14510 21341
5603 15688
563 11800
5344 16530
1019 20614
8995 11917
11782 18615
15783 20201
7298 16660
15797 19844
15130 21655
3648 16513
14094 16600
10849 11554
6569 6604
3588 19925
9632 18663
15219 16037
692 16610
4501 8160
5613 9173
5529 16637
2489 21110
18857 19855
494 14611
19369 19834
4158 11653
15645 16091
14575 18949
12895 14503
6645 15336
7579 17762
5080 21485
596 3303
5301 15112
8717 10427
915 15016
2529 5109
8830 18708
13801 14965
9264 18206
6100 22011
2792 22298
4009 21239
2233 18625
5894 14784
6042 16143
5727 22166
5322 16212
9213 18315
10008 20889
1566 10643
12895 17193
3588 9453
5106 11125
15288 18778
5071 10631
2934 20339
8515 10324
9269 17565
3261 20805
12626 19497
1719 17594
8824 9720
10082 20319
6442 9023
13459 20495
2151 14409
1270 7657
1107 4729
13219 15197
18991 21955
13577 22114
10832 19309
4147 5680
16051 20559
11270 12371
2777 2992
8457 22066
8165 10731
14241 15878
3974 13339
15097 18820
13031 22199
983 18719
20100 22683
948 11281
10120 13911
5658 20206
2347 17814
1898 23050
5019 10587
15001 22511
7902 10665
7140 17884
6751 16731
85 17769
21634 22100
11199 14395
1921 12210
7547 8854
2836 18877
15785 19126
6328 18625
11367 12396
18325 21328
15743 16770
1023 3287
4355 12126
10032 19002
9254 21358
1344 9942
2552 7965
12557 14370
20914 22048
18880 18987
5593 13443
5090 6656
5605 18623
19474 21079
9327 12161
5356 15738
9312 18634
14612 16530
5698 13195
10097 10756
7449 10463
10796 16959
13000 15526
12391 19319
16699 21815
8209 12381
9135 15130
21580 21638
1499 22407
4579 15684
11857 16254
4586 19365
14745 18503
10466 11686
6168 13931
4270 16434
4344 12963
4221 6095
1535 19452
12179 16019
8498 11462
7300 9709
19333 22301
13316 23093
6619 7650
457 1411
1068 5892
1970 12512
10390 20171
7899 16351
4123 14080
5229 19563
1621 1841
10649 11664
16722 17884
946 3864
12582 14587
1268 2210
4729 13243
760 14425
13498 17925
16284 17231
3026 6255
11845 22858
9849 15268
13198 17729
2529 12253
13550 19340
11436 23059
1453 13053
4142 17158
2657 15392
11873 19898
14670 20995
13381 14152
9084 15106
6607 12022
13084 20140
11352 13356
16958 23033
2251 15337
12224 18947
9559 16447
7283 21995
7626 18787
3769 15317
4094 5639
8791 19639
4153 20497
7402 20659
12163 15773
17304 22670
797 8408
2760 17307
5974 14431
5937 19936
8723 21327
68 18818
8329 14980
7527 10299
6218 6797
8409 22657
13947 20109
3024 5191
14330 15947
14612 15939
7952 13037
1171 21088
7755 20258
4027 17228
818 13429
13283 16606
5099 15825
2491 16779
683 22674
8238 19065
2348 9005
31 19139
156 10066
3426 7669
3725 10924
4361 20846
9865 14946
3260 23036
21123 22458
1210 17622
5344 11905
18379 18778
15329 17830
5265 11907
9204 9886
16663 18875
13373 14218
18103 18967
1278 4845
10224 21547
5457 5548
3223 7117
7828 17949
18235 20188
813 11917
10874 11406
7975 14652
12650 16161
9090 11612
4853 11707
737 8919
9445 12348
5109 13313
5403 5859
2897 17418
15232 21310
7917 10123
2457 22016
8863 11653
6355 19818
5050 18994
2589 17391
6663 22274
512 6112
62 15255
3145 4972
9020 10514
841 1623
9290 14621
740 12186
1559 21319
5753 10780
4738 14711
16116 18520
9783 16691
652 11322
12406 13571
8005 15306
5853 9742
7077 14989
16210 19970
14670 22564
17420 19734
13667 22046
11341 20676
194 2774
15349 18462
328 14314
14491 17115
1927 12529
12480 22610
4729 20840
15534 17226
11045 12636
14068 15354
7516 22226
3513 20266
14106 15807
2787 19922
2029 16560
2699 7516
10108 20868
7781 16132
3389 20121
7895 22894
5468 13489
7247 18185
17989 22577
14611 16560
4910 11854
1730 8112
5734 15472
8989 13813
7812 14529
10480 22537
3197 19128
8727 9936
10287 22753
3814 8567
6151 22820
3444 21402
5025 12557
5356 13963
9958 10008
6742 17977
1900 17636
2236 6161
12557 20644
3898 21052
8639 14763
12894 13735
10379 11148
12079 16219
15728 20339
6080 18038
1589 10023
6114 6534
3946 21821
5067 7251
10952 19375
2179 18445
9811 10210
676 8594
11744 21024
4351 11639
3538 10514
931 6543
15461 18071
429 19016
7626 12512
3814 14304
1481 12016
8506 18869
9153 22780
2277 5936
7381 15789
10729 19963
4125 6570
1752 3958
10597 11318
12267 18234
10429 12424
6293 7876
12431 19215
12882 13556
9080 22193
13080 17880
4613 6701
11859 22650
17142 18858
12315 20478
11875 21272
4558 22321
21496 21910
5533 9533
788 14725
1314 4366
6958 18354
612 8631
1010 1250
9524 21491
2950 20824
2181 18919
4845 21795
4649 4807
12788 20309
6813 19563
1436 4289
19753 21311
1089 7395
397 8363
8983 21267
9392 17945
13319 21358
826 7694
2848 14768
7595 7894
8913 9927
3688 17619
6028 6095
9667 14548
18181 19684
4733 20329
18342 21911
6184 23091
5854 11826
1353 6529
2265 3287
5350 16559
111 13516
10648 11952
12052 13262
10103 19227
9434 20591
12397 15968
3282 17668
2879 20373
9190 22766
7029 19931
992 9213
6095 16544
2954 7016
8830 10631
8843 16094
6271 8795
10248 16070
8894 22596
14775 15455
21342 22612
5454 20894
5656 9963
4027 15468
19861 20062
16318 23060
2613 14158
2168 21277
7615 10431
3104 6867
8379 9415
22344 22536
10085 14823
3180 21768
8398 12221
7307 8021
10689 12439
3538 20275
13614 19605
6885 8791
5720 11074
8800 12245
22489 22630
5281 10052
3292 3800
12125 16340
4269 5192
7263 16235
938 16758
6157 9405
13372 22869
14199 17967
15212 18493
1298 4324
6265 8796
16483 16955
4713 6787
6618 7887
3075 9516
14696 15454
4892 20849
3822 5124
9309 17896
13866 16619
8660 16130
3166 7626
7027 10736
18580 19903
2777 12354
6809 15702
1023 2880
3151 4824
11611 18780
1150 21519
4613 11677
6819 18311
2664 11113
303 7912
1835 8378
985 10475
8823 13460
879 20019
556 10082
9811 19641
7711 17086
8667 15396
10749 17219
10731 20820
1972 18844
1113 12188
9085 14647
6530 11057
16684 18519
8710 21746
10429 23117
9404 9475
13720 19299
9384 17549
17439 18172
10217 13461
494 16845
20768 21953
7899 10954
668 7301
2508 16294
1051 6149
2914 10111
1444 8432
11759 11797
3221 22030
16111 21101
4411 8873
5822 18356
3029 12916
515 19416
7489 18518
14266 15945
7372 15709
7653 12585
1970 10134
1318 22457
7795 16526
5593 12898
2006 9346
6746 22536
1555 15204
1374 17655
6234 14097
13472 16529
1166 2901
2461 16373
19684 22537
12048 16091
13710 23091
9539 21063
8574 23099
5553 15043
668 22097
7232 15443
2622 6835
8130 21504
6582 11780
5277 17199
10325 19837
18028 18967
4187 14653
9122 16941
18076 18869
10510 22452
1643 1768
7073 9868
5989 7914
1163 9483
15215 18237
12708 17182
14152 14177
33 5553
3016 6242
1970 20882
15926 23099
8147 17275
3512 20291
8955 9393
14262 19331
11808 20075
2573 9534
6227 9599
7913 18655
7782 20390
2555 12850
6933 13986
190 8206
19424 22132
6921 7276
8021 21584
1687 2911
6566 7106
3867 6846
9475 16482
1898 5447
12047 12396
13865 21037
2346 6851
3609 17478
4658 21707
94 4722
2959 11682
2826 17560
43 8518
7292 10358
5553 5686
3952 16863
11677 14973
9194 10704
1748 15602
428 20676
10861 16836
7754 13571
283 4067
14550 15060
4439 14934
11197 15448
953 6283
5782 16371
300 16337
9798 22100
6638 6882
5934 10788
16410 21932
7587 8769
4773 15361
182 3508
11584 16278
668 21398
7417 15250
18578 19953
2493 14551
9220 20166
263 16676
5127 8898
12148 17112
10322 22264
8984 9669
12962 13716
5296 18992
9435 14743
12214 21387
7071 8405
2505 17976
6149 11143
2265 9324
22020 23000
6961 22073
3228 14071
1190 12165
921 8301
2487 21110
3016 10902
1294 15655
10826 15632
1768 21178
3292 17940
1827 13881
13736 19400
2863 23039
90 19018
42 11497
2837 18941
3476 5834
9188 10166
7565 9306
3408 10104
1259 5771
10093 17977
17675 18766
46 16611
7984 15652
2245 9707
19898 20132
8288 21639
14012 20775
535 885
3291 13404
20032 22559
10381 17993
12182 15042
1366 7216
7301 12186
1881 13344
2958 7817
8390 20438
8868 20375
4358 19753
7764 9236
7029 9524
19394 21854
7038 16073
4369 8000
5060 20587
8139 15540
3588 13872
10082 22130
6311 8152
14291 18640
6153 10988
15011 16287
4848 14863
1870 10489
15005 15326
2271 8816
7424 21130
2895 2935
5218 15800
2265 4808
10212 14020
8745 20377
12719 17661
15090 15689
9797 22100
7527 14429
18950 20235
3842 10005
6163 22557
13614 21831
7251 13673
13349 17809
14696 20206
14045 19815
4998 11584
732 6100
11723 20630
3431 17261
2899 9758
983 19671
6437 9539
6157 15423
7472 8995
1732 12959
18208 18551
137 8833
10941 19178
2154 21070
15742 16959
4262 9454
7516 20155
3567 16501
2899 5594
5684 8995
10634 20444
189 13255
15493 18406
294 5984
2666 14548
13577 20444
5856 22572
3082 7912
6647 9757
19792 22745
812 2869
1958 10325
2097 11917
3383 18450
301 2669
7944 8753
3642 10313
10182 21478
235 3185
15890 21502
1519 11742
9207 9847
8302 14395
20315 21482
7136 13084
3573 13382
6700 15164
8403 22179
4949 16900
122 4926
9869 18967
292 22540
11960 15399
982 1804
2643 7158
18273 19834
5806 8030
21437 21606
130 17401
4892 6767
3091 11649
641 22249
8399 14438
2760 10651
3355 15893
494 15934
7618 12522
3938 12847
1271 6819
1408 15888
18809 20377
12480 12944
8703 21609
2307 11770
16814 22345
10683 21727
2954 8404
11779 21899
6850 19110
20584 23032
456 22074
4729 22561
8506 14571
6073 10996
18052 22957
3908 11914
10735 22097
15893 16244
13725 18804
11289 17523
65 11585
10428 22662
11612 18658
10442 21587
7142 11857
6237 19901
19783 20927
1637 19777
12579 21747
4770 7604
13731 14468
3093 19432
1582 9990
7965 17884
9347 10914
2265 22020
2652 12014
15916 16237
7425 17960
19931 22536
494 17779
21064 22097
611 18807
5588 14752
262 3304
666 15228
10631 11669
5465 18049
4227 22076
3841 10407
7999 22974
9384 10593
8944 11282
19366 21134
12047 20339
5727 19931
15880 17736
12992 18148
9430 14048
596 12549
11057 19724
6170 19297
7812 9556
1485 5375
11650 16094
7181 14700
1224 14273
20814 22796
11867 14218
13876 14341
9536 15966
9306 16936
6953 8379
10093 11732
7828 8128
10526 18303
5141 17411
2348 8332
1501 5936
18558 20667
13079 19876
4278 5164
3108 21831
304 6355
5165 10872
329 13248
12364 13294
13143 15456
2292 12648
1026 7409
4315 5151
18787 20869
7609 16666
18391 20392
2386 15387
3960 22969
8180 18889
2024 2453
1856 21110
1436 18223
18451 23059
17894 22773
9679 20161
303 13673
14772 16564
9483 18061
3797 11608
1510 12499
8001 19871
6012 18470
15349 18613
5619 16044
1096 15824
6441 8050
8955 12375
10851 23028
12817 13207
6755 8694
18914 19842
17001 22646
910 11316
1685 21027
2766 8405
15506 15640
18217 18949
5797 11644
7476 14297
1716 6846
4849 14011
11792 16410
1921 17884
1787 15125
8197 15189
14588 16516
13806 22097
2777 11924
10097 11649
15277 21578
6154 21978
11769 14537
5507 8193
15689 17701
197 14218
18759 20063
5699 21920
1957 6784
1737 6077
7609 10578
12265 15758
12549 19377
5625 12212
8364 19368
4218 12924
540 6825
19002 21858
11102 22346
5233 15674
629 10931
4778 19572
1518 19536
846 2764
14391 21637
3260 13925
11954 21530
802 11467
12343 19127
53 20615
3791 16502
14395 17754
5807 15038
5996 8532
5380 9877
9815 12332
13651 22454
17391 22630
16520 20859
12051 12558
17650 20131
5420 18323
14482 19611
13925 15129
3093 8501
7098 16765
16073 18045
11656 14405
17636 18984
12522 20987
5989 16964
3500 13381
11819 19333
2880 13376
3449 16635
7136 11959
14726 19400
18555 21976
8388 22012
6213 17052
2446 12614
685 9578
2181 16232
3843 9927
12578 13990
6382 11082
2283 5375
16404 23119
1213 6928
11038 20405
2228 2392
1465 8202
4841 4894
10357 11444
4900 18828
2133 20279
3957 7839
10128 21746
6938 13586
11780 22812
16352 22186
4564 8995
459 21311
12037 14345
6223 17366
794 12762
21305 22296
5144 21772
2876 10743
4750 22362
1799 14734
10884 19125
7884 11950
5786 10863
10573 11904
2435 22320
10881 11637
6012 12419
1443 12221
15832 20948
2366 2751
15200 16318
8729 9209
10123 13372
6882 9374
4972 14394
615 8522
6037 15277
8814 19986
3276 17718
3007 12850
7053 11275
2512 5531
2319 5839
7106 15633
902 11908
9879 19787
2406 2685
5703 8189
970 13824
9414 9757
3972 21321
9628 17989
10923 14659
2363 5250
4613 6875
16858 22793
970 14038
5107 21168
2898 4784
1192 12173
6031 17631
5696 9554
11875 13818
12518 14130
5193 10448
4722 16241
2669 6626
5729 12794
9190 9216
9306 20329
1155 8779
3946 19802
5129 20438
5449 20829
3896 13233
13358 14281
4982 22523
17698 21021
23 9384
6738 21508
16303 17189
10517 11742
7234 22517
7414 11975
7368 22100
4049 7130
275 13526
5488 12085
8495 14412
12343 15016
3164 12959
2162 8720
4981 11089
7713 8729
10015 19868
12484 22349
11456 22954
241 7668
6515 12768
10478 12113
608 18265
4680 10770
835 6184
1516 19931
13998 16498
5154 8176
5010 5174
2417 7561
1431 9625
1400 15089
2334 22630
2245 18311
1802 21819
1056 6679
9194 20838
2563 17121
3476 10839
10754 22684
5445 18255
6185 8065
807 22048
9624 20952
1547 7897
10198 14021
3744 16295
1352 2731
2621 2987
1264 16095
8092 17877
2176 18230
14084 16653
3383 11281
18760 22100
1312 13787
7279 17156
17879 19774
5516 15063
14201 17792
11492 11898
8844 19406
768 12243
2214 20166
14532 21058
5899 16195
8585 9214
5572 9330
695 10750
11462 14550
13870 14515
9221 16606
4067 22536
2059 3539
14752 16086
8966 12831
2771 11928
827 17439
14563 14564
13080 14318
8663 17495
8892 16116
3768 21449
70 13459
16632 20355
15125 16212
2791 6082
2435 18613
21658 22373
5328 16530
12847 13330
3021 7516
6860 11824
9144 19419
3504 21608
17140 19415
8618 10506
15311 22657
4613 6230
6475 16085
8839 9810
283 16004
94 10631
457 20846
6285 17942
7826 22951
11867 17906
1881 15573
4564 19394
3426 16290
14075 18080
2230 17743
3077 17454
2007 17767
7737 10404
5486 17037
333 10489
4501 20401
18443 22634
9153 17439
7090 17846
10352 15715
6529 19191
8147 14579
9303 19377
11555 22432
15831 21834
6213 6749
11259 15274
3716 16459
7096 19072
5616 12644
12021 16114
10153 12029
1176 14048
4936 10008
431 12220
16762 17215
9099 16141
12112 16600
13673 15274
455 2745
5974 7595
12141 17337
22009 22454
512 6012
17960 18323
7777 20927
1457 16932
19036 20659
5267 18943
2393 17180
15780 17526
5619 18146
2885 2896
7776 12031
16851 21748
9202 11766
7798 18726
16373 21107
11518 19575
11102 18147
500 12640
2334 20809
4597 7905
13850 22674
17196 21748
5590 12896
6089 15674
5894 6457
806 12112
10111 22100
3287 9644
822 2290
15707 18986
2552 17884
1425 15411
2283 3139
18043 18296
4098 13597
10199 21531
9010 16278
8004 17193
5476 20027
3859 21350
3322 20607
1637 13998
6340 17652
3188 5026
12291 15044
289 20137
1340 5850
1536 21499
2718 13950
4975 7515
18949 19898
6350 12296
2311 5301
1977 15632
21221 23089
17871 19773
7222 21745
6724 7453
17757 20957
7084 16972
2265 3938
11712 11990
1535 12428
9421 17539
1201 5724
600 10874
946 19931
1208 3892
6049 16047
11947 15547
4027 9020
7324 20531
9324 22422
10097 17215
5576 14199
1512 11923
2908 20315
2942 9905
12408 16167
16721 17884
457 12123
8447 16369
1853 10985
8169 12005
13172 20062
4158 13960
2651 13070
120 12877
7402 22129
1569 6875
2323 21738
3609 20479
2506 11642
7653 18709
16085 21568
3330 13725
2228 14685
9333 15109
16048 22188
12124 16883
5661 8267
7491 10233
1881 21134
11770 19589
16929 19478
420 5201
578 14544
11605 19940
7975 8651
1058 17595
5973 16314
8288 11500
5185 16031
14825 21001
10899 19408
327 12535
11154 11168
14543 19153
480 21485
2611 3940
5917 15032
7225 11757
204 22100
734 1131
14022 20019
12950 21333
14449 20867
13154 13161
9266 10830
12549 20074
936 11637
2764 17294
4802 19241
1179 18576
18267 22100
13844 14410
8638 15652
10093 16600
9128 17269
11677 18267
21454 22814
10735 17317
302 449
8795 8875
4588 13743
16978 20547
10063 11205
10818 21389
5476 8878
860 10541
150 3282
10308 13728
13771 17181
8451 18130
10503 12810
2352 21478
10514 13341
1894 20886
1318 20433
17772 17909
1103 13105
949 11675
2792 14949
18718 21546
19192 22647
10286 19262
2792 10098
2761 18870
9644 17182
1709 11279
866 12291
14585 20206
210 8344
233 9834
8637 20716
9057 19619
4089 19282
634 5149
16425 16610
14578 16438
16 4358
2490 14808
14893 22600
5428 17523
13201 14723
10111 11640
13100 23025
13235 13368
4773 11901
2275 22890
4253 20702
4987 13112
3588 10198
16354 17896
7792 13401
5436 22009
7792 18854
8304 21134
2642 7491
1799 10735
18045 18779
1542 7375
7753 18770
848 7756
9615 19325
4173 20659
10280 18511
4688 20380
13617 17452
9648 19383
1602 5541
6620 22618
14762 15858
9417 17941
8661 11618
5553 9268
5052 16670
21243 21640
15694 16915
3478 13720
7977 19333
18295 23094
19189 22076
8050 21762
3507 20846
13184 16370
868 13341
2070 13778
1686 10006
7155 11635
15334 20319
4704 8455
3092 14368
9291 14910
15658 19198
11867 15690
11103 13252
4001 8229
232 632
9189 16029
12243 16149
7114 21349
5255 21873
2 16233
4714 23101
1371 4331
2808 22412
8167 17787
4262 8306
20852 21298
6867 19832
5562 11664
7048 9421
8406 13413
8873 13157
12297 13548
234 15644
5702 7425
8672 16797
3590 18986
3601 5830
7162 20319
292 15962
5775 18292
6289 6799
4767 20108
5311 21688
1472 1485
8212 12122
303 3760
288 13218
3389 9439
13639 17496
11958 11959
14783 14844
526 3400
6867 13243
18640 23081
4643 8475
3867 22278
7876 18961
16595 22310
12498 16610
12282 22813
2014 10674
14177 19786
664 20073
275 20949
213 12880
1240 20738
5989 15677
10111 19321
316 8597
452 23091
861 14895
5989 21951
3997 9108
2895 8944
4151 14232
209 19544
3630 17195
13676 19034
6295 17107
10181 22144
6489 9736
8863 9736
5113 14281
19673 19882
4784 21568
3422 13326
3031 18018
8619 20121
13815 19130
3938 17814
20997 21121
231 23086
14365 16977
15043 20341
2634 16353
10157 18172
14841 22196
8101 19374
7362 11853
4699 6400
11155 21514
6473 14954
1841 3043
1297 2403
13036 17674
472 10397
15060 19576
10620 15342
7535 21675
7701 20075
18771 22137
3297 20902
4773 5713
3525 12829
597 3939
3779 22258
2916 8227
1803 7202
1480 6846
7378 11861
8405 17254
5287 18839
825 21693
16625 20687
13082 17249
3946 14365
13920 18960
15062 20676
7657 21911
9002 17585
1799 21746
2368 15762
9497 15592
4614 16927
2602 15578
3765 12217
793 9457
1030 10105
5072 22010
20996 22687
5311 22983
13794 20848
9700 16559
2106 4640
11267 18874
600 19042
15759 20639
2431 9568
16600 18275
1841 5080
8964 20590
587 16869
11995 12963
3498 4808
1436 18506
10647 14379
7975 18690
15644 21527
7158 18827
16413 21802
3026 13031
2315 18377
4725 4861
147 12273
5320 21599
3162 10797
17059 22494
7429 9826
8114 9659
8050 15233
7383 9261
7462 10731
10979 12745
19665 21644
13996 15733
15167 22562
10823 16455
5780 6587
20464 22634
11554 15042
747 7732
18913 18991
10105 10367
1901 8326
2751 6683
177 11038
16066 20806
12745 21763
895 16745
11165 18980
9479 17311
3543 22368
5518 19554
16391 19904
2893 2965
14217 21985
2622 9894
6852 15242
16796 21814
2446 16300
4236 13161
1360 21012
12760 17467
13645 17830
12528 17470
5974 11403
9693 10287
5470 6350
17047 22991
8784 8795
2950 10648
4047 9322
13720 18324
1381 3723
13253 21208
3189 5516
2110 17634
5782 19010
6720 9312
4041 15891
16681 20084
1191 15250
22935 23108
12280 18928
8824 13228
64 9659
10160 13146
4041 5516
3115 17656
2118 13156
1898 3820
5039 7414
16659 21738
3695 14926
3212 14544
15640 16833
2506 7170
13243 22536
8087 8725
16164 23027
11825 17882
1685 19170
2927 3077
7176 8064
10510 12950
2901 8211
13458 18565
19550 22924
3375 20946
1877 12933
4267 13742
172 2382
1508 21956
5858 18163
559 19582
289 17711
16373 16942
7436 19425
10663 16483
19251 20582
11574 21363
6023 21685
8434 14635
8227 14699
5525 18338
1021 22344
348 4159
21343 22267
4576 5714
5398 16858
1643 6487
7265 21311
12035 18987
8121 10329
594 22016
16209 17445
8925 15322
392 15990
17217 20922
6307 12259
17751 22536
17645 17729
5458 17284
10109 12290
1124 6970
9042 21687
3127 20676
7843 7883
9700 19581
21415 22336
8615 14772
11318 13818
9531 22924
8995 22197
19036 19750
9709 13244
8147 10254
8717 10286
4730 15831
5061 6044
14989 20469
7366 14801
7274 12519
12367 21415
7029 8193
1866 5393
6088 14387
2521 13767
7013 20388
22083 22423
9257 10046
8976 9106
2388 13244
14213 22744
2101 16241
11075 14700
2777 11926
172 1827
21825 22177
4315 6023
14389 21328
5673 12905
4817 15270
10296 16549
10097 11406
4147 4729
4860 6919
1081 15169
5133 14130
2593 4210
3213 16798
11773 19325
3609 12897
8196 8256
6690 22525
259 21256
3735 21723
6964 13370
6875 10198
290 1868
17718 22545
11388 18219
6089 7269
11280 11930
13736 17282
13964 19625
9073 16728
13552 15596
16892 19372
123 137
3065 18355
7828 16409
2948 3203
656 5594
15490 16154
8360 17543
3389 23091
16095 21945
3686 5167
9170 20605
4022 22866
964 7700
558 3600
2961 7636
1330 12025
2943 15679
7769 22959
17628 19396
6939 11484
1517 14283
12950 13611
1318 5308
13067 19360
10490 14670
3957 9099
17530 21989
3107 15382
6212 6246
603 7453
7074 13561
4000 4001
294 796
6580 12052
7476 9363
6666 15951
2017 7611
11924 11928
13086 18667
1364 19574
15042 15981
7166 9973
5448 7263
3282 9194
7248 7402
7029 15403
10088 20266
1436 18967
2901 14996
6488 12816
16521 20120
11924 19444
11199 22536
1197 14438
14212 18620
15208 18870
9739 14995
3756 12968
9796 21638
3800 21978
1374 6809
12849 21050
12962 16930
1224 1235
10405 19269
9828 12541
3812 17460
8645 9452
2482 5336
17729 19342
16147 20795
5242 5840
15509 20866
2376 5206
1465 5714
6181 7015
10979 20221
12994 22380
6315 13872
21681 22447
2222 8724
2965 16600
14467 17547
6278 16247
202 18049
6854 13288
7569 20339
12822 15305
11459 17375
13513 16979
12132 16916
8974 10104
228 11866
3596 19730
2076 15996
4833 9244
2678 11639
8549 19337
5680 7792
4397 22519
5761 10381
14573 21161
14052 14587
1338 1549
4027 19159
18003 18343
3221 14332
15970 21599
36 483
17717 20025
2529 9862
1439 10899
823 12406
1352 9121
1449 8378
9984 16498
6800 13560
1960 22380
778 10823
14292 15036
13770 14988
6923 15814
2938 21891
1559 9897
14391 15475
2981 18313
5128 12813
15752 20634
8703 15498
7375 18905
1197 22536
8292 15631
10111 20846
1193 7645
7532 21835
10628 16842
640 6831
3760 11498
17632 18548
9316 20862
3223 14544
18886 19377
4001 23019
5782 11649
3709 18887
5676 5812
19326 19789
727 16483
3879 18316
15277 21546
6157 15777
5125 5953
6064 10159
10031 13319
3313 14652
9746 20942
3252 5048
3006 8176
16641 21093
3223 23029
10599 14223
3179 22701
3490 8511
6012 7009
5287 5856
4649 10484
7425 14833
2978 9886
17723 20874
15554 18507
1756 4234
3722 15043
14055 22448
9069 9384
1126 4857
1822 7953
2291 11271
5853 10756
567 20218
12371 16369
15048 21943
17190 20224
13298 21110
12098 13232
12607 22355
4794 8763
9370 12945
10468 12556
18364 18543
3948 22709
14747 20680
9521 15482
2775 4154
1191 19983
10886 17327
20002 20874
12741 21031
1180 19009
17776 21021
768 4972
8490 20139
12944 20788
9216 16802
12803 15590
9430 21010
10390 13078
4840 20490
19889 20590
1881 9623
3437 22382
12035 17775
8839 18755
7998 19818
11832 14910
14329 21853
20521 22814
9908 22564
16593 21063
21504 21844
7459 14146
2481 20535
18261 20352
2174 6036
3016 22333
9314 15125
2375 9416
9545 11215
10182 14124
4702 7342
5855 17860
6355 13969
605 22792
973 20587
122 6059
18967 21350
11518 16895
6959 9624
5496 20693
7841 12186
8397 20590
9627 19954
11568 19898
3214 5149
4111 8328
2760 19339
2628 7897
3103 17462
15831 20117
3350 20323
3936 12183
11957 16259
1165 20121
1539 1706
2558 6213
1492 13850
5679 6899
2931 7199
13639 20131
10182 17419
5833 15616
18036 21955
12934 20731
16964 21951
4261 7011
10157 19344
17718 18185
13551 18577
9233 23116
3075 22097
2777 12942
10111 11605
6483 8253
2265 14438
19391 20902
4613 12578
1139 17528
20660 22025
15782 16472
3378 22522
593 17455
14762 19928
14509 21194
9842 13790
3789 5977
13996 19628
944 8302
3044 10074
7514 9492
5557 20868
13048 19730
1517 8349
10374 16492
8417 20507
5314 21430
727 9496
10098 20006
10525 18630
10082 18576
13966 18030
15857 17770
13778 16264
7720 18980
3240 14183
17744 21001
4037 6568
13291 13480
18223 18980
5336 17280
1602 21058
16487 22595
11162 19310
1884 9252
9973 11557
7612 7803
16231 20696
1203 4204
94 19509
3385 16511
14996 21415
4934 16830
13046 16622
8991 10157
4691 9984
9363 9791
7610 12507
14913 21308
6705 22070
9141 14715
1572 19925
2080 11848
2346 22381
19820 22780
815 2122
5440 6556
2506 9359
253 21120
12313 22574
13429 18025
1502 8281
1473 5409
15662 18313
10903 20517
13696 18311
14053 18829
2942 9141
9513 12107
737 6458
15752 16047
9430 11462
6030 21305
7838 12427
20868 21723
12063 14252
3082 17801
11930 14288
6716 9833
1716 22754
596 12091
1499 17221
1302 11120
2319 20920
6575 13447
8504 9690
4012 7217
16 6056
1163 5803
9435 19034
20021 20035
11382 16146
416 22619
6048 9848
16159 21663
8303 22974
8413 21380
18176 22389
17367 22702
7467 16397
16600 22020
13706 18470
1578 8311
8335 23104
6008 19474
7420 7972
3072 4874
10675 21970
10274 18720
1814 8453
13127 17998
5071 13649
5727 13265
12041 14228
8027 18638
4982 17754
7999 13433
17557 21978
1210 9059
1492 21146
6666 13645
11627 21793
305 13735
15480 19985
855 13371
1371 3894
4172 8945
14917 21172
5149 7516
10084 10588
6497 12944
1104 1434
3299 18039
1492 4486
6922 15605
4184 13983
14675 19143
5804 16334
494 11202
3724 11916
8533 12562
7549 8611
8360 8385
1887 20525
16679 22400
10593 13696
11468 22189
22016 22362
8028 14590
10098 20490
14881 16247
17189 22157
3535 5592
3772 18163
18732 18760
12591 21608
4740 18104
5234 6996
9559 10242
6038 11363
8594 22238
11875 15112
19192 19824
10297 17981
15613 21804
14988 18613
5984 6636
7801 20676
1719 22990
8838 15172
16134 23013
11895 15386
9315 16277
10423 22279
8016 19844
12889 16653
8544 17634
17411 18410
292 902
9199 12522
1188 21212
734 6789
12141 15716
7362 13180
14594 15728
14275 18355
13125 18511
3580 4518
9862 17098
12346 19335
1260 15438
3704 19080
2885 21790
8336 11966
12821 20129
5204 17558
630 16088
956 20076
4098 14217
1869 23096
5039 13753
2289 16600
1233 6623
7982 15250
3912 8216
148 8092
658 13401
11688 14973
2265 8369
3227 22271
16505 17171
7981 21814
3422 8453
539 21600
597 4171
4778 6875
2404 13525
12876 23101
834 4493
1514 17302
15417 20044
11081 15289
7758 17269
10743 11484
11238 18991
2772 22461
14416 21639
14690 15427
4840 13172
16811 21816
4566 12850
5736 21445
10944 17539
15215 15860
11536 22006
12829 14360
20549 20875
8169 13343
2064 6297
15629 15654
12631 16058
615 20871
740 11913
13785 16989
7308 19560
9546 10699
14596 21762
17535 23025
18053 19586
19192 19522
5061 7914
12106 12557
2633 6737
6649 14205
5525 14888
973 11309
10198 17411
5448 13643
2602 12384
10616 17701
8573 17989
2653 14973
1504 2529
1499 2765
2763 12048
3757 9699
5680 16434
10729 21513
18029 22217
12793 19003
12209 15560
18289 20888
14863 22615
5766 15499
19762 22217
11919 12126
20035 20795
2606 13999
12921 21637
2335 15405
4914 13664
3558 5434
19389 20097
5143 9253
4003 22923
2294 14455
5036 8414
14291 15967
5951 14275
2873 18415
14881 15371
4259 7487
4576 9502
11476 21478
10708 11253
13184 13564
2201 6596
1949 3984
9685 9922
14807 17280
6233 9973
7626 15590
7219 19997
10521 12661
5244 12180
17121 22016
1931 19446
20806 23094
16988 18092
9399 20091
3549 17549
4830 20687
15658 20280
8365 17193
14646 16637
5234 8270
8412 9517
1490 17213
7524 21806
11770 23050
13243 17834
12425 15587
11328 16487
8332 21756
9233 14122
13979 21782
4817 18883
3581 3778
13734 16340
5727 6953
21644 21691
4564 15482
9149 10397
16661 17017
4391 6882
10252 14120
6653 23056
7787 17362
8001 9848
6310 18620
9084 16700
1802 10312
14898 19611
1988 11505
1329 8732
17549 22325
8475 8944
292 5906
2961 16098
18257 19123
2244 7189
15509 23025
12279 15868
4606 5670
8288 21790
1516 12011
2489 16270
11997 16795
7817 22749
9876 10264
5746 22633
12406 21678
39 17501
2634 17723
282 2778
16540 16541
7029 22744
3393 17233
13958 14651
6439 9539
12315 17952
4826 15895
4210 15326
3242 11936
3076 21008
9681 20089
4309 18315
4724 22579
973 5223
11277 13084
8757 15805
11873 16886
2730 18931
5476 13813
6973 19031
1314 5217
2770 9170
690 13789
4002 11861
19790 20832
4376 20683
10500 21712
14393 15732
18341 20812
5553 20341
1542 7414
18819 22400
288 19517
1179 8703
8638 17787
9955 12485
9573 18302
11138 22670
6281 16973
8830 12840
6120 11811
7620 13893
2823 20339
10334 14959
20859 22207
3562 19554
19574 19897
9703 22812
573 14214
16219 16221
280 2851
10648 19105
3163 3589
14630 19681
7242 8837
10471 11952
5975 15467
6596 14264
844 21848
17228 21746
13384 16671
288 22354
5229 5468
894 17748
10373 14014
15520 18613
6701 15326
2792 10324
4025 10669
16653 16959
14590 17130
8118 22898
6355 7439
1078 9578
2265 16066
10099 11637
19957 21225
3938 4547
18181 22537
1768 10179
8258 19096
3808 12383
1856 16765
4311 18117
1814 15536
7029 17729
10534 10639
2482 18232
15671 21040
10700 16804
12390 17092
1505 11904
306 18780
4831 7013
14208 18959
4291 22596
13649 14438
10478 22431
11107 12950
10252 10865
1221 11697
1128 6585
6609 21682
15613 21729
5815 16748
10176 16892
13371 13745
56 22589
915 6149
557 19230
9463 20864
761 9121
13708 16193
8830 9695
17981 21938
826 21765
2753 10341
1525 20589
7339 20581
6327 13299
3569 15042
6895 19688
5465 7048
85 8234
959 21690
3410 17629
18295 20806
9559 15544
5869 13063
382 22217
15376 22511
18596 19190
20037 20630
17884 18173
2177 5199
10212 21574
3675 19092
5294 20970
10580 14060
78 7234
502 17831
4 12802
316 12112
2610 11388
13657 18544
18043 20469
18401 23095
4558 9311
4236 5830
11175 16612
6742 15288
18858 20113
7315 19656
7524 14612
2635 13193
2914 7514
16502 21688
4348 16957
9632 10015
17638 19249
5864 20203
7555 20062
9181 20870
18940 20490
4302 14550
7382 15579
5380 9226
9220 17111
14001 19344
581 10308
5527 17537
376 17304
2895 9539
9309 17884
2473 3163
944 11649
17158 22696
8827 20098
17337 20579
172 9099
10577 16882
12973 14482
4501 20884
13948 14141
18313 19198
4692 7615
4778 7308
6555 12322
17107 17281
5620 7425
1870 13170
2557 15236
4872 14887
4649 13676
11907 22924
12029 13763
17466 17660
18153 21450
14232 14611
6964 19689
9320 18985
407 20618
6759 16194
8963 9920
13645 17832
18894 19810
4625 12163
11730 17035
15964 22425
7300 14721
3079 10756
9483 15172
326 20041
16269 19745
17424 17507
7458 8469
11122 18596
4892 5170
4171 10865
8008 15891
5336 12960
14409 22040
12449 22553
12820 17280
3972 5894
1009 10661
1197 5279
10736 15091
9303 16605
13054 22793
5281 8991
10274 13872
17832 20603
3306 17576
3358 12891
11919 17832
9626 16989
7359 11867
14019 20884
571 22100
8245 11924
15618 23033
1790 19446
12501 15043
10668 16951
7727 17884
3906 15083
4216 18236
6693 21394
1449 12126
14587 15483
4453 5812
19931 20155
17213 20037
2881 5054
18234 23033
13958 19857
4276 6419
2699 4456
10564 14766
4386 12510
19582 20061
1815 11813
3186 18104
17884 22536
9438 9663
18307 19498
4983 14449
8981 19042
6808 13260
281 15205
6086 12104
2942 2974
806 2775
9933 11590
8862 20095
16742 21473
2665 2980
2020 16375
6469 14587
10097 18195
4315 14524
12215 16065
4613 15610
10525 22600
6759 11443
7884 18550
9039 18659
289 10099
7805 17225
5375 16047
6705 9712
12230 12243
1032 1516
2335 11913
10086 10107
13180 13649
9073 12085
11266 16560
476 4114
2068 4490
1500 17901
5215 20417
344 16851
5984 10137
2622 4613
944 6032
9557 21414
9320 19711
13292 17907
1485 8648
14880 21723
5039 22324
1126 8081
1142 18786
2344 16394
18005 22745
556 4223
1581 21631
6991 13789
19332 19844
9436 10049
10119 22447
5539 18437
21599 22605
7449 20212
19360 20097
5366 11947
22 15123
2950 22028
1552 2764
4405 13073
776 18073
151 3779
7622 16808
112 16925
6493 10486
1436 19560
21353 22417
6272 10886
627 9311
1941 13706
3401 10643
10648 17212
6751 9496
20235 21948
6738 21519
8916 14506
12790 15174
17509 21473
14894 19542
1296 4542
11883 22219
3692 17141
6678 14797
1625 18215
16554 18596
10573 12112
11476 12500
11126 15499
8959 10289
16641 18659
13159 20201
3832 8995
6899 8974
8054 15088
3538 13928
10246 19446
2024 20529
7755 12389
3559 3599
21669 23101
2363 16122
8830 18702
820 12036
5211 14827
5141 17749
6094 11653
7376 16685
10413 20775
5529 13608
11045 17363
5086 5157
2726 21821
17016 22578
13509 13791
6846 10080
946 8257
9063 15933
5096 13696
8207 22316
13335 20675
2179 13591
7085 9974
8030 16459
19117 20578
19460 22048
1490 19126
9135 18980
16241 17050
4169 12123
10136 11559
5129 17718
14550 22678
7817 15952
8763 9336
630 3282
1868 8831
2354 11612
10086 15231
7148 12806
263 20833
6159 14706
6272 10661
2736 5598
13995 17967
19101 19554
10735 21620
7172 11895
3835 9136
7909 10105
451 21889
1176 8036
6776 13731
10154 16525
4289 5700
10280 18512
12326 21604
17075 18064
16591 17548
13525 21508
10823 22744
3196 8854
944 14042
4859 7342
3276 18011
6546 11737
1150 9523
7333 20085
865 11912
2966 4751
12411 22177
18214 20204
2663 18764
10105 11636
688 9659
615 2272
18354 20486
4643 15345
12889 22624
8909 21024
4966 7511
2067 6096
290 19396
2622 15962
15246 19543
18333 20201
3435 15987
537 11227
949 13935
13762 15148
11340 16261
13976 19770
21637 22532
19337 22536
9659 19001
2485 3335
12485 20138
19446 19567
12850 20932
9303 20939
6587 15078
5758 9523
15449 15649
4744 14475
12955 17520
2046 6541
7524 20335
11593 14411
9904 12813
8973 20634
14298 21283
1761 2245
7886 11106
485 13129
946 22611
5615 19513
6311 12528
4862 19764
6524 21055
5894 10173
15908 19126
6875 7625
11492 13721
12239 18945
1047 16063
12375 20741
4562 19227
12237 13124
11756 14951
4262 21951
5973 13627
17602 22999
8132 23119
7074 18571
5239 16792
5472 15522
5409 8919
1591 18183
8219 22300
12677 19976
19666 21565
7790 7837
1490 18466
1249 21030
12604 16513
14033 18735
11546 16144
11897 18811
820 10902
3139 11943
175 17700
11529 17260
542 19169
1325 6350
5417 16369
5281 8266
52 6644
8511 10056
8062 22889
3268 6769
7539 8315
10286 19327
3059 14725
2397 3175
3160 22942
7524 22249
120 13746
4033 13699
576 13298
4861 10258
7422 21127
2859 17485
15467 20358
16162 23032
1754 9084
3075 13995
8475 16581
11194 15632
11151 15252
2229 14024
7482 21126
13546 16821
11101 18725
2304 12927
1919 22924
20568 21705
13103 17763
2911 12450
15656 17881
7554 21127
6465 9516
266 20138
13372 14674
7707 14489
182 731
7027 12112
9274 22049
7359 15674
1853 7817
701 13536
90 11047
9671 22555
1032 1533
14340 15748
786 4940
5102 10133
18905 22890
10729 14715
10123 21644
2757 19820
5684 18639
562 5547
11650 14281
8349 23095
1441 21146
5667 14240
630 8288
13518 15298
3179 6498
12188 19115
742 2581
9266 9296
10080 11637
4948 13382
2546 7549
5344 18991
3493 17452
13541 16818
989 11678
153 7946
17025 22578
6975 15689
653 21659
1877 13759
10097 12950
7251 18905
8102 9497
5662 15783
1719 8961
66 8995
13646 16434
5775 21887
13877 21232
14340 19541
19017 22932
13996 18311
13732 18440
737 6996
1813 15745
5436 10646
3242 17034
15443 17861
13850 16600
17765 20219
17403 19499
7451 12933
3481 12298
6106 19230
11376 12485
4257 14006
8205 19449
6098 6904
7715 19147
11054 12403
7718 19497
182 9824
3834 7278
31 18431
710 10941
18109 19872
3549 19471
2274 2392
827 2774
4809 12188
9509 16505
12194 14363
4533 18992
779 1481
10620 12950
1303 16294
3944 21746
11947 17391
3338 15213
1499 1568
9448 20963
288 1574
3845 22034
444 10283
119 6610
2925 8102
12253 13522
1384 19861
11134 18045
14004 21746
632 17202
6369 12821
1409 1854
1512 8608
2624 3063
15493 18589
2746 19573
2305 8615
1808 6322
4892 23117
15352 16164
11930 15616
8637 20064
5419 13449
1526 10788
9692 20833
2336 4941
14749 19036
6524 18065
7015 9700
10070 21345
10143 21644
4553 16390
19818 20037
5497 12788
18407 20131
8519 15921
4036 6163
67 1582
2162 16665
9717 15961
5741 22373
2553 13369
15294 22930
268 10137
5605 6797
16450 21444
1148 13973
7624 13912
10637 12699
9072 10729
13555 19564
12878 14841
15512 19910
17813 19750
5731 9786
3389 18184
8913 13444
13920 22958
22100 22137
9350 9815
4729 20021
12462 20902
19473 21142
11466 15417
5619 13711
6517 23091
2506 7663
13373 21985
9100 22950
11174 12044
1798 2263
4033 6711
7618 20939
2608 8717
14107 19282
10365 19415
1868 12583
12411 14715
8968 16309
7186 11224
3948 22998
4999 21791
13373 15690
8379 21911
14708 19415
9032 10401
4552 8985
11019 17002
3655 17568
9695 22561
9663 22596
4645 15802
2821 14560
1419 7044
194 11649
10762 11866
1104 6299
10552 11555
1970 18787
5281 7657
1282 10832
11250 18634
11011 20206
14796 22325
12296 18380
5618 7067
11255 21082
2360 19384
6095 19957
4210 20659
10124 19913
11084 15290
810 8888
10889 20459
920 21039
3418 12639
3721 11927
2209 18019
4299 15043
12154 16600
4789 8328
2332 5301
7349 19979
5398 22793
7294 7963
7912 13987
14893 18905
12516 16086
2767 15946
8661 16570
1784 18537
17433 19080
543 7209
14033 14307
10291 12019
7681 12987
539 3037
2317 5698
27 15612
8774 9383
798 14104
11649 19847
2074 9556
862 7409
14101 17171
1342 20693
14473 19480
67 12720
1136 14843
3196 12007
9898 22243
7854 8184
12466 20868
10236 14583
20624 20821
2653 14484
9793 10714
6530 14113
1734 20851
11852 18530
10105 10107
6626 18991
2841 14615
289 8390
1942 22333
5829 20552
5727 20437
4445 11049
2794 5113
19612 20153
9324 21310
7242 15564
10634 16250
11085 12831
15456 20025
1689 18821
6663 16664
7041 16995
4918 7930
7766 11857
13080 23075
13155 18888
4309 12605
7116 7177
8567 21511
4268 17305
259 13765
2444 9192
4338 8408
3588 20862
15874 16727
5393 14071
7644 22314
7048 13645
10085 15467
6095 8844
14454 19813
15551 16977
1351 14183
6366 9278
8379 22536
12029 13759
11656 16157
19309 19335
2262 3517
412 14324
5162 16374
9039 16641
727 8061
11763 12485
12407 12896
18113 22375
10551 17405
13732 23025
5708 9695
8844 20927
16259 17246
128 11459
7916 18049
848 9991
2520 11579
21128 22154
2796 16386
19297 20845
15180 21534
830 11703
12449 15624
373 16667
10272 16575
5873 22382
5987 11642
20295 21863
4334 17386
7590 19034
12166 19787
15443 20543
6290 16804
10635 13416
4553 15691
36 16410
17827 19495
6443 6636
4519 10731
294 668
12552 22012
2739 2821
8955 10471
13734 17021
14918 22243
2868 3106
2318 20716
3483 16073
5109 12897
4279 15681
18618 19921
7883 19966
9935 12896
16371 17146
10929 15150
4274 14183
3570 18014
1314 20075
6360 12945
21121 21602
11633 18470
3434 4739
9162 12522
17549 18311
6531 7109
13933 21110
217 2586
11613 23074
4173 12287
6359 19354
17729 21274
5653 19540
15631 21159
13341 19073
4210 7320
5936 18896
3159 14982
5594 19312
17087 21553
1722 6024
16595 18880
8210 16610
1227 21020
9663 16521
11608 22766
768 3303
3588 14395
3642 20927
8995 11792
7622 13821
3246 20446
6270 21327
3651 12682
9060 12266
1676 18483
20764 22834
8377 20702
268 1850
664 17752
15183 21549
16584 21474
14056 15777
5062 15509
9412 11612
8679 19759
4564 21275
9320 10099
4933 14589
6009 13883
1434 6184
556 3600
12895 20319
1701 21226
10475 17367
10080 19550
6630 22226
13815 19457
4889 14212
13046 18029
15256 15838
7512 11931
11012 22100
4216 17832
4407 21951
8152 11333
718 10781
449 6649
1536 17832
6030 19829
11806 20289
2228 6109
16900 19457
11770 19122
3164 6981
13108 18062
1292 4713
7653 13180
2784 20735
10846 14447
4514 6493
9041 21271
14041 21837
3796 19380
737 8147
3245 19525
13198 14715
1173 20371
11930 21508
14373 14721
3262 6111
8467 19509
12186 18289
12811 13925
5336 17582
12663 14395
3957 5312
10936 22005
11210 22454
9496 13785
88 374
6026 9022
12092 17965
12076 19015
12137 14446
16975 16982
10645 11976
1552 1572
2859 12820
383 17587
3329 3426
2387 10634
2219 6520
3197 8282
2760 16973
2265 8004
14753 22071
4274 17878
5281 22344
749 7474
7287 19802
6812 20339
1630 16746
17373 18234
3315 5085
8728 20368
1321 17182
9647 18655
2760 9241
1007 12677
493 4818
2507 21407
1532 19861
2106 2107
10111 20825
3340 22852
6275 9369
3427 14624
6447 16166
6394 16488
3846 22812
5213 8459
18856 19388
7330 21517
14953 18285
2925 3067
4236 18625
2757 12310
1734 7279
8301 9782
19347 20311
7516 19141
4001 20236
1853 21595
9923 10501
2481 4679
7048 23117
4268 20599
13571 19832
17565 17660
9134 12014
1495 1504
5877 16436
636 5534
5724 6271
652 16654
2291 13887
16053 18630
7282 14220
4729 15803
4496 6588
14997 20868
5793 8206
10104 14336
12522 16560
3316 10924
12801 16787
4784 17569
19127 19762
14799 18823
1083 15236
1840 11210
1267 17271
12932 21706
4092 4302
3055 6917
2500 5786
8080 8386
11749 20171
1266 20351
1823 8698
9320 12736
8267 10296
14631 20282
605 17665
9924 16254
4315 9067
1121 8720
5644 18970
268 2765
12895 13676
5010 15467
8885 19009
14088 17009
3837 11143
10466 11674
4637 20335
11650 22023
1707 16203
17080 17177
3296 20676
15895 23056
15373 16560
3838 19854
8276 13106
2956 8923
507 9273
9020 11792
4722 10363
794 21091
5199 16743
15534 20795
1389 6819
1793 3764
7626 16474
13504 16144
5911 8634
20592 21677
14202 17530
3324 17639
2594 15211
18689 18832
10427 21087
2472 14459
15918 15926
20266 21501
6355 9331
19004 21798
5698 22700
17391 20809
19589 21893
6235 17460
501 1476
5286 6403
894 15493
18218 22425
6058 20598
598 7656
6296 16781
1254 2617
2125 5654
7290 16978
5588 10648
4624 21749
1313 17683
17479 21008
17990 19415
5170 19206
14091 18003
8801 18622
15331 15384
17426 22677
8057 14587
13104 21814
8879 17861
4337 15191
7170 9122
3938 9421
5322 11624
3073 11844
1917 4465
12897 20590
20095 20590
2879 6430
5356 22670
6084 15679
18949 21424
11266 19888
9331 12688
5209 13756
9130 12318
6366 21485
9131 18420
685 7952
15428 22442
11847 19123
5388 21436
18832 20675
14766 15164
1558 17074
14353 22657
1246 20070
18181 20896
9313 20904
4017 12179
10648 10727
1426 20385
4240 15991
1598 20176
7988 13913
1144 2589
11813 13447
10886 17275
5921 10540
1480 9268
5835 21558
5531 23070
9472 12950
10053 18525
8786 14188
2069 17989
14367 19857
5320 22020
14320 21585
12016 18778
7562 17196
3886 19110
17181 19225
4268 8730
16389 20000
6290 7329
9658 16388
9443 14533
2265 21502
5406 17849
5987 22123
9009 15536
18117 21407
1482 16600
937 16483
14127 22190
3847 19779
10592 23031
1968 7409
3066 20881
5373 12905
13189 15930
2306 2315
12562 16307
11792 22976
318 11792
289 21028
5690 6535
3497 22878
10789 11139
53 6071
6073 19927
12951 18148
17512 22080
43 22607
5852 11728
1986 16847
5615 10495
292 21172
2439 6611
2908 6710
4765 8557
6107 14940
3561 11645
1480 12788
13080 22100
3574 12568
16652 19948
4314 16722
6764 11881
3430 20062
12821 22711
356 4622
509 15658
1472 16047
8991 19344
13125 14411
16990 19080
9519 11645
2461 14326
16315 22490
3481 16399
5431 20083
9327 20219
7189 8972
2305 3383
17645 17837
2965 12018
2099 4876
12722 16273
288 12118
19239 20712
4712 22544
17981 21880
15875 18045
17450 17568
4695 8185
10248 14256
1527 15344
14365 22082
10081 12557
1431 13786
5656 11681
16013 18656
5224 9232
1121 7663
1264 6718
1477 12122
17009 22043
20852 20912
5334 8971
1338 15233
5433 10367
289 21288
5080 6267
10111 10456
5174 6238
8607 12729
1427 18744
494 21013
6493 18267
3653 18161
10632 22086
12749 21328
10111 21941
444 15311
9862 10514
11943 21318
19236 21072
11491 13540
5344 18355
14068 15277
12610 16073
16639 17195
1271 9886
18653 19820
4275 11612
2502 14894
1201 3492
5476 15347
9151 19815
7140 15624
21295 21874
37 764
14253 19288
6575 18227
12572 18431
6493 20319
18354 20729
8782 15471
407 19667
7796 12736
8326 20384
1338 20659
11538 11737
9887 19446
10111 13883
20296 21995
488 15889
5899 12585
7771 15073
814 17799
11908 21119
8370 14547
10107 15443
7806 21137
12382 17006
6089 11377
6958 13877
986 9678
4841 13084
12173 18049
17491 20385
1477 22858
2974 22520
12729 21637
1410 14910
3480 6187
2784 4035
9497 11924
4350 10526
9735 11922
1059 9809
376 12272
6936 10596
2059 5106
16047 17977
2835 6480
1527 10625
10381 15452
5098 15953
17444 19601
12243 22728
14762 15212
13674 19080
2165 16839
4649 21906
7121 22545
14438 14653
8895 21489
13108 22892
8517 10836
10111 14766
11028 12108
589 12610
866 12429
658 18854
11232 18302
7802 21291
5334 17090
4649 22744
11755 22771
1725 10206
10959 13378
3781 20108
13227 16781
11410 17510
15740 17181
15710 16417
12485 22605
9173 19419
5336 18273
16526 19717
17997 19241
288 20693
18024 18689
5177 16657
15277 19123
12838 22217
12237 18214
8251 19728
4559 21398
11376 18506
4489 10756
447 4649
10687 11415
2811 10015
19305 22665
4649 4809
13133 19042
11867 14217
13769 23003
5281 22536
5281 9659
6247 22451
4329 16930
10137 17181
4184 9647
11245 19650
3006 21734
9311 21995
6071 11650
9628 9809
16245 16869
2187 9118
8922 10563
2328 3048
6694 11459
6247 14409
455 15059
755 874
2477 16114
2049 6093
2426 3312
289 2775
9815 16080
3714 18005
8003 8360
3766 5409
7889 13785
3430 9225
7209 16201
194 1083
7429 14306
10098 14951
7086 20400
596 9900
14888 18986
2558 18795
3212 14172
5620 10410
3567 6999
6948 21717
13372 16214
6290 8155
16602 18209
2152 2176
12188 19348
3832 13017
4016 17989
2013 20450
12371 19377
5203 11567
9539 20386
5583 22133
2444 10280
948 18576
1371 5258
11604 13192
6998 15861
14615 20807
461 12355
14694 14706
1814 16908
2265 9325
3848 21932
2506 10816
1552 12112
6034 16735
1144 21843
5838 17609
16103 18766
18551 21437
8801 10836
3864 16390
10066 22557
9274 17923
11604 20781
13180 13461
4919 6320
1905 7140
11045 12348
192 5718
1517 10658
1430 6416
12934 18994
13048 13666
7406 15587
13739 21964
10723 21036
1721 8732
16832 22787
1815 13447
4401 19570
2506 22545
4116 6640
5165 12977
1501 15204
3163 16423
6693 8453
1436 17585
7815 18223
13582 22693
4806 8024
5651 11190
944 13273
3298 16013
850 14124
15448 15472
6796 20121
3516 15762
4613 4729
12872 12954
1875 12092
9654 12707
3108 13614
4451 20319
4177 22623
9384 17881
2943 19028
11990 13633
8288 17884
7101 16430
8121 9438
382 15671
7098 13352
1894 11912
16608 21778
10728 10884
10914 19718
6004 15175
19009 20648
2794 11275
4091 8648
194 21941
5724 8613
1287 1791
1333 18551
1877 10920
6212 12821
874 8360
2864 7516
94 11669
1078 6487
8057 10117
8729 13877
11919 21645
90 15780
4564 21943
1630 22178
4376 4934
12028 20226
3936 10274
7733 20226
533 10049
8498 12330
10174 19682
5401 13034
6755 16192
289 10575
6489 7626
5137 20829
7054 15042
11223 14721
10796 19309
5586 18335
8420 10367
6899 12850
240 21319
8583 14583
823 10490
275 12020
8761 11358
3071 3201
3389 8622
4982 20360
3148 12001
3289 15661
14177 20201
10707 19241
1248 22186
5135 5157
2661 11919
3348 7183
19192 20850
9137 20415
10735 19505
10452 11924
5775 17243
14985 16489
11628 20062
1929 10941
13844 22099
743 19571
12188 17181
6556 9305
14283 18401
894 2777
10320 18790
1268 22781
2518 2794
4400 19976
8046 21559
1120 5910
7309 21350
1043 12338
2895 10098
10049 16964
5661 13357
14318 19102
8826 9523
16688 18810
1844 22005
2659 16290
7084 19752
4210 14706
12313 17363
8147 13646
11906 15614
5627 17454
19847 20605
13632 18851
15262 17565
14297 22153
5911 19456
10176 10312
4564 6390
9041 18523
15071 20927
3053 15681
5033 23013
6230 20214
641 5553
6871 12039
5105 18128
12253 22520
2683 20687
1963 21814
8360 9226
3043 19211
9233 14762
11395 13941
20233 21053
3431 11962
11149 19004
5786 17228
14696 15044
6867 22060
13170 20889
9828 20584
3242 9980
8185 20103
971 11123
2461 2611
8639 9677
3066 22113
1120 19446
3189 21677
14275 21955
4676 19550
18949 21192
4560 21844
7917 12186
5006 6955
3305 4747
21476 21771
14899 21711
1501 10270
14339 20402
10559 17585
14097 17572
17663 21861
14503 20206
4210 9700
11143 16386
5321 8978
16483 22591
2558 22059
4679 7241
2658 15977
3603 13291
3536 18275
7279 10463
3079 4489
19647 22062
12487 20132
7 21583
268 819
581 13728
10386 17228
3085 18213
137 20453
13227 19692
6356 21136
13958 16937
12082 16149
5428 7878
7773 9915
13277 22445
6529 10885
9409 13723
2169 23004
7067 9513
3228 5393
11047 19058
16395 22767
723 17346
3427 10409
8177 11102
2946 21973
6693 13980
18917 21271
3873 13632
2013 20091
10967 19198
7753 15781
15204 21258
3654 17648
1049 10367
424 4687
8909 19138
855 16758
2245 8089
1144 5619
2883 18357
10759 17144
1799 20405
12214 21821
6654 8912
8750 13950
3562 4346
4495 20450
19254 19532
12201 13388
12162 16429
7626 13652
1232 19573
1721 10061
2312 6917
2847 7163
11230 11322
19282 21518
2147 11015
17718 18011
7874 17937
7454 16293
4385 10486
800 14283
4729 9523
2777 4552
13042 19931
6452 13805
8830 15496
1471 12921
14299 21028
10204 15577
14473 21955
5312 17964
7146 8225
1624 19254
15780 19279
3202 11649
1675 8033
19931 20339
7650 16344
11766 18158
15612 17356
6812 8786
16955 17220
3061 9351
17548 20961
22335 22968
4780 13064
13084 20710
1532 13172
8076 20104
1449 21223
707 16232
5165 21189
2765 6073
7281 10539
1611 17762
14589 18752
4173 9753
1572 12330
14365 15551
9570 11628
9097 16214
1988 8511
376 6739
12127 19084
22416 22433
1799 6762
20069 21531
4091 20424
10100 16293
12578 22536
8929 14460
7086 16388
6705 21914
424 8441
6700 17896
4385 11677
18598 20335
3171 18625
10024 12767
830 5234
15261 21359
15385 17758
14857 18148
1022 1536
7521 18270
3184 9109
12549 16195
13619 16641
3072 6549
1425 8995
6278 12057
14149 15140
6558 8805
1588 16892
13560 14715
287 674
2713 12685
3173 17867
90 6700
2589 20041
15767 20953
1314 2432
5448 5945
1936 11475
6653 15895
3820 20201
14747 17684
2879 21054
253 17904
3774 14673
7109 10921
17223 19386
376 5927
8986 12774
17665 22432
6941 21858
3538 6081
2219 11500
8235 11902
16600 18372
419 714
5331 17682
3751 11268
1502 21693
2481 2531
1866 13294
15970 19601
2914 19554
19332 19482
2815 7399
3051 17366
6899 16749
5592 21497
4119 13554
7767 13661
20564 20565
1784 19329
457 11644
17044 19608
8799 16277
3214 6388
2263 19359
9695 12626
1271 3151
3005 3471
851 9504
873 7404
4365 16278
1113 10845
12437 15890
12644 17565
17212 17936
2777 4947
1534 18596
7514 12354
4210 5587
1879 9223
6472 9412
14652 19456
4914 12600
15832 17722
1452 1485
7663 9121
2948 10102
8235 22451
9488 16190
2264 15054
7451 14981
2513 20732
124 4564
1193 22417
8114 20311
8046 14728
6320 10434
11009 11047
9000 21094
10224 22423
14715 19003
5343 10376
10784 21644
1035 1221
4508 21167
13941 18135
17526 17718
5893 20652
20102 20484
4662 20914
5829 12261
16709 19957
18473 20339
1868 3768
4934 9353
7669 17852
15233 21519
1321 16202
8820 21724
9287 17178
11161 17649
5289 21953
13316 14064
14060 21055
15612 19288
4337 8722
3984 7909
1998 3846
19331 22900
15895 19139
2934 21102
12384 20726
20129 21272
2622 12383
2201 6367
14115 21463
10680 14311
1106 9795
7788 9578
10241 19748
1877 17787
14071 22948
3213 4332
19394 21134
12682 17158
6095 6329
858 12126
14023 22354
1338 4840
192 6271
2593 3242
13678 20403
12091 17778
4272 13583
6447 15652
3787 11278
15996 19765
5398 12912
5807 14421
9973 17939
8774 13247
624 8305
19282 21064
19240 21723
8837 13468
1913 11224
7464 9718
1751 18186
13710 20121
5121 18948
2495 23010
3102 13935
11304 21097
5164 19360
6551 10577
7520 20695
8056 8102
14600 19911
3887 17476
13547 19269
12678 21820
4580 10648
7774 19775
12898 13623
1812 7489
5921 17067
4181 10769
1267 13338
18517 20201
4240 6292
13801 21349
7618 9040
16605 22523
1440 4739
3517 6516
21508 22130
3361 21481
21972 22391
2738 7189
1299 8167
596 4799
10093 16380
9087 21972
4611 13607
6693 22171
226 19211
2624 7517
6184 15263
3452 4748
18333 19786
5758 19009
2509 11965
1049 1463
14689 19985
289 9430
6821 11099
11906 15805
15565 15567
804 6751
2917 16927
7169 20254
474 10638
3334 9247
16158 18613
2265 5292
5089 17205
14826 21076
7626 20868
7015 14580
7701 20206
18820 22268
20047 21511
2401 13877
2193 5830
3173 19427
3143 17366
13645 21231
1853 6800
2895 9320
20062 22537
9384 11924
2942 5375
3008 16627
17872 22207
9110 15933
10520 18846
7446 20821
11229 11875
6812 17387
7936 9403
2279 16483
5906 14772
15893 19759
7500 12145
486 15965
11293 11649
13649 21231
9623 13108
278 4982
7899 19053
3303 5150
15087 21802
2446 2537
5339 11549
3960 20333
3997 17880
12284 12473
6737 7158
5611 18613
164 20092
15032 20166
259 10817
10453 21840
8476 10162
19547 20122
1499 12017
14041 19097
12245 19508
5686 9731
7306 17634
12648 23016
18017 21723
16600 19252
13645 21332
5476 9848
6393 10596
7109 14297
9176 18640
764 11886
13649 15125
135 22954
12560 14066
6556 15602
5425 11899
4391 13987
15003 19415
8873 13760
11995 16209
15088 17176
4729 6450
2162 7247
16977 18475
5504 11665
8982 20467
6544 12153
6473 17534
1568 2053
6460 15351
14503 17936
10886 21599
1417 2981
5049 10363
12708 21725
5563 15033
4387 5079
4229 13614
9163 23081
8865 10592
3286 6833
5244 13137
664 4649
4742 12284
9478 13227
3538 19942
8169 10834
768 16728
12834 20052
11253 17035
452 9439
2571 17291
14794 20022
1565 7413
8831 22419
3066 3830
14252 20757
3497 12651
16202 20933
5276 17953
5595 12195
4210 8411
14249 16657
4725 22536
11557 14616
10390 19446
5108 22354
3291 6882
10133 13614
2563 17466
1360 8524
2180 16163
7839 13319
15940 20192
2778 15417
4525 22249
1408 6934
8473 19210
22088 22557
2993 19233
5092 6949
1612 7105
16207 20507
796 6532
316 4123
5229 8622
19037 21547
1656 6759
10020 21131
8594 12031
18874 21968
4982 15534
7709 20474
275 7836
8152 16546
912 12122
11801 14552
12936 19838
258 9315
17594 20165
4374 7534
8829 14586
5993 9681
12082 12243
18725 22413
16322 16886
4101 7101
5281 15364
1919 4808
1699 15506
867 1452
8854 22779
5303 13159
12329 22100
2879 15218
13365 18309
8891 23025
16637 21316
7073 22258
4863 22791
9227 10657
16609 21415
11227 11293
11154 20041
2798 3132
8081 14815
6488 16560
5911 14351
4005 18327
961 1010
6111 7697
7326 21832
12150 13290
10981 20406
11313 16112
3954 22176
8557 21583
4301 22492
17495 18984
7451 18042
12471 20659
5250 22782
10480 13172
10836 12682
5346 15887
7097 19832
4181 16190
7850 13844
3594 21243
13791 18561
3286 19898
4447 21880
4613 10212
13785 17149
15945 20628
22597 22627
19166 19306
20970 22530
13438 14150
1772 9643
11101 22413
18805 19171
14474 15742
13523 21425
9578 10559
5443 22779
2370 8708
7989 9791
245 3776
2633 14147
18985 22806
5301 12242
8639 22354
5194 13175
9147 12830
7418 14035
12108 13542
1598 8070
652 17494
10022 13931
2750 18943
3590 14285
660 5080
14729 16073
4091 20102
742 6184
9315 9318
16795 20240
12896 16085
16625 16782
286 19446
2770 22520
990 19986
13170 13785
21579 22083
433 3183
734 22835
5760 21206
3453 6529
12136 15044
2713 8630
2792 7653
4524 22113
4236 17010
4672 22405
2111 6361
9613 16907
12699 13073
4267 15055
8470 12055
9502 21134
9897 13598
5476 14962
266 1123
15856 18610
20070 20191
2775 21574
1064 9383
13125 15565
1701 17344
11486 19034
7451 13763
7073 22727
2767 6496
6735 21782
6267 15467
1058 16483
7648 17634
6786 19881
15695 20506
3917 14989
5250 16203
2239 3422
12585 18598
7593 16931
11275 22536
10190 10204
1669 5970
7194 14833
407 7723
1115 21441
9838 10255
7492 11076
6556 15368
7817 11376
14716 19069
5281 12663
7559 14509
5886 12317
1582 16490
16886 20458
10026 14365
4223 21126
9142 13336
4963 15242
5775 11020
4661 22818
278 22333
12500 15612
10764 10847
10137 22020
6535 21120
14231 19871
21765 23102
15216 22536
12253 16600
7965 12266
7062 17660
5250 7068
18211 21818
4943 14647
10097 11612
9430 15616
4564 21409
15618 20572
3505 6797
686 9648
6912 11123
6098 12193
13996 17387
19806 22678
8057 12602
6028 21914
21170 22206
3920 15493
8076 13380
11649 22537
7400 17415
7308 19188
8247 10376
8005 18014
1782 21988
10631 19427
4109 17171
12655 19444
1219 4785
2772 8624
1743 10277
6546 13158
2351 21440
11628 13114
1852 14575
6493 21597
7420 21583
12862 13623
13586 14017
2690 21121
3097 17507
757 5914
12011 16148
5742 11653
6565 14306
22412 22421
5288 7453
7626 11548
2792 8545
6247 16886
6602 20207
5710 21574
3549 15480
9186 12477
18681 18682
5000 19097
2486 13216
2371 12013
21588 21945
313 21944
4897 17432
10097 18986
5398 21186
20533 21388
5700 14652
15598 17005
10567 11009
14766 20098
11847 18302
3644 10836
2162 17718
18174 18599
6810 11761
10620 14580
7491 22755
452 10675
7251 14281
10157 10308
13381 14177
5508 21932
15602 18293
7372 8751
18045 18495
2965 21599
6687 18275
10098 16085
11069 21364
1706 21955
2745 11919
1143 20062
4498 19377
4210 16886
8562 19489
7456 15262
1403 18634
11215 17935
13438 13593
6109 12136
17795 19595
3943 14895
5525 15057
890 1482
16152 18334
2524 8643
5130 17585
13080 16292
7777 19009
1490 11876
14695 21656
5563 22250
896 19673
2546 7516
16746 22176
15720 16103
5079 10514
5590 9225
12607 18063
8234 12853
1970 3735
8929 18302
2792 6846
6995 7975
12682 15689
5782 12124
2302 16482
4840 20062
526 2335
9954 11657
17565 19559
267 3488
11518 20305
9868 11476
9304 20809
5974 9337
16004 22926
12918 15274
691 17927
4564 21420
16260 22618
447 11653
1473 4210
10223 22083
3798 9423
13013 19056
8005 12585
6225 17466
18323 20319
6038 16713
166 19162
12281 14864
5007 11993
13416 16855
1436 14652
6208 8952
8753 22557
9016 20198
2760 16808
14794 15507
13635 22428
631 1567
21556 22066
16373 16651
16274 17364
16531 19844
9469 11857
9737 19024
9363 14038
11432 14856
940 21674
2259 5615
6482 7407
3688 4564
2289 16355
16045 17450
10097 16600
4302 15005
4183 5696
6390 6505
13046 14575
8483 10631
4727 11143
4137 22863
2621 12758
4030 15661
11469 13227
16595 18780
3856 18940
14210 16377
6355 9247
15022 20638
18991 20291
531 1800
236 17095
4559 6636
14289 19031
12406 17470
8277 9873
3471 16272
9424 15011
2763 17439
691 18397
1860 17927
6082 7941
6655 16850
4733 11066
15503 21779
3938 10081
7859 21026
2911 5859
522 11088
13232 19115
14786 16588
7167 10082
11653 22561
3959 12805
10367 16665
9122 20638
13094 13108
7967 15199
4927 16593
12165 14424
14078 21273
65 19795
2777 14715
12004 13856
385 12019
2013 19717
53 13124
2812 4984
13813 18303
11066 16237
7251 17936
2043 4130
18341 22106
14185 21495
1027 8217
11135 21260
1630 4587
1853 6955
6237 20432
7696 14352
6742 21955
10235 15762
6004 20048
5356 15542
94 18173
6404 9035
19007 22175
14593 21553
16929 23011
10577 19272
9690 14903
7709 14033
11798 12383
929 17210
12592 14568
6806 18197
5398 21286
6458 15376
10355 15913
16472 17169
7162 20649
1930 9692
275 1839
137 9794
2490 15075
8946 9794
181 17707
6535 8193
13253 21542
2677 18640
3767 4475
16393 17223
402 21320
10086 11639
10325 21770
7997 12994
11090 14778
10123 12329
1308 2006
8481 22274
1456 17657
7345 12080
9229 9311
4671 16999
275 9373
5402 22690
3103 22655
7331 15727
12103 14366
12943 14722
1630 10111
4197 11913
11106 14662
8114 10198
10084 19382
1183 4402
6081 6754
3138 13843
2325 19593
3178 8955
213 17061
6332 18912
9094 18479
13291 19725
2610 4123
249 10514
9418 17178
3173 7521
4568 11672
1517 18424
4027 5079
4786 6693
17526 20280
12917 17114
4315 8447
4763 10006
1649 1764
200 6763
10380 12921
7367 14295
12116 15398
16708 19286
2730 13080
1679 8952
10203 15184
1962 10675
13996 18254
20043 21064
15595 18724
8480 19509
8416 22536
2759 10097
5008 20192
609 4917
12522 15964
1499 1533
12561 22563
9106 13716
18838 20477
2978 9868
13670 19567
11058 14220
5005 16046
7808 16261
6474 11168
14550 14833
16971 19293
10332 15974
869 1436
1532 14715
17949 18528
11102 22118
2645 10511
461 12177
2960 16761
4750 14926
15893 15939
10232 21717
533 21951
10111 16600
14048 15488
14989 16582
2845 22566
12040 17942
274 20919
860 2660
14575 18880
13811 13873
7775 22600
14864 18228
16227 17658
1137 12149
3255 17021
9220 14267
11682 20062
13876 18037
169 6338
3077 11638
5272 8138
5696 13228
4582 17454
16542 22868
11258 12764
16303 19680
7703 9832
12762 21206
4572 14220
12407 13645
3206 15618
15303 22474
2087 22174
4376 16386
4385 16665
11459 11497
11886 18587
376 8874
6481 9657
6836 12375
6081 10514
13257 19893
16145 18960
14873 19589
960 10626
13478 13925
5974 8699
2421 7999
4462 21124
13948 15931
1174 15529
2946 18848
10132 13475
2623 13918
937 2981
10592 14365
8725 22451
11597 19807
10954 11990
14989 16392
18617 20131
15477 20488
7975 9322
18991 22249
376 19732
4001 14257
1117 21240
6700 8254
15023 22494
134 289
5480 8147
4046 9326
18268 22217
3957 11742
9392 20516
18969 18971
7062 22630
15422 22100
554 12245
7709 13472
5579 16225
289 9531
3293 8488
3594 18115
2901 10111
12895 19931
1630 20413
2775 3165
258 7573
8025 19238
8588 21579
16589 23066
3220 22877
17169 19045
3388 18262
14003 20086
8725 14832
1905 5594
12362 20237
3006 10795
1524 16669
18482 18876
20062 20659
1808 3348
2543 20968
3752 10826
19524 21376
8466 12011
4692 5744
8434 9470
2956 19252
2999 11637
16203 18637
16127 22635
8314 17916
17432 18640
7626 9610
2456 19779
2431 2792
8002 19755
10537 16997
20135 22615
4773 9052
5010 6238
9933 16554
7251 10390
5587 14395
16300 23004
15965 21242
3931 21318
16044 22325
85 12692
11221 18724
10323 10949
749 3718
3136 13429
713 5630
3447 3639
10097 20515
4546 7516
5039 12813
6355 20498
7795 18948
4028 6280
1987 13449
3386 16766
3987 5479
4498 17266
6887 7816
5717 19320
2493 5705
7198 19316
429 16548
356 19042
1272 7508
11633 11644
8148 8701
12197 16620
6168 11482
6626 11081
8795 20457
8988 22834
15227 22596
9815 10093
13078 17762
288 2763
7225 16779
14048 18826
10134 22026
9274 16946
19953 22855
8925 11176
11201 15915
17540 18671
10946 20168
494 2628
3105 15640
7524 22097
2489 20450
5910 20243
8193 17327
12016 12813
16672 21511
16098 18506
657 3422
1656 9022
14586 18711
12644 13070
17200 22812
5056 11673
21229 22291
7570 13505
143 21355
8103 8267
17232 20719
257 1512
14411 16351
6700 21639
4001 22991
8957 17959
8196 19578
553 8912
8174 18801
2795 3278
3681 20129
3240 3902
10111 10371
5605 11461
1089 19339
1444 4428
10832 22297
11036 16880
7700 7720
3454 14961
5224 21190
14007 14802
14195 19455
982 10935
5540 9324
9076 20706
2330 14380
10104 22024
6479 7516
3789 19368
179 19414
604 3363
6339 11792
10544 21261
15545 15546
2888 18582
16126 23043
11233 12175
7491 17103
13063 18259
2837 4800
2187 14751
4079 10114
16959 22297
2514 7131
8288 12007
8025 11274
822 11910
4729 12602
2897 13613
1291 2978
4724 21843
1611 15592
9931 21337
2413 6622
8455 14895
2393 8466
865 17294
1306 17107
13059 19461
7891 7895
3876 20802
9507 10568
12326 12369
11246 18991
9509 18874
4775 8287
5627 14017
2529 3872
3348 7409
5906 15250
11334 16606
1645 11029
10782 14766
6071 22361
4324 11170
18391 22763
65 15996
2401 14416
6640 11122
5481 6483
4171 10731
767 10393
13236 16061
8508 20281
13243 17884
5763 16982
3544 22770
471 14979
3033 6306
9589 10975
2865 14542
13323 18053
1620 9060
8908 13483
3779 5312
12842 17889
9019 9388
5011 16945
5823 20605
1528 21484
2962 5560
2977 9539
4735 11538
1049 6927
14682 19001
6060 17578
3863 8795
7306 11615
4613 5146
18576 22130
18133 18298
5455 17812
2986 8371
2896 16846
13170 17813
696 13645
10849 21309
10232 22258
4821 16024
9842 17212
18107 20541
11486 13950
11764 12337
4443 18941
12611 13348
12266 17837
10257 14646
9519 21688
6056 14968
12992 22991
16600 21531
11959 13372
810 8386
15127 15748
3066 10846
9032 15478
2281 7037
20022 21511
6089 11883
13503 18205
7851 12526
2185 8237
2027 8163
19503 22452
664 12821
4366 19389
8870 10435
12813 13876
1208 4699
10599 14949
3665 5114
931 4480
1565 11282
1625 6612
12742 20676
12578 21510
7609 8995
8882 9740
21547 22083
15094 18270
6496 16041
1081 12680
18785 22025
9151 16047
8867 10080
8893 18106
16162 21915
5588 17169
8205 20279
5320 10274
11627 22396
6314 15115
5279 20035
9810 11875
990 5843
6841 20128
13479 16600
5793 20034
4784 9122
9955 12300
2992 21123
14036 19934
19018 21639
14880 19122
6390 14217
14910 23013
20183 21473
4982 19377
14560 18507
12897 19236
3064 12063
1494 4990
6213 6254
13329 17170
11853 20217
9073 15127
16489 21955
8226 11796
11451 15087
3847 10475
4552 11650
8205 13117
4492 10890
5684 6360
2133 5525
12512 20868
2434 9141
12950 19731
8883 9573
17202 21620
7237 11662
1065 19096
17391 22989
15941 19317
9409 13502
3997 12862
10653 22959
1877 14352
19105 22048
289 13809
8482 21977
14484 18267
1438 20321
9387 10606
437 3604
10826 19016
16144 22793
823 20644
11589 17134
423 5317
20025 22557
13719 19154
3830 7622
7626 8955
16665 17881
737 3850
12306 21092
1323 1787
14455 18061
6733 8533
12615 18345
12950 14119
6245 18334
11438 21821
19192 21003
6355 14888
15822 21644
18308 19416
1490 13567
2951 6037
14692 15514
16050 17660
6403 7897
16220 16483
11649 11732
1338 11269
5079 9020
737 7301
6437 7612
4682 7723
6340 11097
3799 14546
2930 17195
8689 12913
3551 10063
1514 15078
8765 17228
4302 12736
3921 10073
123 10730
6095 18354
4315 15748
8771 14775
16935 17439
7729 15767
1814 7022
250 11697
13630 20930
15098 19297
4675 6404
10111 11649
7358 20984
9640 12522
9059 9787
13147 13614
3743 12626
3159 10629
3573 9136
457 4935
5788 7394
4203 20713
767 11387
12125 18285
63 10150
10258 15220
17673 18780
6608 18726
1669 20091
8728 14492
2998 22048
11780 12774
105 9731
12091 13232
2809 6950
6056 7265
6973 12743
6924 9266
1183 17478
2094 21415
13995 20884
11745 15301
5934 20108
796 19282
1827 21765
915 6823
7145 8094
10099 11649
2471 5025
14468 19788
5356 19056
19001 20447
1827 4389
5812 11264
268 6252
937 16525
9321 14223
5911 6995
4197 6789
3735 20949
4750 10098
9897 11876
19779 22880
7632 19576
2281 5336
5609 15282
5911 7975
4190 19950
146 22996
9503 17443
3513 15373
4125 18338
4033 7505
18576 21480
2552 22557
5566 16255
4126 6723
376 4084
15341 20727
7468 8757
7840 14428
17918 20221
1089 16088
7663 11476
4727 14705
13527 15846
16727 17658
2666 5894
664 13801
4230 7675
2746 10573
4994 11912
12527 22306
6095 6822
11006 21545
6493 8830
3367 23023
1482 17587
5096 22816
6687 14593
8072 13665
1516 21693
2379 17390
11861 16130
8683 18333
1818 7121
11649 14146
4279 8273
2265 18991
13069 19388
984 15359
111 10978
275 11858
8808 13461
8892 10617
4210 10345
13577 17587
7557 12536
8765 21914
5339 18158
12245 19586
14962 16665
14130 21472
3442 15748
10182 13526
15204 19997
1052 21153
11489 13540
313 18895
5344 14200
7450 8757
9900 16241
13186 14434
2284 22520
11716 14241
3549 8469
18248 23054
5539 15666
3522 13614
9172 10524
962 4914
1481 8408
14092 20075
13345 19643
478 16606
4081 13484
616 16600
4027 13319
15233 15457
15731 18913
18991 22650
973 20024
17403 18986
11923 12505
5967 22176
2384 11585
8054 21369
7048 19206
8320 13048
3258 13524
6239 12580
20451 22226
9545 16727
8360 21934
4831 16905
10805 20609
3261 5237
3779 4051
2893 11649
11224 18670
12528 19832
2978 8982
22232 22291
17434 21042
2348 11627
14591 21914
5096 20339
9700 22485
4463 19842
7612 9170
12098 21453
7603 8159
600 7707
3326 11258
2360 19675
7328 12461
6774 16825
17810 18612
10941 19166
15217 15444
6751 16704
5331 5922
2265 12263
2240 21700
4006 7163
2997 14718
12820 15294
4794 11943
5455 12933
13996 17012
13100 21187
13311 20311
12133 19015
172 4215
1022 21534
1301 21115
1410 11832
8511 21756
11975 21360
1108 5823
9121 15939
418 3620
11828 16073
15811 15815
1877 7694
4051 13708
192 14766
2585 10061
4538 5476
8798 14057
5911 9170
14160 17973
8025 11232
2898 18011
10287 21959
2613 11633
21370 22354
5986 18853
4067 21843
3306 20351
7513 7626
11737 13547
2265 2920
257 388
7709 21139
1325 3164
65 10252
5727 9796
7073 7713
10559 19892
4951 16560
921 1275
6220 6489
11905 20630
6421 17013
8643 20429
2546 11281
14752 21580
7793 20225
5699 10963
4216 11919
8361 18640
4036 5718
8531 17113
9423 14471
6447 14895
16204 17693
6401 14852
8767 12585
10462 10629
10651 17113
12106 12682
20663 21459
10959 20832
18679 18681
15821 16005
7170 21478
2475 14010
4315 20490
3197 13218
3352 17594
14729 16633
1997 19187
3784 8514
2535 14270
5784 9052
3196 12528
1025 14226
19003 21840
7993 17861
8246 18046
7732 22742
9053 13063
6498 22701
2526 15327
2366 5666
6385 19113
10658 14283
8169 22241
10042 11377
11080 17659
4503 13553
10559 14537
11677 19931
3760 14606
18010 22896
424 10733
6252 14107
14996 21411
10165 18043
18910 20654
10528 10753
4577 19322
8234 17769
7233 11613
2792 13161
4808 11466
12329 12821
5339 16115
10123 12585
3718 6887
9724 13041
9039 20473
683 13850
910 4750
5383 17389
8027 21817
14428 16723
1318 10161
13623 16252
20129 22830
3159 7784
18960 19768
6996 21508
19185 20828
4495 15637
1576 12126
11462 15216
8189 10861
846 20778
3743 17906
8005 15286
14412 22232
9860 21003
4439 16410
9172 12421
5301 7461
14524 15745
14687 21564
19555 20252
14616 19702
13749 22820
17291 20481
4365 15303
6237 8888
18846 20768
5727 15502
1751 22896
11074 21579
6081 19942
9949 15960
5987 7449
6328 18377
16 21311
13080 13811
10481 14970
10383 21583
4132 6263
5861 15305
10810 16765
27 1291
6005 6782
6014 12860
9623 19485
8832 15654
1565 21146
902 21244
3465 20074
2198 22176
8087 20075
973 21738
5894 20972
873 9536
9978 13732
695 16820
2775 3587
1641 15799
4811 7626
10099 14561
171 20549
6549 11389
10145 15566
18270 19342
12160 17296
20474 22372
2615 4929
4439 22463
2070 4572
898 11920
846 3564
4886 10632
16245 17552
2726 7287
11781 20458
238 14678
12281 15042
348 3184
10579 18780
1810 17331
4088 22275
6419 11627
4744 8416
3905 11742
5976 8859
16044 19036
17879 18770
758 3331
11476 11642
13645 16604
1862 13672
4714 14857
4315 19283
5987 8952
18374 18706
3847 17673
5536 10921
7050 16713
4865 13667
5535 14390
8568 11168
3469 13091
17491 18086
15816 17847
4524 11227
5746 10070
4869 11759
359 391
89 17884
12648 21932
3946 11739
4552 18194
13794 20959
8652 10067
6259 22217
4145 12389
12771 20090
13996 16619
10286 14552
9412 10093
12539 19538
9291 11819
8434 14614
11181 18729
4835 11853
14029 15850
12164 17034
18999 22692
13079 23007
13499 17691
4533 8422
13401 15159
9115 10093
1582 21193
4154 10406
4172 8623
1884 22168
474 16730
6350 12520
1499 7027
3052 4049
13135 22217
3021 15269
8475 11376
904 22744
12246 20838
13716 17709
9731 9994
12219 19238
1352 18185
2809 16979
9845 19358
7734 22100
2775 6073
1051 19977
326 11154
13289 19348
2792 15893
1746 11644
3562 11923
4938 9891
2900 14979
8475 20644
6679 14929
4773 8191
10190 19958
3898 10943
11492 17691
10490 19034
4292 15886
6701 14706
7648 17565
12106 14989
13859 20927
6916 15803
11046 12071
1814 3398
13335 20676
1212 16434
9735 19227
15967 22948
5474 21810
11808 11867
18965 18985
17261 18208
6594 19106
7817 21095
448 21089
1749 14988
16989 20953
5708 14395
2225 18473
3912 4841
2453 4209
13932 21358
7082 22292
14571 15671
5516 13598
6385 21382
15680 20121
1466 3021
16879 16880
6041 13499
3349 22142
20694 20921
1493 13844
1490 9225
2428 20664
5965 15893
4392 18943
1101 18683
2901 12284
4406 13833
2315 2461
15311 21473
10516 22205
13179 13993
9862 11462
6373 19372
4998 19703
3000 12626
11267 11279
8511 14857
8496 19888
4203 9970
7489 15616
2679 19853
18848 21973
5109 13604
4288 8440
12950 17884
6053 7850
3637 22122
6393 11811
9084 22010
6754 13928
474 11250
10195 11070
8854 11058
3013 8241
1352 17309
8884 14093
6517 18184
2716 5590
10098 10099
11540 13499
21677 22451
2229 11735
1607 6693
10536 17762
12126 15059
14207 16654
5092 9204
10872 18495
4274 18116
4258 22348
13118 17511
17660 22924
12206 20518
1219 20627
6317 17311
5509 6827
20740 22677
9861 19126
13549 18328
19002 20081
2961 8439
421 19563
356 12751
8929 14493
18019 22309
16298 18836
1949 3808
8615 20059
13966 16660
17159 18951
8886 10211
15012 20168
10622 16293
3383 6812
15395 18726
3745 13996
4810 12188
1026 13923
9972 19726
1219 11876
7997 22380
4310 19748
4369 14212
5620 14833
14242 14281
13959 16860
18323 19344
1569 12336
7085 17648
4876 17535
3013 6288
1748 19767
14366 18894
3432 4938
2181 16736
19309 19449
2859 5173
7231 11241
7476 12910
4938 9365
10447 16927
6546 21945
4315 11233
16027 21064
14195 19951
2446 23092
7436 7495
3072 16344
7312 16278
4920 12033
18295 20644
7668 17729
14743 22562
7068 19004
19786 20129
1324 4810
644 18895
1712 20450
630 20275
4972 17665
1697 14772
5708 12406
10197 11283
7755 8594
5448 8976
3867 9535
3103 14892
4489 14663
12406 14298
1025 12522
2683 17869
1499 12057
7173 11347
493 3066
6544 17202
10310 13874
12768 17111
12648 15996
4485 17946
1097 13040
1707 10270
12619 17393
12147 16474
2677 16945
1963 10407
5146 15443
17865 18193
15915 18984
5481 5746
7661 8288
9524 20021
6524 16460
4255 20073
6065 16634
6693 9381
22244 22451
11303 12354
7458 11781
4088 6626
5023 13607
1049 5835
939 4564
2351 5887
11354 14290
4773 12389
8360 21040
12298 18052
1572 2365
749 6887
4983 19319
756 14954
14743 15649
356 6851
19229 21880
6875 14124
3124 3955
275 17158
5724 15217
5343 20882
3454 20764
13372 19522
4926 14956
18348 20453
4230 17701
1473 12999
7395 21079
11677 21911
10165 11926
12500 16827
17884 22812
2213 17111
2943 9141
8436 13804
3814 17637
11480 22737
600 14551
11232 16600
8266 15364
13493 16595
3213 14537
5336 6519
7779 16857
9403 19317
1504 20490
12602 14766
11484 20414
111 20745
2341 13313
4124 13380
8001 18771
3972 4320
10466 19249
2461 19648
11892 16633
8002 11821
22547 22975
13461 15678
16504 20348
7234 20349
14498 15078
1499 9134
7975 12048
10328 13172
6375 7425
12049 13430
1630 19314
15721 16399
5995 22380
11058 19188
18381 22946
10111 14949
12466 23121
4560 21544
11703 18576
18815 22744
7274 8169
4372 19297
1068 17722
78 21065
16640 22344
1093 18401
963 15478
11241 20634
8762 15652
12639 15072
5727 21010
10639 22834
6355 14295
718 8001
5674 17772
7455 19307
3775 11791
7573 16568
10300 10643
2996 10093
2228 11175
8360 21980
1799 5906
6884 11685
11886 19190
12700 15608
7308 10128
10667 14772
11230 16654
15632 18916
10471 20057
21189 21700
13119 20184
5727 9737
1443 17983
8375 21889
9524 13540
1092 13525
13632 17164
2315 9338
1338 22432
11770 14152
9516 21013
6767 22265
16641 19611
5195 16300
14779 14871
1745 23042
2481 2543
1619 10952
7502 22765
13239 21637
8099 20165
8226 16948
2633 19232
8615 10667
2716 14438
1136 17443
17130 19123
10631 13232
13256 20052
2992 16665
14759 18832
2165 11390
3391 13521
6158 12860
5641 8802
7618 17876
18012 22676
1900 3202
327 22433
13553 16525
4692 7140
7337 13425
17813 18288
1713 7464
2354 4275
52 15212
12424 23117
13557 19818
410 7157
3066 3449
11452 19286
8881 22085
2232 17558
4613 10123
14109 20431
13519 15512
15782 18954
6613 16780
11925 19370
11377 16869
6575 9311
531 15690
3977 17882
7559 11904
5961 13593
17603 17987
6999 23037
8740 22279
7952 19286
8126 16737
21688 22919
5038 11762
17296 20955
10644 19563
844 5547
16637 19683
13180 16485
5236 10359
10323 14497
2256 2270
10410 14550
11769 18544
9843 12255
14797 20474
4959 17959
4266 7674
13051 15883
5217 7138
3770 20978
13767 16595
12648 18831
12973 17783
4701 5280
4013 18047
9659 20311
10712 11847
9862 13928
8885 20076
16814 19745
167 5080
3609 19888
14256 16070
3939 10020
5157 12243
5409 20806
7806 13372
5667 13069
9927 13597
3877 16658
1970 4158
283 1516
21170 21800
10395 14550
1173 1906
5412 17744
1994 9412
4738 21137
10834 19313
15386 21679
14712 15624
1897 20075
5981 11719
3710 4490
1374 12269
2265 21187
14088 16646
7427 22425
15478 16343
12298 15721
1643 12314
1051 16386
3565 15044
1841 11738
5619 8089
3863 16975
1168 12296
4848 6493
2778 7464
6659 8025
1418 5099
12258 13106
5101 21093
17657 22489
3196 21596
2827 8878
370 12098
6941 9473
19959 22665
13560 14198
8336 22326
1839 16954
12991 14094
949 6461
2735 4249
14715 17994
5790 21903
2460 5014
283 15204
5641 9869
7917 17513
4089 10940
20801 20868
7624 17826
4920 22354
2340 16310
9363 15171
5202 6610
3705 11351
7360 17896
5311 14332
3839 23050
8708 9779
16088 19087
11930 21502
13382 23011
596 1532
2634 11760
5161 16831
4991 18762
277 384
12106 22953
1955 2206
835 19892
12578 22085
391 15992
288 22821
276 20809
8217 14404
14308 15494
4889 9910
13105 20336
3084 17501
9290 22924
2993 22137
4471 8863
2154 20839
15739 19568
8570 18529
2914 22258
8967 13394
19916 22065
1407 22331
10512 17537
9626 10031
9457 18794
18790 20966
20457 22995
13020 19203
12889 20958
6955 13560
5528 16666
16600 17439
2445 5543
4769 6609
8369 8372
5354 13048
10502 17007
6059 21749
7709 15277
3021 10935
8048 20029
8102 19344
11713 15718
2096 14550
2879 5589
14639 21257
5038 21814
4407 16696
3364 15602
21312 22166
13220 16666
1697 18857
601 21024
2829 13497
3361 20548
20201 22940
14341 21951
5806 22178
6906 8674
9426 22100
15646 20546
17994 19123
10973 18089
9475 12160
4385 22536
2604 15290
5619 10593
9587 20353
18521 19301
632 3282
931 4482
8360 8514
5507 13657
15964 16560
7513 12707
8119 16665
2442 12877
1565 9550
135 18112
17495 18223
8290 11865
20044 22924
2951 9886
494 17526
8854 19370
4123 5148
20729 22557
4981 15102
6924 7040
7936 17729
6493 6822
187 21232
7741 19563
4585 6415
6995 15915
16027 21843
9223 9638
22050 22051
21632 21638
1799 14199
11210 19807
7211 13573
695 3880
4552 22448
11997 20240
4840 22258
411 704
5464 11649
8360 20833
1183 20188
1136 9350
9213 13872
8615 11127
494 16631
10196 14789
2961 12835
9014 19387
9280 12911
6421 20761
1198 9797
19282 22097
9331 16309
5476 9942
3563 8483
3067 19337
7180 18442
14299 22533
16766 17455
3196 20165
8740 10423
5312 10729
8878 17087
10828 19125
6187 20902
203 22596
15298 20288
8224 18094
10577 19300
15326 17884
10925 18902
2894 6212
1698 18289
612 13740
1696 4348
19704 20315
718 14587
13790 21731
2264 3881
11574 17844
4785 9324
3536 3537
4235 10097
12342 17069
9743 11271
5609 9917
4027 17149
2792 19550
1232 1535
7975 11900
7751 18369
6895 22336
4366 15996
16304 18029
20795 21054
1321 10274
5703 12610
2320 22670
2959 19188
15503 21535
3383 8057
14450 22207
8480 20062
9507 10379
1758 2004
5624 7537
12308 19222
12414 18778
6705 21637
12227 20450
1905 7390
7524 9325
2165 4023
12681 21411
2263 3309
21480 22536
8288 23031
8214 11640
2451 5525
2886 16085
7896 18571
9796 14304
11499 21485
7073 20186
1444 2310
3489 9331
15876 22768
1251 3350
2728 6936
2765 10260
14135 22206
4515 22418
8647 17495
1905 3957
3944 20050
1419 3022
2245 9384
16006 16886
13162 15540
7663 12485
9706 20266
14330 19708
5619 21546
9247 15555
8977 16037
11936 12164
1923 12165
12013 20640
5655 17158
406 8033
5476 22931
988 14501
8328 21256
8867 10775
5108 6184
10572 13400
1605 17130
18232 21234
12246 21599
4910 20741
14291 14329
11814 14874
3371 22118
2402 3964
3169 9659
9964 10651
2265 20275
20739 20868
8235 16053
6767 8214
4268 19555
14354 18003
10378 10471
2739 10001
6360 13941
7140 20659
6247 23016
8131 21726
11702 20144
6041 8161
14710 21508
1051 12343
13486 17927
13273 19188
1536 4216
7673 16803
2196 18516
1493 19192
5806 18480
9090 22124
16086 18630
16942 20400
5839 20112
223 11949
2315 16035
7983 10298
10470 10611
5319 9842
6605 6615
13210 22778
12342 15972
3060 21955
18943 21128
12921 16708
588 20107
6161 18442
2777 19444
9848 14587
5200 8491
7350 15654
13806 16862
20258 22670
13632 15272
1477 11845
15492 20043
9861 17212
17729 17837
12522 19898
17210 17228
9660 11672
12663 22743
963 11649
14354 22793
4228 22417
11432 17246
447 14213
19883 20676
2335 8062
7118 10939
9022 14412
17246 20523
17478 18785
6193 8327
15246 19260
802 6523
695 10272
6749 22820
1952 23076
22700 22981
3957 20914
4638 20664
3306 10964
12424 14113
19684 20062
2761 14273
15788 20728
4432 9587
17478 21663
21840 22537
288 14281
13758 18279
2201 5949
4023 12645
1051 12806
13741 16551
7170 18597
9797 14706
21547 21563
10720 20136
5409 22234
5488 16728
9846 14491
12627 20539
9225 12896
13872 22354
19720 21772
19563 20464
5744 15526
7353 15921
4561 9930
7696 21459
5157 15304
10076 22589
10182 12198
806 12036
12637 15280
806 16942
10004 18480
5151 11970
14550 18323
1986 13734
5098 20603
7328 10623
11647 22380
19001 19347
5344 8475
1093 17494
328 11629
2792 6271
5385 22488
1411 19126
15780 22647
1572 4613
4633 16636
13833 15528
5297 11950
20659 21519
5281 7963
18613 22629
11393 21296
5171 10691
2516 4378
3123 16595
9848 14579
6089 16927
2794 7463
3370 9367
2823 3574
11780 14560
8576 18618
19220 23046
7513 20868
11781 14375
13785 17815
7436 14713
5750 18117
3509 20548
320 1894
1407 3186
5516 11586
9765 10090
2757 19483
12859 17655
2286 2434
6100 10860
4727 14088
7740 15311
5211 22010
6672 17156
1381 7761
194 944
5590 14608
11293 16530
2315 17549
10465 21906
7423 18166
7381 17418
1252 3176
22451 22928
12060 13359
6483 14748
8981 18126
2506 12300
12485 13406
1582 21955
5450 12722
4807 21287
6754 9862
1144 2907
3276 18185
9384 13711
3483 4280
13461 18173
11862 18775
7029 12999
18321 20351
15427 20659
494 8539
4817 8567
14576 18869
13692 17134
8615 12549
11382 13722
9336 12880
9200 17365
5963 16770
19105 20396
1692 16911
2198 15931
7247 20438
1957 22223
5773 23121
19704 22047
4758 20568
1414 16920
5579 12959
12992 22309
9384 17841
7503 22080
5971 14271
20728 21955
12396 15078
16195 16514
8292 22562
6935 13517
11376 21955
1572 9524
17751 18323
2740 4242
10632 15189
4146 7489
21432 22508
11926 15467
9022 21498
10003 10107
20192 21417
7669 14715
5987 17778
1049 14410
16073 17386
7242 19853
9539 10541
286 3881
6543 8629
6493 10806
7088 14465
697 2342
6678 20474
12426 19355
2729 6247
14877 18427
5828 10353
3645 18846
4849 20200
9077 20663
1778 5737
5080 15922
4239 16851
755 763
3871 5054
1265 9449
13213 15325
3010 11954
5165 11362
2654 22526
7308 14763
1919 10886
10380 10740
12188 22736
5379 18511
2360 16110
14749 19098
3720 21373
10205 14057
14781 22343
6053 17622
3497 19124
12973 16200
13876 15211
2320 12180
5438 18345
8865 14517
13251 21740
12540 18404
4247 17977
1622 19250
8282 13878
14360 16428
16665 19259
16061 22494
2857 19937
5989 15125
1630 17039
10145 17073
9480 17202
9057 18980
14201 21644
13476 14009
4027 4099
14318 22258
5584 10232
4533 6161
1448 18724
7300 19783
400 7534
3673 5317
13740 14232
4419 22409
13372 13611
11832 16415
5150 8152
11930 13645
2967 20865
5335 17111
1017 13801
644 13447
10246 14002
1144 8588
2097 11649
1814 3111
5149 16352
7460 19355
4291 20573
12188 13357
4315 11970
553 7517
6808 16300
2679 19057
9882 20085
5054 9229
12296 20660
385 2928
17445 20484
85 4107
2306 2461
17830 19778
18186 19870
12302 18373
13462 15298
18316 19857
16737 19419
14009 15116
6819 22816
1208 8524
6568 19029
16535 21848
3563 21825
7829 7835
12793 13198
14134 21269
6144 16214
16727 22707
7991 9035
522 20743
16682 20663
955 8832
13416 13609
2792 21415
16727 19465
3243 17010
13791 21398
6796 13557
2935 10097
12104 21880
1643 7977
5998 18991
18223 19961
1160 2901
15962 18888
14844 21770
1721 21132
5149 12500
7223 16716
2318 3761
6493 13689
19084 22793
2132 16410
10093 20588
8480 9751
6080 12039
12895 13372
6077 19611
21081 22615
483 12648
197 15690
926 15680
2777 11616
9619 10694
11396 15056
37 19261
1299 13759
5430 20987
3372 11213
7573 16319
4714 19198
288 15400
20853 22144
14715 21955
3415 19768
10105 18582
6643 7193
5731 8309
2461 5336
11047 22099
2650 21244
11920 12745
14761 15482
6489 21138
11638 11639
3476 3594
4635 10008
2334 18985
2965 3124
559 5046
12188 15364
1543 8366
6354 21915
7578 20663
3173 21025
971 22432
14262 22728
10383 12578
5780 12047
19174 21086
8494 19083
4082 20927
17931 19842
12468 21814
2374 6244
119 18881
17010 18625
4114 10929
5164 18289
822 19550
602 9006
5157 12723
5022 14865
2685 6223
797 3948
10235 18834
2294 13121
14019 15373
3513 13393
20071 22565
5928 15767
7516 13429
2356 9118
6617 18255
16803 17136
3113 20102
13918 22973
275 16372
1481 7669
15263 20075
12749 17061
8062 15079
9453 12950
942 12914
356 9475
13240 20061
9530 9539
3304 12143
3137 13001
3955 13635
754 10049
10027 14365
10112 16247
5894 7173
275 6723
19167 19692
4786 9539
27 1732
18928 19144
6810 20576
10826 19536
1023 11649
573 12556
3136 12371
15420 15680
6882 20721
12516 15286
14414 22221
2366 9366
922 11011
2146 6622
4719 8638
18574 21617
9339 18932
6157 21339
3514 6036
8929 12021
14794 21511
2239 19884
476 18161
9983 19176
391 4617
17182 20402
3171 18377
4193 15275
11798 19739
5081 13280
5727 20035
12126 21223
10040 11174
15077 18983
768 20479
3725 22727
10546 13259
694 23005
14047 18737
59 18836
10215 21914
5850 19190
764 3191
4570 13612
5691 15809
2001 2453
1210 4088
10628 12011
18043 22050
1713 6127
9900 23118
5052 21001
6305 19844
7114 12052
4267 21017
10278 13941
1314 7894
19550 20293
12354 16537
337 21595
13645 19115
7396 20941
3588 21508
5202 18160
7406 12425
2948 9272
12645 18774
9680 21691
9225 12136
6094 11254
4754 13479
7555 21569
8699 8871
3290 9169
10028 10616
13198 17665
674 4300
17921 22122
7673 11266
981 14036
3483 18045
17216 17662
768 6838
15115 16979
258 16568
3665 13639
494 6355
7558 13173
5193 12801
8709 21510
3960 6340
3287 12708
2021 9611
21502 21951
9502 19394
5258 17261
11365 15234
11821 19962
3276 11476
10111 12522
3108 5476
4112 16331
1870 13785
10795 19435
858 11917
9815 17365
2477 9226
173 288
2431 8001
10690 21142
5289 7517
14654 19555
2696 18986
2263 16205
2315 18909
15789 15926
2287 14062
19176 20598
15077 17588
9716 10954
5989 7517
2992 5476
7420 9714
4810 15088
5110 20360
2911 17386
9485 14011
10077 15577
1514 5780
294 6101
12113 20568
11476 15022
5943 22340
111 7448
7164 21534
4223 12838
11809 14235
10604 19503
5239 17734
5993 23121
8710 10128
5990 15687
523 866
14923 21214
15043 17936
8459 13392
567 9074
894 18778
12124 19010
12175 17933
6762 16027
8641 10121
2341 20987
978 15739
3233 8434
745 20159
4917 15229
2914 6875
10490 15631
15470 15606
5574 17743
16369 20086
1709 19089
2867 21955
2263 2865
8854 20165
11935 16489
19364 19651
14393 20521
53 17212
7784 19679
15977 18228
4796 10854
12895 13445
4085 19672
5281 12011
23 13996
3881 7391
9320 18323
11257 16487
1970 9827
5581 17064
2594 20644
7111 20431
4982 11555
9435 17867
11913 21620
12336 21693
5419 18248
13142 15794
4649 18253
12014 12122
8267 9596
4707 21788
2634 3823
19153 22938
16205 20457
7915 19958
3067 20310
12002 15921
4025 6320
2189 13719
5619 19036
9617 15043
2863 22221
5384 12161
8627 9448
4320 5894
8197 11653
1104 6083
8039 9886
9213 10886
11883 16837
13632 14590
8863 18305
15530 22379
11981 16560
8158 12210
21405 22844
5550 6767
4058 18128
14038 14696
4440 21711
14724 16943
10919 22275
10323 16884
21531 22088
2178 22955
6774 21629
451 20941
12256 22297
6626 7524
574 18120
294 12165
292 16815
4558 16585
7036 8360
10483 21746
17884 20447
16625 17892
2390 21077
6760 17954
7360 11245
8859 15279
15457 20659
15646 18574
452 3538
14048 21510
716 3419
3112 5165
5327 15717
8279 20797
12624 22553
16144 16519
17454 17896
14365 14756
5157 11650
1499 10910
2794 19409
6095 22727
2138 14989
2529 10643
8288 19898
2377 4242
2883 12172
10895 17354
788 3059
2519 3648
638 3355
2457 7101
3164 6350
1331 17073
7739 10253
10765 22642
889 5784
6004 22130
1784 8197
6767 7360
3156 16927
13858 17729
11649 14503
480 9278
13125 15908
7973 17238
4539 14550
7864 14276
9010 19529
11996 22341
15177 19011
11930 21951
4617 20927
13470 15374
7670 22768
656 16600
20206 21639
235 18191
8826 15456
13399 17295
6604 13629
9582 22924
8369 20035
8555 22443
16934 22835
761 15939
785 2082
5379 13125
5694 14609
22221 23039
11328 20531
11050 13738
286 17297
3946 12615
15976 19872
2037 15735
10086 21418
9093 10599
4499 8570
5965 18991
7226 23036
6736 17511
2989 19900
22852 22991
8725 22354
1664 9372
12048 16680
3789 16521
13291 19444
10252 13002
6094 15483
8475 15731
15603 18704
8362 9615
1287 6323
7347 8234
13461 17729
2777 18051
2895 10275
7037 14132
372 7666
18442 21805
20976 22536
71 21437
6387 12527
9093 14223
2943 20733
188 15674
9344 16542
1137 2860
2026 20443
2182 13202
13268 20057
17997 18310
16047 18379
973 3896
9334 13301
8176 9351
19366 21196
2993 17409
2092 22315
12623 20594
4634 12022
1047 10081
3415 8738
1703 4781
9031 21567
10381 21609
14413 17428
8839 13818
3467 16300
6095 16814
10567 20015
20062 22432
10272 11395
16989 22197
3538 13341
654 12977
3352 8961
4469 21117
15241 21206
6496 12384
5457 8514
10883 13811
10450 22528
1290 13418
12164 14533
9025 20270
3004 9787
6609 18679
2776 5080
2961 8328
10826 16194
6450 20048
3335 20235
11533 16284
6330 7830
2368 4793
3442 17796
2764 17832
4737 16976
1852 7783
4184 21358
3746 13844
3920 4654
21862 22754
14237 17353
946 2187
19951 21047
18627 22258
4001 14575
2265 6252
6367 13749
13319 18655
3938 19684
10137 13427
5843 10675
12851 13118
6761 19704
11920 15850
11466 22924
1823 15064
15686 18333
17936 18679
2503 22879
1478 8369
9360 14752
4713 14641
2212 13919
18887 20609
2817 20868
9891 22340
9229 18227
207 17393
2978 20889
8597 20911
11359 15063
4120 19688
2357 17223
7524 19282
9757 15437
5328 18991
9848 21491
1358 19446
8854 19188
1936 3782
17854 18858
11763 17884
2061 4431
14749 15529
4170 20350
14344 21999
9212 10648
118 7643
14288 21951
2516 4381
16932 21076
12976 19115
5535 11579
4076 6356
8526 22555
15003 18928
3173 21825
10008 20594
267 275
4235 13105
2265 9213
8282 11903
5612 14484
14044 18731
3174 9787
6441 10418
5438 12615
6664 8215
7490 9813
5633 13476
8784 22557
2263 2438
7414 13791
8420 15364
12125 19233
10920 13763
14154 20952
2326 3052
7143 22622
5620 14550
1542 4302
12892 18661
9699 18116
12905 16600
7429 8694
7085 19559
14687 21562
6152 14945
13329 16643
2327 10833
9212 12624
2911 12612
12119 19446
11780 22572
17061 17881
18430 20639
5748 10379
11560 16712
1389 3151
19970 21046
9815 12899
16713 16917
7806 20122
6269 9264
292 3722
15640 20525
443 2096
3769 12324
7215 18506
3166 21020
3500 22940
3984 21405
1295 20892
1796 7209
9624 10457
710 13334
9122 14300
874 20490
3136 10634
461 20139
604 9361
14395 20995
3383 10445
7073 22557
4287 20254
18343 21790
8309 11154
15716 21769
4405 16088
4898 21727
8183 8689
1799 7524
510 11050
15016 18839
3488 6319
9742 10097
5672 14869
3255 14649
15574 17384
1593 17281
1108 9170
935 11867
1921 10272
20517 21744
10101 12678
5735 5751
7755 18471
13223 16600
1493 9503
13742 16303
2173 23094
11210 21643
20495 22600
7349 14281
20809 21310
13393 20266
596 16195
3524 16626
527 7483
8926 18438
13676 20062
4351 10097
8944 18991
6534 10091
3287 22858
10745 15529
6870 9060
730 17552
4417 16301
2952 4491
10274 14531
4587 12763
1302 15739
7211 17820
2661 8367
6755 18780
14177 15783
18947 21756
4519 22670
8498 14753
9382 13019
8676 13976
18019 18147
18879 21814
14473 14985
9044 11080
6881 19330
5680 6450
13 20473
4838 11886
5899 9303
12081 13085
9801 15543
13729 17487
3353 13979
6236 13060
8588 22423
5401 14575
10154 15069
764 21629
15470 21208
2958 11477
7755 7776
7626 12147
18272 18974
8363 8888
2202 11403
12406 12528
4082 12188
12300 17718
7680 16339
4304 16211
4144 22321
9865 14483
9983 17698
3797 14409
17386 19021
8314 14856
10182 20206
10182 18988
168 6223
7131 15847
1296 1490
241 21274
482 20256
15284 20125
10427 13680
12033 14590
22821 22823
3946 4580
15445 16713
11650 19997
4972 16195
5784 10595
4691 20282
6072 20770
5281 8830
10366 19838
2824 9922
4928 5656
13345 17884
12046 20266
7795 18587
11453 12383
7626 7670
6094 22711
3184 4159
2091 4494
4125 16886
1816 2444
12371 20005
8137 11266
3989 6325
8124 9456
18986 21615
9886 13080
5173 22199
18590 18603
1776 8865
11224 19068
7878 11289
553 15352
2424 3335
6937 15301
9096 19609
11618 16648
16560 17526
2341 9483
13666 21320
10631 22300
8276 12545
2263 11363
7471 16423
4604 12507
5601 13804
13657 17154
6355 21058
4074 13202
4258 15727
10942 21031
10187 21153
3812 13083
4382 14469
203 8930
3496 12829
2453 17725
986 21691
6355 21126
7626 9654
20171 20728
1271 9120
5344 11477
8030 18420
4923 18183
18148 19704
5556 13742
12413 21013
12330 21010
16205 23064
289 2895
5064 10944
7221 18991
16512 20467
16589 18558
1292 10232
1378 5233
3476 20188
9119 17302
8703 15510
21407 22318
9077 17761
6418 17212
15572 16017
8142 21417
5886 12559
16380 21123
2279 10592
1504 9828
6437 9170
7283 7799
4274 14859
9479 19075
2519 2829
1125 17860
1946 6447
4874 16362
8843 10154
8057 13198
6467 21723
19 1378
657 10754
15389 20981
813 20386
11688 14479
5191 14567
1350 18333
7477 13446
2837 10459
411 8165
15124 20720
1853 16054
1570 9374
18050 19275
4545 9983
4376 16614
7019 7147
3549 19126
3731 14414
1219 11238
573 11613
640 5989
3686 13698
9697 21814
15477 22814
2172 13449
16169 21654
10248 13716
5257 13291
1069 21783
4643 17431
7014 10898
5161 23075
12736 18323
5744 17884
7287 7542
2529 5308
5230 20581
16045 19027
2579 18867
13245 21644
580 19562
1177 7706
10468 11613
20795 22536
3688 14814
11066 20329
7079 21600
9578 11930
17464 20333
20827 22276
797 11711
13676 21678
4334 21424
8183 23049
2942 20634
11246 14101
1569 14070
4525 15939
155 1178
2598 17070
13075 13170
6308 11649
10082 11649
286 10573
12186 17513
19648 22794
8022 11432
13718 19384
16763 17626
13674 19596
9278 18941
118 16739
10207 12581
283 9292
406 10974
11669 21519
18128 19446
8001 16600
5080 19358
11639 21568
18084 18369
4051 14989
201 13597
11008 21567
539 17936
10723 22795
8501 12828
391 14641
10723 16197
12536 15425
12950 13829
2461 11585
3389 9274
14183 15322
15087 16600
2552 15167
11628 12011
8877 20055
10448 15065
990 2765
3805 15340
7306 20272
3568 7326
630 9194
4028 8915
10080 14223
4124 17415
943 15250
9120 21276
10474 13555
3959 12682
8326 9611
2133 13117
15507 20047
11036 17472
4343 17865
7517 16195
7450 14659
17954 19307
5518 8168
1286 21030
135 22958
15277 18311
4113 19653
7876 19459
12321 13323
6457 14317
2513 13048
16398 22891
11322 14207
19464 21077
1234 21254
13461 20479
9013 22341
9348 9564
7378 8660
20970 22615
9386 15177
13655 20850
10658 14207
11028 12125
10254 14579
7048 8099
883 9582
11605 20140
6127 19732
14363 18160
5221 5397
10844 12440
3497 10826
8221 12880
19532 21508
10381 15421
12992 22310
7104 15638
1683 21601
1707 19553
1481 2656
14273 19058
278 16007
10256 19144
8120 12657
13869 14933
6768 7626
1544 9208
1621 20315
1436 9322
14151 20572
2314 14281
5475 6680
1186 13258
14578 17842
9651 20605
1511 21507
4026 5655
11866 22670
4253 18558
11769 21597
15089 18608
17918 21948
4499 9887
33 17936
2701 15797
3251 21119
822 11628
1587 20225
1607 2239
4501 9516
94 21519
10053 16040
8990 16592
275 10182
14932 22217
16208 17739
618 17096
277 9123
19282 20503
15640 18335
15629 20011
3820 18519
4613 11275
12047 22816
7330 15671
7972 9380
5171 19523
11418 11501
11106 22209
6407 16103
3850 8415
8046 15473
239 18685
9269 18972
8715 10231
10578 19319
6230 11199
7027 9119
6139 13193
7 1620
5143 7456
6476 14931
3739 7579
6497 10276
5877 18959
4538 12011
9213 18003
8679 14473
73 367
250 12147
2646 19492
13429 16114
15167 22557
153 19056
8267 17821
18567 20167
7805 10435
1513 13774
5635 19677
17519 17933
13824 15649
3465 16195
1009 12471
10325 10625
13046 16583
4613 10806
9265 18665
2978 13820
6846 8004
5866 13084
22157 22461
1144 9707
260 10596
3188 14732
11073 15316
14241 16960
12708 16202
10274 20653
18442 20935
676 7755
10512 22245
17519 20115
289 2506
4223 5693
20444 21688
172 23053
15483 19094
1964 11050
6850 7522
1919 11174
6875 12336
661 9621
5153 6718
4822 12616
10082 10104
2193 2301
2951 8039
9374 19887
1154 21264
382 16646
8386 11110
10614 18640
12338 20940
10315 21454
9535 10517
12889 16959
6903 9667
15590 16243
533 12528
34 17739
13557 20121
392 18313
1234 5364
19842 20124
10894 20091
1381 1738
11743 22771
596 1762
15780 23032
6738 10681
22530 22615
13732 22634
813 12106
14330 21110
17005 23117
11876 20221
17492 23040
7436 15209
9886 14213
12269 13384
7514 11323
13632 19299
3084 8711
8231 13730
502 14996
13271 22557
18778 21825
9124 22780
10480 21825
2661 12124
2026 12284
3242 12749
11538 13547
9211 13410
10219 21547
243 16211
12754 16942
8509 10081
11555 17268
6360 18639
6846 15417
2493 7678
4784 11238
16970 19447
16300 18336
11043 11849
7587 10223
6532 12186
10776 20422
9212 22553
141 1425
1064 9507
6080 21975
6080 10405
4352 6527
10197 14395
277 8360
5858 18130
14708 15870
288 4576
2219 18231
7256 13629
18075 21737
7642 19888
16443 19340
7220 15416
7075 9999
12118 20341
6367 18795
4662 22048
4158 16767
2653 12011
2705 16853
457 469
6964 7014
16867 19632
15734 22317
13791 19221
7713 18354
2899 7003
7384 9720
17507 21654
3077 6053
898 20336
12425 19679
1918 5507
1382 19688
2219 2281
4406 22968
5108 5440
202 8951
9595 11875
5375 12317
1634 11929
13312 14518
2765 3948
7417 10715
8336 12824
6012 21972
12758 16982
186 12033
4538 10628
1840 10412
5415 17232
2043 2474
11408 17748
6774 21436
1848 5242
418 18471
5330 5804
8719 22435
1939 20955
656 10345
4679 7453
7278 14217
10886 20440
1567 22155
18659 19611
776 15851
1179 1572
5127 21620
3237 23101
12115 13556
9986 14545
6734 18522
1935 16771
1499 13172
21571 21840
3769 13202
7657 15659
818 3485
14734 15373
19888 21331
80 81
480 14667
5590 16085
21873 22377
4576 8423
6278 14009
10790 11867
19419 19586
938 22968
3830 16511
11627 18551
12868 21800
1547 16997
10370 19725
12644 14265
7781 13533
6938 7287
1781 2081
7617 15176
6490 8284
10201 19415
4291 9045
14249 22936
4509 12178
18702 21508
4982 7127
6125 11394
10097 10099
12557 14033
6977 13358
3022 20687
2877 19238
8643 21546
6028 9807
11642 20792
4729 13080
10634 20280
4662 19105
6472 9090
7386 11408
596 13198
3725 13157
17052 22186
4501 20266
9725 11264
4836 9560
3746 8251
383 6965
5224 12710
8564 17484
4898 15652
886 4314
6305 16531
8025 14068
9568 14949
6101 17202
11645 20444
20675 20676
5344 10093
269 22709
11897 22879
934 11234
18129 20062
8267 20927
10894 18948
10137 14549
17891 19473
2835 11961
14929 19885
12557 18139
4310 13611
13257 21523
1879 14263
2608 13736
2895 9133
13447 16585
13673 18905
1374 5812
210 3181
14038 23081
10315 11881
2143 6856
15306 18014
2743 9192
12896 20806
5592 17357
8402 15347
2310 20286
6539 12284
13614 22947
783 7516
4067 17419
7517 21813
10381 13974
10931 22692
16927 22425
14988 18333
790 5910
8720 15616
9176 13921
15921 19768
5757 21562
5146 7489
10605 17767
10630 16130
4058 12294
6493 11107
5082 14348
18791 22643
5091 12992
1814 4456
11411 20972
7106 21118
5171 17954
11455 19409
5964 14996
301 6800
8206 20206
2665 20456
1852 16473
8353 12014
12912 17224
2790 13973
13718 19345
10795 22660
1302 1748
4277 14912
3242 6493
477 7941
1749 23034
6094 15236
281 18014
948 20062
8363 11650
5150 7914
12101 20385
16085 17158
2792 13504
731 20279
10953 19389
12036 22333
2587 8496
2770 10003
733 17446
2605 6277
6095 13844
4385 4538
8835 21636
1679 3043
10945 11393
5284 16408
10140 19249
21350 22788
11804 15577
4839 20613
10923 15540
392 7269
7673 19972
4613 22100
288 14680
1634 5527
10480 20062
18148 19725
638 19759
16195 18576
7561 13232
5346 15738
7420 21582
8276 9958
6556 22670
9554 18655
3160 4907
3328 18232
2535 17656
13073 21477
9483 15674
10664 20252
10278 12945
4190 11864
259 2284
21358 21450
283 393
8574 19120
12648 14183
20058 21621
6925 8973
9712 21644
1652 14805
10264 13736
17748 22500
5135 5173
94 3957
18410 22695
6687 19489
1403 7836
2925 5344
11796 14145
13747 14975
6807 13031
920 17388
8770 19998
10826 13644
1605 19123
17988 18972
7248 13357
4548 22785
6819 14029
17022 20611
2461 20976
6127 8594
2892 10097
10380 13239
6566 18665
9956 21872
10713 14448
11706 21584
3026 20352
5327 15680
5708 6032
2811 13367
7287 13173
10107 22023
6771 6803
730 22925
1977 3346
9989 14852
4051 5025
11408 21056
14215 19280
5465 20165
1757 8509
8390 22132
8012 8418
3427 8061
275 11919
11689 19077
15953 19503
8427 12388
9868 16418
2605 3260
3573 4768
14888 17673
2837 17232
16013 16519
4580 22578
3409 10548
10735 21064
2015 4161
1495 4355
655 11633
6327 17500
14524 19104
11628 19872
11653 14691
99 318
3801 5191
3442 12979
3410 9939
1672 14909
1905 3512
6798 10182
1818 2506
12908 20358
1753 6023
10296 17096
8495 9022
6558 18540
10271 18357
5054 18227
15252 21570
2906 22133
6486 15460
12351 13089
6950 14181
16862 20868
7373 19799
7972 20659
3054 21885
10082 20541
559 3921
4361 18908
7568 15638
12837 19786
5875 16091
15644 21633
4190 6188
12835 17909
2438 7063
13974 14707
11608 14979
407 11023
7045 21851
2553 16582
14211 18378
18003 18238
6766 19446
6371 17725
9873 14988
7489 7709
9719 14365
6585 11910
12613 20063
18424 23095
14710 18576
4377 19089
4790 9035
17488 23101
19 1621
2772 17221
19320 22078
1880 17033
1403 10166
1416 23033
5088 17023
7595 9337
15319 17443
2996 6450
10126 21814
292 5327
10080 21358
16498 20473
946 10120
6991 9173
6189 20384
5141 22401
11618 18160
1499 3019
16608 21906
5939 8214
12362 20868
10514 19073
7108 16967
8145 8976
17228 17317
2506 18285
19509 23047
1749 12545
9320 10455
10137 17202
905 2765
592 15122
982 21409
10964 18348
3067 19264
9384 19036
15759 21176
8929 9620
10631 21825
7865 20896
2209 12904
6037 21534
2866 8894
12667 18348
4840 11294
764 14636
8192 20724
11510 15996
411 10826
4091 17445
4440 11922
7287 19079
5973 8138
8883 10712
7349 13117
5804 13811
9980 10514
468 11754
284 657
7794 11814
13759 15355
8326 17114
11073 13245
15235 17939
2306 6913
14416 15833
2917 3609
1976 12351
1549 5797
1501 1555
616 4394
2752 19867
15503 22153
19807 22009
2472 9894
15517 22688
16583 19680
12549 14772
10494 17099
13046 18390
3140 3765
2895 11970
7059 7908
11649 20062
5087 14619
11451 15267
12022 17989
1188 3108
10198 15216
3073 9998
2110 17098
12276 21848
8921 19545
8944 12017
2823 12568
12188 12658
9330 15112
2660 15440
9623 14365
3619 6551
8760 20023
457 14231
944 20995
7226 17666
6101 17317
4489 20336
8604 21070
1426 16682
5173 17280
11929 15828
6949 9286
14536 22574
288 9119
795 18315
15477 20521
8267 8271
1089 9539
2757 6693
8122 23093
13806 18796
7866 16278
2652 2765
5594 10620
6733 9645
14371 18991
6125 16047
7128 17458
12705 16560
298 15262
3800 9273
289 2770
11602 14159
5519 21903
18048 19223
17661 17935
1746 12498
7991 22588
12369 16369
7491 21257
10731 20168
16945 22078
5171 19307
2596 3187
9659 11634
70 9861
2988 11554
408 9204
2482 12261
9659 19347
5875 5996
5624 18638
12406 19074
2094 16955
10980 13159
11793 20479
4836 19192
13852 18172
5232 20959
13803 18431
13593 14150
15177 20210
1408 9482
321 7635
5615 21590
8237 10281
6875 19931
9331 11981
910 13635
1203 22578
7416 19005
5123 8028
16489 16490
19000 19553
1179 9857
13276 14696
2568 22113
9695 14573
7374 14435
2462 19195
6076 9578
4197 7882
15088 19854
1059 14038
15414 20143
674 12826
1272 13493
6112 12284
15191 20754
10093 13702
5672 13107
3089 13046
13482 17510
6168 10022
16560 21063
9737 22100
700 11187
9223 14365
12588 13671
6875 20329
1144 8025
7303 7992
8303 19399
16989 19159
4620 9924
7308 17884
10641 17228
2562 9475
4552 6943
8663 13244
4262 19314
8085 16488
9384 21534
4722 17884
2294 2579
8612 20026
336 3082
71 21606
2444 10773
301 10985
2267 11377
7642 20162
641 16244
2262 22948
5356 12736
17207 19410
1129 7028
2414 10294
13291 21283
915 19330
9141 12895
6693 12129
11937 20590
6044 12813
16491 18874
7776 18788
4136 21800
16665 22512
8135 20168
3016 11732
1226 5512
1799 21800
844 19320
13393 15373
6875 19925
11639 11984
9932 17128
1799 11950
5443 7839
8569 22153
5650 6663
10082 10097
6493 10296
3518 10875
7191 18299
332 22536
13194 14286
19568 20676
3588 13372
14949 22352
3791 13577
3298 12999
13876 15469
7915 17950
11476 16173
5524 6999
1443 17041
15856 19375
13072 18424
16550 17025
9612 16761
17017 19121
4883 21506
325 4187
1232 13230
14449 19068
364 7866
10157 17751
7296 9377
9923 15131
13616 18858
5521 21110
6239 8783
7063 13950
7774 11567
13720 17164
10632 21846
3196 14162
6006 11134
15005 20659
8708 12583
15042 18228
1736 11518
5961 13094
3825 17898
3957 16758
12992 18147
9022 20495
16468 20967
8989 16292
8654 16063
461 21558
10080 10183
1721 22821
16267 18415
16370 18938
4840 11653
5021 8134
9995 10587
12351 13756
13950 14670
806 11919
418 2083
5406 8995
14275 19480
16371 18653
19056 22670
2769 21627
15437 15842
288 21287
12001 12082
16309 16628
21108 21840
7580 22349
7406 17105
3049 20720
14290 16409
6405 19010
10021 20195
16173 20792
1730 16263
652 16567
6693 19896
16935 22780
6861 20212
6318 13184
10939 14647
4982 10489
850 6875
1022 1232
5281 19489
7113 9315
14316 15778
14749 21690
917 10541
7703 11649
5397 19774
4009 10097
11612 18844
15951 17122
7121 8720
4983 9278
2418 22300
9320 16593
4784 7674
13189 19045
10097 11404
8334 19377
4553 12016
8594 18471
2407 21769
3355 16490
7198 17959
6390 10398
3355 19480
247 17762
10014 14121
6808 12682
275 286
19811 22987
3191 21629
4423 17822
879 2777
2614 9202
4840 19188
1346 12412
12729 14312
3624 6864
1559 21419
7535 7927
1643 7855
1544 12392
3738 5344
4959 6089
10694 11251
7164 11924
1937 12424
762 12500
14048 21609
17318 18460
8050 10381
582 5244
4289 5464
7703 20074
13118 21440
8867 19913
1480 22766
2312 21073
14811 17235
172 9228
11218 12182
2554 18398
5476 10367
7657 22536
2493 22773
6821 18002
5592 6998
4611 7068
7946 10126
17487 17694
9149 9170
6701 19234
1069 16482
19898 20630
7723 11876
6671 10379
7496 20454
871 9142
3283 16560
11639 21794
20343 22285
1189 23101
9997 22319
14365 22982
17121 22837
10332 12111
4817 4884
446 7952
8692 14944
7587 21579
5530 8533
9868 16827
3588 10886
2201 5294
6677 14204
2043 10425
1759 14094
6954 14205
11498 13987
5344 14438
7205 21438
244 18540
7414 10080
2232 3215
1543 8360
11466 16940
6047 20130
8598 14275
5231 15075
4835 9624
3044 6859
15123 18345
2598 2704
4231 12699
8979 11023
12188 18054
10616 11102
16889 21310
9073 12043
18067 21951
2765 8888
20108 21620
10980 18517
183 16589
11410 20570
3417 14348
430 18050
7317 21951
2980 16780
16483 17142
11678 18000
12681 21723
643 8648
3093 11669
3163 7471
846 10278
3555 9073
2424 16351
12632 13070
610 3130
6534 12277
12383 12733
11646 22594
12485 14524
12213 17727
21010 21491
2893 15443
1612 4751
1208 11949
11633 13706
13728 22578
2076 4272
4529 21245
2610 4857
2299 19944
7753 20354
3382 20176
256 20690
3958 22234
11232 14336
4758 19086
21716 22537
6693 13429
668 10137
5021 8935
19898 20037
11265 12022
3037 3694
5431 8176
641 13864
727 4643
7928 18535
18223 20749
15939 16530
65 6398
7208 19144
18906 22955
1472 15288
2236 6511
1630 8795
722 6899
2951 14253
11372 23101
1411 7988
3666 10217
11642 13892
852 7226
16180 18637
2325 11529
908 5186
7957 19399
9595 18755
3992 19233
653 2622
1962 10979
7591 10118
5853 11845
398 20814
3180 7836
2914 9695
5448 18523
3389 6517
2664 2786
8118 11742
3722 12279
4530 17444
1656 19406
18018 21472
1970 11612
15460 17327
17023 22398
9210 10356
16483 22799
8634 14146
9060 17645
7515 12977
1681 12504
1371 13046
6587 11367
1952 6803
6705 8607
2745 11430
4324 9382
3972 9398
4836 17847
12073 19801
1643 14483
4369 4889
2362 17919
3154 12084
17215 18855
1807 19884
1374 16152
6741 8005
1582 7029
8508 12451
2613 15944
9237 11613
13372 22100
1612 13342
2130 5199
1576 10736
3389 19198
477 5312
10792 18154
12406 13614
1783 16958
11081 19236
4857 15616
8152 18480
2341 9497
3066 7622
8441 19748
1477 9053
4538 18842
6047 6743
806 5695
13696 13711
15580 20257
9447 10612
3422 5430
289 21123
15138 21238
12858 21417
3164 9868
13512 21294
5864 20349
535 10681
3189 12554
593 20580
10099 16079
5481 8828
8625 21933
5989 11333
3609 13883
19126 20495
2499 17838
6870 17645
1840 19807
8873 21801
14614 16451
11138 16471
3808 6164
11891 13721
7460 10786
11659 14216
1952 4633
1781 15279
2805 17662
5380 8360
16616 20168
1650 13680
14517 15088
6644 17875
10086 11644
396 5021
5631 13865
1877 5380
16867 18695
4267 8898
213 8919
2101 15125
15127 16144
506 13372
571 1778
3170 12992
10995 17977
9631 23017
7704 9695
2731 6989
1022 12106
1690 16086
15757 20517
5540 8753
3072 6619
4514 13357
1449 1835
3324 6350
6094 21022
1925 15373
8043 22543
699 11406
9809 15496
3596 8496
2348 21756
3654 17660
10402 16599
8017 13247
10123 14086
1409 13081
2566 16541
13064 20501
1308 15219
18917 21698
2767 22885
12104 15628
1499 15792
720 15191
488 9658
3926 20091
10807 19306
8062 11234
5279 10082
229 14813
301 9216
16367 20154
379 8418
3588 7167
3303 7517
6040 22186
16 459
9238 20007
5255 12322
277 10097
5708 19074
5656 16866
278 20927
18519 20201
1270 20319
20512 22113
12813 14715
4594 4679
7391 19192
3356 11887
43 22126
2629 8453
12644 13759
8995 13523
992 2953
5146 13042
6349 18181
7153 15116
10335 23112
4503 7542
14195 21047
18472 19705
18574 21620
9497 14068
6038 6630
11644 22553
13169 17809
8053 22436
860 22425
11477 12485
13734 23101
7029 8387
5476 15770
10691 21743
7919 10327
4166 14108
7781 16266
3497 5083
539 7517
4073 6311
946 22557
325 9802
2182 5157
3349 8499
1534 4116
12272 12571
11523 15548
13408 15592
4915 15841
12580 21341
8001 10111
12522 21063
15677 21813
4230 12653
10386 19783
2745 21984
843 11630
600 14482
7300 10483
10831 22331
8298 8948
9695 20062
2667 20868
19852 20987
10111 20301
7436 14590
3984 12383
988 8657
12198 21870
7450 17840
2831 21502
6044 6831
6095 13970
11351 21157
5587 22560
8025 12110
1224 2918
1022 1590
10485 18986
3665 12446
15637 23094
11361 17572
10794 18839
3059 9585
3129 10918
12494 17193
10111 19087
1017 1507
11483 21126
13484 19563
7633 15920
2966 3272
645 2005
8570 16623
1536 21984
3509 14672
18535 19678
1430 22873
18426 19555
8608 21204
13223 17102
5229 15592
14918 17453
5059 10015
11814 20638
3155 16372
1672 15991
153 3021
14086 14668
275 21385
16667 20101
4564 15048
17936 19998
3645 5289
20659 21525
13981 21619
10768 22298
15417 22924
15228 22425
3567 6513
18362 21928
14828 18747
7524 15893
18803 19358
5150 10217
4564 8432
10981 16951
9558 15728
4729 14587
17933 19872
4001 7828
6189 8203
1638 10632
1465 5459
13066 15920
9457 14037
8991 22536
19368 19451
1495 5507
3179 15486
2076 19765
8976 14852
2146 2413
2280 18715
6568 19626
5374 7899
9247 19913
12413 20884
12671 20112
13402 20449
6679 16937
1263 7174
16844 19614
1501 13784
986 9680
10811 18941
9392 16303
2869 7760
4613 11462
1604 4537
6603 21188
983 12896
17549 19126
17656 20814
5313 11913
1581 15346
6916 8768
723 21411
1144 22083
16267 16472
19695 21873
10098 11639
5174 16309
1784 19861
5006 21595
12048 16453
14875 17537
11275 14325
3355 14473
6646 9575
2446 17196
9998 19813
3099 14295
410 11604
2472 2622
5157 20352
849 22500
17523 18112
1436 5700
4210 17729
7081 20534
5729 8703
13989 21543
15915 18223
1374 14257
7806 9613
12319 13883
12902 16318
2992 22744
13125 13434
13145 14704
3261 9013
9640 11723
6493 16334
8703 9857
7106 17053
6178 7360
11721 13142
1129 19444
4037 18870
1776 16278
4456 13326
4613 15725
9892 12982
10251 23006
13345 16736
16442 16564
8353 12106
10187 19898
12820 17485
1184 11136
6451 19783
3067 7221
1669 11642
3261 22341
7723 21449
700 11821
14587 22100
13159 15783
9362 11417
9202 17353
7535 19338
1602 13066
1197 10198
18227 20296
7968 12585
5327 18986
275 17600
4396 10097
7303 11675
9065 16703
3650 15712
12775 17817
3509 21481
13108 20069
20905 21446
2634 6810
271 7109
16099 16324
18050 19192
10799 21463
5807 16570
5556 6419
2948 12243
7798 19782
5758 15240
990 1962
16115 16278
15631 22258
5771 19506
289 4299
3045 4197
221 19192
1013 22019
328 15638
579 3702
10105 15562
8766 20659
894 1784
2751 5380
1870 3609
11912 21984
5476 21685
7995 12187
494 12705
3087 11336
16377 20948
2773 19652
4070 14415
7416 14395
3989 15721
1472 1939
11608 11902
15478 21565
12850 13497
9934 22372
7994 11315
20240 22207
9503 9704
13136 18680
16399 20622
153 14355
2549 2770
6367 6596
18273 22334
9388 14660
10013 15687
20563 20620
623 9862
2577 10123
18228 21309
10968 16494
8114 19347
970 19384
4263 21350
6474 8886
8878 20032
910 8216
9473 21857
2393 17799
21431 22124
9190 14409
64 9828
5836 7910
9270 16072
9281 13108
2950 19001
494 7379
15592 19556
465 3824
5924 17649
3896 14383
1219 15232
9151 12559
483 6339
1919 9122
10806 17751
7231 11643
13986 19288
11043 11914
10920 15355
1934 18778
4143 4538
9187 15969
2336 8903
16749 19120
7962 15183
6442 16994
10586 18733
778 9204
9091 14101
5190 6179
1270 17751
16073 17021
7088 14535
8773 15830
3069 19208
16269 22345
133 16141
289 15966
4699 20329
412 7305
3023 4987
2990 4533
12228 15121
696 1787
6005 14575
4464 9187
13803 14178
18566 21684
5171 7455
2918 10098
1763 5291
17353 17788
9398 20459
6090 19344
7645 11072
12099 16973
1853 17909
1905 5105
7360 14011
4133 9846
605 2336
5380 17271
3145 5350
7163 18299
3099 10592
6776 8610
2263 20654
2622 3722
7478 21556
16646 20329
5114 5567
4300 4487
4265 13925
664 10909
10364 13300
5771 15279
5919 18207
6739 7297
2934 18928
20927 21955
2267 17442
621 16127
13676 22536
8304 8402
3934 8946
6630 16600
10670 20868
2453 22999
2760 2856
17466 18986
11318 18110
9826 15134
89 7140
11210 20063
7356 9168
2813 8357
11703 19254
1558 4392
14006 14550
7653 13525
4892 10081
5188 22176
5381 12245
8720 20638
11924 22132
8501 13180
4817 12421
11787 12132
9075 21683
8354 12019
15475 20659
16660 17942
8641 13264
5743 15135
13316 21922
7884 21800
3274 21463
405 20820
5430 6447
9795 18266
10599 20633
7649 13198
3973 9079
816 22096
6409 14904
1972 9412
4991 7108
6053 11047
3354 17729
5327 23109
2932 6044
6652 12825
698 1593
17030 19415
2074 14529
6973 19400
159 14311
7056 16300
8266 14395
5386 6967
10123 16434
14520 18410
8598 13124
2899 16491
3497 13769
16827 22613
11411 14767
4907 14016
12406 19206
4294 10037
5605 22875
609 13958
2898 15022
11513 14344
8148 19068
14483 19262
10105 10628
823 9290
2446 23004
13177 21399
10723 19719
18520 19692
14647 19325
4407 13526
963 21508
3444 8412
12632 13027
1662 12643
3895 12173
10735 22579
16435 17486
17789 21711
465 10807
9900 13198
10081 20062
1639 7272
12317 15679
13707 21615
18901 19447
12118 16282
2673 7657
5702 22956
2245 13696
10193 12794
9809 14038
4649 17271
4562 11945
11780 18507
14395 19489
866 12246
22385 22789
8909 18528
2309 2962
15939 18991
16984 22233
6297 10162
3609 16927
5620 5702
560 22118
7937 17957
286 5910
1197 12329
4278 9098
7320 21310
8667 10583
2031 4013
486 19278
11590 17501
11798 18780
2763 5577
674 3954
2980 20456
1871 9694
5171 11792
7029 18702
3097 7827
10315 16973
4468 4896
1783 23033
12346 13650
4937 7166
12482 12483
11742 13877
2958 18991
4778 19040
14476 20915
9304 9320
90 21639
275 12011
18590 20841
4947 16103
2197 4287
1616 4682
2237 21490
4713 15420
7769 10653
1963 6615
8412 19536
4114 18161
5928 13319
6808 12352
868 13928
7495 21360
